Date,Close,High,Low,Open,Volume,MA20,MA50,RSI,MACD,MACD_signal,MACD_hist,BB_high,BB_low,BB_width,Return,Momentum3,Momentum10,Trend,Volatility10,Lag1,Lag5,Target
2016-02-18,26.25,27.059999465942383,26.186500549316406,27.059499740600582,94700000.0,27.307499980926515,30.198100051879884,41.71846207906864,-1.3508494795449089,-1.4802631405504603,0.1294136610055514,31.67632005620632,22.938679905646712,8.737640150559606,-0.01703800505545583,0.03533958764738632,-0.011429726051042421,0,0.02950868697748349,26.70499992370605,24.52400016784668,1
2016-02-19,26.7450008392334,26.79750061035156,25.76749992370605,26.035499572753903,99494000.0,27.207200050354004,30.06317005157471,44.78110490792589,-1.214422987244081,-1.4270951098891846,0.2126721226451036,31.530727714070256,22.883672386637752,8.647055327432504,0.018857174827938916,0.026482461177348426,-0.002536041726212912,0,0.030004286594453713,26.25,25.19099998474121,1
2016-02-22,27.975000381469727,28.03249931335449,27.054000854492188,27.11000061035156,111332000.0,27.11500005722046,29.945340042114257,51.588728510975066,-0.9955769344967251,-1.3407914748106928,0.3452145403139677,31.287827818250612,22.942172296190307,8.345655522060305,0.04598988609609567,0.04755665461119496,0.11425326845164996,0,0.023404525376963352,26.7450008392334,25.35400009155273,0
2016-02-23,27.64699935913086,27.84550094604492,27.26650047302246,27.77750015258789,81016000.0,27.00602502822876,29.83349006652832,49.82469275704412,-0.8389360694881169,-1.2404203937461777,0.4014843242580608,30.99991381300427,23.01213624345325,7.987777569551021,-0.011724790629712767,0.05321902320498517,0.1328415726806098,0,0.02081585390662845,27.975000381469727,26.05500030517578,1
2016-02-24,27.70199966430664,27.713499069213867,26.65749931335449,27.287500381469727,124634000.0,26.888000011444092,29.725210037231445,50.13261688686537,-0.70226373131079,-1.1327890612591003,0.4305253299483103,30.64617726844082,23.129822754447364,7.5163545139934556,0.0019893770192320748,0.035782344178108216,0.14929363965493558,0,0.01933584795061022,27.64699935913086,26.70499992370605,1
2016-02-25,27.75749969482422,27.96949958801269,27.26449966430664,27.775999069213867,90510000.0,26.817500019073485,29.640210037231444,50.46298363887626,-0.5827539057310211,-1.0227820301534845,0.4400281244224633,30.452881376924903,23.182118661222066,7.270762715702837,0.0020034665796739848,-0.007774823366564765,0.13185041203909997,0,0.01965983416196831,27.70199966430664,26.25,1
2016-02-26,27.761499404907227,28.125,27.65850067138672,28.006000518798828,97540000.0,26.617199993133546,29.53753002166748,50.48844058682599,-0.48216071615926737,-0.9146577673546411,0.43249705119537374,29.503935930548995,23.730464055718098,5.773471874830896,0.0001440947537416637,0.004141499925146563,0.10204038830229156,0,0.019291017490723972,27.75749969482422,26.7450008392334,0
2016-02-29,27.625999450683597,28.24049949645996,27.6254997253418,27.700000762939453,82908000.0,26.53099994659424,29.431410026550292,49.559267363562014,-0.40866279228858815,-0.8134587723414306,0.40479598005284245,29.179285855797566,23.88271403739091,5.296571818406655,-0.00488085863977783,-0.002743491969677825,0.08961108112829241,0,0.019843191338762983,27.761499404907227,27.975000381469727,1
2016-03-01,28.95199966430664,28.962499618530277,27.799999237060547,27.81450080871582,100770000.0,26.541574954986572,29.334679985046385,57.75312552807596,-0.24064402814318697,-0.6988958235017819,0.45825179535859495,29.226503484414543,23.8566464255586,5.369857058855942,0.04799827119341504,0.04303341376619563,0.11118784591053621,0,0.0228129042665943,27.625999450683597,27.64699935913086,1
2016-03-02,29.010499954223636,29.25,28.684999465942383,29.087499618530277,91644000.0,26.611849975585937,29.244239959716797,58.076690664815494,-0.10159632338468683,-0.5794359234783629,0.4778396000936761,29.472274883510174,23.7514250676617,5.720849815848474,0.0020205958343222363,0.044990385104906494,0.08633214892732477,0,0.022384368005200852,28.95199966430664,27.70199966430664,0
2016-03-03,28.874500274658203,28.99349975585937,28.655500411987305,28.89800071716309,54826000.0,26.72790002822876,29.157589950561523,56.984031139975485,-0.002346998386695276,-0.46401813846002943,0.46167114007333415,29.753027547538437,23.702772508919082,6.050255038619355,-0.004687946770308371,0.04519296491710145,0.09998096284412195,0,0.021121689655141596,29.010499954223636,27.75749969482422,0
2016-03-04,28.756999969482425,29.06999969482422,28.55349922180176,29.05349922180176,68330000.0,26.825100040435792,29.068219985961914,56.00367180345961,0.06606594697818124,-0.3580013213723873,0.42406726835056857,29.97717968112096,23.673020399750627,6.304159281370332,-0.004069345064264263,-0.0067352755279498355,0.0752289798883663,0,0.02126959923874599,28.874500274658203,27.761499404907227,0
2016-03-07,28.13999938964844,28.68149948120117,27.77750015258789,28.677000045776367,98538000.0,26.976774978637696,28.96786994934082,51.03821864229046,0.06969352518922989,-0.27246235206006386,0.34215587724929375,30.074945436132253,23.87860452114314,6.196340914989115,-0.021455665767943777,-0.03000639650984227,0.0058980877901260165,0,0.018168046319283974,28.756999969482425,27.625999450683597,0
2016-03-08,28.01300048828125,28.5674991607666,27.73699951171875,27.89349937438965,94600000.0,27.15717496871948,28.864429931640625,50.054469590867726,0.061610450172135955,-0.2056477916136239,0.26725824178575985,30.048616065747545,24.265733871691417,5.782882194056128,-0.004513109599210141,-0.02983600679430809,0.01323836718755933,0,0.017757048882352054,28.13999938964844,28.95199966430664,0
2016-03-09,27.973499298095703,28.01749992370605,27.506500244140625,27.97800064086914,87546000.0,27.35067491531372,28.761109924316408,49.73337598295603,0.05142435115337207,-0.1542333630602247,0.20565771421359677,29.896053878611752,24.80529595201569,5.090757926596062,-0.0014101020775004747,-0.027245563592105948,0.009800723308031944,0,0.017778207348068446,28.01300048828125,29.010499954223636,0
2016-03-10,27.94650077819824,28.350000381469727,27.395000457763672,28.33699989318848,78398000.0,27.521799945831297,28.644839973449706,49.49965086357306,0.04070402866932454,-0.11524588471431485,0.1559499133836394,29.720618407802284,25.32298148386031,4.397636923941974,-0.0009651463197277721,-0.006876283427404095,0.006809009653317544,0,0.01778650525358053,27.973499298095703,28.874500274658203,1
2016-03-11,28.480499267578125,28.50300025939941,28.136499404907227,28.34749984741211,75426000.0,27.686274909973143,28.52047992706299,54.09484306925599,0.07443922213042242,-0.0773088633453674,0.15174808547578983,29.64175177242043,25.730798047525855,3.9109537248945756,0.019107883796187997,0.016688636388395572,0.025899172526099523,0,0.01869443799272457,27.94650077819824,28.756999969482425,1
2016-03-14,28.668500900268555,28.84449958801269,28.15250015258789,28.350000381469727,69084000.0,27.851999950408935,28.404779968261717,55.625742549031564,0.11501890027462025,-0.03884331062136988,0.15386221089599011,29.531012462849414,26.172987437968455,3.358025024880959,0.006601065203391654,0.024845000432969222,0.03773624376725171,0,0.018527971459981682,28.480499267578125,28.13999938964844,1
2016-03-15,28.85099983215332,29.076000213623047,28.350000381469727,28.549999237060547,77536000.0,27.991799926757814,28.305909996032714,57.1206582335805,0.16005965805618416,0.0009372831141409299,0.15912237494204323,29.506615259111754,26.476984594403874,3.029630664707881,0.006365834492694233,0.03236537773132242,-0.003488526986888507,0,0.010405972842959518,28.668500900268555,28.01300048828125,0
2016-03-16,28.713499069213867,29.06599998474121,28.55699920654297,28.832000732421875,70754000.0,28.092224884033204,28.243189964294434,55.60082376387116,0.18255523753025926,0.037260873997364594,0.14529436353289465,29.516066126529395,26.668383641537012,2.847682484992383,-0.004765892473030164,0.008181029393012906,-0.010237703089516326,0,0.01045893434228958,28.85099983215332,27.973499298095703,0
2016-03-17,27.972000122070312,28.56999969482422,27.7504997253418,28.475500106811523,118562000.0,28.178324890136718,28.168839950561523,48.15912941646651,0.13894866455370902,0.05759843210863348,0.08135023244507554,29.328021951817135,27.0286278284563,2.299394123360834,-0.025824053883372833,-0.024294984262386632,-0.03125595747123533,1,0.013095123913905465,28.713499069213867,27.94650077819824,0
2016-03-18,27.60400009155273,28.116500854492188,27.304500579833984,28.04700088500977,145938000.0,28.221274852752686,28.088269958496095,44.94409765890491,0.07384438227092005,0.060847622141090796,0.012996760129829255,29.205912229839225,27.236637475666146,1.9692747541730782,-0.013156014189604659,-0.04322206328568401,-0.04009458146375788,1,0.01348001545748192,27.972000122070312,28.480499267578125,1
2016-03-21,27.698999404907227,27.761999130249023,26.929000854492188,27.445499420166016,103114000.0,28.207474803924562,28.034309959411623,45.94728364892647,0.029573515083100688,0.054592800729492776,-0.025019285646392088,29.213045838018385,27.20190376983074,2.0111420681876453,0.003441505326743144,-0.035331802016228986,-0.01567164158871448,1,0.012129678310992317,27.60400009155273,28.668500900268555,1
2016-03-22,28.02400016784668,28.13800048828125,27.252500534057617,27.25550079345703,80012000.0,28.226324844360352,27.987739944458006,49.3476504424466,0.020477329400254263,0.047769706463645076,-0.027292377063390813,29.2028789145911,27.249770774129605,1.9531081404614952,0.011733303365531578,0.0018590034873959826,0.00039266338391819033,1,0.012754921796722014,27.698999404907227,28.85099983215332,1
2016-03-23,28.48150062561035,28.624000549316406,27.905000686645508,28.049999237060547,79674000.0,28.26529989242554,27.939629974365236,53.757663247796316,0.04961309132902869,0.048138383436721804,0.0014747078923068868,29.216941206985364,27.313658577865713,1.9032826291196514,0.016325308843260222,0.0317888904197674,0.018160092239487113,1,0.013716424231062589,28.02400016784668,28.713499069213867,1
2016-03-24,29.147499084472656,29.177499771118164,28.35400009155273,28.355499267578125,103710000.0,28.33479986190796,27.90468994140625,59.31133346197589,0.12500294606760676,0.0635112959628988,0.06149165010470796,29.32997978699581,27.33961993682011,1.9903598501757003,0.023383545256862037,0.052294296208721835,0.04297490822934602,1,0.01523145030370111,28.48150062561035,27.972000122070312,0
2016-03-28,28.99349975585937,29.237499237060547,28.777999877929688,29.21999931335449,62430000.0,28.396399879455565,27.902749938964845,57.589027340591855,0.17035968985013739,0.08488097474034652,0.08547871510979087,29.394521746718915,27.398278012192215,1.9962437345267006,-0.005283449127727158,0.03459533193712461,0.01801234182945799,1,0.014537635562557062,29.147499084472656,27.60400009155273,1
2016-03-29,29.69300079345703,29.792499542236328,28.825000762939453,29.00749969482422,87852000.0,28.49974994659424,27.903609962463378,62.86401899570422,0.259754831826001,0.11985574615747742,0.1398990856685236,29.581902310315034,27.417597582873444,2.164304727441589,0.02412613321909496,0.042536388225180355,0.03573608179766663,1,0.0161379493206941,28.99349975585937,27.698999404907227,1
2016-03-30,29.934499740600582,30.16200065612793,29.75,29.83550071716309,77810000.0,28.548874950408937,27.932119941711427,64.50542886142283,0.34609846497722074,0.16510428992142612,0.18099417505579463,29.786694043472778,27.311055857345096,2.475638186127682,0.008133194378816988,0.027000623753245856,0.037555021134475286,1,0.016180804642375816,29.69300079345703,28.02400016784668,0
2016-03-31,29.68199920654297,30.037500381469727,29.61050033569336,29.964000701904297,53636000.0,28.582449913024902,27.951279907226564,61.44729393366428,0.38965997581215817,0.21001542709957255,0.17964454871258562,29.902245950991837,27.262653875057968,2.6395920759338694,-0.008435101179096849,0.0237466831007338,0.033729784551667974,1,0.016436497930228836,29.934499740600582,28.48150062561035,1
2016-04-01,29.924999237060547,29.951499938964844,29.415000915527344,29.52449989318848,58348000.0,28.634974861145018,27.978009910583495,63.252857013660616,0.4387334129370899,0.25575902426707603,0.18297438867001387,30.075202327860197,27.19474739442984,2.8804549334303573,0.008186781113585173,0.007813236702389315,0.0698197878759943,1,0.012830509401857964,29.68199920654297,29.147499084472656,0
2016-04-04,29.659500122070312,29.975000381469727,29.52750015258789,29.950000762939453,49416000.0,28.680099868774413,27.99617992401123,59.94928888600783,0.4510020349823378,0.2948076264101284,0.1561944085722094,30.18776775901698,27.172431978531844,3.015335780485138,-0.008872151103062609,-0.009186711684287308,0.07446384667802541,1,0.0121415100848672,29.924999237060547,28.99349975585937,0
2016-04-05,29.30699920654297,29.67350006103516,29.262500762939453,29.53849983215332,46178000.0,28.73844985961914,27.98593990325928,55.783558208819414,0.4273548477679441,0.3213170706816916,0.1060377770862525,30.24831820883727,27.228581510401014,3.0197366984362546,-0.011884924360712312,-0.012633919884929345,0.05805263136511951,1,0.013563144409199215,29.659500122070312,29.69300079345703,1
2016-04-06,30.10400009155273,30.11949920654297,29.375,29.375999450683597,56998000.0,28.842999839782713,27.991489906311035,62.18218554520532,0.46753612670026357,0.350560881885406,0.11697524481485755,30.425298726742362,27.260700952823065,3.164597773919297,0.027194899054415078,0.00598164942542434,0.07422209217985021,1,0.015114664704963542,29.30699920654297,29.934499740600582,0
2016-04-07,29.57150077819824,29.979999542236328,29.45400047302246,29.9379997253418,63780000.0,28.92289991378784,27.981669921875,56.31815312971853,0.45121056096140677,0.3706908177006062,0.08051974326080058,30.482730085769816,27.363069741805866,3.1196603439639503,-0.017688656382376045,-0.002966986749941558,0.038270460777890536,1,0.01660824434336115,30.10400009155273,29.68199920654297,1
2016-04-08,29.729999542236328,29.89299964904785,29.450000762939453,29.715999603271484,51838000.0,29.012074851989745,27.992919921875,57.599861345256556,0.44592165090737623,0.38573698434196024,0.06018466656541599,30.54206583061164,27.48208387336785,3.0599819572437923,0.005359848498285968,0.01443342365802236,0.019984577615922428,1,0.015173213209110468,29.57150077819824,29.924999237060547,1
2016-04-11,29.796499252319336,30.200000762939453,29.745500564575195,29.80699920654297,54086000.0,29.077874851226806,27.953499908447267,58.15463280983259,0.4420010099211531,0.39698978945779884,0.04501122046335426,30.62387085466407,27.531878847789542,3.091992006874527,0.0022367881300682235,-0.010214617270071003,0.027695845731686264,1,0.01495226250149712,29.729999542236328,29.659500122070312,1
2016-04-12,30.15850067138672,30.202999114990234,29.61549949645996,29.920000076293945,52822000.0,29.152374839782716,27.969669914245607,61.13570718649563,0.462769840186084,0.41014579960345593,0.052624040582628095,30.754852819587523,27.54989685997791,3.204955959609613,0.012149125841996566,0.019850189464217127,0.0156770910817563,1,0.013462884852902821,29.796499252319336,29.30699920654297,1
2016-04-13,30.74099922180176,30.840499877929688,30.26449966430664,30.38400077819824,84566000.0,29.246874809265137,28.009679908752442,65.4063309658886,0.5202351062081121,0.4321636609243872,0.0880714452837249,30.984342738527417,27.509406880002857,3.47493585852456,0.019314572589734125,0.03400604423586162,0.026942139945212107,1,0.014487600836664675,30.15850067138672,30.10400009155273,1
2016-04-14,31.037500381469727,31.2189998626709,30.75349998474121,30.75349998474121,70242000.0,29.36307487487793,28.07832992553711,67.37173035980231,0.5829816594899633,0.46232726063750246,0.12065439885246082,31.246994999557543,27.47915475019832,3.7678402493592245,0.009645137346663946,0.04164922592555209,0.04566744866120609,1,0.014057583530237583,30.74099922180176,29.57150077819824,1
2016-04-15,31.29450035095215,31.338499069213867,30.905500411987305,31.09600067138672,57754000.0,29.529199886322022,28.173149948120116,69.01495767030606,0.6459998209146249,0.49906177269292695,0.14693804822169798,31.47800157936563,27.580398193278416,3.897603386087212,0.008280304996334698,0.03766764442117054,0.045764449417112996,1,0.014060292279912961,31.037500381469727,29.729999542236328,1
2016-04-18,31.76749992370605,31.881999969482425,31.24799919128418,31.26749992370605,87218000.0,29.73737487792969,28.272239952087403,71.82716015801809,0.7257433626389371,0.544398090682129,0.18134527195680816,31.708465766701938,27.76628398915744,3.942181777544498,0.015114463162838598,0.03339191073451797,0.0710733421992884,1,0.01354833832003593,31.29450035095215,29.796499252319336,0
2016-04-19,31.395000457763672,31.90049934387207,31.040000915527344,31.85700035095215,81118000.0,29.92217493057251,28.39800994873047,66.69349475988935,0.7502348597251043,0.5855654444907241,0.16466941523438017,31.784201958505758,28.06014790263926,3.724054055866496,-0.011725803630659892,0.011518326923884104,0.0712458220817962,1,0.013523801749433679,31.76749992370605,30.15850067138672,1
2016-04-20,31.64949989318848,31.82749938964844,31.149999618530277,31.5,52188000.0,30.1034499168396,28.542899932861328,68.3575029637392,0.7811756188467278,0.6246874793619248,0.156488139484803,31.89560476212915,28.311295071550052,3.584309690579097,0.008106368266093567,0.011343831607956378,0.05133868578712297,1,0.011559201701484702,31.395000457763672,30.74099922180176,0
2016-04-21,31.549999237060547,31.891000747680664,31.424999237060547,31.549999237060547,51926000.0,30.25687484741211,28.69182991027832,66.94920158590426,0.7885772938081992,0.6574654422511796,0.13111185155701954,31.991815549197806,28.521934145626414,3.4698814035713923,-0.003143830280533,-0.006846641604402626,0.06690558161731741,1,0.009010016703548465,31.64949989318848,31.037500381469727,0
2016-04-22,31.024999618530277,31.412500381469727,30.577999114990234,31.223499298095703,101678000.0,30.35074987411499,28.82184989929199,59.93312871907987,0.7435093796210914,0.674674229725162,0.06883514989592943,32.03794558661557,28.663554161614403,3.3743914250011677,-0.016640241877203366,-0.011785342692737455,0.04355869815787217,1,0.011632697001517948,31.549999237060547,31.29450035095215,1
2016-04-25,31.309999465942383,31.349000930786133,30.8125,30.83049964904785,53658000.0,30.46657485961914,28.944229888916016,62.246153157653225,0.7224617494433083,0.6842317336687913,0.03823001577451701,32.08168291866517,28.851466800573103,3.23021611809207,0.009186135404233298,-0.010726881258530163,0.05079456485161549,1,0.011700886307537838,31.024999618530277,31.76749992370605,0
2016-04-26,30.8439998626709,31.337499618530277,30.74399948120117,31.308500289916992,50428000.0,30.524124813079833,29.05402988433838,56.50250178730265,0.6605645010436945,0.6794982871437719,-0.018933786100077454,32.10656995059335,28.941679675566323,3.164890275027023,-0.014883411409137182,-0.022377159792775436,0.02272988298568035,1,0.012931049711789145,31.309999465942383,31.395000457763672,0
2016-04-27,30.328500747680664,30.79750061035156,30.06399917602539,30.59000015258789,81376000.0,30.543824863433837,29.139499893188475,50.906523115605566,0.5634192687536803,0.6562824834657537,-0.09286321471207337,32.106099632825504,28.98155009404217,3.1245495387833344,-0.016713108458223047,-0.022449601270377317,-0.013418512233283275,1,0.012688313336386344,30.8439998626709,31.64949989318848,0
2016-04-28,30.100000381469727,31.34000015258789,29.959999084472656,30.777000427246094,157452000.0,30.564724922180176,29.20739990234375,48.60845018545825,0.4626596499255484,0.6175579167577127,-0.15489826683216423,32.09109399512369,29.03835584923666,3.0527381458870337,-0.00753417942126311,-0.03864577148232917,-0.030205396326300593,1,0.012198689722584252,30.328500747680664,31.549999237060547,1
2016-04-29,32.97949981689453,33.499000549316406,32.70000076293945,33.29999923706055,206214000.0,30.717449951171876,29.34198989868164,68.13203276361494,0.6081481126447983,0.6156759559351298,-0.007527843290331515,32.53977829066084,28.895121611682914,3.6446566789779276,0.09566443185819673,0.06923550654038646,0.05384330943283833,1,0.03363576541898981,30.100000381469727,31.024999618530277,1
2016-05-02,34.192501068115234,34.275001525878906,33.10150146484375,33.19599914550781,131570000.0,30.944099998474123,29.490939903259278,72.81688553610269,0.8119679697142921,0.6549343586909623,0.1570336110233298,33.247737141348594,28.640462855599655,4.6072742857489395,0.03678046234647003,0.12740492359254074,0.07633591407045404,1,0.03497751192479066,32.97949981689453,31.309999465942383,0
2016-05-03,33.566001892089844,34.01499938964844,33.52149963378906,33.86800003051758,98468000.0,31.157050132751465,29.60275993347168,67.31282336513755,0.9124255534366377,0.7064325976400974,0.2059929557965403,33.599222762734186,28.71487750276874,4.884345259965446,-0.0183227069227061,0.11514955038850672,0.06915118339453019,1,0.03544803879086378,34.192501068115234,30.8439998626709,0
2016-05-04,33.54499816894531,33.70000076293945,33.10699844360352,33.12950134277344,92710000.0,31.329100036621092,29.72071990966797,67.12962318143971,0.9790581148664117,0.7609577010853603,0.21810041378105138,33.92996119473954,28.728238878502644,5.201722316236896,-0.000625743965934844,0.017146965696583694,0.05989030733988865,1,0.03553205117214145,33.566001892089844,30.328500747680664,0
2016-05-05,32.954498291015625,33.824501037597656,32.79999923706055,33.66550064086914,97682000.0,31.49824991226196,29.82576988220215,62.01913907991632,0.973000352335621,0.8033662313354125,0.16963412100020847,34.05961378889644,28.93688603562748,5.122727753268961,-0.01760321687769084,-0.03620685057911888,0.04451661134448681,1,0.0362494916586518,33.54499816894531,30.100000381469727,1
2016-05-06,33.6974983215332,33.84749984741211,32.800498962402344,32.8025016784668,87306000.0,31.696624851226808,29.94456985473633,65.57077753684854,1.0164365766922607,0.8459803004067822,0.17045627628547855,34.29377160907629,29.099478093377325,5.194293515698963,0.022546240090086433,0.003917548174670937,0.08614016876270081,1,0.035773459059335815,32.954498291015625,32.97949981689453,1
2016-05-09,33.98749923706055,34.3489990234375,33.570499420166016,33.6974983215332,79644000.0,31.906174850463866,30.069089851379395,66.87287332540262,1.0620184599574287,0.8891879323169116,0.1728305276405171,34.532398775626426,29.27995092530131,5.252447850325115,0.008606007269745364,0.013191268214910457,0.08551580379394852,1,0.035773322861197145,33.6974983215332,34.192501068115234,1
2016-05-10,35.153499603271484,35.227500915527344,34.67499923706055,34.70000076293945,122112000.0,32.155924797058105,30.21963985443115,71.53432519334709,1.1786422614161083,0.947078798136751,0.23156346327935728,35.00999251955486,29.301857074561358,5.7081354449934985,0.03430674196057093,0.06672841118189243,0.13971922447763263,1,0.03553736202675765,33.98749923706055,33.566001892089844,1
2016-05-11,35.6614990234375,35.95000076293945,35.08250045776367,35.28950119018555,146764000.0,32.40194978713989,30.35382984161377,73.29728369946918,1.297106535262607,1.0170843455619223,0.2800221897006847,35.55805444894168,29.245845125338096,6.312209323603586,0.014450891828668544,0.05828327916702558,0.17584114427959885,1,0.0339017700045199,35.153499603271484,33.54499816894531,1
2016-05-12,35.89649963378906,36.122501373291016,35.57550048828125,35.86899948120117,100964000.0,32.64489974975586,30.491549835205078,74.09650924653606,1.3938850716061424,1.0924444907707662,0.30144058083537617,36.07927439282016,29.210525106691556,6.868749286128605,0.006589756930776014,0.05616772165005046,0.19257472355009653,1,0.033057792219271395,35.6614990234375,32.954498291015625,0
2016-05-13,35.49599838256836,35.962501525878906,35.32550048828125,35.73199844360352,95268000.0,32.85497465133667,30.62397979736328,70.23811725111548,1.4218751632695898,1.158330625270531,0.26354453799905886,36.4437683633482,29.26618093932514,7.177587424023059,-0.011157111565377131,0.009742949725124905,0.07630493426661045,1,0.019899105225444316,35.89649963378906,33.6974983215332,1
2016-05-16,35.53300094604492,35.662498474121094,35.013999938964844,35.506500244140625,108658000.0,33.043249702453615,30.759499816894532,70.3915214719282,1.430552788146258,1.2127750578456764,0.21777773030058167,36.77627729922595,29.310222105681277,7.466055193544676,0.0010424432376223702,-0.0036032719013894265,0.03920449911690471,1,0.01707658253259537,35.49599838256836,33.98749923706055,0
2016-05-17,34.76350021362305,35.7234992980957,34.695499420166016,35.494998931884766,102428000.0,33.21167469024658,30.891969833374024,63.10676956955166,1.3596642274074782,1.2421528917580367,0.1175113356494415,36.93599132312343,29.487358057369732,7.448633265753699,-0.021655945513589514,-0.03156294991781128,0.03567592963210209,1,0.01758531318386303,35.53300094604492,35.153499603271484,1
2016-05-18,34.872501373291016,35.12699890136719,34.4379997253418,34.47800064086914,85664000.0,33.37282476425171,31.02915985107422,63.68015306399304,1.2973252569171905,1.2531873647898675,0.044137892127323,37.091728908139466,29.653920620363955,7.4378082877755105,0.003135505889745094,-0.017565276022311727,0.03957380464473115,1,0.017523815946564776,34.76350021362305,35.6614990234375,1
2016-05-19,34.92599868774414,34.970001220703125,34.47800064086914,34.59400177001953,60512000.0,33.54162473678589,31.168209838867188,63.97607359353351,1.2379674417952273,1.2501433801909396,-0.012175938395712294,37.220511195393,29.862738278178778,7.357772917214223,0.0015340830839882802,-0.01708277494553534,0.059824925244454485,1,0.015865809163591454,34.872501373291016,35.89649963378906,1
2016-05-20,35.13999938964844,35.36199951171875,35.0,35.0525016784668,58324000.0,33.7473747253418,31.31207981109619,65.19761445705356,1.194425421076133,1.2389997883679784,-0.044574367291845496,37.2983116796083,30.1964377710753,7.101873908532998,0.006127260778355126,0.01083030114090322,0.042807363750010374,1,0.0147679085945664,34.92599868774414,35.49599838256836,0
2016-05-23,34.837501525878906,35.29999923706055,34.82099914550781,35.212501525878906,51902000.0,33.92374982833862,31.439219856262206,61.99737796567357,1.122568732849338,1.2157135772642504,-0.09314484441491255,37.319958921220014,30.527540735457226,6.792418185762788,-0.008608362806592496,-0.0010036517609521844,0.02500926246116708,1,0.015206726137650329,35.13999938964844,35.53300094604492,1
2016-05-24,35.209999084472656,35.375,34.900001525878906,34.9005012512207,60676000.0,34.14204978942871,31.570049819946288,64.31991199796083,1.083192856629573,1.189209433137315,-0.1060165765077421,37.268954356264345,31.01514522259308,6.253809133671265,0.010692430348859583,0.008131489646655998,0.0016072220927874081,1,0.010977241222417918,34.837501525878906,34.76350021362305,1
2016-05-25,35.41749954223633,35.542999267578125,35.2760009765625,35.400001525878906,65354000.0,34.396499729156496,31.70137981414795,65.58178928978722,1.0565514760894814,1.1626778417277484,-0.10612636563826694,37.029990993317355,31.763008464995636,5.266982528321719,0.005893225309828942,0.007896987974041814,-0.006842098281982234,1,0.010037475968293108,35.209999084472656,34.872501373291016,1
2016-05-26,35.74549865722656,35.75,35.364498138427734,35.416500091552734,48934000.0,34.67877464294433,31.842019805908205,67.536255285469,1.049803298502141,1.140102933082627,-0.09029963458048584,36.492207305947865,32.8653419799408,3.6268653260070636,0.0092609336974534,0.026063784472980966,-0.004206565489754954,1,0.010283792456621456,35.41749954223633,34.92599868774414,0
2016-05-27,35.61199951171875,35.83000183105469,35.55500030517578,35.75,44984000.0,34.81039962768555,31.994819793701172,65.89608131230167,1.021903189941611,1.1164629844544236,-0.09455979451281271,36.488467630200965,33.13233162517013,3.3561360050308338,-0.003734712076280511,0.011417223450692182,0.00326800581575859,1,0.009668451274324549,35.74549865722656,35.13999938964844,1
2016-05-31,36.13949966430664,36.21149826049805,35.566001892089844,35.61650085449219,72366000.0,34.907749557495116,32.16552978515625,69.09037913051591,1.0304782943819148,1.099266046439922,-0.06878775205800713,36.6555898938004,33.15990922118983,3.4956806726105754,0.014812427266666317,0.020385406406494333,0.017068603892552048,1,0.010700555603303014,35.61199951171875,34.837501525878906,0
2016-06-01,35.97200012207031,36.32149887084961,35.9109992980957,36.04499816894531,65262000.0,35.02804946899414,32.33098979949951,66.94614400391832,1.0120915518204967,1.081831147516037,-0.06973959569554022,36.72024510180517,33.33585383618311,3.3843912656220567,-0.004634805235053108,0.006336503150109474,0.03476347033586924,1,0.007413347189522614,36.13949966430664,35.209999084472656,1
2016-06-02,36.4119987487793,36.41400146484375,35.775001525878906,36.04850006103516,60532000.0,35.17139949798584,32.49874977111816,69.61393426807962,1.0212517829777,1.0697152746083696,-0.04846349163066965,36.82200666704372,33.52079232892795,3.30121433811577,0.012231697576333245,0.022464316747990987,0.04414645680299234,1,0.007912049409138002,35.97200012207031,35.41749954223633,0
2016-06-03,36.277000427246094,36.34999847412109,35.92150115966797,36.33700180053711,67346000.0,35.337524604797366,32.65465976715088,67.80568867597765,1.0060213084289487,1.0569764813724856,-0.05095517294353691,36.70706989895734,33.96797931063739,2.7390905883199537,-0.003707522964191301,0.0038047223734880564,0.03868183560277205,1,0.008284720472917778,36.4119987487793,35.74549865722656,1
2016-06-06,36.33649826049805,36.57500076293945,36.22100067138672,36.32500076293945,54096000.0,35.4694746017456,32.798439750671385,68.1977701061985,0.9873702360541117,1.043055232308811,-0.05568499625469925,36.68094624275686,34.258002960734345,2.4229432820225156,0.0016400979284734163,0.010132829344790872,0.03404948467933311,1,0.008268167685394373,36.277000427246094,35.61199951171875,0
2016-06-07,36.1870002746582,36.5,36.02750015258789,36.49449920654297,54650000.0,35.57944965362549,32.94230976104736,66.02204035354333,0.9495797247982409,1.024360130806697,-0.07478040600845604,36.62012439185143,34.53877491539955,2.0813494764518765,-0.004114265077721169,-0.006179239861932473,0.03873695557004364,1,0.007642323906011441,36.33649826049805,36.13949966430664,1
2016-06-08,36.33200073242188,36.47100067138672,36.08000183105469,36.31999969482422,44468000.0,35.638374710083006,33.07508975982666,67.11779769294242,0.9207173411025877,1.0036315728658751,-0.08291423176328738,36.70893306805689,34.56781635210912,2.141116715947774,0.004006976446324195,0.0015161205316875925,0.03186599480611796,1,0.00725846400406399,36.1870002746582,35.97200012207031,1
2016-06-09,36.38249969482422,36.445499420166016,36.1150016784668,36.15499877929688,43406000.0,35.674424743652345,33.20404975891113,67.51076314188701,0.8916402643691086,0.9812333111665218,-0.0895930467974132,36.79314465049048,34.55570483681421,2.237439813676275,0.0013899306777584997,0.0012659842452726888,0.027246422391764336,1,0.0072099548391487195,36.33200073242188,36.4119987487793,0
2016-06-10,35.89550018310547,36.249000549316406,35.71049880981445,36.11750030517578,68514000.0,35.67437477111817,33.328319778442385,60.05681264809795,0.8198489723824736,0.9489564434097122,-0.12910747102723863,36.7930550822826,34.555694459953735,2.2373606223288647,-0.013385542934204464,-0.008055381472359069,0.004196375250414386,1,0.00838614212559939,36.38249969482422,36.277000427246094,0
2016-06-13,35.762001037597656,36.0994987487793,35.55799865722656,35.70050048828125,67044000.0,35.68767490386963,33.445059814453124,58.161065191274126,0.7436097209292853,0.9078870989136268,-0.1642773779843415,36.803878339529604,34.57147146820965,2.2324068713199523,-0.0037191053147838105,-0.01568864040882756,0.00421210625450974,1,0.008385278130944446,35.89550018310547,36.33649826049805,1
2016-06-14,35.96500015258789,36.04050064086914,35.61349868774414,35.61650085449219,50138000.0,35.70927486419678,33.57116981506348,60.21748050286912,0.691597590406154,0.8646291972121323,-0.1730316068059783,36.8293824164899,34.58916731190366,2.240215104586241,0.005676391395907032,-0.011475284703863275,-0.004828498273070858,1,0.007035951164168101,35.762001037597656,36.1870002746582,0
2016-06-15,35.7130012512207,36.12799835205078,35.66749954223633,36.09999847412109,54188000.0,35.75674991607666,33.69928985595703,56.50466233994085,0.6228634152102401,0.8162760408117539,-0.19341262560151373,36.78957625470216,34.72392357745115,2.065652677251009,-0.007006781601502476,-0.005084172973041867,-0.0072000130649032545,1,0.007229588448111818,35.96500015258789,36.33200073242188,1
2016-06-16,35.8754997253418,35.900001525878906,35.26499938964844,35.602500915527344,61960000.0,35.806899833679196,33.81471984863281,58.290537180865954,0.574876536109592,0.7679961398713215,-0.19311960376172954,36.757221566132365,34.85657810122603,1.900643464906338,0.004550120920334022,0.0031737230706083697,-0.01473412726225265,1,0.006007912311888791,35.7130012512207,36.38249969482422,0
2016-06-17,35.31949996948242,35.90999984741211,34.95899963378906,35.90950012207031,117956000.0,35.826574897766115,33.9296798324585,50.6305053928009,0.4863754219751826,0.7116719962920938,-0.2252965743169112,36.717572833974366,34.935576961557864,1.781995872416502,-0.01549803515257031,-0.01794801001993107,-0.026394146332025192,1,0.007474431868824418,35.8754997253418,35.89550018310547,1
2016-06-20,35.70050048828125,36.06549835205078,35.54050064086914,35.67499923706055,73544000.0,35.854599952697754,34.04908985137939,54.9949539070327,0.44188740616750266,0.6577150782671756,-0.2158276720996729,36.69104329996501,35.0181566054305,1.6728866945345118,0.010787256873059592,-0.0003500339512637618,-0.017503001187877287,1,0.008540877381983763,35.31949996948242,35.762001037597656,1
2016-06-21,35.79100036621094,35.91999816894531,35.63600158691406,35.7859992980957,42750000.0,35.90227489471435,34.16897987365723,55.99019264201466,0.4092157326924166,0.6080152091522238,-0.19879947645980722,36.59830435696095,35.20624543246775,1.392058924493199,0.0025349750477419164,-0.0023553500237704084,-0.010943153769078395,1,0.008593412789818499,35.70050048828125,35.96500015258789,0
2016-06-22,35.529998779296875,35.849998474121094,35.378501892089844,35.82899856567383,45210000.0,35.918274879455566,34.27640983581543,52.39179482808342,0.3581342011539306,0.5580390075525652,-0.19990480639863462,36.56271398131184,35.273835777599295,1.2888782037125424,-0.0072923803258784226,0.005959846826719906,-0.022074257870674296,1,0.008595071246791207,35.79100036621094,35.7130012512207,1
2016-06-23,36.104000091552734,36.10599899291992,35.625,35.775001525878906,56500000.0,35.952599906921385,34.38366985321045,58.68107129520541,0.35982103524357,0.5183954130907662,-0.1585743778471962,36.55867952971652,35.34652028412625,1.2121592455902714,0.016155399154990313,0.011302351444734793,-0.007654768243181009,1,0.0103655393618129,35.529998779296875,35.8754997253418,0
2016-06-24,34.948001861572266,35.62649917602539,34.61000061035156,34.650001525878906,152650000.0,35.91272506713867,34.4618798828125,45.612415578641006,0.26482572126700177,0.46768147472601335,-0.20285575345901158,36.65719652985268,35.16825360442466,1.4889429254280202,-0.03201856378930534,-0.023553365259790793,-0.026396019464833942,1,0.01395020267140517,36.104000091552734,35.31949996948242,0
2016-06-27,34.56800079345703,34.840999603271484,34.10599899291992,34.60049819946289,111360000.0,35.860525131225586,34.527349891662595,42.27913901085186,0.15706776076599738,0.40555873193401015,-0.24849097116801278,36.802283023715695,34.91876723873548,1.8835157849802187,-0.01087332745432501,-0.02707565490827979,-0.033387400299142556,1,0.014196215698903187,34.948001861572266,35.70050048828125,1
2016-06-28,35.397499084472656,35.400001525878906,34.90850067138672,35.0,80740000.0,35.823425102233884,34.59994987487793,50.74138814875062,0.13702286608678804,0.35185155876456575,-0.2148286926777777,36.77669082879466,34.870159375673104,1.9065314531215591,0.023996131450350733,-0.019568496711957928,-0.01577925943855163,1,0.01648123378147278,34.56800079345703,35.79100036621094,1
2016-06-29,35.779998779296875,35.974998474121094,35.676998138427734,35.787498474121094,61402000.0,35.81382503509521,34.68764984130859,54.08422518189456,0.15026945854818052,0.31153513872128874,-0.16126568017310822,36.76477674894827,34.862873321242155,1.9019034277061166,0.010805839528702954,0.02380670920815775,0.0018759982563458788,1,0.01677586554364692,35.397499084472656,35.529998779296875,1
2016-06-30,35.78099822998047,35.96849822998047,35.62699890136719,35.86000061035156,57102000.0,35.78227500915527,34.770279808044435,54.09299169703002,0.1590150987528247,0.28103113072759595,-0.12201603197477123,36.69275878551326,34.87179123279728,1.8209675527159845,2.7933222965126348e-05,0.03509018192203439,-0.002634151331265655,1,0.016709830060232325,35.779998779296875,36.104000091552734,1
2016-07-01,36.28400039672852,36.400001525878906,35.82699966430664,35.86600112915039,58408000.0,35.78262500762939,34.86495983123779,58.397986127722476,0.2041804871579913,0.26566100201367504,-0.06148051485568373,36.69387428310864,34.87137573215014,1.8224985509584997,0.014057801392656444,0.025044179255159227,0.027307873216763312,1,0.016299864446647043,35.78099822998047,34.948001861572266,1
2016-07-05,36.40499877929688,36.47800064086914,35.980499267578125,36.13999938964844,48628000.0,35.78605003356934,34.97255981445313,59.38466989314667,0.24689192469275412,0.26190718654949086,-0.015015261856736739,36.70607341649717,34.86602665064151,1.8400467658556607,0.003334758605593846,0.01746785973513365,0.019733569036290755,1,0.016063678240916385,36.28400039672852,34.56800079345703,1
2016-07-06,36.88050079345703,36.88850021362305,36.12900161743164,36.28549957275391,78764000.0,35.82072505950928,35.083969841003416,63.089521229527435,0.315473503096662,0.2726204498589251,0.042853053237736916,36.844954462248786,34.79649565676977,2.048458805479015,0.013061448430278899,0.03072867214071473,0.030440625187851733,1,0.01643786536107637,36.40499877929688,35.397499084472656,0
2016-07-07,36.82849884033203,36.977500915527344,36.58150100708008,36.96649932861328,58916000.0,35.845549964904784,35.20365982055664,62.41894340233334,0.36146206537924996,0.29038877296299004,0.07107329241625993,36.93981766599298,34.751282263816584,2.1885354021763987,-0.0014100121203947102,0.015006571426799065,0.03654658332810823,1,0.016125925039741317,36.88050079345703,35.779998779296875,1
2016-07-08,37.29050064086914,37.30500030517578,36.900001525878906,37.00699996948242,68584000.0,35.89095001220703,35.34289981842041,65.88797426987723,0.4302286089155274,0.3183567401534975,0.11187186876202987,37.13557470791515,34.64632531649891,2.4892493914162372,0.012544681838379868,0.024323633876231154,0.03286340976921309,1,0.015854533367945206,36.82849884033203,35.78099822998047,1
2016-07-11,37.68899917602539,37.79499816894531,37.34999847412109,37.5,63906000.0,35.980624961853025,35.49467979431152,68.58190698113296,0.5109916972949833,0.35688373158179465,0.15410796571318863,37.45151457874514,34.50973534496091,2.9417792337842315,0.010686328376066534,0.02192210965616259,0.07843073046951621,1,0.009902770177660032,37.29050064086914,36.28400039672852,0
2016-07-12,37.41049957275391,37.867000579833984,37.01649856567383,37.84299850463867,112474000.0,36.06304988861084,35.58329978942871,64.73425383773392,0.5462278614646934,0.3947525575583744,0.15147530390631897,37.655434825554586,34.470664951667096,3.1847698738874897,-0.007389413605035089,0.015802999056386158,0.08222919214451374,1,0.009217298223742301,37.68899917602539,36.40499877929688,0
2016-07-13,37.13150024414063,37.84349822998047,37.0625,37.3380012512207,82846000.0,36.121374893188474,35.64207977294922,61.03969992575731,0.5453533671616739,0.4248727194790343,0.12048064768263961,37.779228036584755,34.46352174979219,3.3157062867925617,-0.007457781419643927,-0.004263831109691529,0.048986544375068775,1,0.008478531415701915,37.41049957275391,36.88050079345703,0
2016-07-14,37.060001373291016,37.45199966430664,36.95100021362305,37.44300079345703,47810000.0,36.18872489929199,35.711959762573244,60.09317142637378,0.5327497552364164,0.4464481266305108,0.08630162860590562,37.883771529718274,34.49367826886571,3.3900932608525665,-0.0019255583636402784,-0.016689161731163527,0.03577424923599426,1,0.00843662451566589,37.13150024414063,36.82849884033203,0
2016-07-15,36.77199935913086,37.32749938964844,36.70249938964844,37.32749938964844,62428000.0,36.23354988098144,35.77649978637695,56.305656470965644,0.49382938857865355,0.4559243790201394,0.03790500955851417,37.94046692072488,34.526632841238005,3.4138340794868753,-0.007771235927900411,-0.017067406768555227,0.027696296307352375,1,0.009130653556230448,37.060001373291016,37.29050064086914,1
2016-07-18,36.80350112915039,37.08000183105469,36.43600082397461,36.77450180053711,59098000.0,36.30774993896485,35.853479843139645,56.62766409859698,0.46022150018932706,0.45678380325397694,0.0034376969353501208,37.977904010619056,34.63759586731064,3.3403081433084196,0.0008566781945107405,-0.008833446341613982,0.014317625585427596,1,0.008227466035918028,36.77199935913086,37.68899917602539,1
2016-07-19,36.997501373291016,37.166500091552734,36.615501403808594,36.625,44336000.0,36.37259998321533,35.91947990417481,58.64873586177328,0.4441216469930751,0.4542513720017966,-0.010129725008721502,38.04412429930106,34.7010756671296,3.3430486321714596,0.005271244261784824,-0.0016864543357799633,0.016275308717523806,1,0.008299155201473082,36.80350112915039,37.41049957275391,1
2016-07-20,37.2859992980957,37.3125,37.03499984741211,37.20000076293945,44280000.0,36.44734992980957,35.985449905395505,61.52034417127635,0.44946066601754353,0.453293230804946,-0.0038325647874024593,38.14170861674317,34.752991242875964,3.388717373867209,0.007797767797718347,0.013978025343275524,0.01099492945905478,1,0.007635091940208733,36.997501373291016,37.13150024414063,0
2016-07-21,37.22150039672852,37.46799850463867,37.13949966430664,37.375,46342000.0,36.53192501068115,36.02680992126465,60.50865244412115,0.4433763877536592,0.45130986219468866,-0.007933474441029487,38.20338986080107,34.86046016056123,3.3429297002398357,-0.001729842369290413,0.011357595194851022,0.010671126132518527,1,0.007647528606804338,37.2859992980957,37.060001373291016,1
2016-07-22,37.24300003051758,37.56399917602539,37.17649841308594,37.38949966430664,45554000.0,36.5888750076294,36.05843994140625,60.74041250857016,0.43527185120811396,0.44810225999737374,-0.012830408789259784,38.27568356999255,34.90206644526624,3.3736171247263087,0.0005776133030614972,0.006635546945442883,-0.0012737992125400055,1,0.006506859399579799,37.22150039672852,36.77199935913086,0
2016-07-25,36.980499267578125,37.42499923706055,36.76750183105469,37.32749938964844,53586000.0,36.69049987792969,36.080119934082035,56.38913973213676,0.403021548310214,0.4390861176599418,-0.03606456934972785,38.20581952899782,35.175180226861556,3.030639302136265,-0.00704832485901663,-0.008193424777894642,-0.018798586429377928,1,0.005590039440371494,37.24300003051758,36.80350112915039,0
2016-07-26,36.77949905395508,37.15650177001953,36.63750076293945,37.135501861572266,50594000.0,36.80107479095459,36.10578994750976,53.24386368347853,0.357127173747223,0.4226943288773981,-0.06556715513017508,37.962052868827115,35.64009671308206,2.321956155745056,-0.005435302865131164,-0.011874893221990979,-0.01686693644846149,1,0.005407288517283507,36.980499267578125,36.997501373291016,1
2016-07-27,36.83349990844727,37.047000885009766,36.69300079345703,36.89849853515625,58262000.0,36.87287483215332,36.131799926757814,53.98643467685874,0.32140797780981956,0.40243705866388246,-0.08102908085406291,37.83902929108816,35.906720373218484,1.9323089178696762,0.0014682324632255828,-0.010995358100441832,-0.008025539871375997,1,0.0050752748929163635,36.77949905395508,37.2859992980957,1
2016-07-28,37.63050079345703,37.667999267578125,36.98500061035156,37.29899978637695,152352000.0,36.96539993286133,36.189139938354494,63.260590545580094,0.3533385019871602,0.39261734732853804,-0.03927884534137782,37.84581725864634,36.08498260707632,1.760834651570022,0.02163793522176194,0.017576872642408592,0.01539393953118351,1,0.008680803948828218,36.83349990844727,37.22150039672852,1
2016-07-29,37.94049835205078,38.29999923706055,37.75,38.25,135542000.0,37.07337493896485,36.250499877929684,66.12084838660903,0.39905779481179593,0.39390543682518964,0.005152357986606293,37.87218791234094,36.27456196558875,1.5976259467521885,0.008237933380032203,0.031566479369186995,0.03177686863060858,1,0.008232870437410052,37.63050079345703,37.24300003051758,1
2016-08-01,38.387001037597656,38.525001525878906,37.85300064086914,37.993499755859375,71564000.0,37.1785249710083,36.31971992492676,69.77127279897988,0.46594853425008864,0.4083140563101695,0.05763447793991916,38.08095298547521,36.276096956541394,1.8048560289338127,0.011768498173212238,0.04217631050570114,0.043025795369045605,1,0.00860775820081233,37.94049835205078,36.980499267578125,0
2016-08-02,38.02899932861328,38.2504997253418,37.85100173950195,38.19049835205078,72066000.0,37.25972499847412,36.377499923706054,63.8324789218899,0.48448731304486614,0.42354870765710884,0.060938605387757305,38.16138752746648,36.35806246948176,1.803325057984722,-0.009326118199067812,0.010589774963227105,0.027880205879711628,1,0.009597076155730244,38.387001037597656,36.77949905395508,0
2016-08-03,37.73199844360352,37.94449996948242,37.61249923706055,37.85300064086914,71630000.0,37.30229988098145,36.435389862060546,59.321304431954246,0.46979839605372575,0.43279864533643225,0.0369997507172935,38.20871649356507,36.39588326839783,1.812833225167239,-0.007809852750616408,-0.005495444643678238,0.011961571471965193,1,0.00995548565527046,38.02899932861328,36.83349990844727,1
2016-08-04,38.03850173950195,38.25,37.51750183105469,37.685001373291016,63564000.0,37.36280002593995,36.49195991516113,62.283674931949015,0.47738656280125014,0.4417162288293959,0.03567033397185426,38.295779744626955,36.42982030725294,1.8659594373740163,0.008123166239300872,-0.0090785757854428,0.021949715461906383,1,0.010115839084182475,37.73199844360352,37.63050079345703,1
2016-08-05,38.29899978637695,38.42350006103516,38.15449905395508,38.240501403808594,54088000.0,37.413224983215336,36.54958992004394,64.64052609217637,0.49867187595469886,0.45310735825445647,0.04556451770024239,38.43034297454601,36.396106991884665,2.034235982661343,0.0068482730644587875,0.007099857017813349,0.028354315038908506,1,0.010196791238604352,38.03850173950195,37.94049835205078,1
2016-08-08,38.32799911499024,38.34999847412109,38.05099868774414,38.34049987792969,39726000.0,37.44517498016358,36.60123992919922,64.90345317919393,0.5119788697283525,0.4648816605492357,0.047097209179116806,38.53264813404714,36.357701826280014,2.1749463077671294,0.0007571824009775519,0.015795629597449956,0.036438119389953894,1,0.009638677486368973,38.29899978637695,38.387001037597656,1
2016-08-09,38.41550064086914,38.630001068115234,38.345001220703125,38.36949920654297,37522000.0,37.49542503356934,36.657309951782224,65.73146668139313,0.5235502387695234,0.47661537619329325,0.046934862576230196,38.66185698175032,36.32899308538836,2.332863896361957,0.0022829661839738336,0.009910981876967151,0.0444813450154411,1,0.009127862964935512,38.32799911499024,38.02899932861328,1
2016-08-10,38.428001403808594,38.60499954223633,38.30950164794922,38.4900016784668,32086000.0,37.56025009155274,36.70307998657226,65.85540357056524,0.5276469535659558,0.4868216916678258,0.040825261898130016,38.78139947797549,36.33910070512999,2.442298772845504,0.0003254093459907903,0.003368276408031168,0.043289437586017776,1,0.009175660261045042,38.41550064086914,37.73199844360352,1
2016-08-11,38.5620002746582,38.6875,38.45600128173828,38.49700164794922,40394000.0,37.6353500366211,36.75487998962402,67.2238031617688,0.5355329283196468,0.49656393899819007,0.03896898932145676,38.90786594882395,36.36283412441825,2.5450318244056973,0.003487011188573863,0.006105227642223543,0.02475384227050026,1,0.006866057966533822,38.428001403808594,38.03850173950195,1
2016-08-12,38.62799835205078,38.657501220703125,38.42100143432617,38.42300033569336,31266000.0,37.7281499862671,36.799199981689455,67.90603065023076,0.5408732631087503,0.5054258038203021,0.03544745928844817,39.00597809730268,36.450321875231516,2.555656222071164,0.0017114796152302159,0.005531561677880825,0.0181204789041165,1,0.006560186195641001,38.5620002746582,38.29899978637695,0
2016-08-15,38.42449951171875,38.60200119018555,38.385501861572266,38.595001220703125,42370000.0,37.809199905395516,36.84214996337891,63.51598505644455,0.522659962496995,0.5088726355556408,0.013787326941354205,39.04716345668279,36.571236354108244,2.475927102574545,-0.005268169437032899,-9.112865519711466e-05,0.0009768534427674336,1,0.005863826295014443,38.62799835205078,38.32799911499024,0
2016-08-16,38.20199966430664,38.436500549316406,38.19100189208984,38.430999755859375,32092000.0,37.869424819946296,36.87945999145508,59.02300525382848,0.484684768064632,0.5040350620574391,-0.019350293992807077,39.05985878355,36.678990856342594,2.3808679272074045,-0.005790572427475604,-0.009335631133951972,0.004549168759305111,1,0.005312086669580182,38.42449951171875,38.41550064086914,1
2016-08-17,38.23149871826172,38.26100158691406,37.959999084472656,38.22050094604492,37822000.0,37.916699790954596,36.92034996032715,59.43272819764824,0.4517618505990555,0.4935804197657624,-0.0418185691667069,39.08560344986957,36.74779613203962,2.337807317829956,0.0007721861215197467,-0.010264565877201703,0.01323810811146875,1,0.00444961200819852,38.20199966430664,38.428001403808594,0
2016-08-18,38.22299957275391,38.25849914550781,38.02999877929688,38.20000076293945,29176000.0,37.966774749755864,36.95816993713379,59.24891257318577,0.4201412643322513,0.4788925886790602,-0.05875132434680891,39.09744235323119,36.83610714628054,2.2613352069506476,-0.00022230741123796527,-0.005244048498364462,0.004850291804747053,1,0.0037624466636918368,38.23149871826172,38.5620002746582,0
2016-08-19,37.865501403808594,38.1245002746582,37.84450149536133,38.095001220703125,46864000.0,37.997899818420414,36.987829971313474,51.96814432582244,0.36206099364515865,0.45552626967227994,-0.09346527602712129,39.08040406285982,36.91539557398101,2.1650084888788115,-0.00935295955161386,-0.008808393891811095,-0.011318791221345603,1,0.004184939578496168,38.22299957275391,38.62799835205078,1
2016-08-22,37.9739990234375,37.99250030517578,37.60499954223633,37.875,33586000.0,38.04757480621338,37.029399948120115,53.822767968833396,0.3210855376225865,0.4286381232623413,-0.10755258563975478,39.0248355160599,37.070314096366864,1.9545214196930374,0.002865342214060762,-0.006735275975493504,-0.009236070228729742,1,0.004340755222682179,37.865501403808594,38.42449951171875,1
2016-08-23,38.122501373291016,38.23500061035156,38.04999923706055,38.16550064086914,30482000.0,38.11472492218018,37.076609954833984,56.30940384985743,0.29716950696504085,0.40234440000288124,-0.10517489303784039,38.899913764504134,37.329536079856226,1.5703776846479087,0.003910632371425082,-0.002629259885049251,-0.007627110481189803,1,0.004501692387965758,37.9739990234375,38.20199966430664,0
2016-08-24,37.86249923706055,38.170501708984375,37.76800155639648,38.150001525878906,34882000.0,38.16617488861084,37.114559936523435,51.11906756951957,0.2543044178677789,0.3727364035758608,-0.11843198570808189,38.70501547172518,37.6273343054965,1.077681166228686,-0.006820175142353779,-7.928501239240493e-05,-0.01471588805271562,1,0.004863505383530992,38.122501373291016,38.23149871826172,1
2016-08-25,37.96099853515625,38.02799987792969,37.73699951171875,37.79999923706055,32460000.0,38.1826997756958,37.15951988220215,52.89065478619335,0.2256800964246466,0.343325142145618,-0.1176450457209714,38.67289056140881,37.69250898998279,0.9803815714260224,0.0026015001671968463,-0.0003423523625527558,-0.015585336217553869,1,0.004770378138244603,37.86249923706055,38.22299957275391,1
2016-08-26,38.45000076293945,38.5,37.9900016784668,38.00249862670898,55536000.0,38.20817489624024,37.2110099029541,60.53731912935094,0.23969050552827298,0.322598214822149,-0.08290770929387603,38.69832664515488,37.718023147325596,0.9803034978292828,0.012881700868071944,0.00859071094106878,-0.004607994115798597,1,0.006584289279708485,37.96099853515625,37.865501403808594,1
2016-08-29,38.56449890136719,38.749000549316406,38.43000030517578,38.43600082397461,43972000.0,38.217049789428714,37.275909881591794,62.089000221429046,0.2570695606774436,0.30949248399320795,-0.05242292331576437,38.725902699027394,37.708196879830034,1.01770581919736,0.002977844893519377,0.018540764039673086,0.0036434928607396166,1,0.0064272354063897655,38.45000076293945,37.9739990234375,0
2016-08-30,38.37900161743164,38.59199905395508,38.27799987792969,38.5525016784668,34184000.0,38.23454990386963,37.3294799041748,58.1029919823077,0.25295855775184606,0.2981856987449356,-0.045227140993089554,38.74039508902155,37.72870471871771,1.011690370303839,-0.004810053007818782,0.011011382692904359,0.004633316441033708,1,0.006329333745601325,38.56449890136719,38.122501373291016,1
2016-08-31,38.45800018310547,38.48199844360352,38.20000076293945,38.33000183105469,32676000.0,38.270849990844724,37.38281990051269,59.3013051780123,0.2531568477897963,0.2891799285539078,-0.03602308076411148,38.729198087272295,37.81250189441715,0.9166961928551416,0.0020583799042324102,0.0002080473343897271,0.005924472553715532,1,0.006348960695081206,38.37900161743164,37.86249923706055,1
2016-09-01,38.53099822998047,38.60200119018555,38.337501525878906,38.54499816894531,35846000.0,38.29547481536865,37.44283988952637,60.427610974728005,0.256250430928759,0.28259402902887804,-0.026343598100119048,38.754163957219774,37.836785673517525,0.9173782837022486,0.0018981238371065245,-0.000868691992404691,0.008057940524534457,1,0.006353519608281336,38.45800018310547,37.96099853515625,1
2016-09-02,38.62200164794922,38.79999923706055,38.584999084472656,38.70550155639648,43636000.0,38.311624908447264,37.4931999206543,61.845218328116985,0.2630134774889541,0.27867791872089326,-0.015664441231939163,38.791910132268725,37.8313396846258,0.9605704476429224,0.00236182352259795,0.006331588115288778,0.019978614202756484,1,0.005254048006660696,38.53099822998047,38.45000076293945,1
2016-09-06,39.44350051879883,39.4739990234375,38.51100158691406,38.70199966430664,74396000.0,38.36739997863769,37.58310989379883,71.70062385502246,0.33084752956270336,0.2891118408892553,0.04173568867344807,39.056170854136944,37.67862910313844,1.3775417509985033,0.021270230329795137,0.025625366139716332,0.03869757026259868,1,0.008065287666157921,38.62200164794922,38.56449890136719,0
2016-09-07,39.2239990234375,39.53950119018555,39.21649932861328,39.47650146484375,48492000.0,38.40782489776611,37.676229858398436,66.74009965205869,0.3627134336422202,0.30383215943984826,0.058881274202371936,39.19150740526441,37.624142390267814,1.5673650149965965,-0.005564959815286041,0.017985539573117437,0.02889363526702371,1,0.008594421563446,39.44350051879883,38.37900161743164,0
2016-09-08,39.20299911499024,39.32500076293945,39.071998596191406,39.19449996948242,40610000.0,38.4465747833252,37.75233985900879,66.2677415058416,0.381870905011958,0.3194399085542702,0.06243099645768779,39.30362265066041,37.589526915989985,1.7140957346704226,-0.00053538417729182,0.01504317337917871,0.035404421391644014,1,0.008016163751033553,39.2239990234375,38.45800018310547,0
2016-09-09,38.00699996948242,39.04999923706055,38.00550079345703,38.96799850463867,85146000.0,38.41882476806641,37.7968798828125,46.208819689443956,0.2971211754746719,0.31497616193835054,-0.017854986463678668,39.29485638170799,37.54279315442483,1.752063227283159,-0.030507848187831588,-0.036419195315379516,0.0012118078054128567,1,0.013438565071237269,39.20299911499024,38.53099822998047,1
2016-09-12,38.574501037597656,38.632999420166016,37.79999923706055,37.86750030517578,62494000.0,38.41614990234375,37.85274993896484,53.41452420250901,0.27260655890080443,0.30650224133084136,-0.03389568243003693,39.28993424129965,37.54236556338785,1.7475686779118007,0.014931488109319435,-0.016558688609281003,0.0032379784704243963,1,0.013667130407665599,38.00699996948242,38.62200164794922,0
2016-09-13,38.05049896240234,38.49449920654297,37.95249938964844,38.4384994506836,62344000.0,38.39744987487793,37.88807991027832,47.135852847092764,0.20849258767891143,0.2869003106004554,-0.07840772292154397,39.28560891788564,37.50929083187022,1.7763180860154222,-0.01358415691973791,-0.029398264893137127,-0.013328318884149426,1,0.014309512258771135,38.574501037597656,39.44350051879883,1
2016-09-14,38.054500579833984,38.375,37.942501068115234,38.11000061035156,50460000.0,38.3900749206543,37.921069946289066,47.18690772319651,0.1562040772838884,0.26076106393714205,-0.10455698665325364,39.28700948499493,37.49314035631367,1.7938691286812656,0.00010516596472487372,0.0012497858391797845,-0.00845517141983887,1,0.014257896388969458,38.05049896240234,39.2239990234375,1
2016-09-15,38.484500885009766,38.54349899291992,37.87900161743164,38.09999847412109,60680000.0,38.402725028991696,37.953149948120114,52.4960416053174,0.14775921083704446,0.23816069331712253,-0.09040148248007807,39.297490630644425,37.50795942733897,1.789531203305458,0.011299591339365866,-0.0023331514385673824,0.0006890816417421952,1,0.01475156574013298,38.054500579833984,39.20299911499024,1
2016-09-16,38.92599868774414,39.02299880981445,38.58300018310547,38.66400146484375,109984000.0,38.437874984741214,37.99509994506836,57.2481019538223,0.1746781947696121,0.22546419360762046,-0.050785998838008356,39.35655132644653,37.5191986430359,1.8373526834106286,0.011472093767138869,0.023008889481498818,0.010251498167943351,1,0.015180809122468789,38.484500885009766,38.00699996948242,0
2016-09-19,38.755001068115234,39.09700012207031,38.54999923706055,38.99850082397461,45944000.0,38.482349967956544,38.02438995361328,54.95509023416819,0.18013709634445263,0.2163987741549869,-0.03626167781053427,39.37153252041827,37.59316741549482,1.7783651049234521,-0.004392889723924931,0.018407822402285445,0.003443618002462623,1,0.01526966785440972,38.92599868774414,38.574501037597656,1
2016-09-20,39.01100158691406,39.06850051879883,38.79999923706055,38.79999923706055,38744000.0,38.53420009613037,38.05083000183105,57.687520704006275,0.2027828629372408,0.2136755919114377,-0.010892728974196908,39.419695572528965,37.648704619731774,1.7709909527971917,0.006605612482086798,0.013680850466983197,-0.010965024052026928,1,0.013668088215704349,38.755001068115234,38.05049896240234,1
2016-09-21,39.48699951171875,39.53450012207031,38.95050048828125,39.16249847412109,54372000.0,38.602425003051756,38.09236000061035,62.27036309219658,0.2561857012728552,0.22217761378372122,0.034008087489134003,39.55801375592417,37.64683625017934,1.9111775057448313,0.012201633012272062,0.014411982810635937,0.006705091138822894,1,0.014157202450840515,39.01100158691406,38.054500579833984,1
2016-09-22,40.23500061035156,40.29449844360352,39.7135009765625,39.7135009765625,81578000.0,38.721050071716306,38.15443000793457,68.11474061619535,0.3547756400162143,0.24869721903021985,0.10607842098599446,39.85260865695532,37.58949148647729,2.2631171704780257,0.018942971304031886,0.03818860795888268,0.026324554719251214,1,0.015256537799828477,39.48699951171875,38.484500885009766,1
2016-09-23,40.28749847412109,40.38750076293945,40.10599899291992,40.15650177001953,47070000.0,38.83737506866455,38.21897994995117,68.48373055131813,0.4321633060558412,0.2853904364353441,0.14677286962049707,40.10288495167689,37.57186518565221,2.5310197660246843,0.001304780986035814,0.032721458954676486,0.06000206557922971,1,0.00995752064812306,40.23500061035156,38.92599868774414,0
2016-09-26,39.95800018310547,40.29650115966797,39.85749816894531,40.09000015258789,53028000.0,38.91277503967285,38.28269996643066,63.51551311159462,0.4615849664211851,0.32062934243251234,0.14095562398867273,40.25438712979639,37.57116294954931,2.6832241802470804,-0.008178673372517098,0.011927993446221086,0.03586563943262289,1,0.010301443789868914,40.28749847412109,38.755001068115234,1
2016-09-27,40.80550003051758,40.83200073242188,40.05550003051758,40.09249877929688,76392000.0,39.02482509613037,38.362739944458006,69.62026844228095,0.5469827227240955,0.365900018490829,0.18108270423326656,40.58749091589099,37.46215927636975,3.125331639521235,0.021209766342872083,0.014179182590076556,0.07240380923355194,1,0.009720439408257162,39.95800018310547,39.01100158691406,1
2016-09-28,41.43600082397461,41.50699996948242,40.85150146484375,40.900001525878906,88442000.0,39.17767505645752,38.45150993347168,73.21146864398956,0.6579527350010181,0.42431056179286686,0.23364217320815128,41.029109124346895,37.32624098856814,3.7028681357787576,0.015451367903480895,0.028507661020236164,0.08885940408143389,1,0.009712358366437834,40.80550003051758,39.48699951171875,1
2016-09-29,41.45249938964844,41.875,41.23149871826172,41.41299819946289,98444000.0,39.327400016784665,38.534839935302735,73.30041036055846,0.7387131403429592,0.4871910775028854,0.25152206284007383,41.3936808828506,37.26111915071873,4.132561732131876,0.00039816983651275173,0.037401751831785957,0.07712191756122655,1,0.009982677668485268,41.43600082397461,40.23500061035156,1
2016-09-30,41.865501403808594,41.997501373291016,41.619998931884766,41.63050079345703,88612000.0,39.49412517547607,38.627719955444334,75.49383454163592,0.8265146084459403,0.5550557836914963,0.27145882475444394,41.80060909526937,37.18764125568277,4.612967839586602,0.009963259640341393,0.02597692400529983,0.0755151522159907,1,0.009927244319337364,41.45249938964844,40.28749847412109,0
2016-10-03,41.83700180053711,41.99300003051758,41.5625,41.79999923706055,55388000.0,39.65487518310547,38.71959999084473,75.03573746129084,0.8836124899357785,0.6207671249403528,0.26284536499542566,42.13725309532028,37.17249727089065,4.964755824429631,-0.0006807419549713645,0.009677598431035994,0.07952523925892807,1,0.009499511787208507,41.865501403808594,39.95800018310547,0
2016-10-04,41.70149993896485,42.118499755859375,41.51300048828125,42.045501708984375,59006000.0,39.76777515411377,38.814020004272464,72.77465033668729,0.9074683740552629,0.6781073747633348,0.2293609992919281,42.40216563651277,37.13338467171477,5.2687809647979975,-0.0032388043057740568,0.006006888679397582,0.06896768200264036,1,0.010117995648857925,41.83700180053711,40.80550003051758,1
2016-10-05,42.21799850463867,42.28350067138672,41.805999755859375,41.900001525878906,69382000.0,39.91747512817383,38.92278999328613,75.77161823710088,0.9570195264071231,0.7338898050920925,0.22312972131503062,42.74447942287395,37.0904708334737,5.654008589400249,0.012385611223332038,0.008419751084075333,0.06916197803556656,1,0.01012919650385136,41.70149993896485,41.43600082397461,0
2016-10-06,42.08300018310547,42.36050033569336,42.02999877929688,42.185001373291016,53680000.0,40.06147518157959,39.027779998779295,73.49438904972972,0.9741663520145494,0.7819451144765839,0.1922212375379655,43.018638311803194,37.10431205135598,5.914326260447211,-0.0031976485459955795,0.005879923799061659,0.04593014899267733,1,0.009573850905134441,42.21799850463867,41.45249938964844,0
2016-10-07,41.97150039672852,42.29750061035156,41.872501373291016,42.28950119018555,48524000.0,40.25970020294189,39.114599990844724,71.58089269525618,0.9676042939388481,0.8190769503690367,0.14852734356981134,43.17056033827202,37.34884006761177,5.821720270660251,-0.002649520849079323,0.00647459823169072,0.04179961492742379,1,0.009801360574947763,42.08300018310547,41.865501403808594,1
2016-10-10,42.08549880981445,42.2599983215332,42.01350021362305,42.16249847412109,36542000.0,40.43525009155273,39.1975,72.37288053714437,0.9605301412887925,0.8473675885529879,0.11316255273580467,43.34189154503219,37.52860863807327,5.813282906958918,0.002716090966688789,-0.0031384646245051773,0.0532433709635074,1,0.008837240826313996,41.97150039672852,41.83700180053711,0
2016-10-11,41.54999923706055,42.06449890136719,41.41749954223633,42.05099868774414,71764000.0,40.61022510528564,39.26075996398926,63.43053470693239,0.9013235869268925,0.8581587882277689,0.0431647986991236,43.33735272592372,37.883097484647564,5.454255241276158,-0.012724087581184262,-0.012665469280369823,0.01824507005149245,1,0.008531690554711613,42.08549880981445,41.70149993896485,1
2016-10-12,41.704498291015625,41.88349914550781,41.505001068115234,41.70000076293945,47608000.0,40.792724990844725,39.3342699432373,64.7825598478646,0.8569899023499943,0.8579250110522141,-0.0009351087022198001,43.29015195020375,38.2952980314857,4.99485391871805,0.0037183888517926533,-0.006361509671779841,0.006479811316290496,1,0.007146530066641153,41.54999923706055,42.21799850463867,0
2016-10-13,41.4640007019043,41.59000015258789,41.06050109863281,41.45000076293945,61828000.0,40.94169998168945,39.40890998840332,61.001805728623154,0.7933042745347194,0.8450008637487152,-0.05169658921399578,43.21610314235484,38.66729682102407,4.548806321330773,-0.005766706205961869,-0.014767511981234271,0.00027745763042541505,1,0.007432670434277575,41.704498291015625,42.08300018310547,0
2016-10-14,41.14799880981445,41.7869987487793,41.14799880981445,41.75400161743164,59996000.0,41.052799987792966,39.47109992980957,56.348453079408294,0.7091594946889757,0.8178325899367673,-0.10867309524779167,43.13112585055715,38.974474125028784,4.156651725528363,-0.007621114382127869,-0.009675100713059215,-0.017138277816705405,1,0.006887544689549977,41.4640007019043,41.97150039672852,0
2016-10-17,40.647499084472656,41.09999847412109,40.58399963378906,41.07500076293945,67230000.0,41.14742488861084,39.518069915771484,49.86088270373646,0.5952266036750018,0.7733113926844143,-0.1780847890094125,42.95311054614023,39.341739231081455,3.6113713150587756,-0.012163403806223938,-0.02534496876493242,-0.02843183461701082,1,0.00761627500199505,41.14799880981445,42.08549880981445,1
2016-10-18,40.88249969482422,41.16299819946289,40.7509994506836,41.105499267578125,50250000.0,41.24099979400635,39.56915992736816,52.61924849981859,0.5179262209009323,0.7222343583277179,-0.20430813742678555,42.76633641553689,39.71566317247581,3.050673243061084,0.0057814285169965896,-0.014024237826461672,-0.01963958719325054,1,0.00808535748286284,40.647499084472656,41.54999923706055,1
2016-10-19,40.884498596191406,41.03350067138672,40.75849914550781,41.02000045776367,41814000.0,41.31087474822998,39.61853988647461,52.643113716011335,0.4516204063476721,0.6681115679317087,-0.21649116158403658,42.621308643864126,40.00044085259583,2.620867791268296,4.889381476447241e-05,-0.006403718801513136,-0.03158605229238298,1,0.0064253983736060356,40.88249969482422,41.704498291015625,0
2016-10-20,40.51599884033203,40.78549957275391,40.15499877929688,40.699501037597656,63040000.0,41.32492465972901,39.66029983520508,47.85743670248541,0.36512874312374777,0.6075150029701165,-0.24238625984636875,42.594299271281706,40.05555004817631,2.5387492231053983,-0.009013190047870712,-0.003235137391044529,-0.037235970248207795,1,0.006684545638372185,40.884498596191406,41.4640007019043,1
2016-10-21,40.949501037597656,40.97100067138672,40.45000076293945,40.46799850463867,55860000.0,41.358024787902835,39.708049850463865,53.24251187317368,0.32778498005924916,0.551568998387943,-0.22378401832869388,42.549606674139746,40.166442901665924,2.3831637724738215,0.010699531288220099,0.0016388758826779704,-0.024349840950897428,1,0.008112877286586693,40.51599884033203,41.14799880981445,1
2016-10-24,41.90449905395508,41.915000915527344,41.11050033569336,41.247501373291016,81218000.0,41.45534973144531,39.773579864501954,62.444280848911916,0.3709737826092123,0.5154499552321969,-0.14447617262298462,42.4798944395716,40.43080502331902,2.049089416252585,0.023321359043681378,0.024948342104865295,-0.004300762993859619,1,0.011482649393980936,40.949501037597656,40.647499084472656,0
2016-10-25,41.75899887084961,42.15449905395508,41.6609992980957,41.96500015258789,64968000.0,41.503024673461915,39.84026985168457,60.491034946600465,0.3889766898566407,0.49015530215708575,-0.10117861230044506,42.49023280338056,40.515816543543274,1.9744162598372839,-0.003472185240017467,0.030679239463306196,0.005030075514481425,1,0.01072451195824708,41.90449905395508,40.88249969482422,0
2016-10-26,41.12950134277344,41.672000885009766,41.0,41.63800048828125,79962000.0,41.48769969940186,39.89881988525391,52.796466246206535,0.3484324219007604,0.4618107261058207,-0.11337830420506029,42.48802263170492,40.487376767098795,2.0006458646061276,-0.015074535910763909,0.004395665407754601,-0.013787408356523922,1,0.011709590007409447,41.75899887084961,40.884498596191406,0
2016-10-27,40.917999267578125,41.58599853515625,40.77149963378906,41.5620002746582,148128000.0,41.46097469329834,39.952549896240235,50.47340245474482,0.2958242695334121,0.428613434791339,-0.1327891652579269,42.49172828612698,40.4302211004697,2.061507185657277,-0.005142344747451566,-0.023541619841505823,-0.013168083761417981,1,0.011684919562083522,41.12950134277344,40.51599884033203,0
2016-10-28,38.81600189208984,39.4744987487793,38.730499267578125,39.09999847412109,216822000.0,41.3084997177124,39.96440994262695,34.3138849092617,0.08355513707520856,0.35960177524811293,-0.27604663817290437,42.836866934166856,39.780132501257945,3.056734432908911,-0.05137097153119685,-0.07047575512673909,-0.056673398103831873,1,0.01974213102383195,40.917999267578125,40.949501037597656,1
2016-10-31,39.49100112915039,39.685001373291016,39.00550079345703,39.05149841308594,108266000.0,41.191199684143065,39.99691993713379,40.86161901819183,-0.0298586900946205,0.28170968217956627,-0.31156837227418677,42.88992464434299,39.49247472394314,3.3974499203998505,0.017389715688315377,-0.039837590054102034,-0.02845188465147286,1,0.020838409438889365,38.81600189208984,41.90449905395508,0
2016-11-01,39.27050018310547,40.04199981689453,38.83549880981445,39.95000076293945,106108000.0,41.0696496963501,40.02284996032715,39.477236642212944,-0.13596522627861418,0.1981747004879302,-0.33413992676654436,42.94376413707119,39.195535255629004,3.748228881442188,-0.005583574478747688,-0.04026343208276251,-0.03943006234334623,1,0.020634380690838377,39.49100112915039,41.75899887084961,0
2016-11-02,38.27799987792969,39.23749923706055,38.1775016784668,39.19649887084961,100530000.0,40.87264976501465,40.02595993041992,33.90853011561781,-0.2967214800974389,0.09919546437085638,-0.3959169444682953,43.02949695240935,38.71580257761995,4.3136943747894065,-0.02527343172478269,-0.013860315023062397,-0.06375273777980306,1,0.02163631730347695,39.27050018310547,41.12950134277344,1
2016-11-03,38.35150146484375,38.84999847412109,38.20000076293945,38.25249862670898,77450000.0,40.686074829101564,40.035739974975584,34.64379723917578,-0.4134252961834548,-0.003328687740005845,-0.410096608443449,43.02936249524607,38.34278716295706,4.68657533228901,0.0019202044816464259,-0.028854666423371977,-0.053423275679769566,1,0.02176277338036324,38.27799987792969,40.917999267578125,0
2016-11-04,37.75249862670898,38.29999923706055,37.6614990234375,38.13949966430664,102442000.0,40.475124740600585,40.031569976806644,31.562148440725736,-0.5479322127267423,-0.11224939273735314,-0.4356828199893892,43.06427661254971,37.88597286865146,5.178303743898255,-0.015618758464616245,-0.038655009468138934,-0.07807182822455794,1,0.021202644518947093,38.35150146484375,38.81600189208984,1
2016-11-07,39.24649810791016,39.38650131225586,38.547000885009766,38.58200073242188,119688000.0,40.33317470550537,40.047499923706056,44.7603516220758,-0.5278914370140981,-0.19537780159270215,-0.332513635421396,42.86425193034769,37.80209748066305,5.062154449684641,0.03957352587370777,0.02530169374233404,-0.06342996589990368,1,0.024262930058121857,37.75249862670898,39.49100112915039,1
2016-11-08,39.38750076293945,39.58700180053711,38.95500183105469,39.24850082397461,68252000.0,40.225049781799314,40.0639599609375,45.822293111387786,-0.4949260426840354,-0.25528744981096885,-0.23963859287306655,42.72351238400501,37.726587179593615,4.996925204411397,0.003592744877303433,0.027013265674758147,-0.05679010924674277,1,0.024455390907948706,39.24649810791016,39.27050018310547,0
2016-11-09,38.59400177001953,38.875,38.00450134277344,38.20000076293945,171258000.0,40.069524955749515,40.068259963989256,41.04074340232918,-0.5267573366733629,-0.30958142718344767,-0.21717590948991522,42.567498821427634,37.571551090071395,4.995947731356239,-0.020145959442710915,0.02228999864700909,-0.061646737499271964,1,0.024725739938211474,39.38750076293945,38.27799987792969,0
2016-11-10,37.11899948120117,38.94150161743164,35.8849983215332,38.94049835205078,254940000.0,39.852274894714355,40.041479949951174,33.949042864393306,-0.6633574523066628,-0.38033663220809066,-0.2830208200985721,42.57317376666838,37.13137602276033,5.4417977439080545,-0.038218433465590174,-0.05420862317089614,-0.09284422147656513,0,0.026720343113002858,38.59400177001953,38.35150146484375,0
2016-11-11,36.95050048828125,37.16299819946289,36.44499969482422,36.7864990234375,132456000.0,39.6423999786377,40.009869995117185,33.242373135544526,-0.7762622209439485,-0.45952174995526224,-0.31674047098868624,42.57077488601236,36.71402507126304,5.856749814749321,-0.004539427120207162,-0.061872427228265026,-0.04806011214124428,0,0.022276173958659846,37.11899948120117,37.75249862670898,0
2016-11-14,35.95349884033203,37.29999923706055,35.505001068115234,37.2755012512207,146426000.0,39.40769996643066,39.956499938964846,29.349478950892404,-0.9354069748871225,-0.5546987949416343,-0.3807081799454882,42.70536530638712,36.1100346264742,6.595330679912919,-0.02698208778702238,-0.06841744334837774,-0.08957742745617914,0,0.021803564584211222,36.95050048828125,39.24649810791016,1
2016-11-15,37.1619987487793,37.3390007019043,36.29949951171875,36.5,135116000.0,39.22167491912842,39.91086990356445,38.71758651898924,-0.9530285760218931,-0.6343647511576861,-0.31866382486420697,42.58468002847232,35.858669809784516,6.726010218687804,0.03361285959439342,0.0011584166647569116,-0.05369173869685695,0,0.025688525949798008,35.95349884033203,39.38750076293945,1
2016-11-16,37.324501037597656,37.493499755859375,36.78049850463867,36.99399948120117,72976000.0,39.04367504119873,39.87287994384766,39.872128877288944,-0.9430108037172147,-0.6960939616695918,-0.24691684204762288,42.41263998171882,35.674710100678645,6.7379298810401735,0.0043728080913219,0.010121663965959593,-0.02490983968265803,0,0.024811234766383534,37.1619987487793,38.59400177001953,1
2016-11-17,37.81999969482422,37.875,37.400001525878906,37.46599960327149,73802000.0,38.90887508392334,39.845219955444335,43.375195590654634,-0.8848886014351649,-0.7338528896227065,-0.15103571181245845,42.24701370496558,35.5707364628811,6.676277242084481,0.013275426153116943,0.05191430360592264,-0.013858695219709949,0,0.02527839929696844,37.324501037597656,37.11899948120117,1
2016-11-18,38.007999420166016,38.387001037597656,37.88199996948242,38.04999923706055,87468000.0,38.76180000305176,39.84523994445801,44.69181840726538,-0.8142699337916426,-0.7499362984564937,-0.06433363533514891,41.98455188170895,35.53904812439457,6.445503757314384,0.0049709076377260075,0.02276520908107793,0.006767784987780301,0,0.024799112214222978,37.81999969482422,36.95050048828125,1
2016-11-21,39.0,39.01750183105469,38.25550079345703,38.29999923706055,92292000.0,38.616575050354,39.853749923706054,51.1466958240091,-0.6705285389982336,-0.7340547465648417,0.0635262075666081,41.504100791649435,35.72904930905857,5.775051482590868,0.026099784123540415,0.044890056553323676,-0.0062807669421206525,0,0.02274881617767356,38.007999420166016,35.95349884033203,1
2016-11-22,39.26649856567383,39.619998931884766,39.04999923706055,39.40850067138672,106226000.0,38.491950035095215,39.87806991577148,52.742348580694085,-0.5290101413827202,-0.6930458255284174,0.16403568414569725,41.01884416634809,35.96505590384234,5.053788262505748,0.006833296555739166,0.038246929733517954,-0.0030720963483795716,0,0.02283486893988097,39.0,37.1619987487793,0
2016-11-23,39.00600051879883,39.087501525878906,38.65599822998047,39.08649826049805,70806000.0,38.38577499389648,39.89709991455078,50.98920703636131,-0.43288576931064426,-0.6410138142848628,0.20812804497421855,40.622204199773165,36.1493457880198,4.472858411753364,-0.006634104297313703,0.02625765927851753,0.010675201582732496,0,0.021895518894429568,39.26649856567383,37.324501037597656,1
2016-11-25,39.01850128173828,39.337501525878906,38.89500045776367,39.32500076293945,36742000.0,38.29080009460449,39.90777992248535,51.07325372035673,-0.35164426857170383,-0.583139905142231,0.23149563657052719,40.23068958205908,36.350910607149906,3.879778974909172,0.00032048307371135287,0.00047439183944320007,0.05117330281219212,0,0.017019800525600585,39.00600051879883,37.81999969482422,0
2016-11-28,38.3385009765625,38.84999847412109,38.21200180053711,38.8494987487793,88776000.0,38.26692504882813,39.89602996826172,46.410891250989614,-0.3382312166270509,-0.534158167439195,0.19592695081214406,40.192068898389785,36.34178119926647,3.8502876991233137,-0.017427637731796786,-0.023633316516858183,0.037563780461416174,0,0.018275296870808578,39.01850128173828,38.007999420166016,0
2016-11-29,38.1259994506836,38.49449920654297,38.06600189208984,38.400001525878906,65446000.0,38.19867496490478,39.883449935913085,45.02755270117516,-0.3408196171208431,-0.4954904573755246,0.15467084025468153,40.040371492686155,36.35697843712341,3.683393055562746,-0.005542770856085566,-0.022560658780976905,0.06042529045641842,0,0.015267140414901818,38.3385009765625,39.0,0
2016-11-30,37.52849960327149,38.40449905395508,37.51250076293945,38.09999847412109,92518000.0,38.11157493591308,39.85379989624023,41.30003731735301,-0.3866273874765298,-0.47371784339572565,0.08709045591919584,39.90644696021856,36.31670291160761,3.589744048610953,-0.01567171630962705,-0.038187055615181986,0.009862248179108857,0,0.013169383946207475,38.1259994506836,39.26649856567383,0
2016-12-01,37.182498931884766,37.66849899291992,36.9015007019043,37.62049865722656,93320000.0,38.05679988861084,39.80770988464356,39.27256827849295,-0.44571184929060337,-0.4681166445747012,0.022404795284097834,39.89436930291708,36.2192304743046,3.675138828612475,-0.009219677712789864,-0.0301525102764042,-0.003804527904334165,0,0.013487055490819895,37.52849960327149,39.00600051879883,0
2016-12-02,37.016998291015625,37.42449951171875,36.834999084472656,37.16999816894531,71226000.0,37.990074729919435,39.74334983825683,38.30394540980307,-0.500126087313518,-0.47451853312246456,-0.025607554191053483,39.87626666974149,36.10388279009738,3.77238387964411,-0.004451035987987906,-0.02908779246829929,-0.021232189589850403,0,0.012643119775045461,37.182498931884766,39.01850128173828,1
2016-12-05,37.96799850463867,38.074501037597656,37.09999847412109,37.25,86294000.0,38.00084972381592,39.69695983886719,46.47352448607298,-0.46119561758588645,-0.47185395001514896,0.010658332429262507,39.88394946171007,36.11774998592177,3.766199475788298,0.0256909057332686,0.011711070413507052,-0.0010524341227525769,0,0.015336561599957063,37.016998291015625,38.3385009765625,1
2016-12-06,38.23600006103516,38.4119987487793,37.86249923706055,38.199501037597656,75894000.0,37.950324821472165,39.66251983642578,48.54147896116827,-0.40405970526525437,-0.4582951010651701,0.05423539579991571,39.74937588152832,36.15127376141601,3.5981021201123156,0.007058616912970717,0.02833325245514895,-0.0195897420247394,0,0.012689673897473159,37.96799850463867,38.1259994506836,1
2016-12-07,38.52099990844727,38.52099990844727,37.79100036621094,38.227500915527344,73698000.0,37.90699977874756,39.616829833984376,50.72179380238101,-0.3319554020265869,-0.43302716125745344,0.10107175923086653,39.60438469473249,36.209614862762635,3.394769831969853,0.007453704544334361,0.040630026389705476,-0.018985615841954906,0,0.01273856200231204,38.23600006103516,37.52849960327149,0
2016-12-08,38.36650085449219,38.68949890136719,38.259498596191406,38.59349822998047,63792000.0,37.89562473297119,39.55543983459473,49.49743011016861,-0.2840051698670365,-0.4032227629793701,0.1192175931123336,39.57741897926509,36.213830486677296,3.3635884925877946,-0.004010774754608759,0.010495742876855285,-0.016394904778777142,0,0.012655659636801554,38.52099990844727,37.182498931884766,1
2016-12-09,38.43299865722656,38.51250076293945,38.266998291015625,38.5,49418000.0,37.96132469177246,39.49504981994629,50.05623891036445,-0.23789612998126586,-0.3701574363797493,0.13226130639848344,39.61912164528572,36.3035277382592,3.315593907026525,0.0017332256331263896,0.005152175851996343,-0.015005769193542795,0,0.01268707787137749,38.36650085449219,37.016998291015625,0
2016-12-12,38.00600051879883,38.34450149536133,37.86000061035156,38.31999969482422,59278000.0,38.01409969329834,39.41785980224609,46.498363038914604,-0.23312227638430016,-0.3427504043806595,0.10962812799635935,39.605701404708896,36.42249798188779,3.1832034228211086,-0.011110195752249585,-0.013369315201382181,-0.008672755827541123,0,0.01193760817302638,38.43299865722656,37.96799850463867,1
2016-12-13,38.71699905395508,39.12300109863281,38.09999847412109,38.24800109863281,105706000.0,38.152274703979494,39.355459747314455,52.546581743183374,-0.17000758171456454,-0.30820183984744054,0.138194258132876,39.45857673668529,36.8459726712737,2.6126040654115883,0.018707533690754286,0.009135526869968658,0.015501222572170015,0,0.013258702833685403,38.00600051879883,38.23600006103516,0
2016-12-14,38.44100189208984,39.042999267578125,38.14049911499024,38.91249847412109,109096000.0,38.21622486114502,39.290249786376954,50.17536344669083,-0.14063820613391442,-0.2746891131047353,0.1340509069708209,39.4452935714239,36.98715615086614,2.4581374205577617,-0.007128578366329963,0.00020823862677632476,0.024314915290106542,0,0.012258365074493125,38.71699905395508,38.52099990844727,0
2016-12-15,38.04999923706055,38.45500183105469,38.01549911499024,38.31399917602539,76038000.0,38.25249977111817,39.20688980102539,46.94343521317589,-0.14721639197894376,-0.24919456887957703,0.10197817690063327,39.41518559899104,37.0898139432453,2.325371655745741,-0.010171500111440857,0.0011576781997872931,0.02333087689358826,0,0.012362490347563336,38.44100189208984,38.36650085449219,0
2016-12-16,37.88850021362305,38.25650024414063,37.70000076293945,38.25,96964000.0,38.25592479705811,39.12299980163574,45.63590209218818,-0.1635756745878254,-0.2320707900212267,0.06849511543340131,39.413888217679904,37.09796137643631,2.315926841243595,-0.004244389662962256,-0.021398839284456295,0.02354328991659327,0,0.012349974741756463,38.04999923706055,38.43299865722656,1
2016-12-19,38.29999923706055,38.525001525878906,37.80799865722656,37.94449996948242,62264000.0,38.27052478790283,39.04956977844238,49.495908176932566,-0.14170253317141146,-0.21399713865126369,0.07229460547985223,39.422966438190755,37.1180831376149,2.3048833005758524,0.010860789451083708,-0.003668027577041544,0.008744225281754447,0,0.009886908802034198,37.88850021362305,38.00600051879883,1
2016-12-20,38.56100082397461,38.71950149536133,38.385501861572266,38.432498931884766,54072000.0,38.248574829101564,38.97907981872559,51.83201811304267,-0.10212997346830122,-0.1916237056146712,0.08949373214636999,39.36061934396885,37.13653031423428,2.2240890297345715,0.006814662979457875,0.013429739741396496,0.008499863019684417,0,0.009870352113268482,38.29999923706055,38.71699905395508,0
2016-12-21,38.52999877929688,38.56100082397461,38.28499984741211,38.5,40892000.0,38.21174983978271,38.918679809570314,51.527134156016764,-0.07243505449037713,-0.16778597538981238,0.09535092089943525,39.23146785224809,37.19203182731734,2.039436024930751,-0.0008039740674586904,0.016931220873271258,0.0002336094823860435,0,0.009602027897795136,38.56100082397461,38.44100189208984,0
2016-12-22,38.31700134277344,38.56050109863281,38.1510009765625,38.40599822998047,50872000.0,38.177299880981444,38.85092987060547,49.378117864225466,-0.06533558237005366,-0.14729589678586064,0.08196031441580698,39.13182928013767,37.222770481825215,1.9090587983124578,-0.00552809351859862,0.00044391921805675416,-0.0012901752991881787,0,0.009685212187253583,38.52999877929688,38.04999923706055,0
2016-12-23,38.02949905395508,38.32500076293945,37.89950180053711,38.227500915527344,39632000.0,38.12784976959229,38.782239837646486,46.55565783503818,-0.08196340836533267,-0.13422939910175505,0.05226599073642238,39.00202948644394,37.25367005274064,1.7483594337032997,-0.007503256485194232,-0.013783401848042276,-0.010498780146461884,0,0.009929671778340745,38.31700134277344,37.88850021362305,1
2016-12-27,38.56999969482422,38.73249816894531,38.060001373291016,38.16999816894531,52774000.0,38.13942470550537,38.73067985534668,52.099065804072985,-0.050939991188428735,-0.1175715175190898,0.06663152633066106,39.030423463005164,37.248425948005575,1.7819975149995884,0.014212667910831422,0.0010381758835877886,0.01483974026013124,0,0.01029029649531166,38.02949905395508,38.29999923706055,1
2016-12-28,38.60649871826172,39.0,38.525001525878906,38.8125,66020000.0,38.163449668884276,38.68985984802246,52.45767812682529,-0.023141779380303262,-0.0986855698913325,0.07554379051102923,39.07732360416737,37.24957573360118,1.827747870566185,0.0009463060338679163,0.007555324408048403,-0.002854052183625333,0,0.008342926826829754,38.56999969482422,38.56100082397461,0
2016-12-29,38.25749969482422,38.66999816894531,38.04249954223633,38.619998931884766,63166000.0,38.199899673461914,38.63735984802246,48.70306520125014,-0.02893920756119428,-0.08473629742530485,0.05579708986411057,39.066495266900105,37.33330408002372,1.7331911868763825,-0.009039903514286185,0.005995362719494635,-0.004773605999675468,0,0.00853752994225556,38.60649871826172,38.52999877929688,0
2016-12-30,37.493499755859375,38.369998931884766,37.41400146484375,38.32350158691406,82788000.0,38.21544971466064,38.569539871215824,41.671541174712274,-0.09409742468516669,-0.08660852287727722,-0.00748890180788947,39.0171978187225,37.413701610598785,1.6034962081237154,-0.019969939098456124,-0.027910291612195715,-0.014625479431262245,0,0.010181732809931163,38.25749969482422,38.31700134277344,1
2017-01-03,37.68349838256836,37.9379997253418,37.3849983215332,37.89599990844727,70422000.0,38.248774719238284,38.51288986206055,43.84293882506919,-0.12891838896580055,-0.09507049609498189,-0.03384789287081866,38.88728476584834,37.610264672628226,1.2770200932201163,0.005067508446695346,-0.023907900647223368,-0.005410661015845086,0,0.010320159690240423,37.493499755859375,38.02949905395508,1
2017-01-04,37.85900115966797,37.98400115966797,37.709999084472656,37.91949844360352,50210000.0,38.24332485198975,38.451079864501956,45.848284723638905,-0.14073039427212564,-0.10420247573041065,-0.036527918541714985,38.89308935118997,37.593560352789524,1.2995289984004472,0.004657284610836365,-0.01041622004404441,-0.011514310344054812,0,0.009731411893378441,37.68349838256836,38.56999969482422,1
2017-01-05,39.022499084472656,39.119998931884766,38.01300048828125,38.07749938964844,116602000.0,38.28264980316162,38.393439865112306,56.849427224575166,-0.055566399934868116,-0.09447526057130215,0.038908860636434034,39.01573906354046,37.54956054278278,1.4661785207576798,0.03073239887913859,0.04078038429512931,0.01196800525496533,0,0.013930219899960444,37.85900115966797,38.60649871826172,1
2017-01-06,39.79949951171875,39.97200012207031,38.92399978637695,39.11800003051758,119724000.0,38.346574783325195,38.35424987792969,62.350253803938514,0.07377370264455863,-0.06082546792813,0.1345991705726886,39.33139898309852,37.361750583551874,1.9696483995466423,0.01991160088348276,0.05615192909290001,0.03294837198655709,0,0.015079270137156703,39.022499084472656,38.25749969482422,1
2017-01-09,39.84600067138672,40.0885009765625,39.5885009765625,39.900001525878906,68922000.0,38.42054977416992,38.328579864501954,62.657069094254744,0.17797730911026832,-0.01306491252045034,0.19104222163071866,39.602736602244335,37.238362946095506,2.364373656148828,0.0011683855384734265,0.05248420325033676,0.039903940157927975,1,0.01478712685626182,39.79949951171875,37.493499755859375,0
2017-01-10,39.79499816894531,39.900001525878906,39.47700119018555,39.83000183105469,51168000.0,38.48864974975586,38.3061198425293,62.059707829397574,0.25352150419081454,0.040252370821802635,0.2132691333690119,39.814095317410626,37.16320418210109,2.6508911353095357,-0.001279990502987438,0.019796248384820636,0.04642446413731083,1,0.014373527882922496,39.84600067138672,37.68349838256836,1
2017-01-11,39.95100021362305,39.97499847412109,39.47549819946289,39.68299865722656,59856000.0,38.58589973449707,38.32881980895996,63.214921082278636,0.3222640252203419,0.0966547017015105,0.22560932351883142,40.0350648163607,37.136734652633436,2.898330163727266,0.003920142024267603,0.0038065981673887084,0.03580504355005609,1,0.01397492340647801,39.79499816894531,37.85900115966797,1
2017-01-12,40.68199920654297,40.70650100708008,39.97499847412109,40.01549911499024,97478000.0,38.684149742126465,38.352639770507814,68.11417864418692,0.43076291121462873,0.16347634360413416,0.2672865676104946,40.39784643977335,36.97045304447958,3.4273933952937767,0.01829738902683742,0.0209807388714065,0.05376039157105672,1,0.0146672598932593,39.95100021362305,39.022499084472656,1
2017-01-13,40.85699844360352,41.08250045776367,40.56999969482422,40.71599960327149,75838000.0,38.804949569702146,38.384369735717776,69.17269647479765,0.5248202349789182,0.23574512187909097,0.2890751130998272,40.757080738108414,36.85281840129588,3.904262336812536,0.004301638082535808,0.026686777824429297,0.06794742911887108,1,0.013794042201078405,40.68199920654297,39.79949951171875,0
2017-01-17,40.48600006103516,40.79999923706055,40.172000885009766,40.78499984741211,73410000.0,38.92674961090088,38.42852973937989,64.29934575017629,0.5629357004585529,0.30118323759498333,0.26175246286356957,40.97679137839007,36.87670784341169,4.100083534978381,-0.009080412088530276,0.01339140057949506,0.0798138430571056,1,0.011732100219511583,40.85699844360352,39.84600067138672,0
2017-01-18,40.374000549316406,40.58649826049805,40.2135009765625,40.47499847412109,47084000.0,39.05102462768555,38.46897972106934,62.859575477655305,0.5774485889968375,0.3564363078753542,0.2210122811214833,41.13530119830238,36.96674805706872,4.168553141233659,-0.002766376316502228,-0.0075708830252625425,0.071397356461804,1,0.012185364704563,40.48600006103516,39.79499816894531,1
2017-01-19,40.45199966430664,40.67549896240234,40.36600112915039,40.5,50816000.0,39.15862464904785,38.52296974182129,63.472996872561495,0.5884606266372074,0.40284117162772487,0.18561945500948257,41.29816575582939,37.019083542266316,4.279082213563072,0.001931914448134897,-0.009912592572259515,0.06849093809165385,1,0.012273400510977842,40.374000549316406,39.95100021362305,0
2017-01-20,40.416500091552734,40.80099868774414,40.3129997253418,40.76399993896485,67524000.0,39.25139961242676,38.54636978149414,62.96329336001721,0.5875503126982906,0.43978299984183805,0.14776731285645256,41.43960130578148,37.06319791907204,4.376403386709441,-0.0008775727540912825,-0.0017166420337314525,0.03572300697765307,1,0.009046397542444544,40.45199966430664,40.68199920654297,1
2017-01-23,40.89400100708008,40.92499923706055,40.25400161743164,40.34000015258789,55950000.0,39.36959972381592,38.57649978637696,66.82257970417763,0.6182326148372468,0.47547292284091985,0.14275969199632693,41.64289812512757,37.09630132250426,4.546596802623313,0.011814504334756615,0.012879587127574865,0.027500383391481087,1,0.007678417052135685,40.416500091552734,40.85699844360352,1
2017-01-24,41.12200164794922,41.199501037597656,40.72499847412109,41.09999847412109,59434000.0,39.50984973907471,38.62705978393555,68.50989149265781,0.6534141549318306,0.511061169259102,0.14235298567272858,41.85117312226472,37.1685263558847,4.682646766380017,0.005575405566935476,0.01656288908342307,0.03202331363405286,1,0.007704429153502421,40.89400100708008,40.48600006103516,1
2017-01-25,41.82600021362305,41.87099838256836,41.26449966430664,41.28950119018555,78452000.0,39.69967479705811,38.72119979858399,73.06492257158465,0.72969115420576,0.5547871662484337,0.1749039879573263,42.14350047580076,37.25584911831546,4.887651357485296,0.017119754327643122,0.03487437355727163,0.05103661611078203,1,0.008658068758514605,41.12200164794922,40.374000549316406,1
2017-01-26,41.95750045776367,42.19200134277344,41.650001525878906,41.7765007019043,71726000.0,39.869049835205075,38.821339797973636,73.82650748629696,0.7916268152298187,0.6021550960447107,0.18947171918510797,42.44234626379613,37.29575340661402,5.146592857182114,0.0031439832513029398,0.026006246013919432,0.05022403027237399,1,0.008672527179028269,41.82600021362305,40.45199966430664,0
2017-01-27,41.78850173950195,41.98500061035156,41.47200012207031,41.95000076293945,59974000.0,40.02814998626709,38.93803985595704,71.04626367258528,0.8176491383334366,0.6452539045024559,0.17239523383098065,42.662282696502174,37.394017276032,5.268265420470172,-0.004027854767751027,0.01620787084390307,0.0271988239157388,1,0.0076691618832811686,41.95750045776367,40.416500091552734,0
2017-01-30,41.51900100708008,41.67499923706055,40.81900024414063,41.650001525878906,74946000.0,40.19122505187988,39.02517990112305,66.73051394826311,0.8072204254911313,0.677647208700191,0.12957321679094025,42.76993947759019,37.61251062616957,5.157428851420619,-0.0064491599651470555,-0.007339913091737094,0.016202917216014745,1,0.00815964698928854,41.78850173950195,40.89400100708008,0
2017-01-31,41.17399978637695,41.3494987487793,40.97800064086914,41.1875,62744000.0,40.375250053405765,39.102169876098635,61.57398308447966,0.7623292234589769,0.6945836116519482,0.06774561180702876,42.66695949524507,38.08354061156646,4.583418883678604,-0.008309477885662386,-0.018673673665937862,0.016993521817531665,1,0.00805002712285385,41.51900100708008,41.12200164794922,1
2017-02-01,41.61750030517578,41.68899917602539,41.24700164794922,41.46049880981445,77004000.0,40.571950149536136,39.178119888305666,65.28743682972598,0.7538495000221914,0.7064367893259969,0.04741271069619457,42.561095740149845,38.582804558922426,3.9782911812274193,0.010771373223389613,-0.004092069043110214,0.030799517980400593,1,0.008345462258780526,41.17399978637695,41.82600021362305,1
2017-02-02,41.997501373291016,42.1245002746582,41.41299819946289,41.829498291015625,147010000.0,40.77887516021728,39.25790992736817,68.12939886911064,0.7689284400849274,0.7189351194777831,0.04999332060714434,42.42807167805888,39.12967864237569,3.2983930356831905,0.009130799911785559,0.011524852588079781,0.03820581730964645,1,0.00854456676229701,41.61750030517578,41.95750045776367,0
2017-02-03,40.5099983215332,40.915000915527344,40.20000076293945,40.33599853515625,217376000.0,40.853250122070314,39.28810989379883,50.64873494107294,0.6533184950926056,0.7058117946007476,-0.052493299508141966,42.30073420890679,39.40576603523384,2.8949681736729502,-0.03541884643413129,-0.01612671754720918,0.0023133678019786608,1,0.015104330056327457,41.997501373291016,41.78850173950195,0
2017-02-06,40.38199996948242,40.5359992980957,40.150001525878906,40.4900016784668,77946000.0,40.882375144958495,39.310419921875,49.47243559808783,0.5450849830963662,0.6736664322998713,-0.12858144920350512,42.265904828525656,39.49884546139133,2.7670593671343227,-0.003159673101806648,-0.029687038544689015,-0.012520199173199353,1,0.014572728111797072,40.5099983215332,41.51900100708008,1
2017-02-07,40.625,40.80799865722656,40.375,40.46549987792969,69322000.0,40.92132511138916,39.34279991149903,51.762867420040855,0.47345947062667904,0.6336250399652329,-0.16016556933855386,42.22766349363393,39.614986729144384,2.6126767644895494,0.006017533324283564,-0.03268054832814127,-0.012086027625895168,1,0.014596093410676084,40.38199996948242,41.17399978637695,1
2017-02-08,40.98550033569336,41.07400131225586,40.625,40.634498596191406,57160000.0,40.98085021972656,39.38213989257813,55.020398980954724,0.44070492814162066,0.5950410176005105,-0.15433608945888988,42.18062029372553,39.78108014572759,2.3995401479979392,0.008873854417067228,0.011737892714436482,-0.020095153101824192,1,0.013653786144899484,40.625,41.61750030517578,1
2017-02-09,41.06800079345703,41.25,40.98550033569336,41.08000183105469,49698000.0,41.03670024871826,39.43672988891602,55.75675774876715,0.4166014920203267,0.5593531124844737,-0.14275162046414702,42.13959288401692,39.9338076134196,2.2057852705973175,0.0020129181561270304,0.016987787244144403,-0.02120001560155027,1,0.013611585819176085,40.98550033569336,41.997501373291016,1
2017-02-10,41.37300109863281,41.400001525878906,41.14250183105469,41.19100189208984,48592000.0,41.07125034332275,39.501669921875006,58.46400008155442,0.41729994684506266,0.5309424793565916,-0.1136425325115289,42.1708204480973,39.9716802385482,2.1991402095490997,0.007426714212598773,0.018412334735576907,-0.009942941803926297,1,0.01390598192099724,41.06800079345703,40.5099983215332,1
2017-02-13,41.82649993896485,42.150001525878906,41.4275016784668,41.58100128173828,83452000.0,41.11972541809082,39.587629928588875,62.17055739116772,0.449268160003804,0.5146076154860341,-0.06533945548223008,42.261896464325005,39.97755437185664,2.284342092468364,0.010961226604057517,0.020519442153523748,0.007406221836415039,1,0.01422178444049664,41.37300109863281,40.38199996948242,0
2017-02-14,41.81949996948242,41.91550064086914,41.5724983215332,41.84999847412109,55848000.0,41.186400413513184,39.68036994934082,62.078471792502185,0.4686362136594511,0.5054133351207175,-0.03677712146126644,42.328498394300034,40.04430243272633,2.284195961573701,-0.00016735728527716986,0.018298898449060186,0.01567737374203415,1,0.013869058961733016,41.82649993896485,40.625,1
2017-02-15,42.1349983215332,42.14049911499024,41.64099884033203,41.70000076293945,59378000.0,41.27445030212402,39.782729949951175,64.62194157004599,0.5036379907480182,0.5050582662461777,-0.0014202754981594845,42.423948260595665,40.12495234365238,2.2989959169432836,0.007544288006336997,0.018417741103281315,0.012434625159192025,1,0.01366921005143002,41.81949996948242,40.98550033569336,1
2017-02-16,42.20700073242188,42.25,41.96900177001953,42.09199905395508,54294000.0,41.36220035552979,39.86750999450684,65.19567296863437,0.5310653532586969,0.5102596836486816,0.020805669610015287,42.51510552063233,40.20929519042724,2.305810330205091,0.0017088504510960334,0.009097122494406085,0.00498837674338648,1,0.013396897064704207,42.1349983215332,41.06800079345703,1
2017-02-17,42.25350189208984,42.36349868774414,42.0364990234375,42.09999847412109,62246000.0,41.45405044555664,39.94786003112793,65.58385751579797,0.5502114949911885,0.518250045917183,0.031961449074005444,42.583412412122705,40.32468847899057,2.2587239331321314,0.0011017404426045818,0.01037797972056409,0.0430388457861246,1,0.00454942232775424,42.20700073242188,41.37300109863281,1
2017-02-21,42.821998596191406,42.89899826049805,42.36249923706055,42.44200134277344,70154000.0,41.55045032501221,40.03388000488282,69.99054242860674,0.6042919813482044,0.5354584330033874,0.06883354834481703,42.79536480333882,40.30553584668559,2.489828956653227,0.01345442812180253,0.016304741949096258,0.0604229267632348,1,0.004583647122530423,42.25350189208984,41.82649993896485,0
2017-02-22,42.78049850463867,42.92150115966797,42.60900115966797,42.84749984741211,52340000.0,41.63337516784668,40.12215995788575,69.29304081812361,0.6364656658476662,0.5556598795722432,0.08080578627542301,42.97060962416906,40.2961407115243,2.6744689126447554,-0.0009691301880624392,0.013587740475864862,0.053058424729567344,1,0.005069365813922686,42.821998596191406,41.81949996948242,0
2017-02-23,42.609500885009766,43.042999267578125,42.400001525878906,42.87850189208984,69240000.0,41.672550201416016,40.20569000244141,66.3585779437669,0.6407789627831448,0.5726836962144235,0.06809526656872134,43.07440634940144,40.27069405343059,2.803712295970854,-0.003997092731641838,0.00842531333448071,0.03962378246001541,1,0.005633967893539788,42.78049850463867,42.1349983215332,0
2017-02-24,42.262001037597656,42.29050064086914,41.88750076293945,42.234500885009766,73760000.0,41.687775230407716,40.29081001281739,60.730085011406246,0.6091352165682835,0.5799740002851955,0.029161216283087987,43.10817115463092,40.267379306184516,2.8407918484464005,-0.008155454539350404,-0.01307733354238061,0.029073736755426793,1,0.006809008938627984,42.609500885009766,42.20700073242188,1
2017-02-27,42.43199920654297,42.625,41.98350143432617,42.11899948120117,54272000.0,41.719950103759764,40.36511001586914,62.40983110693766,0.5909625033349712,0.5821717008951507,0.008790802439820555,43.17670279074992,40.26319741676961,2.913505373980314,0.004022482721395049,-0.008146218727626886,0.025596357039353146,1,0.006640037470229729,42.262001037597656,42.25350189208984,0
2017-02-28,42.25199890136719,42.704498291015625,42.102500915527344,42.5724983215332,55874000.0,41.75659999847412,40.441329956054695,59.5073591162,0.5556310084705274,0.5768635624102261,-0.021232553939698695,43.228094004115526,40.28510599283272,2.9429880112828073,-0.004242088719402681,-0.00839019411673858,0.010172951669952024,1,0.0062280070084215445,42.43199920654297,42.821998596191406,1
2017-03-01,42.65399932861328,42.74150085449219,42.45050048828125,42.65250015258789,55202000.0,41.83059997558594,40.533409957885745,63.580985344256,0.5536860706964077,0.5722280640674624,-0.018541993371054666,43.326116987293965,40.335082963877916,2.9910340234160486,0.009514352875576781,0.009275431389698996,0.019954790462340055,1,0.006751694269772852,42.25199890136719,42.78049850463867,0
2017-03-02,42.445499420166016,42.74100112915039,42.36399841308594,42.65399932861328,42642000.0,41.87199993133545,40.62454994201661,60.1983609220503,0.5292199749494273,0.5636264462438554,-0.03440647129442809,43.38733925915845,40.35666060351245,3.0306786556459997,-0.00488816785598345,0.00031816114902660786,0.007369196890987695,1,0.006761621188122491,42.65399932861328,42.609500885009766,1
2017-03-03,42.49399948120117,42.5994987487793,42.3134994506836,42.36000061035156,38822000.0,41.89682483673096,40.70842994689942,60.72183932441034,0.5078893352877927,0.5524790240526428,-0.044589688764850144,43.435660351123424,40.35798932233849,3.077671028784934,0.001142643194159465,0.005727553396915219,0.006799790172222098,1,0.006755113769321445,42.445499420166016,42.262001037597656,0
2017-03-06,42.33050155639648,42.42449951171875,42.055999755859375,42.26150131225586,52208000.0,41.98784999847412,40.783819961547856,57.954638640558336,0.4723468135139086,0.536452581944896,-0.06410576843098736,43.397754237370826,40.57794575957741,2.8198084777934156,-0.003847553226356659,-0.007584230724170249,0.001822326218150927,1,0.006901990300695803,42.49399948120117,42.43199920654297,0
2017-03-07,42.30099868774414,42.42300033569336,42.1875,42.27399826049805,44952000.0,42.08379993438721,40.8592399597168,57.44590379086345,0.43676373355909703,0.5165148122677362,-0.07975107870863918,43.28997817960961,40.877621689164805,2.4123564904448074,-0.0006969647787666844,-0.0034043829003275183,-0.01216664157505254,1,0.005098290967220256,42.33050155639648,42.25199890136719,1
2017-03-08,42.525001525878906,42.65349960327149,42.339500427246094,42.400001525878906,45730000.0,42.17880001068115,40.94339996337891,60.2957060273875,0.421777059900883,0.4975672617943656,-0.07579020189348262,43.19471251696195,41.16288750440035,2.0318250125615975,0.005295450345943475,0.0007295628807886256,-0.005972276801123777,1,0.005500432024899215,42.30099868774414,42.65399932861328,1
2017-03-09,42.650001525878906,42.81999969482422,42.51549911499024,42.54999923706055,40964000.0,42.26202507019043,41.035810012817386,61.83179463284409,0.41520029780511436,0.4810938689965154,-0.06589357119140105,43.13608795638123,41.38796218399963,1.7481257723815986,0.002939447278418772,0.0075477482603594215,0.0009505072818956073,1,0.005459587740384558,42.525001525878906,42.445499420166016,0
2017-03-10,42.62300109863281,42.86750030517578,42.58599853515625,42.84999847412109,48728000.0,42.33977508544922,41.11687004089355,61.28029535712411,0.40316205640782243,0.46550750647877687,-0.062345450070954433,43.03312031941387,41.64642985148457,1.3866904679292986,-0.0006330697838242694,0.0076121704186138395,0.008541953816006087,1,0.004653117490260283,42.650001525878906,42.49399948120117,1
2017-03-13,42.72949981689453,42.78450012207031,42.58549880981445,42.5885009765625,38194000.0,42.407600021362306,41.19933006286621,62.693722537235,0.397631570656948,0.45193231931441114,-0.05430074865746315,42.960567842015635,41.85463220070898,1.1059356413066581,0.002498620827174447,0.004808895559737403,0.0070112324640525525,1,0.004562127646140656,42.62300109863281,42.33050155639648,0
2017-03-14,42.62649917602539,42.6875,42.37749862670898,42.6775016784668,42612000.0,42.44759998321533,41.286710052490236,60.3973644082405,0.38055057974967355,0.4376559714014637,-0.05710539165179013,42.938946428928645,41.95625353750202,0.9826928914266233,-0.002410527652102701,-0.000551051559500082,0.0088634924830997,1,0.004374198016889951,42.72949981689453,42.30099868774414,1
2017-03-15,42.64849853515625,42.72249984741211,42.355499267578125,42.71649932861328,51244000.0,42.48904991149902,41.38981002807617,60.728229409438605,0.36458621290398696,0.42304201970196836,-0.0584558067979814,42.8936720360552,42.08442778694285,0.8092442491123535,0.0005160958454508702,0.0005982083820055273,-0.0001289631346090836,1,0.0031603720719365004,42.62649917602539,42.525001525878906,1
2017-03-16,42.67100143432617,42.775001525878906,42.5255012512207,42.76499938964844,36846000.0,42.51585006713867,41.48956008911133,61.08636025046833,0.3497187925124763,0.40837737426406995,-0.058658581751593664,42.893205120068245,42.1384950142091,0.7547101058591466,0.0005276363750852386,-0.001369039722417531,0.00531274262856285,1,0.0026548425307939346,42.64849853515625,42.650001525878906,0
2017-03-17,42.615501403808594,42.69150161743164,42.53200149536133,42.67449951171875,67688000.0,42.53627510070801,41.58469009399414,59.64174883930058,0.32965777646629846,0.3926334547045157,-0.06297567823821726,42.88789507092482,42.1846551304912,0.7032399404336189,-0.001300649824284017,-0.00025800317711721643,0.002859272464131646,1,0.002704486141150819,42.67100143432617,42.62300109863281,1
2017-03-20,42.8484992980957,42.88999938964844,42.55049896240234,42.57550048828125,45654000.0,42.566024971008304,41.6612100982666,63.53997645990192,0.32877039903459604,0.3798608435705318,-0.05109044453593575,42.91759436203683,42.21445557997978,0.7031387820570529,0.005467444629579932,0.004689514749847135,0.012236985687710478,1,0.002725585094316074,42.615501403808594,42.72949981689453,0
2017-03-21,42.15999984741211,43.13999938964844,42.06549835205078,42.94200134277344,87658000.0,42.532925033569335,41.70842010498047,48.60111831235221,0.2694054559890233,0.3577697660542301,-0.08836431006520679,42.90586657605917,42.1599834910795,0.7458830849796669,-0.01606822787173301,-0.011975383040881526,-0.003333227221722357,1,0.006132341690317337,42.8484992980957,42.62649917602539,1
2017-03-22,42.40299987792969,42.46849822998047,41.95249938964844,42.02149963378906,53174000.0,42.51405010223389,41.759560089111325,52.817489281934044,0.23920893089785977,0.33405759902295606,-0.09484866812509629,42.872906517086896,42.15519368738088,0.7177128297060165,0.00576375786046146,-0.0049864842341128535,-0.002868939296215567,1,0.006181553289118203,42.15999984741211,42.64849853515625,0
2017-03-23,42.36899948120117,42.54449844360352,42.2400016784668,42.40999984741211,39060000.0,42.502025032043456,41.81104011535645,52.17259295136062,0.2101123746811666,0.3092685541545982,-0.09915617947343158,42.86339089010797,42.14065917397894,0.722731716129033,-0.0008018394176448895,-0.011190586012328363,-0.006588558842306913,1,0.006078078855457764,42.40299987792969,42.67100143432617,0
2017-03-24,42.28049850463867,42.59000015258789,42.17649841308594,42.58399963378906,42766000.0,42.50294990539551,41.85763008117676,50.446008892624285,0.17786157752428977,0.28298715882853653,-0.10512558130424676,42.861940655553084,42.14395915523794,0.7179815003151475,-0.002088814407849471,0.0028581275536687656,-0.008035628303168174,1,0.006095194939325845,42.36899948120117,42.615501403808594,1
2017-03-27,42.34099960327149,42.51499938964844,41.67499923706055,41.90349960327149,55116000.0,42.498399925231936,41.890810089111326,51.624617474462625,0.1553932448561426,0.25746837603405776,-0.10207513117791517,42.86313315535886,42.13366669510501,0.7294664602538461,0.0014309457261054703,-0.0014621671777158562,-0.009092084281066892,1,0.00604029928151903,42.28049850463867,42.8484992980957,1
2017-03-28,42.79999923706055,42.92300033569336,42.505001068115234,42.587501525878906,60832000.0,42.525799942016604,41.92967010498047,59.49556929960318,0.17263434252829768,0.24050156933290576,-0.06786722680460808,42.89468613252311,42.156913751510096,0.7377723810130163,0.010840547887149832,0.01017252616622688,0.004070239508027429,1,0.00704171440021928,42.34099960327149,42.15999984741211,1
2017-03-29,43.71599960327149,43.821998596191406,42.95100021362305,42.95249938964844,89716000.0,42.57889995574951,41.99427009582519,69.98960514444508,0.25724623638481603,0.24385050274328782,0.013395733641528212,43.215159812960515,41.94264009853851,1.2725197144220033,0.021401878096712235,0.03395184894698744,0.02503021453932952,1,0.00967538157581766,42.79999923706055,42.40299987792969,1
2017-03-30,43.81700134277344,43.85300064086914,43.58300018310547,43.747501373291016,55254000.0,42.64747505187988,42.063130111694335,70.88532028901649,0.32866314399466745,0.2608130309935638,0.06785011300110366,43.477557155645734,41.817392948114026,1.6601642075317073,0.0023104067256507488,0.03485986994477819,0.02685664432345325,1,0.009651041444367972,43.71599960327149,42.36899948120117,1
2017-03-31,44.32699966430664,44.51750183105469,43.83250045776367,43.84999847412109,79152000.0,42.73912506103515,42.140630111694335,74.95083903427428,0.4215547394922794,0.2929613726933069,0.12859336679897249,43.841344202980224,41.63690591909008,2.2044382838901413,0.011639279409916048,0.03567758071182081,0.040161401464704705,1,0.009919453644526002,43.81700134277344,42.28049850463867,1
2017-04-03,44.57550048828125,44.67449951171875,44.27099990844727,44.400001525878906,68446000.0,42.85137500762939,42.22381011962891,76.66097422668892,0.5093524399913179,0.3362395861529091,0.17311285383840874,44.19508150202411,41.50766851323468,2.6874129887894327,0.005606082655188249,0.01966101410947574,0.04030482323711859,1,0.009921845325997151,44.32699966430664,42.34099960327149,1
2017-04-04,45.34149932861328,45.42699813842773,44.51399993896485,44.57500076293945,99694000.0,43.003400039672854,42.31276008605957,80.97309060436105,0.6334405465627242,0.3956797782348721,0.2377607683278521,44.70418271529614,41.30261736404957,3.4015653512465747,0.017184301509601818,0.03479238512726912,0.07546251168680818,1,0.007790876925340325,44.57550048828125,42.79999923706055,1
2017-04-05,45.4640007019043,46.18600082397461,45.28099822998047,45.54100036621094,150168000.0,43.15034999847412,42.39960006713867,81.55986266879032,0.7332140667138276,0.4631866359306632,0.2700274307831644,45.1431928533747,41.15750714357354,3.98568570980116,0.0027017495033232475,0.025650304469246654,0.07218830820429356,1,0.00791834458618618,45.34149932861328,43.71599960327149,0
2017-04-06,44.91400146484375,45.859500885009766,44.7244987487793,45.68999862670898,126882000.0,43.263549995422366,42.46136009216308,70.97654467847143,0.7591539047109919,0.522380089686729,0.23677381502426287,45.38302853205629,41.144071458788446,4.238957073267841,-0.012097466755439101,0.007593879437236772,0.06006754973696693,1,0.009751890450123797,45.4640007019043,43.81700134277344,0
2017-04-07,44.74399948120117,45.00450134277344,44.46549987792969,44.98249816894531,74218000.0,43.36959991455078,42.51709007263184,68.03773285552377,0.7572644012590857,0.5693569520012003,0.18790744925788538,45.56128613388424,41.17791369521733,4.38337243866691,-0.003785055396937742,-0.013177769951578377,0.05826565588606347,1,0.009919462396805813,44.91400146484375,44.32699966430664,1
2017-04-10,45.35200119018555,45.42549896240234,44.95000076293945,44.98149871826172,63686000.0,43.500724983215335,42.58836006164551,72.43384369877904,0.7956557881458508,0.6146167192301304,0.1810390689157204,45.83283790629836,41.16861206013231,4.6642258461660475,0.013588452441311683,-0.002463476816593868,0.07111314364626886,1,0.010078680650444156,44.74399948120117,44.57550048828125,0
2017-04-11,45.11800003051758,45.5620002746582,44.875,45.35200119018555,60254000.0,43.62530002593994,42.66034004211426,68.52730098500243,0.7980004484608756,0.6512934650762795,0.1467069833845961,46.02257691530117,41.22802313657871,4.7945537787224595,-0.005159665583149842,0.004541981542960594,0.05415889800880813,1,0.0106446321694324,45.35200119018555,45.34149932861328,0
2017-04-12,44.811500549316406,45.204498291015625,44.76250076293945,45.15449905395508,49122000.0,43.73345012664795,42.73309005737305,63.682586816913975,0.7662933097690043,0.6742934340148246,0.09199987575417978,46.13984510939395,41.32705514390195,4.812789965492001,-0.006793286071941518,0.0015086060454563288,0.025059496659958214,1,0.009600075923713062,45.11800003051758,45.4640007019043,0
2017-04-13,44.23350143432617,44.74850082397461,44.2244987487793,44.5724983215332,63492000.0,43.81157512664795,42.78541007995605,55.687158991153694,0.6866106556406137,0.6767568783399824,0.009853777300631306,46.1760145037063,41.447135749589606,4.728878754116693,-0.012898454814163851,-0.024662632882921698,0.009505444891003023,1,0.010770284068691726,44.811500549316406,44.91400146484375,1
2017-04-17,45.0994987487793,45.11899948120117,44.375,44.375,57094000.0,43.93577499389649,42.84745002746582,63.15183455322128,0.6854390097625966,0.6784933046245053,0.00694570513809134,46.2968133504001,41.574736637392874,4.722076713007226,0.01957786036312048,-0.00041006431414880584,0.017427281122631255,1,0.011877401610024497,44.23350143432617,44.74399948120117,1
2017-04-18,45.18899917602539,45.480499267578125,45.03900146484375,45.04949951171875,59984000.0,44.052799987792966,42.94103004455567,63.82998074712382,0.6838494180457388,0.679564527308752,0.004284890736986791,46.418683164641344,41.68691681094459,4.731766353696756,0.0019845104652858048,0.008424146080391548,0.013763136274946186,1,0.01180318012073642,45.0994987487793,45.35200119018555,0
2017-04-19,44.959999084472656,45.525001525878906,44.868499755859375,45.391998291015625,57404000.0,44.192799949645995,43.032590026855466,60.74931841408771,0.6565430420976028,0.6749602302665223,-0.018417188168919463,46.42149167690146,41.96410822239053,4.457383454510932,-0.005067607066505442,0.01642414971885331,-0.00841393094162357,1,0.01053225097807336,45.18899917602539,45.11800003051758,1
2017-04-20,45.10300064086914,45.26599884033203,44.81449890136719,44.98500061035156,56288000.0,44.32779998779297,43.12215003967285,61.98323096319157,0.6390747173824423,0.6677831276897064,-0.02870841030726412,46.429985273217575,42.22561470236837,4.204370570849207,0.0031806396643336843,7.764813771760082e-05,-0.007940349627436838,1,0.010550988456744464,44.959999084472656,44.811500549316406,0
2017-04-21,44.92649841308594,45.182498931884766,44.8385009765625,45.13349914550781,48410000.0,44.455674934387204,43.2009700012207,59.49708305149642,0.6040258554333562,0.6550316732384364,-0.05100581780508018,46.368286510833045,42.543063357941364,3.825223152891681,-0.003913314530636147,-0.005808952792181299,0.0002782417026896411,1,0.009868044685256728,45.10300064086914,44.23350143432617,1
2017-04-24,45.37049865722656,45.4995002746582,45.19100189208984,45.43399810791016,62458000.0,44.6101749420166,43.287019958496096,63.46678867397176,0.605101258220266,0.6450455902348022,-0.03994433201453629,46.27861853458783,42.94173134944537,3.3368871851424586,0.009882814370667736,0.009130328761409512,0.01400185909372298,1,0.010214994823944314,44.92649841308594,45.0994987487793,1
2017-04-25,45.38100051879883,45.4739990234375,45.150001525878906,45.35200119018555,67612000.0,44.76217498779297,43.36717994689941,63.55776842173533,0.5998858247659697,0.6360136371410358,-0.036127812375066015,46.0964504602118,43.427899515374136,2.668550944837662,0.00023146894751158165,0.00616366702834803,0.0006394277617798316,1,0.009280215528593786,45.37049865722656,45.18899917602539,1
2017-04-26,45.464500427246094,45.78749847412109,45.37799835205078,45.51499938964844,52178000.0,44.895400047302246,43.439939956665036,64.31862509363853,0.5956243146164795,0.6279357726361245,-0.03231145801964508,45.91418404776636,43.87661604683813,2.037568000928232,0.0018399750444610952,0.011975160165241139,0.007679870483934259,1,0.009101468662215723,45.38100051879883,44.959999084472656,1
2017-04-27,45.91899871826172,46.09299850463867,45.605499267578125,45.71950149536133,106110000.0,45.00555000305176,43.52192993164063,68.20933172867001,0.6217540570633773,0.6266994295215751,-0.0049453724581978165,45.965103313169145,44.045996692934374,1.9191066202347713,0.00999677301508961,0.012089354917147022,0.024714596819324974,1,0.009093220856473159,45.464500427246094,45.10300064086914,1
2017-04-28,46.2495002746582,47.47949981689453,46.21649932861328,47.44150161743164,147294000.0,45.127174949646,43.60421997070313,70.71040390878571,0.6615053577008254,0.6336606151574252,0.02784474254340019,46.06979094595474,44.18455895333725,1.8852319926174914,0.007197490485894464,0.019137959629153656,0.04557628889779841,1,0.007374838521104369,45.91899871826172,44.92649841308594,1
2017-05-01,47.4114990234375,47.720001220703125,46.38999938964844,46.38999938964844,109330000.0,45.28139991760254,43.708309936523435,77.43276401599263,0.7778060733997307,0.6624897068058864,0.11531636659384437,46.58866987858974,43.97412995661534,2.614539921974398,0.025124568738659425,0.04282459012844675,0.0512644339471906,1,0.008721287604139047,46.2495002746582,45.37049865722656,0
2017-05-02,47.34700012207031,47.505001068115234,47.070499420166016,47.33250045776367,76976000.0,45.419974899291994,43.81017990112305,76.38479927145316,0.854915769369299,0.700974919318569,0.15394085005073,46.96458640021215,43.87536339837184,3.0892230018403097,-0.0013604062874136291,0.031098269641508747,0.047755006426206226,1,0.008913762145960185,47.4114990234375,45.38100051879883,0
2017-05-03,47.05149841308594,47.29999923706055,46.79499816894531,47.29999923706055,71654000.0,45.50547485351562,43.89476989746094,71.60347320003163,0.8820139330803869,0.7371827220709326,0.14483121100945429,47.20480584901347,43.806143858017776,3.3986619909956914,-0.006241191801434343,0.017340687654244347,0.04651911412817622,1,0.009063287257537947,47.34700012207031,45.464500427246094,0
2017-05-04,46.87649917602539,47.25,46.71099853515625,47.23749923706055,48368000.0,45.57609977722168,43.97668991088867,68.85471859465163,0.8792331941930129,0.7655928164953487,0.11364037769766422,47.37703615322114,43.775163401222215,3.6018727519989255,-0.0037193127310027885,-0.011284179121770377,0.03932107642410898,1,0.009437746896828574,47.05149841308594,45.91899871826172,0
2017-05-05,46.70750045776367,47.03950119018555,46.51499938964844,47.0260009765625,57328000.0,45.665774726867674,44.05864990234375,66.21130003240383,0.853553421879262,0.7831849375721314,0.07036848430713061,47.50412836775332,43.82742108598203,3.676707281771286,-0.003605190686853832,-0.013506656444080445,0.03964257415082617,1,0.00940985129529626,46.87649917602539,46.2495002746582,1
2017-05-08,47.45199966430664,47.45249938964844,46.96049880981445,47.04750061035156,68314000.0,45.80117473602295,44.16244987487793,71.41726784911961,0.8830970877180206,0.8031673676013092,0.0799297201167114,47.7439555892747,43.8583938827712,3.885561706503495,0.015939607113341525,0.008511976551831113,0.04587785165875702,1,0.010010977209521916,46.70750045776367,47.4114990234375,1
2017-05-09,47.64099884033203,47.89450073242188,47.5099983215332,47.63999938964844,65242000.0,45.91562461853027,44.26662986755371,72.57256970615232,0.9112569073291255,0.8247852755468725,0.08647163178225292,48.003360596435805,43.82788864062474,4.175471955811062,0.003982954930507487,0.016308804576806724,0.049800539778690256,1,0.00990125491134327,47.45199966430664,47.34700012207031,0
2017-05-10,47.4474983215332,47.6875,47.25,47.67499923706055,41930000.0,46.03209953308105,44.370539855957034,69.47632364027149,0.9074988111392912,0.8413279826653564,0.06617082847393485,48.18766495827061,43.876534107891494,4.311130850379115,-0.004061638578303994,0.015843234095532344,0.04361640127246913,1,0.010273813607942984,47.64099884033203,47.05149841308594,0
2017-05-11,47.38100051879883,47.51449966430664,47.03900146484375,47.25550079345703,43882000.0,46.16057453155518,44.465079879760744,68.39636815954572,0.8889078989645824,0.8508439659252016,0.038063933039380826,48.31611933493125,44.0050297281791,4.311089606752148,-0.00140150282073348,-0.0014962308440126248,0.03183871254482917,1,0.010206758659434469,47.4474983215332,46.87649917602539,1
2017-05-12,48.067501068115234,48.13949966430664,47.57649993896485,47.72499847412109,72518000.0,46.35227451324463,44.57751991271973,73.05323605669774,0.91897594152001,0.8644703610441633,0.05450558047584675,48.46980361250096,44.2347454139883,4.235058198512661,0.014488941596833227,0.008952419935875255,0.03930854998779698,1,0.01077010238045162,47.38100051879883,46.70750045776367,0
2017-05-15,47.89849853515625,48.157501220703125,47.803001403808594,47.936500549316406,85412000.0,46.492224502563474,44.685609893798826,70.30666748988236,0.9185791808755894,0.8752921250104486,0.04328705586514081,48.62994707814173,44.354501926985215,4.275445151156518,-0.0035159417320134168,0.009505247475152245,0.010271759420177995,1,0.007939234439809815,48.067501068115234,47.45199966430664,1
2017-05-16,48.30350112915039,48.50299835205078,48.045501708984375,48.04999923706055,62522000.0,46.647949600219725,44.80506988525391,72.93294859379321,0.9401080889414644,0.8882553177966518,0.05185277114481257,48.83640155062548,44.45949764981397,4.376903900811513,0.008455434019437602,0.019469842347156652,0.020201934750121886,1,0.008210196293502064,47.89849853515625,47.64099884033203,0
2017-05-17,47.23799896240234,48.02000045776367,47.20600128173828,47.73500061035156,102912000.0,46.761849594116214,44.90380989074707,58.31883919479326,0.8612646607175378,0.882857186380829,-0.021592525663291173,48.82030177136896,44.70339741686347,4.116904354505493,-0.022058487311286012,-0.01725702579248778,0.003963753665803038,1,0.011023005902182748,48.30350112915039,47.4474983215332,1
2017-05-18,47.92449951171875,48.13750076293945,47.23799896240234,47.2400016784668,78786000.0,46.90292453765869,45.011799850463866,63.40655778037989,0.8444413387130112,0.8751740168472655,-0.030732678134254288,48.87208979316596,44.93375928215142,3.9383305110145415,0.014532803344672107,0.0005428348979126252,0.02235662547576389,1,0.011743416048623688,47.23799896240234,47.38100051879883,1
2017-05-19,47.992000579833984,48.44599914550781,47.98600006103516,48.141998291015625,79442000.0,47.056199645996095,45.11863983154297,63.8735004885575,0.8270221107960012,0.8655436356370126,-0.038521524841011456,48.856089655997536,45.256309635994654,3.599780020002882,0.0014084877005076102,-0.006448819278824902,0.02750093902438322,1,0.0115701910548116,47.92449951171875,48.067501068115234,1
2017-05-22,48.53350067138672,48.56900024414063,48.14500045776367,48.20000076293945,52844000.0,47.2143497467041,45.236849822998046,67.46059272693412,0.8471464026567332,0.8618641890409569,-0.014717786384223608,48.948628942769005,45.4800705506392,3.4685583921298075,0.01128313229309863,0.027424991266363774,0.02279147379943991,1,0.011064238123255552,47.992000579833984,47.89849853515625,1
2017-05-23,48.57699966430664,48.7599983215332,48.34249877929688,48.7509994506836,48312000.0,47.37414970397949,45.35379981994629,67.73771860864822,0.8567292130636588,0.8608371938454973,-0.004107980781838494,48.98806088673366,45.76023852122532,3.227822365508345,0.0008962673682750832,0.013615168843408298,0.01964696053312398,1,0.011055476978242107,48.53350067138672,48.30350112915039,1
2017-05-24,49.01750183105469,49.04999923706055,48.51150131225586,48.79999923706055,48920000.0,47.55179977416992,45.481619873046874,70.47956853891556,0.8896135910653555,0.866592473289469,0.023021117775886557,49.06482333206688,46.038776216272964,3.026047115793915,0.009068122152297464,0.02136817050405715,0.033089278993850835,1,0.011034872827657307,48.57699966430664,47.23799896240234,1
2017-05-25,49.66899871826172,49.95000076293945,49.105499267578125,49.24250030517578,96440000.0,47.73929977416992,45.622029876708986,73.999107957046,0.9572109199200654,0.8847161626155884,0.07249475730447696,49.32420157014622,46.15439797819362,3.1698035919526006,0.013291107520177148,0.023396170298188412,0.048289360174129436,1,0.011311667937353036,49.01750183105469,47.92449951171875,1
2017-05-26,49.78900146484375,49.932498931884766,49.462501525878906,49.75,69384000.0,47.916274833679196,45.76438987731934,74.59981609894365,1.0088362722267874,0.9095401845378283,0.09929608768895914,49.58450380793209,46.248045859426306,3.3364579485057817,0.002416049239541307,0.024950116493663632,0.03581422704477655,1,0.01079328049540948,49.66899871826172,47.992000579833984,1
2017-05-30,49.834999084472656,50.060001373291016,49.7760009765625,49.82550048828125,65262000.0,48.03744983673096,45.908779830932616,74.83976502899944,1.0414561016998647,0.9359233679702356,0.10553273372962912,49.88395876210176,46.19094091136015,3.6930178507416116,0.0009238510168030345,0.016677660486158263,0.040429253703956114,1,0.010557809866899142,49.78900146484375,48.53350067138672,0
2017-05-31,49.73099899291992,50.00600051879883,49.108001708984375,50.0,78262000.0,48.15664978027344,46.046429824829104,73.15700979498115,1.046848198950066,0.9581083341662017,0.08873986478386431,50.11395361271812,46.19934594782876,3.9146076648893597,-0.0020868886016521815,0.0012482690663826457,0.029552679006699556,1,0.010592179782204166,49.834999084472656,48.57699966430664,1
2017-06-01,49.79750061035156,49.949501037597656,49.56850051879883,49.929500579833984,49096000.0,48.293949890136716,46.19917984008789,73.56629843172291,1.0444478548933418,0.9753762383116297,0.06907161658171213,50.30637116617787,46.28152861409556,4.024842552082305,0.0013372266549704914,0.00017070327296719867,0.05418310902598522,1,0.00606788319437868,49.73099899291992,49.01750183105469,1
2017-06-02,50.33649826049805,50.42399978637695,49.78350067138672,49.949501037597656,75046000.0,48.46694984436035,46.35784980773926,76.67109087521442,1.0736616673404384,0.9950333241173915,0.0786283432230469,50.55565540505669,46.37824428366401,4.17741112139268,0.010823789217132784,0.010063192239159635,0.05032913798483185,1,0.005530891159792215,49.79750061035156,49.66899871826172,1
2017-06-05,50.56700134277344,50.66049957275391,50.17549896240234,50.36149978637695,54398000.0,48.65992488861084,46.521809844970704,77.86828403484319,1.1027022316062514,1.0165671056151635,0.08613512599108786,50.77573307435648,46.544116702865196,4.231616371491285,0.004579243496091179,0.016810487759808312,0.05365479104493631,1,0.005395416267710919,50.33649826049805,49.78900146484375,0
2017-06-06,50.150001525878906,50.82500076293945,50.0625,50.59999847412109,66928000.0,48.79482498168945,46.67919990539551,70.79062921004282,1.0796234605909447,1.0291783766103197,0.05044508398062497,50.929327534019194,46.66032242935971,4.269005104659485,-0.00824648102164205,0.007078686906106801,0.033306908261929724,1,0.006409498036529057,50.56700134277344,49.834999084472656,1
2017-06-07,50.50350189208984,50.51250076293945,50.09999847412109,50.29750061035156,56460000.0,48.937950134277344,46.84244995117187,73.02867869046635,1.0774378605406056,1.038830273396377,0.03860758714422863,51.12697144815716,46.74892882039753,4.378042627759626,0.00704886052752185,0.003317744327933303,0.03965873234445039,1,0.006448279321789082,50.150001525878906,49.73099899291992,1
2017-06-08,50.51350021362305,50.68050003051758,50.30550003051758,50.60300064086914,55358000.0,49.09125022888183,46.996719970703126,73.0914786306916,1.0642445885945264,1.043913136436007,0.020331452158519392,51.27069807773712,46.91180238002654,4.3588956977105795,0.0001979728367069722,-0.0010580245561275792,0.030519678210540357,1,0.006268307246751762,50.50350189208984,49.79750061035156,0
2017-06-09,48.91550064086914,50.64950180053711,46.34999847412109,50.625,152954000.0,49.16797523498535,47.100709991455076,52.17963620801738,0.9143040866667178,1.0179913264821492,-0.10368723981543138,51.20454902176626,47.131401448204436,4.073147573561826,-0.031635098854680854,-0.024616168443638564,-0.015170389917998128,1,0.011775823793410932,50.51350021362305,50.33649826049805,0
2017-06-12,48.24549865722656,48.79750061035156,47.25,48.34999847412109,188944000.0,49.17687511444092,47.18927993774414,46.21002719841741,0.7329624629664195,0.9609855537790033,-0.22802309081258376,51.195612315390775,47.15813791349106,4.037474401899715,-0.013697130252466216,-0.04470983496724479,-0.03100087895329784,1,0.012277607066412745,48.91550064086914,50.56700134277344,1
2017-06-13,49.03950119018555,49.22499847412109,48.30500030517578,48.89950180053711,91600000.0,49.23392524719238,47.28352996826172,53.06316031421494,0.6458720770786854,0.8979628584389399,-0.2520907813602544,51.16762791286551,47.30022258151925,3.867405331346262,0.016457546404488266,-0.029180298676668937,-0.015962634873108006,1,0.013735886371335895,48.24549865722656,50.150001525878906,0
2017-06-14,48.82350158691406,49.516998291015625,48.33549880981445,49.429500579833984,79498000.0,49.259925270080565,47.36848999023437,51.15382711822131,0.5530477656284063,0.8289798398768331,-0.2759320742484268,51.15651528976512,47.36333525039601,3.793180039369105,-0.004404604411325286,-0.0018807750661804512,-0.01824812339150994,1,0.01376599616303285,49.03950119018555,50.50350189208984,0
2017-06-15,48.20849990844727,48.2864990234375,47.542999267578125,47.935001373291016,107478000.0,49.308450317382814,47.42583000183105,46.07080032356964,0.42495966389505213,0.748175804680477,-0.3232161407854248,51.03792909475627,47.578971540009356,3.4589575547469167,-0.012596427099190843,-0.000766884990497374,-0.03190924609525436,1,0.014118999874145659,48.82350158691406,50.51350021362305,1
2017-06-16,49.385501861572266,49.98749923706055,49.09999847412109,49.79999923706055,229454000.0,49.38150043487549,47.504260025024415,55.23804599574104,0.4136547865595688,0.6812716010562954,-0.2676168144967266,50.990187783093035,47.77281308665795,3.217374696435087,0.024414822186134,0.007055550382636611,-0.01889278022488272,1,0.016124933148182176,48.20849990844727,48.91550064086914,1
2017-06-19,49.75849914550781,50.84999847412109,49.494998931884766,50.84999847412109,100868000.0,49.46982536315918,47.60114997863769,57.69244941065354,0.4298384433592872,0.6309849695168938,-0.20114652615760653,50.95271222621434,47.986938500104024,2.9657737261103136,0.007552768927631126,0.019150563318964364,-0.015988731302952197,1,0.016282048674064988,49.385501861572266,48.24549865722656,0
2017-06-20,49.62950134277344,50.24399948120117,49.60100173950195,49.900001525878906,81536000.0,49.52462539672852,47.698860015869144,56.53783386094579,0.42732907974082934,0.590253791561681,-0.16292471182085166,50.94473094629635,48.10451984716068,2.840211099135672,-0.0025924777666052057,0.029476159536695468,-0.010378866745136106,1,0.016118737938421994,49.75849914550781,49.03950119018555,1
2017-06-21,50.11149978637695,50.13600158691406,49.63249969482422,49.935001373291016,58450000.0,49.60135040283203,47.79404998779297,59.777052913165356,0.458943225344413,0.5639916783182274,-0.10504845297381438,50.97337018029971,48.229330625364355,2.7440395549353553,0.009711934042506698,0.014700628675186067,-0.007761879692035345,1,0.016286252345774507,49.62950134277344,48.82350158691406,0
2017-06-22,50.06499862670898,50.34799957275391,49.86000061035156,50.11149978637695,45068000.0,49.65372524261475,47.8929899597168,59.31773189538867,0.47477252639541945,0.5461478479336659,-0.07137532153824644,51.01250553336855,48.29494495186095,2.7175605815075983,-0.0009279538602159354,0.006159741279673225,-0.008878845952415615,1,0.01628356071352654,50.11149978637695,48.20849990844727,1
2017-06-23,50.1870002746582,50.23099899291992,49.9010009765625,50.12699890136719,57582000.0,49.67962532043457,48.000499954223635,60.18219357460447,0.4914962125094533,0.5352175208488235,-0.04372130833937016,51.0581863160257,48.30106432484344,2.7571219911822595,0.002436865101283381,0.011233216470065255,0.025993797817265296,1,0.012147437723213963,50.06499862670898,49.385501861572266,0
2017-06-26,49.69900131225586,50.4900016784668,49.59999847412109,50.42499923706055,67724000.0,49.67512531280518,48.109809951782225,55.13546960661043,0.46006902699394203,0.5201878220778472,-0.06011879508390516,51.0528160893981,48.29743453621226,2.755381553185842,-0.009723612882453048,-0.008231613020555306,0.030127217988896948,1,0.011606779113963604,50.1870002746582,49.75849914550781,0
2017-06-27,48.8390007019043,49.93999862670898,48.79999923706055,49.53450012207031,75648000.0,49.62532539367676,48.184599990844724,47.56543965440076,0.36159959903215366,0.48847017746870847,-0.1268705784365548,51.04758440544142,48.2030663819121,2.844518023529318,-0.017304182934144485,-0.024488124606691364,-0.004088550727783025,1,0.01216481869985278,49.69900131225586,49.62950134277344,1
2017-06-28,49.51649856567383,49.53400039672852,48.46049880981445,48.9275016784668,74752000.0,49.614600372314456,48.271149978637695,53.035928248608386,0.3343758072940588,0.4576513034337786,-0.12327549613971978,51.036745184208144,48.19245556042077,2.8442896237873754,0.013872066463946231,-0.013360067454020408,0.01419392211199999,1,0.012841009074223088,48.8390007019043,50.11149978637695,0
2017-06-29,48.79650115966797,49.37799835205078,48.26250076293945,48.95000076293945,86060000.0,49.56455039978027,48.3478800201416,47.37875108703435,0.25180038471480515,0.4164811196899839,-0.16468073497517877,51.02730213261985,48.101798666940695,2.9255034656791565,-0.014540555710960135,-0.01815932169174861,0.012197045175381227,1,0.013090179099087133,49.51649856567383,50.06499862670898,0
2017-06-30,48.400001525878906,49.17350006103516,48.38050079345703,49.00600051879883,67806000.0,49.467725563049314,48.413820037841795,44.55991086016775,0.1526054203437397,0.3637059798207351,-0.2111005594769954,50.96912376202948,47.966327364069144,3.0027963979603385,-0.008125575079485081,-0.008988701032293545,-0.019955256067979654,1,0.010489046576104315,48.79650115966797,50.1870002746582,0
2017-07-03,47.68299865722656,48.7244987487793,47.54999923706055,48.63949966430664,58182000.0,49.32352542877197,48.46895004272461,39.93309123929271,0.0159526647719872,0.2941553168109855,-0.2782026520389983,50.925521188658486,47.72152966888546,3.2039915197730267,-0.014814108389417546,-0.03702806057693053,-0.04171147691195232,1,0.010618151753861757,48.400001525878906,49.69900131225586,1
2017-07-05,48.56999969482422,48.75,47.76250076293945,48.07649993896485,73060000.0,49.24452533721924,48.53294006347656,47.232573937609004,-0.020535339184093004,0.2312171856119698,-0.2517525247960628,50.83146390419638,47.65758677024209,3.173877133954292,0.018602039774678225,-0.004641756262454333,-0.021348222715993348,1,0.012854600010018764,47.68299865722656,48.8390007019043,0
2017-07-06,48.25699996948242,48.720001220703125,47.95100021362305,48.233001708984375,65192000.0,49.13220024108887,48.590460052490236,45.14762133298302,-0.07385742477030277,0.1702022635355153,-0.24405968830581806,50.663847453640976,47.60055302853676,3.0632944251042176,-0.006444301571102318,-0.0029545775183503764,-0.037007469838264306,1,0.012206644008899686,48.56999969482422,49.51649856567383,1
2017-07-07,48.9379997253418,49.00550079345703,48.45700073242188,48.477500915527344,52868000.0,49.0534252166748,48.659930038452146,50.28916270975377,-0.06046754064797,0.12406830269881824,-0.18453584334678824,50.448798289036304,47.6580521443133,2.790746144723002,0.014111937258636909,0.026319675847924717,-0.022510714716487468,1,0.013449032062413017,48.25699996948242,48.79650115966797,1
2017-07-10,49.82350158691406,49.97200012207031,49.17499923706055,49.25,70926000.0,49.09882526397705,48.73802009582519,56.05702087236575,0.021350523227404494,0.10352474680453551,-0.08217422357713101,50.53187105507004,47.665779472884054,2.8660915821859874,0.01809436157060018,0.02580815112138901,-0.00724288532398476,1,0.01488292104131899,48.9379997253418,48.400001525878906,0
2017-07-11,49.70650100708008,49.79949951171875,49.18600082397461,49.650001525878906,59654000.0,49.171875381469725,48.80716011047363,55.146552053509666,0.07587630453072336,0.09799505834977308,-0.022118753819049722,50.572052392743686,47.771698370195764,2.8003540225479213,-0.0023483010247660197,0.030037114584709368,0.00015090232451742125,1,0.01456132581862954,49.82350158691406,47.68299865722656,1
2017-07-12,50.32550048828125,50.4275016784668,49.90499877929688,50.032501220703125,72172000.0,49.23617534637451,48.865440139770506,58.94565566634059,0.16711012251910518,0.11181807118363951,0.055292051335465664,50.721646084242686,47.75070460850633,2.9709414757363533,0.012453089005661555,0.028352216492840476,0.030436736317559276,1,0.013617057619553232,49.70650100708008,48.56999969482422,0
2017-07-13,50.03150177001953,50.34400177001953,49.79499816894531,50.23099899291992,57616000.0,49.29657535552978,48.919130172729496,56.49795736382275,0.2132323314803699,0.1321009232429856,0.0811314082373843,50.80802484734846,47.7851258637111,3.0228989836373614,-0.0058419432575773644,0.0041747403630920665,0.010400638560148945,1,0.013305494349348568,50.32550048828125,48.25699996948242,1
2017-07-14,50.09049987792969,50.22249984741211,49.84450149536133,50.119998931884766,42050000.0,49.3906753540039,48.97991020202637,56.88487017696079,0.2516443689729897,0.15600961238898642,0.09563475658400328,50.85298240835756,47.928368299650245,2.924614108707317,0.001179219208357063,0.0077253249186644,0.02651826847231531,1,0.012126796506773932,50.03150177001953,48.9379997253418,1
2017-07-17,50.50199890136719,50.73749923706055,50.19049835205078,50.234500885009766,74252000.0,49.44650020599365,49.052420196533205,59.58486484409246,0.31169766096964935,0.18714722210511903,0.12455043886453032,50.9869153828839,47.9060850291034,3.080830353780499,0.00821511113764739,0.0035071367671153375,0.04342969647148398,1,0.011597369817057864,50.09049987792969,49.82350158691406,1
2017-07-18,51.22249984741211,51.30149841308594,50.20000076293945,50.29999923706055,80152000.0,49.51970024108887,49.14272018432617,63.85315587978025,0.41267170981426204,0.23225211964694764,0.1804195901673144,51.240982383636734,47.798418098541006,3.4425642850957274,0.014266780755591402,0.023804963578092364,0.07422983641673975,1,0.009767884428071314,50.50199890136719,49.70650100708008,1
2017-07-19,51.34349822998047,51.579498291015625,51.125,51.25,59280000.0,49.60540008544922,49.22055015563965,64.53063068400691,0.496731912962197,0.2851480783099975,0.2115838346521995,51.50178372950214,47.7090164413963,3.7927672881058356,0.0023622115853150216,0.025014690512259463,0.05710312029200626,1,0.008985568494147743,51.22249984741211,50.32550048828125,1
2017-07-20,51.435001373291016,51.74850082397461,51.1259994506836,51.579498291015625,61950000.0,49.67157516479492,49.29643020629883,65.06388998610916,0.5642296799893529,0.3409643986458686,0.22326528134348433,51.72023696069107,47.62291336889878,4.097323591792289,0.0017821758638392193,0.018474565209706473,0.0658557599067151,1,0.008092024970137283,51.34349822998047,50.03150177001953,0
2017-07-21,51.28350067138672,51.30500030517578,50.54999923706055,51.06399917602539,54692000.0,49.73250026702881,49.3731502532959,63.36525724405218,0.5985970519528507,0.39249092930726504,0.2061061226455857,51.89372030333214,47.571280230725485,4.322440072606653,-0.002945478717979899,0.0011908990025151223,0.047928010119104636,1,0.008090002075148825,51.435001373291016,50.09049987792969,1
2017-07-24,51.9474983215332,52.1505012512207,51.37149810791016,51.41699981689453,65760000.0,49.82052516937256,49.46448020935058,67.38430102501655,0.6716699103182506,0.4483267255094622,0.22334318480878845,52.18268683540922,47.458363503335896,4.724323332073325,0.012947588238978236,0.01176390609084077,0.04263041871743911,1,0.007266526506396122,51.28350067138672,50.50199890136719,1
2017-07-25,51.993499755859375,52.166500091552734,51.624000549316406,51.90250015258789,48952000.0,49.93525009155273,49.54300018310547,67.64909345193817,0.7249359974132474,0.5036485798902193,0.22128741752302816,52.47858856815193,47.391911614953536,5.086676953198392,0.0008855370482221403,0.01085833319056495,0.04601005306033401,1,0.00700980066372738,51.9474983215332,51.22249984741211,1
2017-07-26,52.63999938964844,52.65999984741211,52.15999984741211,52.15999984741211,58426000.0,50.12530002593994,49.63783020019531,71.18919598994631,0.8099799282040294,0.5649148495529813,0.2450650786510481,52.87245781255442,47.37814223932546,5.49431557322896,0.012434239603503539,0.026450977419694155,0.04599057890951608,1,0.00700743567830913,51.993499755859375,51.34349822998047,0
2017-07-27,52.29999923706055,54.16550064086914,52.00899887084961,53.477500915527344,219834000.0,50.26447505950928,49.717760162353514,67.0346439312006,0.8402567287230838,0.6199832253870019,0.22027350333608187,53.152576967829994,47.37637315118857,5.776203816641427,-0.006458969538946313,0.006785714941372367,0.04534138266463894,1,0.007110850620451825,52.63999938964844,51.435001373291016,0
2017-07-28,51.00199890136719,51.64250183105469,50.04999923706055,50.60699844360352,154188000.0,50.374749946594235,49.793040161132815,54.06310560530434,0.7508581071516645,0.6461582017399344,0.10469990541173002,53.19792001573603,47.55157987745244,5.646340138283591,-0.02481836242119062,-0.019069707927873214,0.018197043863782847,1,0.011710892617993575,52.29999923706055,51.28350067138672,0
2017-07-31,49.38899993896485,50.95249938964844,49.35100173950195,50.95249938964844,147042000.0,50.42419986724853,49.822330169677734,42.942601114218384,0.5435873826274147,0.6256440379174305,-0.08205665529001582,53.13988070474987,47.708519029747194,5.431361675002677,-0.03162619107383846,-0.061759108821777264,-0.02203871107312161,1,0.015481437244063173,51.00199890136719,51.9474983215332,1
2017-08-01,49.80950164794922,50.31999969482422,49.57899856567383,49.80550003051758,91452000.0,50.530525016784665,49.85868019104004,46.05769649541987,0.4085453572054334,0.582224301775031,-0.17367894456959765,52.96001801469044,48.10103201887889,4.858985995811551,0.00851407620125988,-0.04761945746543195,-0.027585498631892302,1,0.014900990651068502,49.38899993896485,51.993499755859375,0
2017-08-02,49.79449844360352,50.16049957275391,49.08649826049805,50.0885009765625,81400000.0,50.59174995422363,49.88390014648437,45.96127975724151,0.29689057617538595,0.5251575566551021,-0.22826698047971616,52.87802582792998,48.30547408051728,4.572551747412703,-0.00030121169353869437,-0.0236755516210031,-0.030169346456265678,1,0.014824212337139167,49.80950164794922,52.63999938964844,0
2017-08-03,49.34600067138672,49.97499847412109,49.22949981689453,49.9734992980957,65116000.0,50.646199989318845,49.89928016662598,43.059401680991066,0.170250790676711,0.4541762034594239,-0.2839254127827129,52.752230592679624,48.540169385958066,4.2120612067215575,-0.0090069743894452,-0.0008706243825805648,-0.040614380210536316,1,0.014833451146614019,49.79449844360352,52.29999923706055,1
2017-08-04,49.37900161743164,49.58349990844727,49.09999847412109,49.48400115966797,54606000.0,50.66825008392334,49.90651016235351,43.34286212532544,0.0717239596636432,0.3776857547002678,-0.3059617950366246,52.710549961506544,48.625950206340136,4.084599755166408,0.0006687663761180129,-0.008642929888364015,-0.0371366819546638,1,0.014906866993346325,49.34600067138672,51.00199890136719,1
2017-08-07,49.61349868774414,49.75,49.35699844360352,49.532501220703125,53532000.0,50.65774993896484,49.90540016174317,45.42200220881885,0.012419525479892002,0.30463250885619264,-0.29221298337630064,52.71938227153733,48.596117606392355,4.123264665144973,0.0047489228747330525,-0.003634934812414614,-0.044929971783098877,1,0.014094299548411415,49.37900161743164,49.38899993896485,0
2017-08-08,49.492000579833984,49.81399917602539,49.28950119018555,49.71749877929688,58056000.0,50.647024917602536,49.89946014404297,44.51060150490264,-0.04387775236607183,0.23493045661173975,-0.27880820897781156,52.73045650466169,48.563593330543384,4.166863174118305,-0.00244889215886257,0.002958697897718965,-0.04811176758193669,1,0.013991907479216605,49.61349868774414,49.80950164794922,0
2017-08-09,49.10049819946289,49.400001525878906,48.76350021362305,49.130001068115234,71394000.0,50.58577480316162,49.88477012634277,41.61310585628949,-0.11871623398592135,0.16420111849220753,-0.2829173524781289,52.77286288052238,48.39868672580086,4.374176154721525,-0.00791041735602449,-0.00564011844804968,-0.06723976503087847,1,0.012614047535681447,49.492000579833984,49.79449844360352,0
2017-08-10,47.84600067138672,48.99300003051758,47.73400115966797,48.81499862670898,113682000.0,50.47649974822998,49.84707015991211,33.97997840372149,-0.27607135733534705,0.07614662332669661,-0.3522179806620437,52.961538751382086,47.99146074507788,4.970078006304206,-0.02554958858013978,-0.03562534518038418,-0.0851624977179285,1,0.013922693728499462,49.10049819946289,49.34600067138672,1
2017-08-11,48.39950180053711,48.51950073242188,47.56900024414063,48.0,69360000.0,50.391949844360354,49.81911018371582,39.27281983115754,-0.3520552373226451,-0.009493748803171727,-0.3425614885194734,53.033882662805865,47.75001702591484,5.283865636891022,0.011568388608943936,-0.02207424970697236,-0.051027354944716,1,0.014017808301843737,47.84600067138672,49.37900161743164,1
2017-08-14,49.165000915527344,49.275001525878906,48.80950164794922,48.920501708984375,63458000.0,50.32509994506836,49.79568023681641,45.750504323178866,-0.34650928526420444,-0.07689685609537827,-0.26961242916882616,53.019648507785554,47.630551382351165,5.38909712543439,0.015816260219888134,0.0013136876086761173,-0.004535403100170643,1,0.011928112259076126,48.39950180053711,49.61349868774414,0
2017-08-15,49.137001037597656,49.58700180053711,49.09999847412109,49.44499969482422,50986000.0,50.220825004577634,49.76708023071289,45.55907533442535,-0.3404489508622177,-0.12960727504874617,-0.21084167581347155,52.92976379861215,47.51188621054312,5.417877588069032,-0.0005695083374003262,0.026982409148001985,-0.013501452295282101,1,0.011513354762627352,49.165000915527344,49.492000579833984,0
2017-08-16,48.90900039672852,49.323001861572266,48.6609992980957,49.08250045776367,62642000.0,50.09910011291504,49.742260208129885,43.94656908032479,-0.35000915080621553,-0.17368765020024005,-0.17632150060597548,52.814091700189024,47.384108525641054,5.429983174547971,-0.0046401008619690876,0.010526938857576384,-0.017783049825833674,1,0.011553286230083292,49.137001037597656,49.10049819946289,0
2017-08-17,48.02849960327149,48.891998291015625,48.01599884033203,48.891998291015625,70248000.0,49.928775024414065,49.692760162353515,38.307711996035835,-0.423750007211261,-0.22370012160244424,-0.20004988560881676,52.713678547785996,47.143871501042135,5.569807046743861,-0.018002837643680936,-0.023116064092188804,-0.026699247156602546,1,0.012494543245542179,48.90900039672852,47.84600067138672,0
2017-08-18,47.92350006103516,48.27149963378906,47.73249816894531,48.06999969482422,65696000.0,49.76077499389648,49.640960159301756,37.686704824002135,-0.48507115440544624,-0.2759743281630446,-0.2090968262424016,52.603302181719236,46.91824780607373,5.685054375645507,-0.0021861924295710766,-0.024696276755554747,-0.029476123629900597,1,0.0124432564157374,48.02849960327149,48.39950180053711,0
2017-08-21,47.66450119018555,48.060001373291016,47.27299880981445,47.87850189208984,63290000.0,49.5466251373291,49.615940170288084,36.130799653007834,-0.5482477904298619,-0.3304290206164081,-0.21781876981345383,52.34287998246375,46.750370292194454,5.592509690269296,-0.005404423101813438,-0.02544519815265367,-0.03928361331308505,0,0.012159200795247613,47.92350006103516,49.165000915527344,1
2017-08-22,48.345001220703125,48.39649963378906,47.775001525878906,47.7760009765625,55000000.0,49.36420021057129,49.617930221557614,42.81145362007141,-0.5372124140495202,-0.3717856993030305,-0.16542671474648973,51.96751860657447,46.76088181456811,5.206636792006364,0.014276873008747692,0.006589871015043602,-0.02317544948058159,0,0.013466123172635168,47.66450119018555,49.137001037597656,0
2017-08-23,47.900001525878906,48.09999847412109,47.709999084472656,47.96900177001953,53366000.0,49.127200317382815,49.59514022827148,39.87423602281314,-0.5579429362554649,-0.4090171466935174,-0.14892578956194746,51.32610785950587,46.92829277525976,4.397815084246105,-0.009204668188810716,-0.000490334285399241,-0.024449786002316287,0,0.013532518657063881,48.345001220703125,48.90900039672852,0
2017-08-24,47.622501373291016,47.95000076293945,47.05699920654297,47.87099838256836,103914000.0,48.89332542419434,49.571120223999024,38.11795527764529,-0.5899632386317464,-0.44520636508116324,-0.14475687355058314,50.64143803546355,47.145212812925124,3.4962252225384276,-0.005793322416450586,-0.0008811550702471083,-0.004671222149385645,0,0.010976388800617732,47.900001525878906,48.02849960327149,0
2017-08-25,47.26300048828125,47.88100051879883,47.20500183105469,47.79999923706055,66496000.0,48.70637550354004,49.5522102355957,35.9112060819822,-0.6370052756095959,-0.4835661471868498,-0.15343912842274604,50.30587158762822,47.10687941945186,3.1989921681763605,-0.0075489710670970656,-0.022380819218151604,-0.02348167377713062,0,0.010301642931753643,47.622501373291016,47.92350006103516,1
2017-08-28,47.30099868774414,47.650001525878906,47.11249923706055,47.32699966430664,51934000.0,48.601975440979004,49.51052017211914,36.330772479788564,-0.6635710576081948,-0.5195671292711188,-0.14400392833707598,50.28025187996929,46.923699001988716,3.356552877980576,0.0008039734902636209,-0.01250527805956625,-0.037913194204670764,0,0.008254575915510825,47.26300048828125,47.66450119018555,1
2017-08-29,47.70299911499024,47.79999923706055,46.81650161743164,47.0,57486000.0,48.496650314331056,49.46941017150879,40.75008308120969,-0.6447542309879424,-0.5446045496144836,-0.10014968137345881,50.122149024047545,46.87115160461457,3.250997419432977,0.008498772507952612,0.0016903299780126613,-0.02918374936049062,0,0.0091063516569219,47.30099868774414,48.345001220703125,1
2017-08-30,48.37950134277344,48.47050094604492,47.84550094604492,47.922000885009766,58092000.0,48.42590045928955,49.44441017150879,47.37044921374093,-0.5686980867644351,-0.5494232570444739,-0.019274829719961195,49.93854275352589,46.913258165053215,3.0252845884726725,0.01418154498320856,0.023623147979549453,-0.010826208870760357,0,0.010543100948983216,47.70299911499024,47.900001525878906,1
2017-08-31,49.02999877929688,49.04999923706055,48.63800048828125,48.73500061035156,66630000.0,48.41010036468506,49.422780151367185,52.82847092077437,-0.4507375163052316,-0.5296861088966255,0.07894859259139386,49.890221378096264,46.92997935127385,2.9602420268224137,0.013445724293737804,0.03655314136106669,0.020852185354488517,0,0.009565443795472103,48.37950134277344,47.622501373291016,0
2017-09-01,48.91249847412109,49.22499847412109,48.84400177001953,49.209999084472656,50718000.0,48.386775207519534,49.39973014831543,51.7838044925953,-0.3625548997907657,-0.49625986707545355,0.13370496728468784,49.81901429617493,46.95453611886414,2.8644781773107866,-0.002396498227640431,0.02535478652432932,0.020637023836454826,0,0.009576156607013407,49.02999877929688,47.26300048828125,0
2017-09-05,48.26350021362305,48.8385009765625,48.01850128173828,48.77000045776367,57664000.0,48.319275283813475,49.361260147094725,46.333801361940615,-0.3411062164668479,-0.46522913695373247,0.12412292048688456,49.63652738334047,47.00202318428648,2.6345041990539926,-0.013268556723623814,-0.0023977330466576907,0.012566983991869396,0,0.010534572331730475,48.91249847412109,47.30099868774414,1
2017-09-06,48.38999938964844,48.59199905395508,48.02999877929688,48.41600036621094,42598000.0,48.264175224304196,49.33508010864258,47.4937601584283,-0.3103233398040146,-0.43424797752378896,0.12392463771977436,49.46789964597243,47.06045080263596,2.407448843336468,0.0026210112293032495,-0.013053220591118686,0.0009307719062801034,0,0.009536729576100394,48.26350021362305,47.70299911499024,1
2017-09-07,48.9734992980957,49.02949905395508,48.62749862670898,48.70000076293945,51336000.0,48.25782527923584,49.33777008056641,52.584700481038794,-0.23612225183244107,-0.3946228323855194,0.1585005805530783,49.445062450439394,47.07058810803228,2.3744743424071117,0.0120582747635265,0.0012471418528516853,0.022411226263465034,0,0.009593478342860357,48.38999938964844,48.37950134277344,0
2017-09-08,48.29499816894531,48.99399948120117,48.17350006103516,48.95500183105469,52106000.0,48.28027515411377,49.31334007263184,46.89127552739236,-0.22942209062645702,-0.36158268403370697,0.13216059340724995,49.45239826043799,47.108152047789545,2.344246212648443,-0.013854454733169819,0.0006526247616283065,0.014121408499375265,0,0.010628254026284093,48.9734992980957,49.02999877929688,1
2017-09-11,48.89799880981445,49.09700012207031,48.71099853515625,48.72299957275391,43734000.0,48.305200004577635,49.31537002563476,51.87794146501615,-0.1734555645908742,-0.3239572601451404,0.15050169555426623,49.50722375143771,47.103176257717564,2.4040474937201424,0.012485778315173057,0.010498024934356254,0.03459362090095386,0,0.010630889434597767,48.29499816894531,48.91249847412109,1
2017-09-12,49.12900161743164,49.23350143432617,48.7760009765625,49.16350173950195,49622000.0,48.30340003967285,49.32995002746582,53.672539018347095,-0.10920287076914548,-0.28100638226994146,0.17180351150079598,49.500365547402744,47.10643453194296,2.393931015459785,0.004724177128713647,0.003175233985005077,0.03864618042750001,0,0.010594381703241512,48.89799880981445,48.26350021362305,1
2017-09-13,49.97999954223633,50.0,48.97100067138672,49.19850158691406,67494000.0,48.345549964904784,49.37589004516602,59.64335701527032,0.010267910366415833,-0.22275152374267002,0.23301943410908585,49.70527016242993,46.985829767379634,2.7194403950502988,0.017321701984327253,0.03488976989700987,0.04773285683269668,0,0.011364012549818083,49.12900161743164,48.38999938964844,0
2017-09-14,49.61050033569336,49.928001403808594,49.387001037597656,49.84000015258789,78266000.0,48.38062496185303,49.396700057983395,56.25325561337476,0.07427764081545263,-0.1633456908310455,0.23762333164649813,49.8299153413841,46.93133458232196,2.898580759062142,-0.007392941375093831,0.01457117966422583,0.025444639956046178,0,0.011418483512493924,49.97999954223633,48.9734992980957,0
2017-09-15,49.339500427246094,49.8125,49.20149993896485,49.6505012512207,75204000.0,48.446175003051756,49.418350067138675,53.83631354891659,0.10196301937300234,-0.11028394879023594,0.2122469681632383,49.94362127941429,46.948728726689225,2.9948925527250623,-0.005462551407736771,0.004284614034162804,0.006312495526308304,0,0.010975180676172765,49.61050033569336,48.29499816894531,0
2017-09-18,48.70949935913086,49.63949966430664,48.40850067138672,49.52000045776367,68226000.0,48.48547496795654,49.41378005981446,48.60776596917851,0.07223537583627149,-0.07378008386493445,0.14601545970120594,49.967162359387146,47.00378757652594,2.9633747828612087,-0.012768695723707313,-0.02542017196362345,-0.0041502503720523,0,0.011760622632989815,49.339500427246094,48.89799880981445,0
2017-09-19,48.49300003051758,48.9119987487793,48.37300109863281,48.86249923706055,53422000.0,48.526899909973146,49.387170028686526,46.92130691151313,0.03085069014647246,-0.05285392906265307,0.08370461920912553,49.959989285830744,47.09381053411555,2.8661787517151964,-0.004444704451118442,-0.022525479437097484,0.004755142413598756,0,0.010989720685676965,48.70949935913086,49.12900161743164,1
2017-09-20,48.66049957275391,48.740501403808594,48.108001708984375,48.589500427246094,57776000.0,48.54267482757568,49.36625,48.412575069939635,0.011437003130339463,-0.039995742624054566,0.05143274575439403,49.97435290397478,47.11099675117658,2.863356152798204,0.0034540973363357264,-0.013761810488807202,0.005590001787917798,0,0.011010481508962522,48.49300003051758,49.97999954223633,0
2017-09-21,48.23249816894531,48.584999084472656,48.10100173950195,48.56549835205078,46752000.0,48.55929965972901,49.324389953613284,44.938268697760385,-0.03804604885996099,-0.03960580387123585,0.001559755011274859,49.96828251684062,47.1503168026174,2.81796571422322,-0.008795663989611957,-0.009792775463953296,-0.015130655145551453,0,0.010567652062142985,48.66049957275391,49.61050033569336,0
2017-09-22,47.755001068115234,48.28049850463867,47.72100067138672,48.05049896240234,52836000.0,48.565924644470215,49.2788599395752,41.37114855822047,-0.11447218539881732,-0.05457908017675214,-0.059893105222065174,49.95837506331566,47.17347422562477,2.784900837690884,-0.009899903985017278,-0.015218669951083785,-0.011181222099668875,0,0.010117248468650301,48.23249816894531,49.339500427246094,0
2017-09-25,46.98949813842773,47.47100067138672,46.64450073242188,47.46549987792969,102480000.0,48.55224952697754,49.216839904785154,36.384804444965596,-0.23411144704508047,-0.09048555355041782,-0.14362589349466265,49.99989311848189,47.10460593547319,2.895287183008705,-0.016029796096028393,-0.034339997513338605,-0.03903024086547413,0,0.009885467189407537,47.755001068115234,48.70949935913086,0
2017-09-26,46.93000030517578,47.43149948120117,46.587501525878906,47.27450180053711,71296000.0,48.53369960784912,49.14539993286133,36.02140497237932,-0.3299242404798335,-0.13837329093630096,-0.19155094954353252,50.05274810773837,47.01465110795988,3.038096999778489,-0.0012661942691252204,-0.027004569807005163,-0.04475973945856904,0,0.009475826733297218,46.98949813842773,48.49300003051758,1
2017-09-27,47.54349899291992,47.76499938964844,47.165000915527344,47.400001525878906,62978000.0,48.52572460174561,49.071819915771485,42.40871753102647,-0.35229135722000393,-0.18115690419304156,-0.17113445302696237,50.063691029181655,46.98775817430956,3.075932854872093,0.013072633363619968,-0.004428898973190987,-0.04874951123713811,0,0.008424072891843505,46.93000030517578,48.66049957275391,1
2017-09-28,47.81999969482422,47.98500061035156,47.505001068115234,47.59299850463867,50452000.0,48.49774951934815,49.00134994506836,45.07040552710929,-0.3437436991611662,-0.2136742631866665,-0.13006943597449971,50.06540496348654,46.93009407520975,3.1353108882767913,0.005815741536933761,0.017674195071202714,-0.036091162732759696,0,0.009013942383087885,47.54349899291992,48.23249816894531,1
2017-09-29,48.067501068115234,48.24150085449219,47.91899871826172,48.00550079345703,50876000.0,48.449624633789064,48.933999938964845,47.41324652040388,-0.3133858096598132,-0.23361657248129586,-0.07976923717851736,50.008035511610096,46.89121375596803,3.1168217556420643,0.005175687471152379,0.024238243246165192,-0.025780548001423265,0,0.009393723445173406,47.81999969482422,47.755001068115234,0
2017-10-02,47.95949935913086,48.365501403808594,47.60599899291992,48.20000076293945,48858000.0,48.40197467803955,48.86751991271973,46.481591540677385,-0.2946453110844516,-0.245822320201927,-0.048822990882524564,49.95913764624108,46.84481170983802,3.1143259364030627,-0.0022468758846300174,0.008749889575289549,-0.015397407279231445,0,0.008686968060903256,48.067501068115234,46.98949813842773,0
2017-10-03,47.85499954223633,48.18450164794922,47.51850128173828,47.900001525878906,53332000.0,48.38154964447021,48.78566993713379,45.54897395684064,-0.2849409706869821,-0.25364605029893805,-0.031294920388044045,49.95606198355533,46.807037305385094,3.1490246781702353,-0.002178918009798525,0.000731908147960425,-0.013156548117867373,0,0.008631478274199054,47.95949935913086,46.93000030517578,1
2017-10-04,48.272499084472656,48.38949966430664,47.70249938964844,47.71049880981445,50548000.0,48.375674629211424,48.711249923706056,49.87603649642373,-0.24078585765373361,-0.2510740117698972,0.010288154116163573,49.950893714926984,46.800455543495865,3.1504381714311194,0.008724261753839224,0.0042647945452152225,-0.007973623199267532,0,0.009101418810742215,47.85499954223633,47.54349899291992,1
2017-10-05,49.04249954223633,49.07550048828125,48.48199844360352,48.5,64584000.0,48.37912464141846,48.639299926757815,56.70893592063083,-0.14202285955646943,-0.22926378132721165,0.08724092177074222,49.9598585797036,46.798390703133315,3.161467876570285,0.015951120666370278,0.022581557305169753,0.01679368483991439,0,0.00999508441895705,48.272499084472656,47.81999969482422,1
2017-10-06,49.479000091552734,49.78749847412109,48.78200149536133,48.78200149536133,75642000.0,48.438324737548825,48.58287994384766,60.034910373265724,-0.02820539147717227,-0.18905210335720377,0.1608467118800315,50.089152083641245,46.787497391456405,3.30165469218484,0.00890045477678969,0.03393585967717083,0.03610091058271525,0,0.009313169095337772,49.04249954223633,48.067501068115234,1
2017-10-09,49.54949951171875,49.92499923706055,49.375,49.6619987487793,58772000.0,48.470899772644046,48.553829956054685,60.56192394851765,0.06691315283155319,-0.13785905211945237,0.20477220495100557,50.181358255089144,46.76044129019895,3.4209169648901963,0.0014248351833214823,0.026453994540689862,0.0544802876112751,0,0.006410390460466731,49.479000091552734,47.95949935913086,0
2017-10-10,49.36000061035156,49.897499084472656,49.005001068115234,49.83349990844727,61698000.0,48.48244972229004,48.55324996948242,58.3351448986008,0.12555696432811203,-0.0851758488299395,0.21073281315805154,50.21352310811774,46.75137633646234,3.462146771655398,-0.003824436235170703,0.0064739984927113525,0.051779251851140184,0,0.00674548933343997,49.54949951171875,47.85499954223633,1
2017-10-11,49.75,49.775001525878906,49.334999084472656,49.5634994506836,46742000.0,48.470949745178224,48.552059936523435,61.474681933068894,0.20118318431215698,-0.027904042201520207,0.2290872265136772,50.164730049080404,46.777169441276044,3.3875606078043603,0.007901122058873167,0.005477069220190867,0.0464101518360831,0,0.006244390620211249,49.36000061035156,48.272499084472656,1
2017-10-12,50.04650115966797,50.422000885009766,49.619998931884766,49.84049987792969,81346000.0,48.492749786376955,48.557099990844726,63.71335028323653,0.281794324565908,0.03403563115196544,0.24775869341394258,50.25449553788974,46.73100403486417,3.523491503025568,0.005959822304883788,0.010030407024225863,0.046560047658986914,0,0.006247764300655383,49.75,49.04249954223633,1
2017-10-13,50.14699935913086,50.38850021362305,50.05149841308594,50.34999847412109,48630000.0,48.53312473297119,48.57311996459961,64.46703811630628,0.3497568198835168,0.0971798688982757,0.25257695098524113,50.404257691355554,46.661991774586824,3.74226591676873,0.0020080964130191337,0.0159440587327353,0.04326204285238,0,0.0062942594762831336,50.04650115966797,49.479000091552734,1
2017-10-16,50.31700134277344,50.47850036621094,50.05199813842773,50.422000885009766,40178000.0,48.61349983215332,48.59187995910644,65.76250698229461,0.4125793682447707,0.1602597687675747,0.252319599477196,50.639707983288694,46.58729168101795,4.052416302270743,0.0033900729019715747,0.011397011915043942,0.049156100775554545,1,0.005885737718728833,50.14699935913086,49.54949951171875,1
2017-10-17,50.45650100708008,50.57350158691406,50.21900177001953,50.27949905395508,46394000.0,48.71167488098145,48.60874000549316,66.83114329859998,0.4682257327090156,0.22185296155586287,0.2463727711531527,50.88960801507791,46.533741746884985,4.355866268192926,0.0027724160936446474,0.008192377846835797,0.0543621667480676,1,0.005420921093270276,50.31700134277344,49.36000061035156,0
2017-10-18,49.84999847412109,51.115501403808594,49.82749938964844,50.4635009765625,49994000.0,48.77114982604981,48.61589996337891,58.30970409776802,0.45810543747819565,0.2691034567403294,0.18900198073786623,51.00450514895231,46.5377945031473,4.4667106458050085,-0.012020305032128253,-0.0059226053164772585,0.03267904955341017,1,0.007531955368214955,50.45650100708008,49.75,0
2017-10-19,49.33050155639648,49.5525016784668,49.012001037597656,49.5,62164000.0,48.826049995422366,48.620500030517576,52.17325632902615,0.40351450689505697,0.2959856667712749,0.10752884012378205,51.0577232766301,46.59437671421463,4.463346562415467,-0.010421202279360164,-0.019605695094122355,0.005872498686819938,1,0.007198861205988488,49.84999847412109,50.04650115966797,0
2017-10-20,49.14550018310547,49.73099899291992,49.09999847412109,49.67649841308594,47302000.0,48.895574951171874,48.646490020751955,50.149225625525446,0.3413874345586194,0.30506602032874386,0.03632141422987556,51.07548579331969,46.715664109024054,4.359821684295639,-0.0037502431042487627,-0.02598279305555984,-0.006740231367452387,1,0.006672209389857438,49.33050155639648,50.14699935913086,0
2017-10-23,48.31499862670898,49.3390007019043,48.125,49.33649826049805,69882000.0,48.961849975585935,48.64479995727539,42.229113974578745,0.22257108638239487,0.2885670335394741,-0.06599594715707924,50.98056981121407,46.9431301399578,4.037439671256266,-0.016898832106748807,-0.030792375012989925,-0.024914497566575933,1,0.008343927254201544,49.14550018310547,50.31700134277344,1
2017-10-24,48.79499816894531,48.99250030517578,48.25,48.45000076293945,54478000.0,49.05509986877441,48.63739990234375,47.39970630439854,0.16523549404229954,0.2639007256400392,-0.09866523159773966,50.849628467846195,47.26057126970263,3.589057198143564,0.009934793664073238,-0.010855421505069351,-0.01144656471677108,1,0.009190622027239238,48.31499862670898,50.45650100708008,0
2017-10-25,48.64550018310547,49.22200012207031,48.3120002746582,48.900001525878906,60662000.0,49.11019992828369,48.627569885253905,46.01823944622832,0.10650565508727539,0.23242171152948643,-0.12591605644221104,50.77895867824668,47.4414411783207,3.33751749992598,-0.0030637973450112765,-0.01017387142540227,-0.02220100134461367,1,0.008632938581680854,48.79499816894531,49.84999847412109,0
2017-10-26,48.62149810791016,49.14500045776367,48.4275016784668,49.01649856567383,112374000.0,49.15027484893799,48.62181983947754,45.78750632273323,0.05736381338228824,0.1974101319000468,-0.14004631851775856,50.72925373856247,47.57129595931351,3.15795777924896,-0.0004934079227257859,0.006343775016310449,-0.02847357994540889,1,0.008183987737338796,48.64550018310547,49.33050155639648,1
2017-10-27,55.04750061035156,55.27899932861328,52.52750015258789,52.90700149536133,331300000.0,49.499274826049806,48.76219985961914,77.83289989960265,0.5308242360203508,0.2640929527241076,0.2667312832962432,52.45341512771324,46.54513452438637,5.908280603326872,0.13216381132847,0.12813818374903718,0.09772272147582473,1,0.0436080777190035,48.62149810791016,49.14550018310547,1
2017-10-30,55.54249954223633,56.13949966430664,54.678001403808594,54.7504997253418,132262000.0,49.87842483520508,48.91457984924316,78.86907417432091,0.9352068268299192,0.3983157275452699,0.5368910992846493,53.749065260316,46.00778441009416,7.741280850221841,0.008992214476522209,0.1417808293299485,0.10385154242132466,1,0.04354736691054288,55.04750061035156,48.31499862670898,0
2017-10-31,55.26399993896485,55.527000427246094,55.055999755859375,55.45000076293945,69540000.0,50.24887485504151,49.06656982421875,76.69684119289522,1.219156673763571,0.5624839167889302,0.6566727569746409,54.655115689144644,45.84263402093837,8.812481668206274,-0.005014171230441233,0.136616560360036,0.09528006968240188,1,0.04377431959088395,55.54249954223633,48.79499816894531,0
2017-11-01,55.18399810791016,55.44850158691406,54.83700180053711,55.27000045776367,75110000.0,50.594449806213376,49.20334976196289,76.04887479793358,1.421349066761202,0.7342569467833846,0.6870921199778175,55.39311067853087,45.795788933895885,9.597321744634982,-0.0014476301234627176,0.0024796311557320205,0.10700099893800696,1,0.04331012641612701,55.26399993896485,48.64550018310547,0
2017-11-02,54.71099853515625,55.09700012207031,54.34349822998047,54.89049911499024,73698000.0,50.877874755859374,49.33956970214844,72.16685039007233,1.5258320404654597,0.8925719655197997,0.6332600749456601,55.93883436075291,45.81691515096584,10.121919209787066,-0.008571317573420112,-0.014970536326831652,0.1090703886845461,1,0.043212304370020056,55.18399810791016,48.62149810791016,1
2017-11-03,55.58000183105469,55.63399887084961,54.42599868774414,54.557498931884766,75030000.0,51.182924842834474,49.498719711303714,74.72006211413694,1.6596257210693466,1.045982716629709,0.6136430044396375,56.5932593649393,45.77259032072965,10.820669044209652,0.015883521031699654,0.005718042350152608,0.13092758490554912,1,0.0429032371329258,54.71099853515625,55.04750061035156,1
2017-11-06,56.03300094604492,56.27050018310547,55.4384994506836,55.45750045776367,67622000.0,51.50709991455078,49.67411972045898,75.95815406195729,1.7816733977118488,1.1931208528461372,0.5885525448657116,57.25361135293761,45.760588476163946,11.493022876773665,0.008150397626239814,0.015384946130118538,0.15974340347118132,1,0.04166744179963257,55.58000183105469,55.54249954223633,1
2017-11-07,56.15850067138672,56.52999877929688,55.875,56.23699951171875,53780000.0,51.84702491760254,49.851269760131835,76.30439216158521,1.8670022005477804,1.327897122386466,0.5391050781613145,57.84413225334634,45.84991758185874,11.994214671487597,0.0022397466354273643,0.026457242144837245,0.1509069121582174,1,0.04185541814848316,56.03300094604492,55.26399993896485,1
2017-11-08,56.64400100708008,56.777000427246094,55.95550155639648,56.14099884033203,51630000.0,52.191724967956546,50.03008979797363,77.64561579959289,1.951308244357186,1.45257934678061,0.498728897576576,58.45373080611819,45.929719129794904,12.524011676323283,0.008645179801616942,0.01914356137050177,0.16442426933359977,1,0.041459451638371864,56.15850067138672,55.18399810791016,0
2017-11-09,56.45650100708008,56.48099899291992,55.78850173950195,56.29800033569336,74654000.0,52.512224960327146,50.191629791259764,75.85978072207828,1.980165592135421,1.5580965958515722,0.42206899628384886,58.95575675833817,46.06869316231612,12.887063596022045,-0.003310147529595686,0.007558047113038757,0.1611427702573247,1,0.04159372277744057,56.64400100708008,54.71099853515625,0
2017-11-10,56.26750183105469,56.587501525878906,56.20299911499024,56.30500030517578,43598000.0,52.81825008392334,50.336379852294925,74.01191929808765,1.9651317782942783,1.6395036323401135,0.3256281459541648,59.36394019063816,46.272559977208516,13.091380213429645,-0.0033476955293720856,0.001940955658802146,0.022162699617168657,1,0.007837421920345467,56.45650100708008,55.58000183105469,1
2017-11-13,56.45849990844727,56.994998931884766,56.117000579833984,56.150001525878906,58368000.0,53.12532501220703,50.487299880981446,74.68307387882108,1.946194798942436,1.700841865660578,0.24535293328185803,59.74861072481154,46.502039299602515,13.246571425209027,0.0033944652095283523,-0.0032748586846754746,0.01649188232003107,1,0.00749245651300135,56.26750183105469,56.03300094604492,1
2017-11-14,56.84199905395508,56.900001525878906,56.19449996948242,56.50550079345703,62768000.0,53.44459991455078,50.65886985778808,76.02207236341448,1.9397718005284545,1.7486278526341534,0.1911439478943011,60.13775885859036,46.7514409705112,13.386317888079162,0.0067925847503862435,0.0068282312930916245,0.028553834625307806,1,0.007249814442779077,56.45849990844727,56.15850067138672,0
2017-11-15,56.33449935913086,56.587501525878906,56.08150100708008,56.35049819946289,78574000.0,53.76882495880127,50.817759857177734,70.6935707916726,1.8721495691294905,1.7733321959332211,0.09881737319626938,60.361545261510095,47.17610465609244,13.185440605417654,-0.00892825205430392,0.0011906966880692593,0.020848457717234092,1,0.008080111678510981,56.84199905395508,56.64400100708008,1
2017-11-16,56.86449813842773,56.90800094604492,56.50249862670898,56.507999420166016,44266000.0,54.14552478790283,50.975579833984376,72.8349778264161,1.8401132554801407,1.7866884078426053,0.05342484763753541,60.53874350048521,47.75230607532045,12.786437425164763,0.009408067619774974,0.007191091343886624,0.0393613653731375,1,0.00741607936321872,56.33449935913086,56.45650100708008,0
2017-11-17,56.49399948120117,56.93999862670898,56.29050064086914,56.91400146484375,48268000.0,54.512949752807614,51.13955986022949,69.03731284016295,1.7644881794749097,1.7822483621690663,-0.01776018269415669,60.54919515494868,48.47670435066655,12.072490804282126,-0.006515465173448587,-0.006122226145206189,0.016444721483182878,1,0.00674427032174469,56.86449813842773,56.26750183105469,0
2017-11-20,56.31549835205078,56.67100143432617,56.12749862670898,56.48849868774414,43278000.0,54.912974739074706,51.28790985107422,67.21884054877913,1.670890230085881,1.7599767357524294,-0.08908650566654841,60.27609838621752,49.54985109193189,10.726247294285628,-0.0031596475871705776,-0.00033728900223195524,0.005041625492767654,1,0.00647660574499156,56.49399948120117,56.45849990844727,1
2017-11-21,56.9744987487793,57.0,56.40999984741211,56.64300155639648,49588000.0,55.3219497680664,51.44481979370117,70.32641938592324,1.6310868514707053,1.7341987588960848,-0.10311190742537946,59.954238807318454,50.68966072881435,9.264578078504101,0.01170193669616193,0.0019344338550881801,0.01453026821651493,1,0.007383216908518966,56.31549835205078,56.84199905395508,1
2017-11-22,57.80799865722656,58.01350021362305,57.04999923706055,57.04999923706055,71106000.0,55.78007469177246,51.601379776000975,73.71978962203659,1.6478040050646214,1.7169198081297923,-0.06911580306517084,59.37725135744318,52.182898026101746,7.194353331341432,0.014629350441896172,0.023259092790246516,0.020549354379133522,1,0.008224178478345716,56.9744987487793,56.33449935913086,1
2017-11-24,59.29999923706055,59.34199905395508,58.03499984741211,58.03499984741211,70560000.0,56.31399974822998,51.79516975402832,78.46678032948188,1.7611430861284987,1.7257644637295337,0.03537862239896494,58.321063802985904,54.30693569347406,4.014128109511844,0.025809587159050906,0.05299608406823375,0.0503661789033627,1,0.010846211897534907,57.80799865722656,56.86449813842773,1
2017-11-27,59.791500091552734,60.670501708984375,59.557498931884766,60.132999420166016,134880000.0,56.551199722290036,52.004209747314455,79.76355279638875,1.8690795501565134,1.7544274810149298,0.11465206914158355,58.980407108132084,54.12199233644799,4.858414771684096,0.008288378765863635,0.04944319659914154,0.06262937123242085,1,0.010471405058144352,59.29999923706055,56.49399948120117,0
2017-11-28,59.68000030517578,60.266998291015625,59.42599868774414,60.24399948120117,91188000.0,56.75807476043701,52.22361976623535,78.60703933838045,1.9234505341694117,1.7882320916458263,0.1352184425235854,59.49380917821983,54.022340342654196,5.471468835565631,-0.0018648099848008748,0.032383090427490435,0.057059617275564634,1,0.010753025590561538,59.791500091552734,56.31549835205078,0
2017-11-29,58.0634994506836,59.7400016784668,57.259498596191406,59.7400016784668,185150000.0,56.89804973602295,52.415029754638674,64.09694821177848,1.815177584144017,1.7936211901454646,0.02155639399855236,59.59994641047777,54.196153061568126,5.403793348909645,-0.027086140184754415,-0.020851598689468065,0.02148939898417468,1,0.014884475809668608,59.68000030517578,56.9744987487793,1
2017-11-30,58.837501525878906,58.92850112915039,58.0,58.35499954223633,90184000.0,57.08072490692139,52.61856979370117,67.21730479491362,1.771406320645177,1.789178216245407,-0.01777189560023018,59.7883926892475,54.37305712459528,5.415335564652224,0.013330269145295004,-0.015955421158744376,0.04443107146105052,1,0.014693798557191358,58.0634994506836,57.80799865722656,0
2017-12-01,58.11750030517578,58.98249816894531,57.59999847412109,58.602500915527344,82142000.0,57.25104999542236,52.81626983642578,61.83369184353046,1.6594896342507397,1.7632404998464737,-0.10375086559573399,59.762480326176664,54.73961966466806,5.022860661508602,-0.012237114119919568,-0.02618130013421749,0.02203487602577292,1,0.015457379286565423,58.837501525878906,59.29999923706055,0
2017-12-04,56.6974983215332,58.7599983215332,56.400001525878906,58.692501068115234,118638000.0,57.30692481994629,52.99511978149414,52.844282767152215,1.4396175463947145,1.698515909156122,-0.25889836276140743,59.71474495853142,54.89910468136116,4.81564027717026,-0.02443329420890661,-0.023525986929372245,0.0036021319467698376,1,0.0174955722939423,58.11750030517578,59.791500091552734,1
2017-12-05,57.07849884033203,57.9635009765625,56.23699951171875,56.41299819946289,81596000.0,57.35919971466065,53.196899795532225,54.745320595005985,1.2813403959114638,1.6150808065071902,-0.33374041059572646,59.69854287880735,55.01985655051394,4.678686328293409,0.00671988235950316,-0.029895944591957213,0.013548676840457352,1,0.017544962252775662,56.6974983215332,59.68000030517578,1
2017-12-06,57.61750030517578,57.79449844360352,56.80400085449219,56.89950180053711,57066000.0,57.432149696350095,53.41064979553223,57.36399765182936,1.185729179527094,1.529210481111171,-0.3434813015840772,59.70728658032747,55.15701281237272,4.550273767954749,0.009443161186693416,-0.008603260590605122,0.011285778208101505,1,0.017412866463415295,57.07849884033203,58.0634994506836,1
2017-12-07,57.98949813842773,58.15950012207031,57.54999923706055,57.829498291015625,50232000.0,57.49942455291748,53.61956977844238,59.12209232184802,1.1269825644480207,1.448764897778541,-0.3217823333305203,59.756864696404634,55.24198440943033,4.514880286974304,0.00645633412212665,0.02278759830932131,0.003139694945631488,1,0.0168998770916099,57.61750030517578,58.837501525878906,1
2017-12-08,58.09999847412109,58.63949966430664,57.85499954223633,58.52000045776367,61002000.0,57.581599426269534,53.82516975402832,59.654287626223265,1.076927749618605,1.3743974681465538,-0.2974697185279489,59.80052372976868,55.36267512277039,4.437848606998287,0.0019055232281814938,0.017896399774747662,-0.020236100815824276,1,0.014422087637760686,57.98949813842773,58.11750030517578,1
2017-12-11,58.44599914550781,58.494998931884766,57.84999847412109,58.22999954223633,47270000.0,57.69052429199219,54.03273971557617,61.35103907932952,1.0530395266051187,1.310125879838267,-0.2570863532331482,59.8539090095453,55.52713957443908,4.326769435106215,0.00595526128181989,0.014379291637850011,-0.02250321440312908,1,0.014256009545537383,58.09999847412109,56.6974983215332,0
2017-12-12,58.25400161743164,58.68000030517578,58.08050155639648,58.32550048828125,44718000.0,57.78029937744141,54.238629760742185,59.84697471247354,1.0070071897924109,1.2495021418290957,-0.2424949520366848,59.879804008348366,55.68079474653445,4.199009261813913,-0.0032850414208537293,0.004561230696849883,-0.023894079766290988,1,0.014259582492335858,58.44599914550781,57.07849884033203,0
2017-12-13,58.20650100708008,58.54349899291992,58.01350021362305,58.5,52336000.0,57.848524475097655,54.44565979003906,59.45860313592933,0.9556768807539271,1.190737089614062,-0.235060208860135,59.90996792710146,55.78708102309385,4.122886904007615,-0.0008154051057901457,0.001833090116283298,0.0024628477055181897,1,0.011304236676817101,58.25400161743164,57.61750030517578,1
2017-12-14,58.7130012512207,58.89649963378906,58.122501373291016,58.18550109863281,64286000.0,57.96744956970215,54.65446983337402,62.270211095861846,0.9449744999201286,1.1415845716752755,-0.1966100717551469,59.93823266335761,55.996666476046684,3.941566187310926,0.008701781336744707,0.00456835556952595,-0.0021160020638103516,1,0.010794897267494255,58.20650100708008,57.98949813842773,1
2017-12-15,58.95700073242188,59.13750076293945,58.46649932861328,58.95149993896485,95572000.0,58.07207469940185,54.85275985717774,63.5805492151159,0.945284849620009,1.1023246272642222,-0.15703977764421317,60.01957110760327,56.124578291200436,3.8949928164028336,0.004155799839922203,0.012067825307641611,0.014444881883045158,1,0.009970114164266016,58.7130012512207,58.09999847412109,1
2017-12-18,59.52899932861328,59.73899841308594,59.045501708984375,59.368499755859375,58952000.0,58.223824691772464,55.05375984191895,66.51632485895227,0.9803850418204192,1.0779367101754618,-0.09755166835504259,60.12831717414153,56.3193322094034,3.80898496473813,0.009701962262080421,0.022720800918308637,0.049940492806623604,1,0.0043992617460958516,58.95700073242188,58.44599914550781,0
2017-12-19,59.36899948120117,59.64849853515625,58.95700073242188,59.45750045776367,51756000.0,58.37649974822998,55.25014984130859,64.93941406635892,0.9839491927044506,1.0591392066812595,-0.07519001397680891,60.12801226598046,56.624987230479505,3.5030250355009542,-0.0026877630938977326,0.011172963670748048,0.04012895726771748,1,0.004938275082079698,59.52899932861328,58.25400161743164,0
2017-12-20,58.88100051879883,59.54999923706055,58.79999923706055,59.525001525878906,47424000.0,58.47182483673096,55.44056983947754,60.24798233854085,0.9365998302401266,1.0346313313930329,-0.09803150115290626,60.11171247155675,56.83193720190517,3.27977526965158,-0.008219760593352499,-0.0012890786959801614,0.02192910499294154,1,0.005834010412247597,59.36899948120117,58.20650100708008,0
2017-12-21,58.73799896240234,58.95849990844727,58.38199996948242,58.79499816894531,42462000.0,58.518324851989746,55.62032981872559,58.90504401128432,0.8774217174830028,1.003189408611027,-0.1257676911280241,60.132827606058186,56.90382209792131,3.229005508136879,-0.00242865364271172,-0.013287647619346754,0.012907523741416904,1,0.005787933010343037,58.88100051879883,58.7130012512207,0
2017-12-22,58.417999267578125,58.73099899291992,58.39149856567383,58.604000091552734,31702000.0,58.47422485351562,55.78775978088379,55.90217918692288,0.7955309501518855,0.9616577169191987,-0.1661267667673132,60.04859773792237,56.89985196910887,3.148745768813498,-0.005447916178231371,-0.016018464551085687,0.005473335659357703,1,0.0061575424197028335,58.73799896240234,58.95700073242188,1
2017-12-26,58.8380012512207,58.91600036621094,58.02750015258789,58.417999267578125,40104000.0,58.42654991149902,55.96157981872559,58.86611941678503,0.7558100690274756,0.920488187340854,-0.16467811831337842,59.89249064076688,56.96060918223117,2.931881458535713,0.007189598906302885,-0.000730274064626224,0.006707081946481175,1,0.006288621690606744,58.417999267578125,59.52899932861328,1
2017-12-27,59.11299896240234,59.36449813842773,58.78049850463867,58.99549865722656,37344000.0,58.39819984436035,56.137499771118165,60.727369481317254,0.7380136397618458,0.8839932778250524,-0.14597963806320668,59.785925393060396,57.0104742956603,2.7754510974000937,0.004673811233108838,0.006384282859891677,0.014745722544726503,1,0.00623353541556903,58.8380012512207,59.36899948120117,1
2017-12-28,59.30500030517578,59.505001068115234,59.21900177001953,59.45000076293945,36834000.0,58.460274887084964,56.314469757080076,62.01955526547704,0.7309765029828128,0.8533899228566046,-0.12241341987379184,59.89290236805807,57.02764740611186,2.8652549619462064,0.0032480392831288896,0.015183694216140964,0.018872450312072298,1,0.006199458154483087,59.11299896240234,58.88100051879883,0
2017-12-29,58.4734992980957,59.20000076293945,58.375,59.11750030517578,53768000.0,58.4420747756958,56.48693977355957,53.768556181815086,0.6508022955058621,0.8128723973864562,-0.16207010188059412,59.86428134037872,57.019868211012884,2.844413129365833,-0.01402075715034623,-0.006195009099114079,-0.004079197929266476,1,0.0074607152567440155,59.30500030517578,58.73799896240234,1
2018-01-02,59.45050048828125,59.5,58.5255012512207,58.59999847412109,53890000.0,58.508724784851076,56.68933975219726,60.42990243860012,0.6585086119930779,0.7819996403077806,-0.12349102831470271,59.98764918586813,57.02980038383402,2.957848802034107,0.016708444028718628,0.005709429935936372,0.008370503073912072,1,0.009169602401869422,58.4734992980957,58.417999267578125,1
2018-01-03,60.209999084472656,60.27450180053711,59.415000915527344,59.415000915527344,62176000.0,58.684349822998044,56.910629730224606,64.68929358814088,0.7176287352961239,0.7691254593054493,-0.05149672400932537,60.0938175792994,57.27488206669669,2.8189355126027067,0.012775310383486449,0.015260075451308808,0.011439798477043128,1,0.009542375271769387,59.45050048828125,58.8380012512207,1
2018-01-04,60.47949981689453,60.79349899291992,60.233001708984375,60.25,60442000.0,58.854399871826175,57.15391975402832,66.08436985765806,0.7772684489000241,0.7707540572243643,0.006514391675659814,60.268504713780565,57.440295029871784,2.8282096839087814,0.004476012896857506,0.03430614796238407,0.018705053906879376,1,0.009488579656054258,60.209999084472656,59.11299896240234,1
2018-01-05,61.45700073242188,61.45700073242188,60.5,60.8754997253418,70894000.0,59.04637489318848,57.40715980529785,70.61862150661662,0.8931142411514088,0.7952260940097732,0.09788814714163563,60.749606236561824,57.34314354981513,3.4064626867466927,0.016162516530176196,0.033750771274602576,0.043749260218508335,1,0.009730149374268,60.47949981689453,59.30500030517578,1
2018-01-08,62.34349822998047,62.65399932861328,61.60150146484375,61.79999923706055,85590000.0,59.264074897766115,57.681119766235355,74.01193993359333,1.0444164230208273,0.8450641598119841,0.19935226320884314,61.42329480452178,57.10485499101045,4.318439813511333,0.014424678832250848,0.03543429958393762,0.06138273913426939,1,0.009887024090299927,61.45700073242188,58.4734992980957,1
2018-01-09,62.6349983215332,62.96649932861328,62.0880012512207,62.845001220703125,73226000.0,59.49082489013672,57.961389770507814,75.03303022755054,1.174309405600546,0.9109132089696965,0.26339619663084957,62.032119546671616,56.94953023360183,5.082589313069789,0.0046757095740346255,0.035640150979498575,0.07218663950881843,1,0.009066698651171583,62.34349822998047,59.45050048828125,1
2018-01-10,62.71649932861328,62.71649932861328,61.86149978637695,62.25749969482422,53720000.0,59.70434989929199,58.114769744873044,75.32494586717465,1.269196473364829,0.9825698618487231,0.286626611516106,62.5571502362371,56.85154956234688,5.705600673890217,0.0013012055442500614,0.020493980851345794,0.06591825002403717,1,0.009244741781470549,62.6349983215332,60.209999084472656,1
2018-01-11,63.83399963378906,63.8385009765625,62.823001861572266,62.98699951171875,62500000.0,59.98334980010986,58.2805997467041,78.95782903457467,1.4182197391387348,1.0696998373067255,0.3485199018320093,63.27230181283914,56.69439778738059,6.577904025458551,0.01781828254348916,0.02390788849079728,0.07986400206813093,1,0.009878089036982554,62.71649932861328,60.47949981689453,1
2018-01-12,65.26000213623047,65.28800201416016,63.66949844360352,63.66949844360352,108874000.0,60.336024856567384,58.48051979064942,82.49877355231183,1.6325689961177332,1.182273669068927,0.45029532704880615,64.24202795549675,56.430021757638016,7.812006197858736,0.022339231610462695,0.041909537559527976,0.10041314898256526,1,0.01071891011016174,63.83399963378906,61.45700073242188,0
2018-01-16,65.24299621582031,66.99700164794922,64.61499786376953,66.1500015258789,144414000.0,60.66252460479736,58.68169975280762,82.32086245971901,1.7805450756427135,1.3019279503836845,0.478617125259029,65.03508499041493,56.28996421917979,8.745120771235143,-0.0002605871874575838,0.040284405447584604,0.1157703403932433,1,0.007835772667882069,65.26000213623047,62.34349822998047,0
2018-01-17,64.75,65.69999694824219,64.04399871826172,65.61199951171875,105076000.0,60.95217456817627,58.88247978210449,77.12812422135697,1.8368623050553339,1.4089148213180143,0.4279474837373196,65.59366404959917,56.310685086753374,9.282978962845796,-0.00755630863716783,0.014349725404423364,0.08914137758627239,1,0.009472231810261671,65.24299621582031,62.6349983215332,0
2018-01-18,64.66600036621094,65.2300033569336,64.20099639892578,64.69750213623047,80538000.0,61.209024620056155,59.06419975280762,76.24561373635376,1.8533517612438217,1.497802209303176,0.35554955194064575,66.07039805445565,56.34765118565666,9.722746868798993,-0.0012972916415299185,-0.009102080149791414,0.07400766234004852,1,0.00982438656983631,64.75,62.71649932861328,1
2018-01-19,64.72899627685547,65.6500015258789,64.64949798583984,65.5999984741211,91570000.0,61.477024459838866,59.23811965942383,76.46312192474207,1.8501753478674772,1.5682768370160363,0.2818985108514409,66.49165880371693,56.4623901159608,10.02926868775613,0.0009741736041779525,-0.00787823933261067,0.0702634193871734,1,0.00999355408770767,64.66600036621094,63.83399963378906,1
2018-01-22,66.3655014038086,66.37249755859375,64.83300018310547,64.8584976196289,82802000.0,61.85124950408935,59.44225967407227,81.26292383754844,1.9571495030946053,1.64605137023175,0.31109813286285526,67.14444828872595,56.55805071945275,10.586397569273203,0.025282411609683475,0.024949828630248527,0.07986886136467786,1,0.011271423248376912,64.72899627685547,65.26000213623047,1
2018-01-23,68.12699890136719,68.24500274658203,66.86699676513672,66.90450286865234,103386000.0,62.320699501037595,59.671919631958005,84.84529971770127,2.159175784025436,1.7486762529904873,0.41049953103494863,68.07178291962607,56.569616082449116,11.502166837176958,0.02654236704761037,0.05352114736579061,0.09276830520564983,1,0.012635199362399919,66.3655014038086,65.24299621582031,0
2018-01-24,67.87550354003906,69.40799713134766,66.9000015258789,68.74099731445312,136150000.0,62.79357471466064,59.90029968261719,82.42233616138085,2.2727901828935018,1.8534990389710904,0.4192911439224114,68.7354155385821,56.85173389073918,11.88368164784292,-0.0036915667119321594,0.048610475121930286,0.08366736423626975,1,0.013215760970989211,68.12699890136719,64.75,1
2018-01-25,68.89749908447266,68.91699981689453,67.88099670410156,68.4000015258789,95060000.0,63.29654960632324,60.15289962768555,84.37506132154249,2.4174302803330576,1.9662852872434837,0.4511449930895739,69.51071114813969,57.08238806450679,12.428323083632904,0.015056912893923968,0.038152317500892874,0.0985546040041716,1,0.013139917279986939,67.87550354003906,64.66600036621094,1
2018-01-26,70.10250091552734,70.12650299072266,69.04550170898438,69.60050201416016,97146000.0,63.846024703979495,60.42577964782715,86.30664381331019,2.599328733165187,2.0928939764278245,0.5064347567373626,70.41655646195879,57.2754929460002,13.141063515958592,0.017489776074125496,0.028997343872731562,0.0982000394413669,1,0.013117259122389388,68.89749908447266,64.72899627685547,1
2018-01-29,70.88400268554688,71.56950378417969,70.02200317382812,70.45899963378906,114038000.0,64.42497482299805,60.70661972045898,87.39498542271103,2.7745618076857568,2.229227542679411,0.5453342650063457,71.32523575408374,57.52471389191237,13.800521862171365,0.011147987016343786,0.04432378381890212,0.08617836906557685,1,0.012354204937470779,70.10250091552734,66.3655014038086,1
2018-01-30,71.89099884033203,71.9625015258789,69.5999984741211,70.15850067138672,117438000.0,65.09584980010986,61.01774971008301,88.64710155477967,2.960563917647022,2.3754948176729336,0.5850690999740884,72.15825723087931,58.033442369340406,14.124814861538908,0.014206254114237371,0.04344859821673874,0.10189603497853605,1,0.012075311722139097,70.88400268554688,68.12699890136719,1
2018-01-31,72.54450225830078,73.62899780273438,72.50199890136719,72.56500244140625,128494000.0,65.75054988861083,61.33134979248047,89.38409403427565,3.1246847731224534,2.5253328087628377,0.5993519643596157,73.02279581492031,58.478303962301354,14.544491852618961,0.009090198056924459,0.03483472502237861,0.1203784132556105,1,0.010452830745639454,71.89099884033203,67.87550354003906,0
2018-02-01,69.5,72.99400329589844,69.25700378417969,72.25,182276000.0,66.21504993438721,61.591469802856444,67.42439125069401,2.9747942686519053,2.6152251007406515,0.3595691679112538,73.19320543763675,59.23689443113768,13.956311006499071,-0.04196737400527717,-0.01952489466045726,0.07475334188620875,1,0.019752136374123926,72.54450225830078,68.89749908447266,1
2018-02-02,71.49749755859375,74.9000015258789,70.69999694824219,73.86949920654297,222514000.0,66.76594982147216,61.895109786987305,72.24273260549846,2.9828024334285743,2.6887405672782365,0.2940618661503378,73.58373795514234,59.94816168780199,13.635576267340348,0.02874097206609716,-0.00547358206292603,0.10456675788372194,1,0.020676449540289066,69.5,70.10250091552734,0
2018-02-05,69.5,72.9489974975586,66.03600311279297,70.13099670410156,229900000.0,67.16809978485108,62.14561981201172,62.31633610967415,2.795740051489119,2.710140464120413,0.08559958736870588,73.62513894015649,60.71106062954567,12.914078310610819,-0.027938006598856924,-0.04196737400527717,0.04723084328285543,1,0.023070762766197118,71.49749755859375,70.88400268554688,1
2018-02-06,72.14199829101562,72.19950103759766,67.5895004272461,68.072998046875,221336000.0,67.65802478790283,62.4322998046875,68.4844609122163,2.8280786181817916,2.7337280949326894,0.0943505232491022,74.06316536840215,61.25288420740351,12.810281160998642,0.03801436389950541,0.03801436389950541,0.05893404163393812,1,0.024508703949168882,69.5,71.89099884033203,0
2018-02-07,70.83899688720703,73.04949951171875,70.75749969482422,72.44999694824219,143254000.0,68.06822471618652,62.66307975769043,63.006923646582045,2.717243153968454,2.7304311067398426,-0.013187952771388733,74.17807967798747,61.95836975438557,12.219709923601897,-0.018061620618718965,-0.0092101219465347,0.0436607198857808,1,0.025540608434545125,72.14199829101562,72.54450225830078,0
2018-02-08,67.5250015258789,71.6875,67.49700164794922,71.48400115966797,171572000.0,68.3086498260498,62.81774978637695,51.6843735248105,2.335076215530478,2.65136012849797,-0.31628391296749214,73.91489064165262,62.702409010446985,11.212481631205634,-0.046782076355553315,-0.02841724423195824,-0.01992086181402586,1,0.0298450465623243,70.83899688720703,69.5,0
2018-02-09,66.9800033569336,69.17500305175781,63.29650115966797,68.67449951171875,282830000.0,68.46595001220703,62.96374984741211,50.090196512954854,1.9655714814477534,2.5142023990879268,-0.5486309176401734,73.72708336041535,63.20481666399871,10.522266696416636,-0.008071057484337008,-0.07155325685960234,-0.04454188535094239,1,0.02911348741146888,67.5250015258789,71.49749755859375,1
2018-02-12,69.3115005493164,69.69049835205078,67.20050048828125,68.2334976196289,134778000.0,68.66852493286133,63.188709869384766,56.30006764230068,1.8396621754311724,2.379294354356576,-0.5396321789254035,73.72844079176478,63.60860907395788,10.119831717806903,0.0348088545167482,-0.02156293009516741,-0.02218416111751398,1,0.0313700249366111,66.9800033569336,69.5,1
2018-02-13,70.72550201416016,70.98600006103516,69.17649841308594,69.29650115966797,118358000.0,68.94265022277833,63.42646987915039,59.58438814604282,1.832848309788261,2.270005145442913,-0.437156835654652,73.82133358463298,64.06396686092367,9.75736672370931,0.020400675986486094,0.047397266434043184,-0.016211999345848715,1,0.031779603440895914,69.3115005493164,72.14199829101562,1
2018-02-14,72.55249786376953,72.60299682617188,70.16799926757812,70.3125,119184000.0,69.3327751159668,63.71516983032227,63.41078685754834,1.9523659094979706,2.2064772982539247,-0.25411138875595407,74.05329398958837,64.61225624234523,9.441037747243143,0.025832207585371192,0.0831963903784887,0.00011021655976461986,1,0.03280502112324095,70.72550201416016,70.83899688720703,1
2018-02-15,73.08799743652344,73.4469985961914,71.84200286865234,73.34449768066406,113054000.0,69.75387496948242,64.04297981262206,64.47251132213047,2.066473785051514,2.178476595613443,-0.11200281056192907,74.23032218932802,65.27742774963683,8.952894439691192,0.007380856462852581,0.054485862479921154,0.05162586239602063,1,0.029223460605373012,72.55249786376953,67.5250015258789,0
2018-02-16,72.43450164794922,73.29000091552734,72.3280029296875,72.86849975585938,89452000.0,70.1391502380371,64.35009986877441,62.104151236660115,2.0801942652707055,2.1588201295448957,-0.07862586427419016,74.11810767492457,66.16019280114963,7.957914873774939,-0.008941218962002284,0.024163838857543807,0.013105410977322318,1,0.02829884430223772,73.08799743652344,66.9800033569336,1
2018-02-20,73.4175033569336,74.4384994506836,72.32450103759766,72.32450103759766,129984000.0,70.49175033569335,64.66609992980958,64.23256984381877,2.1456541024523546,2.156186924126388,-0.010532821674033244,74.31748290589661,66.6660177654901,7.651465140406515,0.013570904563712238,0.011922477083949223,0.056366954776022826,1,0.026458758651303482,72.43450164794922,69.3115005493164,1
2018-02-21,74.14600372314453,75.17449951171875,73.94599914550781,74.25,126088000.0,70.79270057678222,64.9892300415039,65.76707922691212,2.23060239039836,2.1710700173807824,0.05953237301757763,74.77092244125613,66.81447871230831,7.956443728947818,0.009922706887337096,0.014475787047524058,0.02777862381971863,1,0.024041084976550695,73.4175033569336,70.72550201416016,1
2018-02-22,74.26699829101562,75.12699890136719,73.78800201416016,74.76799774169922,97162000.0,71.11227531433106,65.3125700378418,66.02777058859331,2.28138933491104,2.193133880886834,0.08825545402420598,75.12847729663342,67.0960733320287,8.032403964604725,0.001631842065593636,0.025298671232292458,0.04839144474711876,1,0.02290323463284313,74.14600372314453,72.55249786376953,1
2018-02-23,75.0,75.0,74.32499694824219,74.76699829101562,88362000.0,71.41740036010742,65.64365005493164,67.63572018368612,2.3536540079962407,2.2252379063087155,0.12841610168752515,75.63632286295717,67.19847785725767,8.4378450056995,0.009869817359685173,0.021554759705908033,0.11069971573797455,1,0.013925205440398429,74.26699829101562,73.08799743652344,1
2018-02-26,76.09750366210938,76.14199829101562,75.3499984741211,75.45999908447266,99100000.0,71.71715049743652,66.0005200958252,69.93059446580914,2.470999511145834,2.2743902272761396,0.19660928386969445,76.35124024401536,67.08306075085768,9.268179493157675,0.014633382161458375,0.026319691432751924,0.1361227209349185,1,0.01229033500591991,75.0,72.43450164794922,0
2018-02-27,75.5989990234375,76.33899688720703,75.3604965209961,76.2249984741211,96176000.0,71.95290031433106,66.34837005615235,67.5863658884908,2.4950105807718757,2.3185142979752866,0.17649628279658902,76.86486513659472,67.0409354920674,9.823929644527311,-0.006550867172796515,0.01793529781831804,0.09071363950124578,1,0.010993214227239678,76.09750366210938,73.4175033569336,1
2018-02-28,75.62249755859375,76.43499755859375,75.5999984741211,75.97550201416016,90300000.0,72.13947525024415,66.6865599822998,67.64143122656964,2.487264030368607,2.3522642444539508,0.1349997859146561,77.30480002385085,66.97415047663745,10.330649547213397,0.0003108313001467522,0.008299967447916723,0.06923945967118272,1,0.01045510873722449,75.5989990234375,74.14600372314453,0
2018-03-01,74.67250061035156,75.92449951171875,73.25,75.68000030517578,136704000.0,72.24587516784668,67.0008699798584,62.9829965780762,2.3770666741487787,2.3572247303929164,0.019841943755862346,77.526569285717,66.96518104997635,10.561388235740651,-0.012562358807392093,-0.01872601574534105,0.029220258557640877,1,0.009697870027329476,75.62249755859375,74.26699829101562,1
2018-03-02,75.01249694824219,75.05249786376953,72.75050354003906,73.45500183105469,131752000.0,72.5215000152588,67.31053993225098,63.94016350652076,2.2907628502282336,2.3439323543599797,-0.05316950413174615,77.77552012067699,67.2674799098406,10.508040210836384,0.004553166629101657,-0.0077580666777543605,0.026331266134226317,1,0.009594233361123831,74.67250061035156,75.0,1
2018-03-05,76.18049621582031,76.26899719238281,74.05000305175781,74.71199798583984,104678000.0,72.75564994812012,67.64676986694336,67.08853952085725,2.2902140653653476,2.3331886965610535,-0.04297463119570599,78.21947250534105,67.2918273908992,10.927645114441844,0.01557072907976953,0.007378738804470375,0.051715611796124605,1,0.009435465515680985,75.01249694824219,76.09750366210938,1
2018-03-06,76.88200378417969,77.10649871826172,76.4000015258789,76.66000366210938,91234000.0,73.1247501373291,68.00678993225098,68.84778424685346,2.3196455178306223,2.3304800608149674,-0.010834542984345052,78.65592768078523,67.59357259387298,11.062355086912248,0.00920849302913429,0.029589248461860507,0.047189025352752045,1,0.009094742212379379,76.18049621582031,75.5989990234375,1
2018-03-07,77.25,77.29499816894531,76.12550354003906,76.32599639892578,83482000.0,73.38015022277833,68.37702995300293,69.76093633666514,2.345625464838008,2.333509141619576,0.012116323218432257,79.17181537627694,67.58848506927971,11.583330306997226,0.004786506564700588,0.029828403836518858,0.041863298370678814,1,0.00890753923232075,76.88200378417969,75.62249755859375,1
2018-03-08,77.59300231933594,77.74400329589844,77.26249694824219,77.5,77252000.0,73.71785049438476,68.76053001403808,70.62524103601919,2.36661135802629,2.340129584900919,0.026481773125371255,79.66304618998592,67.7726547987836,11.890391391202314,0.0044401594736043215,0.018541571316547767,0.04478441440823211,1,0.0088636581488713,77.25,74.67250061035156,1
2018-03-09,78.94450378417969,78.9469985961914,77.9540023803711,78.17500305175781,90686000.0,74.2888256072998,69.16266006469726,73.8025647102865,2.4638954497935117,2.3648827578794376,0.09901269191407414,79.93104208610677,68.64660912849283,11.284432957613944,0.01741782666536884,0.026826824204397415,0.05259338378906242,1,0.009663995620352897,77.59300231933594,75.01249694824219,1
2018-03-12,79.91950225830078,80.2665023803711,79.33499908447266,79.62999725341797,103484000.0,74.93580055236816,69.57879013061523,75.83340042258241,2.589814255241393,2.4098690573518287,0.1799451978895643,80.01688585451292,69.8547152502234,10.162170604289514,0.012350428812454961,0.03455666353787423,0.05022501937989943,1,0.009440258485710128,78.94450378417969,76.18049621582031,0
2018-03-13,79.40899658203125,80.87699890136719,78.90049743652344,80.7979965209961,130638000.0,75.4406753540039,69.98087005615234,72.65742354545073,2.6182309376962536,2.4515414334207137,0.16668950427553986,80.18126392774212,70.70008678026568,9.481177147476444,-0.006387748444923624,0.023404098416266228,0.05039746038717463,1,0.009418288609319696,79.91950225830078,76.88200378417969,1
2018-03-14,79.55000305175781,80.3219985961914,79.54450225830078,79.8499984741211,85188000.0,75.88190040588378,70.40240013122559,72.99385955324848,2.6219057099943797,2.485614288735447,0.13629142125893257,80.42339847814829,71.34040233361928,9.082996144529005,0.001775698923243585,0.007669935696010599,0.0519356754928777,1,0.009348927872391768,79.40899658203125,77.25,0
2018-03-15,79.11599731445312,79.84549713134766,78.90550231933594,79.75,81394000.0,76.21007537841797,70.79571006774903,70.13344282646514,2.5602839974515774,2.5005482304786733,0.05973576697290417,80.68995280925321,71.73019794758272,8.95975486167049,-0.005455760159082668,-0.010053928279617153,0.059506467143616515,1,0.008033399226604305,79.55000305175781,77.59300231933594,0
2018-03-16,78.58399963378906,79.47200012207031,78.375,79.17250061035156,108500000.0,76.48487548828125,71.16319007873535,66.68388955199325,2.4403892909055145,2.488516442564042,-0.048127151658527545,80.83744605436955,72.13230492219294,8.705141132176607,-0.006724274466889391,-0.010389212605022013,0.04761210239423397,1,0.008969018392914896,79.11599731445312,78.94450378417969,0
2018-03-19,77.24649810791016,78.08300018310547,76.26750183105469,77.72650146484375,131616000.0,76.7254753112793,71.49853004455566,58.847198578841166,2.2119487091721624,2.433202895885666,-0.22125418671350383,80.66859914741838,72.78235147514022,7.886247672278159,-0.01702002356856136,-0.028956692086472002,0.013993107751226086,1,0.01038826066416447,78.58399963378906,79.91950225830078,1
2018-03-20,79.32550048828125,79.3499984741211,77.27050018310547,77.51699829101562,91632000.0,77.02087516784668,71.85590003967285,65.61211775997285,2.1736099964571594,2.381284315999965,-0.20767431954280546,80.81068674365743,73.23106359203594,7.57962315162149,0.02691387223103381,0.0026480507222255145,0.03178242740603965,1,0.0130319907963625,77.24649810791016,79.40899658203125,0
2018-03-21,79.09300231933594,79.5,78.15850067138672,79.32250213623047,95016000.0,77.26822509765626,72.19089012145996,64.33837269655527,2.1002551967052483,2.3250784921410217,-0.2248232954357734,80.91839068988858,73.61805950542393,7.300331184464653,-0.0029309385697435797,0.006477179679309941,0.023857635201759653,1,0.013156155296209922,79.32550048828125,79.55000305175781,0
2018-03-22,77.24600219726562,78.69249725341797,77.12000274658203,78.27349853515625,126412000.0,77.41717529296875,72.48311019897461,55.17468298494129,1.871509914264891,2.2343647765657955,-0.36285486230090447,80.79853456262096,74.03581602331654,6.762718539304416,-0.023352257063312565,-6.419846293126419e-06,-0.004472054330907582,1,0.015425961001130806,79.09300231933594,79.11599731445312,0
2018-03-23,74.77799987792969,77.45099639892578,74.76799774169922,76.95050048828125,160120000.0,77.40607528686523,72.72434020996094,45.7897370434358,1.4740880986821026,2.0823094409890572,-0.6082213423069547,80.82039802568218,73.99175254804828,6.8286454776338985,-0.03194990354365934,-0.05732709636068878,-0.05277763120331325,1,0.016936616087789274,77.24600219726562,78.58399963378906,1
2018-03-26,77.79299926757812,77.84950256347656,74.9625015258789,76.5,112494000.0,77.49085006713867,73.00352020263672,55.702551720976146,1.3864317774004888,1.9431339082713437,-0.5567021308708548,80.85482432466023,74.1268758096171,6.727948515043124,0.0403193371656132,-0.016436385187517444,-0.026608060994296134,1,0.021786273503241894,74.77799987792969,77.24649810791016,0
2018-03-27,74.85250091552734,78.79850006103516,74.11599731445312,78.62000274658203,139992000.0,77.45352516174316,73.19537017822266,46.72802952675604,1.0673857109632792,1.767984268809731,-0.7005985578464518,80.9157653882248,73.99128493526152,6.92448045296328,-0.037799009933227934,-0.03098543890499239,-0.057380093725236114,1,0.024506677722725887,77.79299926757812,79.32550048828125,0
2018-03-28,71.57099914550781,72.79499816894531,69.30850219726562,72.3499984741211,274106000.0,77.25095024108887,73.3219302368164,39.14783456764959,0.5434846834002087,1.5230843517278265,-0.9795996683276178,81.50221488135692,72.99968560082083,8.502529280536095,-0.043839574227757305,-0.04288695522288777,-0.10030174230236799,1,0.027086173720156894,74.85250091552734,79.09300231933594,1
2018-03-29,72.36699676513672,72.77349853515625,68.26000213623047,70.30000305175781,251622000.0,77.13567504882812,73.47427017211913,41.621711417616524,0.19032574333230912,1.2565326300487232,-1.066206886716414,81.76827878465461,72.50307131300163,9.265207471652985,0.011121789958675743,-0.06974923905142205,-0.08530513143241991,1,0.027902690653704147,71.57099914550781,77.24600219726562,0
2018-04-02,68.59950256347656,71.06800079345703,67.75,70.88099670410156,209272000.0,76.81502532958984,73.55294021606446,34.477377151623145,-0.38907553626452795,0.9274109967860729,-1.3164865330506008,82.7075140647489,70.92253659443078,11.784977470318125,-0.05206094449224363,-0.08353760095614471,-0.12705508903646368,1,0.03107971153039018,72.36699676513672,74.77799987792969,1
2018-04-03,69.60250091552734,70.69999694824219,67.7665023803711,69.56900024414062,204624000.0,76.48612556457519,73.65041030883789,37.550656378838696,-0.7585772339472925,0.5902133506393998,-1.3487905845866923,83.16536949766486,69.80688163148552,13.358487866179331,0.014621073252283123,-0.02750413230893145,-0.09895590582895375,1,0.032221396427868504,68.59950256347656,77.79299926757812,1
2018-04-04,70.52850341796875,70.76950073242188,67.64399719238281,67.91200256347656,139646000.0,76.16845054626465,73.7336703491211,40.33318859155285,-0.9655589657382109,0.27905888736387774,-1.2446178531020886,83.32917245568667,69.00772863684263,14.321443818844045,0.013304155601610468,-0.025405135342768226,-0.11089746697043634,1,0.030747597835615755,69.60250091552734,74.85250091552734,1
2018-04-05,72.5875015258789,72.97799682617188,71.35350036621094,72.09950256347656,128270000.0,75.9353256225586,73.82288040161133,46.08554770745413,-0.9524700579264334,0.03275309830581552,-0.9852231562322489,83.24211963067255,68.62853161444464,14.613588016227908,0.02919384373872269,0.05813451721041507,-0.0822512814368993,1,0.033287395507666385,70.52850341796875,71.57099914550781,0
2018-04-06,70.2614974975586,72.625,70.01300048828125,71.49849700927734,117646000.0,75.56875038146973,73.87060028076172,41.24770096101074,-1.1169110348866127,-0.19717972833267014,-0.9197313065539425,83.23299305506072,67.90450770787874,15.328485347181982,-0.032044139547784845,0.009468001485047672,-0.09041897963690693,1,0.03384041434874303,72.5875015258789,72.36699676513672,1
2018-04-09,70.30400085449219,71.92400360107422,70.12850189208984,71.25150299072266,84164000.0,75.13672523498535,73.89873031616212,41.36882028524199,-1.229627646084225,-0.40366931188298116,-0.8259583342012439,82.96350031544438,67.30995015452632,15.653550160918059,0.0006049309856379637,-0.0031831465662344183,-0.0598304184484878,1,0.032931739342425714,70.2614974975586,68.59950256347656,1
2018-04-10,71.81099700927734,71.91899871826172,70.78500366210938,71.59950256347656,85082000.0,74.73129997253417,73.9329002380371,45.647243508527,-1.1837093132096328,-0.5596773121483115,-0.6240320010613213,82.36268464516492,67.09991529990343,15.26276934526149,0.02143542524562969,-0.010697496129202344,-0.07689640860516234,1,0.030450284753945185,70.30400085449219,69.60250091552734,0
2018-04-11,71.35250091552734,72.43900299072266,71.24449920654297,71.97200012207031,71650000.0,74.32847518920899,73.94227020263672,44.58134355770162,-1.1708190335277209,-0.6819056564241934,-0.48891337710352745,81.7780421764134,66.87890820200458,14.899133974408812,-0.006384761566404218,0.01552775640750692,-0.046758624724507536,1,0.028543168726080453,71.81099700927734,70.52850341796875,1
2018-04-12,72.42500305175781,72.60600280761719,71.75299835205078,71.9749984741211,62700000.0,73.97222518920898,73.95295028686523,47.66014451987992,-1.0618214185388695,-0.7578888088471287,-0.30393260969174074,81.06166540960591,66.88278496881206,14.178880440793847,0.015031037769792865,0.030169011314952865,0.011932261900015728,1,0.02540448379334921,71.35250091552734,72.5875015258789,0
2018-04-13,71.53949737548828,72.98899841308594,71.22599792480469,72.45700073242188,73706000.0,73.59340019226075,73.93285018920898,45.4166816440254,-1.0349625271982887,-0.8133035525173608,-0.221658974680928,80.34455444269621,66.84224594182528,13.502308500870924,-0.012226519005276604,-0.003780752880425675,-0.011434762068875726,0,0.02549288575985238,72.42500305175781,70.2614974975586,1
2018-04-16,72.07499694824219,72.3499984741211,71.3740005493164,72.25,56172000.0,73.2679500579834,73.98435012817383,47.04021860027334,-0.9594068768719097,-0.8425242173882707,-0.11688265948363907,79.64245440567201,66.89344571029478,12.749008695377228,0.007485369514734552,0.010125728228786102,0.05066355082603802,0,0.0180789461454308,71.53949737548828,70.30400085449219,1
2018-04-17,75.19149780273438,75.3594970703125,72.85099792480469,73.11499786376953,102288000.0,73.1652000427246,74.05823013305664,55.361733090328904,-0.6406676880598781,-0.8021529115225923,0.1614852234627142,79.3430891388731,66.98731094657612,12.355778192296981,0.04323969457439136,0.038198061917919635,0.0802987940618698,0,0.02166307843566475,72.07499694824219,71.81099700927734,1
2018-04-18,76.39199829101562,76.69000244140625,75.20549774169922,75.73249816894531,104550000.0,73.01852493286133,74.19607009887696,58.09334478272192,-0.28787577538915343,-0.6992974842959045,0.4114217089067511,78.72578735928141,67.31126250644124,11.414524852840174,0.015965907361371823,0.0678296758231065,0.08313652762909784,0,0.021752154390371883,75.19149780273438,71.35250091552734,1
2018-04-19,77.84549713134766,78.4260025024414,76.9530029296875,77.16100311279297,130474000.0,72.95614967346191,74.31014007568359,61.18999643062719,0.107757405851018,-0.5378865062665201,0.6456439121175381,78.4185080221351,67.49379132478872,10.924716697346383,0.019026846696625466,0.08006244089402226,0.0724366522464499,0,0.020883699016491706,76.39199829101562,72.42500305175781,0
2018-04-20,76.37449645996094,78.05999755859375,75.80449676513672,78.05999755859375,110832000.0,72.91257438659667,74.42085006713867,56.62927816856993,0.2991536349644548,-0.3704784780203252,0.66963211298478,78.2498223218321,67.57532645136125,10.67449587047085,-0.018896413095091713,0.01573314392978542,0.08700353935118943,0,0.01840423310545672,77.84549713134766,71.53949737548828,0
2018-04-23,75.89299774169922,77.4000015258789,75.17050170898438,77.33450317382812,89308000.0,72.96832427978515,74.58820999145507,55.17951310951658,0.4072886331268819,-0.21492505579088378,0.6222136889177656,78.40472065442505,67.53192790514525,10.872792749279796,-0.006304443768269441,-0.006532104938732686,0.0794975651353691,0,0.018858822526384083,76.37449645996094,72.07499694824219,0
2018-04-24,73.00450134277344,76.9749984741211,72.42250061035156,76.79000091552734,149894000.0,72.72889938354493,74.70869995117188,47.34840321505638,0.25694695447228355,-0.12055065373825033,0.3774976082105339,77.69577691644723,67.76202185064263,9.933755065804604,-0.03806011733462866,-0.06218722940912136,0.01662007747005534,0,0.02301829814144685,75.89299774169922,75.19149780273438,1
2018-04-25,73.00849914550781,73.49949645996094,70.7509994506836,72.9000015258789,131746000.0,72.63669929504394,74.7826399230957,47.35953844927889,0.1365486326166092,-0.06913079646727843,0.20567942908388764,77.51005209508024,67.76334649500764,9.746705600072602,5.476104433066453e-05,-0.044072268498918876,0.023208692179423007,0,0.02285062181829157,73.00450134277344,76.39199829101562,1
2018-04-26,75.89800262451172,76.47100067138672,73.92500305175781,74.25050354003906,176022000.0,72.85304946899414,74.88608993530273,54.80018995072866,0.27116505532696067,-0.0010716261084306178,0.27223668143539126,77.89907904106006,67.80701989692822,10.092059144131838,0.03957763154732241,6.59465690040495e-05,0.04795304696462299,0,0.025506593117188454,73.00849914550781,77.84549713134766,1
2018-04-27,78.63099670410156,81.90499877929688,78.36949920654297,81.70050048828125,261064000.0,73.16624946594239,75.00765991210938,60.48886278871756,0.5915601842516196,0.11745473596357944,0.47410544828804013,78.79650016142315,67.53599877046162,11.260501390961537,0.03600877473825914,0.07707052658178437,0.09912704993427957,0,0.026433833121565116,75.89800262451172,76.37449645996094,0
2018-04-30,78.30650329589844,79.80000305175781,78.0469970703125,79.125,109282000.0,73.65159950256347,75.11203002929688,59.53085652072717,0.8099550682618286,0.2559548024232293,0.5540002658385993,79.29702868862263,68.00617031650431,11.290858372118322,-0.004126787422321976,0.07256695059340368,0.08645864185233565,0,0.02679981156797292,78.63099670410156,75.89299774169922,1
2018-05-01,79.11299896240234,79.25,77.60900115966797,78.16100311279297,91442000.0,74.12712440490722,75.24559997558593,61.1766188929933,1.0361677505748617,0.4119973920535558,0.6241703585213059,79.92822015504704,68.3260286547674,11.602191500279645,0.010299216955919732,0.04235943274813292,0.05215351834001325,0,0.02394841991310163,78.30650329589844,73.00450134277344,0
2018-05-02,78.48400115966797,79.42500305175781,78.31800079345703,79.04900360107422,87206000.0,74.52489929199218,75.34692993164063,59.156048226838884,1.1514152666922826,0.5598809669813012,0.5915342997109814,80.37522175052526,68.67457683345911,11.700644917066143,-0.007950625194139027,-0.0018694350904231438,0.027385104663486537,0,0.02396517725155744,79.11299896240234,73.00849914550781,1
2018-05-03,78.60399627685547,78.73999786376953,77.3010025024414,78.00050354003906,85038000.0,74.82572402954102,75.43608978271484,59.43133063923103,1.2381596232357879,0.6955366982321985,0.5426229250035893,80.86239490010263,68.78905315897941,12.073341741123215,0.001528911821702117,0.003799083964110661,0.009743648296419938,0,0.023291283794287247,78.48400115966797,75.89800262451172,1
2018-05-04,79.04750061035156,79.24500274658203,78.1094970703125,78.12249755859375,68872000.0,75.26502418518066,75.53169982910157,60.49122659342316,1.327390907835266,0.821907540152812,0.5054833676824539,81.18682318760489,69.34322518275644,11.843598004848445,0.005642261901468659,-0.0008279088507554544,0.03499864842699085,0,0.022204518692796726,78.60399627685547,78.63099670410156,1
2018-05-07,80.00700378417969,80.34750366210938,79.3915023803711,79.46700286865234,76038000.0,75.75017433166504,75.63183990478515,62.758150503433484,1.4587160602589222,0.949269244174034,0.5094468160848882,81.55544300525065,69.94490565807942,11.610537347171231,0.012138311349751518,0.019405262244636567,0.0542079791930532,1,0.02204965933297946,79.04750061035156,78.30650329589844,0
2018-05-08,79.61949920654297,79.84400177001953,79.12550354003906,79.75,61358000.0,76.14059944152832,75.70227981567383,61.230148876043565,1.5140705460185728,1.062229504542942,0.45184104147563087,81.88362379363535,70.3975750894213,11.486048704214056,-0.004843383195326512,0.012919227746522433,0.09061082182741775,1,0.01658013400189489,80.00700378417969,79.11299896240234,1
2018-05-09,80.4000015258789,80.4000015258789,79.5999984741211,80.0,72746000.0,76.5929744720459,75.79829986572265,63.17496647307623,1.6024473732015707,1.1702730782746678,0.43217429492690296,82.17930419380835,71.00664475028344,11.172659443524907,0.009802904151798408,0.017109976976934727,0.1012416700367944,1,0.016290726753527766,79.61949920654297,78.48400115966797,1
2018-05-10,80.4540023803711,80.77999877929688,80.1719970703125,80.42400360107422,56350000.0,76.99442443847656,75.8949299621582,63.312092156796034,1.6577347290657087,1.267765408432876,0.38996932063283274,82.47799459009887,71.51085428685424,10.967140303244634,0.0006716524063099527,0.005586993326199163,0.06002792693240111,1,0.012624239071737037,80.4000015258789,78.60399627685547,0
2018-05-11,80.14550018310547,80.55500030517578,79.89450073242188,80.54949951171875,45278000.0,77.42472457885742,76.00438995361328,61.894121093270286,1.6575496077635279,1.3457222482990063,0.31182735946452156,82.46094524337254,72.38850391434231,10.072441329030227,-0.003834516470754168,0.006606434124861726,0.019260896370208558,1,0.00718935132083489,80.4540023803711,79.04750061035156,0
2018-05-14,80.0770034790039,80.55899810791016,80.00250244140625,80.19999694824219,50190000.0,77.8248249053955,76.10568008422851,61.564430416819384,1.633050990943019,1.403187996827809,0.22986299411521016,82.34214679175518,73.30750301903582,9.034643772719363,-0.0008546543966294617,-0.004017388566479485,0.022609874130316454,1,0.006953509135681705,80.14550018310547,80.00700378417969,0
2018-05-15,78.80599975585938,79.38999938964844,78.26100158691406,79.38999938964844,101550000.0,78.00555000305175,76.1581901550293,55.64173054783428,1.4938560398391445,1.4213216054300761,0.07253443440906837,82.37375435642252,73.63734564968098,8.736408706741543,-0.015872268790349864,-0.02048378670734463,-0.003880515346016189,1,0.008372026931937839,80.0770034790039,79.61949920654297,1
2018-05-16,79.36399841308594,79.72149658203125,78.83350372314453,78.875,51412000.0,78.15415000915527,76.20783004760742,57.57155578384638,1.4122888794101556,1.4195150602260922,-0.0072261808159366225,82.49480065354182,73.81349936476873,8.681301288773085,0.007080662119067549,-0.00975103740364791,0.011212441267204332,1,0.008204900005958951,78.80599975585938,80.4000015258789,0
2018-05-17,79.08799743652344,79.7020034790039,78.6500015258789,79.02799987792969,42952000.0,78.21627502441406,76.2445899963379,56.2675968858029,1.3102713524034044,1.3976663186615548,-0.08739496625815035,82.5730135786831,73.85953647014502,8.713477108538086,-0.003477659670395261,-0.012350687457227116,0.006157462503092681,1,0.008330722052102356,79.36399841308594,80.4540023803711,0
2018-05-18,78.71849822998047,79.17949676513672,78.6050033569336,79.06649780273438,52852000.0,78.33347511291504,76.26709991455078,54.48830654203296,1.1859355030596106,1.355320155541166,-0.16938465248155543,82.61111971722964,74.05583050860044,8.555289208629205,-0.004672001043388829,-0.0011103409150317045,-0.004162084541962208,1,0.00828167097721074,79.08799743652344,80.14550018310547,1
2018-05-21,79.27300262451172,79.60250091552734,78.75,79.25,58504000.0,78.50247535705566,76.27366989135743,56.70110293049557,1.119240410367567,1.3081042065064463,-0.18886379613887927,82.6460674532772,74.35888326083412,8.287184192443078,0.007044143460552821,-0.0011465625522115719,-0.009174211318398462,1,0.007550035308858087,78.71849822998047,80.0770034790039,0
2018-05-22,79.06999969482422,79.49449920654297,78.76249694824219,79.49449920654297,42312000.0,78.80575027465821,76.25667984008788,55.63464006541604,1.0380375779942597,1.254090880804009,-0.21605330280974933,82.09517665014218,75.51632389917424,6.57885275096794,-0.0025608078786804045,-0.00022756603128892827,-0.006901569555132214,1,0.007451277351482854,79.27300262451172,78.80599975585938,1
2018-05-23,80.09300231933594,80.09300231933594,78.31700134277344,78.55249786376953,67238000.0,79.15997543334962,76.27035995483398,59.74374066456794,1.04419468418142,1.2121116414794912,-0.1679169572980712,81.14194502492968,77.17800584176955,3.963939183160136,0.012937936366005598,0.017461004976743633,-0.0038183980188626343,1,0.007987406489275052,79.06999969482422,79.36399841308594,1
2018-05-24,80.15350341796875,80.41200256347656,79.41899871826172,79.90149688720703,68600000.0,79.37275047302246,76.2824299621582,59.97981731135199,1.0419452717211897,1.178078367527831,-0.13613309580664135,80.72050298815334,78.02499795789159,2.6955050302617565,0.0007553855752788774,0.011107196199286795,-0.0037350405636955575,1,0.007988644667151634,80.09300231933594,79.08799743652344,1
2018-05-25,80.50749969482422,80.70600128173828,80.02249908447266,80.1500015258789,53968000.0,79.4665756225586,76.31026000976563,61.405950468567895,1.0565479105773363,1.1537722761377323,-0.09722436556039593,80.8553576917955,78.07779355332168,2.7775641384738208,0.004416479152626884,0.01818009365812734,0.004516778994350323,1,0.008014287915701229,80.15350341796875,78.71849822998047,1
2018-05-29,80.64350128173828,81.0895004272461,80.00749969482422,80.0354995727539,76930000.0,79.58342552185059,76.35145004272461,61.96670771727341,1.0667974219070402,1.1363773052915938,-0.06957988338455356,80.95527729256283,78.21157375113835,2.7437035414244804,0.0016893033249025802,0.006873246681494916,0.007074413103918209,1,0.008007598157614045,80.50749969482422,79.27300262451172,1
2018-05-30,81.24449920654297,81.30000305175781,80.64649963378906,80.90499877929688,58148000.0,79.69000053405762,76.43141006469726,64.4264808664235,1.1106132846493892,1.1312245011631528,-0.02061121651376352,81.22105157028312,78.15894949783211,3.0621020724510117,0.00745252767120097,0.013611330036132241,0.03094306852572215,1,0.0056965391249068405,80.64350128173828,79.06999969482422,1
2018-05-31,81.48100280761719,81.75,81.06749725341797,81.1500015258789,63326000.0,79.83985061645508,76.47452011108399,65.37547691569989,1.1511517745229725,1.1352099558351167,0.015941818687855713,81.45383575186449,78.22586548104567,3.2279702708188154,0.0029110106331380337,0.012092079824651991,0.0266746186792699,1,0.005519942735520214,81.24449920654297,80.09300231933594,1
2018-06-01,82.0770034790039,82.33650207519531,81.75450134277344,81.85150146484375,66268000.0,80.0135009765625,76.53420013427734,67.71301522775585,1.217338373998686,1.1516356394678307,0.0657027345308554,81.79670977628321,78.23029217684179,3.5664175994414222,0.007314596664868223,0.017775793144912067,0.037793421749987566,1,0.005236610734474904,81.48100280761719,80.15350341796875,1
2018-06-04,83.26349639892578,83.28399658203125,82.27449798583984,82.44499969482422,63754000.0,80.22430076599122,76.65455001831054,71.79526888442382,1.3499701777526383,1.1913025471247922,0.15866763062784606,82.44419944072416,78.00440209125827,4.439797349465891,0.014455850842866047,0.024850878669951948,0.05773735870400931,1,0.005319830010860879,82.0770034790039,80.50749969482422,1
2018-06-05,84.81749725341797,84.94999694824219,83.50299835205078,83.64949798583984,95644000.0,80.46482543945312,76.8553399658203,76.06396713374667,1.5624655887130672,1.2655351554424472,0.29693043327061996,83.44921630706183,77.48043457184441,5.968781735217419,0.018663651200122366,0.040948126935532514,0.06994177646037403,1,0.006739681214370523,83.26349639892578,80.64350128173828,0
2018-06-06,84.7874984741211,85.7249984741211,84.32350158691406,85.22550201416016,109464000.0,80.72322540283203,76.99522994995117,75.82539200363571,1.708751656630298,1.3541784556800176,0.35457320095028044,84.22089488854522,77.22555591711884,6.995338971426378,-0.0003536862117876627,0.0330238054537475,0.07230933098980574,1,0.006427866654632059,84.81749725341797,81.24449920654297,0
2018-06-07,84.46499633789062,84.99500274658203,83.80549621582031,84.9280014038086,75314000.0,80.92647514343261,77.18747985839843,73.16844012007749,1.7781636288134024,1.4389754903066947,0.3391881385067077,84.77974975267547,77.07320053418975,7.706549218485719,-0.003803651977406841,0.014430092308498566,0.05458646688162938,1,0.006880752408702034,84.7874984741211,81.48100280761719,0
2018-06-08,84.19950103759766,84.47200012207031,83.65049743652344,84.05599975585938,59102000.0,81.11375007629394,77.44004989624024,70.96391270626083,1.7911031428501332,1.5094010208153825,0.28170212203475065,85.21318067220976,77.01431948037812,8.19886119183164,-0.003143258294014406,-0.007286187824828927,0.05047811320898399,1,0.007269486757743228,84.46499633789062,82.0770034790039,1
2018-06-11,84.45600128173828,84.71199798583984,84.02950286865234,84.07550048828125,46710000.0,81.32927513122559,77.68182998657227,71.84646464741083,1.8012910648576508,1.5677790296238363,0.23351203523381447,85.64970960780829,77.00884065464288,8.640868953165409,0.0030463392416790747,-0.003909741392877586,0.04904513991716852,1,0.00729374669243507,84.19950103759766,83.26349639892578,1
2018-06-12,84.9375,84.97550201416016,84.57599639892578,84.6500015258789,45184000.0,81.57229995727539,78.00858993530274,73.47624551885299,1.8271556756951526,1.6196543588380996,0.20750131685705298,86.12423693889927,77.02036297565151,9.103873963247764,0.005701178257960349,0.005594076630503597,0.05324668014177725,1,0.007212089715850468,84.45600128173828,84.81749725341797,1
2018-06-13,85.24299621582031,85.6875,85.00599670410156,85.1405029296875,66550000.0,81.89414978027344,78.32139984130859,74.48545090166638,1.85096775353135,1.6659170377767496,0.18505071575460041,86.52773369491746,77.26056586562942,9.267167829288042,0.0035967177727189714,0.01239312781386559,0.04921560288176807,1,0.007182746630891562,84.9375,84.7874984741211,1
2018-06-14,86.19300079345703,86.23999786376953,85.44349670410156,85.67400360107422,63488000.0,82.235599899292,78.63468978881836,77.36915017569962,1.924314131208419,1.7175964564630835,0.20671767474533564,87.07496328484906,77.39623651373493,9.678726771114128,0.011144664310384744,0.02056691632752372,0.057829405916434595,1,0.0074056559321888,85.24299621582031,84.46499633789062,0
2018-06-15,85.79850006103516,86.04350280761719,85.4260025024414,85.69999694824219,95552000.0,82.57112503051758,78.89890975952149,73.64675492815813,1.9283795922584233,1.7597530836221515,0.1686265086362717,87.42153746478738,77.72071259624778,9.700824868539598,-0.004576946257703773,0.01013686606075237,0.045341525936473115,1,0.008038542126919117,86.19300079345703,84.19950103759766,1
2018-06-18,86.18949890136719,86.33699798583984,85.12799835205078,85.31300354003906,62154000.0,82.94467506408691,79.21746978759765,74.93397404887918,1.9407797374123135,1.795958414380184,0.14482132303212936,87.7005473829372,78.18880274523661,9.511744637700588,0.004557175708828076,0.011103583022240349,0.0351414801081924,1,0.0072427475891309765,85.79850006103516,84.45600128173828,1
2018-06-19,86.73899841308594,86.80549621582031,85.01950073242188,85.4520034790039,85802000.0,83.31797485351562,79.54616973876954,76.65943920227558,1.9722125217308104,1.8312092358503096,0.14100328588050082,88.03433497724461,78.60161472978663,9.43272024745798,0.006375480989251114,0.006334593465857852,0.022654537352439164,1,0.005109210238158036,86.18949890136719,84.9375,1
2018-06-20,87.50399780273438,88.14649963378906,87.06800079345703,87.125,86652000.0,83.73967475891114,79.86002975463867,78.84294515850867,2.0353895830152027,1.8720453052832882,0.1633442777319145,88.36873822924333,79.11061128857894,9.258126940664397,0.008819555259391043,0.019877943559455824,0.03203891348961552,1,0.005403913730511079,86.73899841308594,85.24299621582031,0
2018-06-21,86.51100158691406,88.15499877929688,85.87799835205078,88.0,98822000.0,84.06057472229004,80.1631997680664,69.72489175831403,1.9824785843775317,1.894131961102137,0.08834662327539466,88.52070117426288,79.6004482703172,8.92025290394568,-0.011348009699612582,0.0037301839510031076,0.0242231141624476,1,0.006825569886247838,87.50399780273438,86.19300079345703,0
2018-06-22,85.78350067138672,87.1500015258789,85.59500122070312,87.13099670410156,81502000.0,84.34207458496094,80.43036972045898,63.89479936543052,1.8603974886577674,1.8873850666132632,-0.02698757795549578,88.47927325152953,80.20487591839235,8.274397333137188,-0.008409345657574563,-0.011015780204755798,0.018812458675755872,1,0.007474540567916142,86.51100158691406,85.79850006103516,0
2018-06-25,83.15750122070312,85.25,82.31549835205078,85.12550354003906,150224000.0,84.47457466125488,80.66272979736328,48.22112834289456,1.534067357897925,1.8167215248701956,-0.28265416697227064,88.2674677020924,80.68168162041735,7.585786081675053,-0.030611940875939325,-0.04967197718017213,-0.015374870244015737,1,0.012669366863954597,85.78350067138672,86.18949890136719,1
2018-06-26,84.55449676513672,85.07849884033203,83.16699981689453,83.61849975585938,87732000.0,84.67012443542481,80.91231979370117,54.60131730121831,1.372354593948046,1.7278481386857658,-0.3554935447377199,88.03151278299961,81.30873608785001,6.722776695149605,0.016799393006361685,-0.022615676456036904,-0.004509236024880403,1,0.013803211551438856,83.15750122070312,86.73899841308594,0
2018-06-27,83.02549743652344,85.59750366210938,83.0,85.40550231933594,97444000.0,84.75917434692383,81.06899978637695,47.67686251365272,1.1080457345087922,1.6038876578503711,-0.49584192334157895,87.83507909636138,81.68326959748627,6.15180949887511,-0.018083004300295413,-0.03215074243039395,-0.02601385307577131,1,0.014779772816395982,84.55449676513672,87.50399780273438,1
2018-06-28,85.07250213623047,85.2750015258789,83.05850219726562,83.62699890136719,90594000.0,84.93874931335449,81.24260986328125,55.76494014503776,1.0516326641611045,1.4934366591125179,-0.4418039949514134,87.62250684447099,82.254991782238,5.367515062232997,0.024655133217022396,0.023028600997099025,-0.012999879884813326,1,0.016666153378428337,83.02549743652344,86.51100158691406,0
2018-06-29,84.98999786376953,86.17050170898438,84.71600341796875,85.8499984741211,90870000.0,85.08439903259277,81.38549987792969,55.39327583002891,0.9888684344426935,1.392523014178553,-0.4036545797358595,87.42540449214793,82.74339357303761,4.682010919110326,-0.0009698112831901806,0.0051505374083471445,-0.009423267267964719,1,0.01662349758412692,85.07250213623047,85.78350067138672,1
2018-07-02,85.68900299072266,85.69450378417969,83.90299987792969,84.13500213623047,63714000.0,85.20567436218262,81.57179000854492,57.95033495828647,0.9841861171901485,1.3108556347808722,-0.3266695175907237,87.4037297865013,83.00761893786394,4.396110848637363,0.008224557530564391,0.032080573274921864,-0.005806924474839881,1,0.016794914431792745,84.98999786376953,83.15750122070312,0
2018-07-03,84.697998046875,86.25,84.6240005493164,86.197998046875,43546000.0,85.19969940185547,81.74789001464843,53.28655327009024,0.8902473133697839,1.2267339704986546,-0.3364866571288707,87.40258741590526,82.99681138780568,4.405776028099581,-0.011565135656379955,-0.0044021755555720965,-0.023530365851019752,1,0.016941804422316534,85.68900299072266,84.55449676513672,1
2018-07-05,84.98650360107422,85.53450012207031,84.10749816894531,85.26899719238281,59662000.0,85.20964965820312,81.98753005981445,54.436202147226396,0.8295179550036806,1.1472907673996597,-0.3177728123959791,87.40679055968573,83.01250875672051,4.394281802965224,0.0034062854005068033,-4.111381083826693e-05,-0.028770047824963396,1,0.016632508759412436,84.697998046875,83.02549743652344,1
2018-07-06,85.53150177001953,85.76349639892578,84.58350372314453,84.80000305175781,53006000.0,85.26297492980957,82.23799011230469,56.60866265534102,0.8159604147181483,1.0810246968633574,-0.26506428214520916,87.43688151600087,83.08906834361828,4.347813172382587,0.006412761389779309,-0.001838056404042665,-0.011322257272798675,1,0.016565280253771967,84.98650360107422,85.07250213623047,1
2018-07-09,86.95099639892578,86.97799682617188,85.8115005493164,86.20249938964844,60240000.0,85.40054969787597,82.45904998779297,61.727197167144496,0.909275754809272,1.0466749084525404,-0.13739915364326838,87.63524218911675,83.1658572066352,4.469384982481557,0.01659616164256117,0.026600373137555033,0.013609793473122744,1,0.017200068612549746,85.53150177001953,84.98999786376953,1
2018-07-10,87.15350341796875,87.5,86.55000305175781,86.92649841308594,60058000.0,85.5354248046875,82.62950012207031,62.40847391687267,0.9881783532110404,1.0349755974042405,-0.04679724419320008,87.84999179648747,83.22085781288752,4.6291339835999565,0.0023289787055904565,0.02549816412105166,0.04805341837605348,1,0.013014840419672796,86.95099639892578,85.68900299072266,1
2018-07-11,87.75,87.8479995727539,86.69999694824219,86.89949798583984,64196000.0,85.6760498046875,82.81837005615235,64.41766090061009,1.0863191094632327,1.045244299816039,0.04107480964719379,88.16351531032905,83.18858429904594,4.974931011283104,0.006844206585369106,0.02593779115378636,0.037792232904410694,1,0.012357497943850753,87.15350341796875,84.697998046875,1
2018-07-12,89.83100128173828,89.9000015258789,88.10900115966797,88.22550201416016,90654000.0,85.9054500579834,83.03273010253906,70.3679853903673,1.3168361106602902,1.0995626619848893,0.21727344867540088,88.97012035184387,82.84077976412293,6.129340587720947,0.023715114321803732,0.03312216078121999,0.08196884156482098,1,0.011148792948579964,87.75,84.98650360107422,1
2018-07-13,90.65149688720705,90.76499938964844,89.7614974975586,90.19650268554688,87664000.0,86.1283748626709,83.27608001708984,72.33253972870406,1.5478865603459866,1.189227441657109,0.3586591186888777,89.82727701761274,82.42947270772905,7.397804309883696,0.00913376889672457,0.040136005232775274,0.06557929543488306,1,0.009529888830324336,89.83100128173828,85.53150177001953,1
2018-07-16,91.12449645996094,92.09750366210938,90.72250366210938,91.09750366210938,109324000.0,86.3946746826172,83.52649002075195,73.42630465001639,1.7490014192043617,1.3011822371665596,0.44781918203780213,90.68054653108052,82.10880283415386,8.57174369692666,0.0052177800587498435,0.038455800113514904,0.07217906518864003,1,0.009192188116987078,90.65149688720705,86.95099639892578,1
2018-07-17,92.19650268554688,92.58450317382812,89.86900329589844,90.5780029296875,113658000.0,86.69502487182618,83.78947006225586,75.76473142538671,1.9721545668557496,1.4353767031043976,0.5367778637513521,91.66812036373989,81.72192937991247,9.946190983827421,0.011764193682617163,0.02633279569476943,0.07594323037611694,1,0.009310623389646243,91.12449645996094,87.15350341796875,0
2018-07-18,92.14600372314452,92.94400024414062,91.5634994506836,92.4000015258789,97238000.0,86.9653751373291,84.03225006103516,75.42800725763226,2.120486550871263,1.5723986726577708,0.5480878782134921,92.47732298364444,81.45342729101377,11.023895692630674,-0.0005477318654329988,0.01648628966157073,0.08793602975299986,1,0.0072407993617594245,92.19650268554688,87.75,0
2018-07-19,90.64849853515624,92.0500030517578,90.5634994506836,91.4729995727539,93538000.0,87.12260017395019,84.25283004760742,66.05302459462963,2.0930768760482152,1.67653431333586,0.41654256271235535,92.86174182837247,81.3834585195279,11.478283308844567,-0.016251439318926697,-0.005223600055928479,0.06662228347055388,1,0.010642695224935586,92.14600372314452,89.83100128173828,1
2018-07-20,90.68499755859376,91.74199676513672,90.50299835205078,91.25050354003906,77688000.0,87.33129997253418,84.45852996826171,66.16341262562257,2.0506609346684996,1.751359637602388,0.2993012970661115,93.26652102694311,81.39607891812526,11.870442108817855,0.000402643441726358,-0.01639438680346017,0.060252604969232904,1,0.010817771566868715,90.64849853515624,90.65149688720705,0
2018-07-23,90.0999984741211,90.9499969482422,88.49949645996094,90.6104965209961,77770000.0,87.5471248626709,84.65144989013672,62.647153525775146,1.9473931227501708,1.7905663346319447,0.15682678811822615,93.55499712954712,81.53925259579468,12.01574453375244,-0.006450891550112137,-0.022203949887731556,0.03621582506942045,1,0.010745419924502493,90.68499755859376,91.12449645996094,1
2018-07-24,91.46199798583984,92.0,90.46900177001952,91.45050048828124,85574000.0,87.96234970092773,84.8777798461914,67.03920211989308,1.9529423123786245,1.8230415301812808,0.1299007821973437,93.8459174689029,82.07878193295257,11.767135535950331,0.01511653201758878,0.008974218700027459,0.04943570136484943,1,0.011320771184519875,90.0999984741211,92.19650268554688,1
2018-07-25,93.18049621582033,93.19200134277344,91.13200378417967,91.46499633789062,74764000.0,88.39364967346191,85.13984970092774,71.57992929386951,2.0721223931130055,1.8728577027676256,0.19926469034537986,94.4760348387491,82.31126450817472,12.164770330574385,0.018789205001256803,0.027518318623917404,0.061885996761485096,1,0.012149228975938783,91.46199798583984,92.14600372314452,0
2018-07-26,90.4000015258789,92.23400115966795,90.2249984741211,91.9499969482422,198488000.0,88.76237487792969,85.37172973632812,57.72384264048175,1.9200773256233816,1.882301627338777,0.0377756982846047,94.37425994950914,83.15048980635024,11.223770143158902,-0.029839878546057186,0.003329667667463676,0.006334118912423747,1,0.014988201744614401,93.18049621582033,90.64849853515624,1
2018-07-27,90.8635025024414,94.00250244140624,90.32649993896484,93.80249786376952,193620000.0,89.05192489624024,85.60171981811523,59.14362704618843,1.816046911041056,1.869050684079233,-0.05300377303817694,94.46651744721876,83.63733234526171,10.829185101957052,0.005127223105519718,-0.006543651971074316,0.002338688521582366,1,0.01479095110942173,90.4000015258789,90.68499755859376,0
2018-07-30,88.96099853515625,91.4749984741211,88.3010025024414,91.3665008544922,131246000.0,89.25047492980957,85.79917984008789,51.49855564729322,1.5620792109319837,1.8076563894497832,-0.2455771785177996,94.33593727919289,84.16501258042625,10.17092469876664,-0.020938043492589764,-0.045283056562513635,-0.023742220904949596,1,0.01608699008735402,90.8635025024414,90.0999984741211,0
2018-07-31,88.87200164794922,90.09149932861328,86.96600341796875,89.32450103759766,114774000.0,89.4096248626709,86.00224990844727,51.165372016536075,1.338200728836469,1.7137652573271205,-0.3755645284906515,94.23170371239038,84.5875460129514,9.644157699438978,-0.0010004034202905077,-0.016902653231618214,-0.03605886276333581,1,0.015337513152938808,88.96099853515625,91.46199798583984,1
2018-08-01,89.8584976196289,89.9219970703125,88.8010025024414,89.19999694824219,83062000.0,89.66764984130859,86.21395980834961,54.66653782294331,1.226242044265021,1.6162606147147007,-0.3900185704496797,93.97886182573136,85.35643785688582,8.622423968845538,0.011100188511422582,-0.011060600297523204,-0.024824799894616056,1,0.01601879778259558,88.87200164794922,93.18049621582033,1
2018-08-02,91.71649932861328,91.8280029296875,89.30000305175781,89.4384994506836,87094000.0,90.00414962768555,86.46688980102539,60.42192955046913,1.272767518388548,1.5475619954494702,-0.2747944770609221,93.82390762650397,86.18439162886713,7.639515997636835,0.020676972776122904,0.030974256571188352,0.011781781394237134,1,0.01671101853993682,89.8584976196289,90.4000015258789,0
2018-08-03,91.16449737548828,92.0500030517578,91.0749969482422,91.88700103759766,69210000.0,90.28579940795899,86.68831970214843,58.06341915271227,1.250680283695985,1.4881856530987732,-0.2375053694027882,93.53258403002039,87.03901478589759,6.493569244122796,-0.006018567620502124,0.02579547759732459,0.0052875318939573646,1,0.016871854028724088,91.71649932861328,90.8635025024414,1
2018-08-06,92.3874969482422,92.38849639892578,90.9459991455078,91.29049682617188,67836000.0,90.5576244354248,86.9329995727539,61.6364168984848,1.316683922903593,1.4538853070597373,-0.13720138415614436,93.54179924400795,87.57344962684165,5.968349617166297,0.013415305387102894,0.02814424228767498,0.025388440764270825,1,0.017109942623077138,91.16449737548828,88.96099853515625,1
2018-08-07,93.1240005493164,93.48600006103516,92.3134994506836,92.72650146484376,67550000.0,90.85614929199218,87.18532958984375,63.64520740534312,1.4121436548710022,1.4455369766219903,-0.03339332175098808,93.60359905850684,88.10869952547752,5.494899533029326,0.00797189690599387,0.015346216122577472,0.01817150948018731,1,0.016674840309181437,92.3874969482422,88.87200164794922,1
2018-08-08,94.32599639892578,94.57550048828124,92.7249984741211,93.0500030517578,79260000.0,91.18494911193848,87.4589794921875,66.70897247958015,1.5667269467815856,1.4697749706539094,0.09695197612767625,93.9407390236344,88.42915920024255,5.511579823391855,0.012907476510019888,0.034679059441483195,0.012293347101868912,1,0.016108129339892165,93.1240005493164,89.8584976196289,1
2018-08-09,94.9260025024414,95.72850036621094,93.8740005493164,94.0999984741211,97208000.0,91.43969917297363,87.73260955810547,68.1518052367723,1.7178485091368998,1.5193896783505076,0.19845883078639215,94.56495897205487,88.3144393738924,6.2505195981624695,0.006360983466085601,0.027476721829809314,0.05006638163901833,1,0.01181903348762548,94.32599639892578,91.71649932861328,0
2018-08-10,94.31500244140624,94.9749984741211,93.9104995727539,94.42549896240234,72798000.0,91.6228744506836,87.98928955078125,65.05958545297753,1.767931226806951,1.5690979880417966,0.19883323876515435,94.96387090245231,88.28187799891488,6.681992903537434,-0.006436593187619577,0.012789419323315121,0.03798554803533016,1,0.012354464662270989,94.9260025024414,91.16449737548828,1
2018-08-13,94.80999755859376,96.25,94.68350219726562,94.9250030517578,110630000.0,91.80714950561523,88.24394943237304,66.39005558427048,1.8265092488390877,1.6205802402012548,0.20592900863783292,95.41385197794624,88.20044703328422,7.213404944662017,0.005248317917343481,0.005131153426898738,0.0657479021115761,1,0.008787896135350842,94.31500244140624,92.3874969482422,1
2018-08-14,95.98249816894533,96.05049896240234,95.0,95.96949768066406,79722000.0,91.99644927978515,88.49832946777343,69.36570531025573,1.9451216025522484,1.6854885126714536,0.2596330898807948,96.03641873737334,87.95647982219697,8.07993891517637,0.012366845697121098,0.011129676154610468,0.08000828595222931,1,0.008546668869066909,94.80999755859376,93.1240005493164,0
2018-08-15,94.13099670410156,95.8105010986328,93.489501953125,95.47750091552734,154014000.0,92.095698928833,88.68459945678711,60.28864533898732,1.8681867588066439,1.7220281618984916,0.14615859690815225,96.24162903942656,87.94976881823945,8.291860221187108,-0.019289990364543486,-0.0019509699681022896,0.04754696770647282,1,0.01195154643371057,95.98249816894533,94.32599639892578,1
2018-08-16,94.32599639892578,95.25,94.17749786376952,95.1969985961914,79142000.0,92.27957382202149,88.8753694152832,60.869424715463694,1.8021758254442801,1.7380576946076494,0.06411813083663076,96.47831936583275,88.08082827821023,8.397491087622512,0.002071577924933621,-0.005104959098526152,0.02845177355671713,1,0.010558504200016146,94.13099670410156,94.9260025024414,0
2018-08-17,94.11100006103516,94.4000015258789,92.77749633789062,94.29000091552734,82086000.0,92.45087394714355,89.06828948974609,59.83046037320828,1.7127695364489455,1.7330000629759088,-0.020230526526963333,96.65496468498684,88.24678320930026,8.408181475686575,-0.002279290398177758,-0.019498326711772207,0.032320725396102645,1,0.010271456006804243,94.32599639892578,94.31500244140624,0
2018-08-20,93.83550262451172,94.5875015258789,93.3030014038086,94.52850341796876,57240000.0,92.63764915466308,89.26100952148437,58.45361861229777,1.601226129491181,1.7066452762789635,-0.10541914678778253,96.73800953350177,88.5372887758244,8.200720757677374,-0.002927367006458015,-0.0031391793345046937,0.015673177909351965,1,0.009758808580092619,94.11100006103516,94.80999755859376,1
2018-08-21,94.1709976196289,94.8874969482422,93.72049713134766,94.0,62112000.0,92.77309913635254,89.45530944824219,59.670743296255914,1.5223501136277662,1.669786243748724,-0.1474361301209579,96.88811661080426,88.65808166190082,8.230034948903437,0.0035753524597155195,-0.0016432244048750766,0.011243042224738042,1,0.009536314742386896,93.83550262451172,95.98249816894533,1
2018-08-22,95.24500274658205,95.29000091552734,93.83200073242188,93.83200073242188,61610000.0,92.87632446289062,89.66145950317383,63.37022674889079,1.5288795687210097,1.6416049087431814,-0.11272534002217172,97.1283373930766,88.62431153270464,8.504025860371968,0.011404839643848863,0.01204962953120714,0.00974287452813738,1,0.009340465284037723,94.1709976196289,94.13099670410156,0
2018-08-23,95.1449966430664,95.9749984741211,95.03800201416016,95.3584976196289,71260000.0,93.11357421875,89.85949951171875,62.79261729592017,1.5085944148102328,1.6150028099565918,-0.10640839514635902,97.31564558968054,88.91150284781946,8.40414274186108,-0.0010499879325084338,0.013955208656948326,0.0023069984498649276,1,0.00916096192817244,95.24500274658205,94.32599639892578,1
2018-08-24,95.26950073242188,95.80049896240234,95.1269989013672,95.52549743652344,56018000.0,93.33387413024903,90.04102951049805,63.241822516087645,1.4854414789619597,1.5890905437576655,-0.10364906479570579,97.50284461265022,89.16490364784784,8.337940964802385,0.0013085721135976947,0.011664983281052033,0.010120323027172917,1,0.008853346725747504,95.1449966430664,94.11100006103516,1
2018-08-27,96.38400268554688,96.38500213623048,95.46399688720705,95.75,71380000.0,93.70502433776855,90.25273956298828,67.07392833783925,1.539279745096934,1.5791283840255192,-0.039848638928585256,97.56061166315783,89.84943701237927,7.71117465077856,0.0116984128662041,0.011958632013433501,0.016601678804815556,1,0.009411163252848031,95.26950073242188,93.83550262451172,1
2018-08-28,96.64099884033205,97.08899688720705,96.44100189208984,96.8864974975586,62014000.0,94.09347419738769,90.46176956176758,67.90483755400496,1.5844201910818754,1.5801867454367906,0.004233445645084766,97.45715492567163,90.72979346910375,6.727361456567877,0.0026663776936470818,0.015723393242398798,0.006860632760648189,1,0.008657928322231225,96.38400268554688,94.1709976196289,1
2018-08-29,99.90499877929688,99.93450164794922,97.4469985961914,97.67250061035156,130636000.0,94.59579925537109,90.7250895690918,76.14028371131612,1.8621066303199,1.6365707224134125,0.2255359079064876,98.26632843475525,90.92527007598693,7.341058358768322,0.03377448472317157,0.048656684576257714,0.06134007157435861,1,0.010982213442484777,96.64099884033205,95.24500274658205,1
2018-08-30,100.11900329589844,101.27850341796876,99.34500122070312,99.87100219726562,145546000.0,95.01592445373535,90.97738967895508,76.56487618065972,2.0755182278527258,1.7243602235012754,0.3511580043514504,99.1643996782633,90.86744922920741,8.296950449055885,0.0021420801683240676,0.038751250272693216,0.06141474374119227,1,0.010979416252557533,99.90499877929688,95.1449966430664,1
2018-08-31,100.635498046875,101.11900329589844,100.23699951171876,100.3499984741211,84088000.0,95.48947448730469,91.2598796081543,77.60088973158462,2.2602702775320864,1.8315422343074377,0.42872804322464875,99.92366793338704,91.05528104122234,8.868386892164693,0.005158808357790701,0.041333380806034103,0.0693276873225066,1,0.010599215501298515,100.11900329589844,95.26950073242188,1
2018-09-04,101.97550201416016,102.5250015258789,100.6500015258789,101.3249969482422,114422000.0,95.96887474060058,91.58371963500977,80.06338023744277,2.486155871935736,1.9624649618330974,0.5236909101026388,100.99202422982492,90.94572525137625,10.046298978448675,0.013315420436047276,0.020724721086652353,0.08674754396767215,1,0.010183557403339972,100.635498046875,96.38400268554688,0
2018-09-05,99.74099731445312,102.0189971923828,99.49449920654295,101.90550231933594,164412000.0,96.29972457885742,91.91538955688476,66.86292166732696,2.456548417182077,2.0612816529028937,0.3952667642791834,101.40083271717238,91.19861644054247,10.202216276629912,-0.021912171605654396,-0.003775566765563232,0.05914771889029247,1,0.013999618885773593,101.97550201416016,96.64099884033205,0
2018-09-06,97.91549682617188,100.375,96.760498046875,100.32550048828124,149774000.0,96.47919960021973,92.18260955810547,58.3926277504031,2.259732869040036,2.1009718961303223,0.1587609729097137,101.542349065819,91.41605013462046,10.126298931198534,-0.018302408612638987,-0.02702824821750449,0.028038154260913828,1,0.015734516613192064,99.74099731445312,99.90499877929688,0
2018-09-07,97.60350036621094,98.76000213623048,96.86750030517578,96.9355010986328,97852000.0,96.6130744934082,92.47416961669921,57.062131912184356,2.054892105239091,2.091755937952076,-0.0368638327129851,101.64637547392442,91.57977351289199,10.066601961032433,-0.0031863848938521455,-0.042873058348289694,0.025839548162133408,1,0.01580813694427357,97.91549682617188,100.11900329589844,0
2018-09-10,96.95050048828124,98.6520004272461,96.57599639892578,98.5500030517578,90896000.0,96.74484939575196,92.71172958374024,54.27471964653387,1.8188955951301153,2.0371838693876843,-0.21828827425756892,101.66736953182854,91.82232925967537,9.84504027215317,-0.006690332574955105,-0.02797743055821167,0.017644678967938532,1,0.016084429839307423,97.60350036621094,100.635498046875,1
2018-09-11,99.35749816894533,99.44400024414062,95.8499984741211,96.41349792480467,100672000.0,96.97222442626953,92.99907958984375,61.70123721902728,1.8052811005378402,1.9908033156177154,-0.1855222150798752,101.93618083906476,92.00826801347431,9.927912825590454,0.024827078442519523,0.014726998172040373,0.03085050838881931,1,0.017453644281777696,96.95050048828124,101.97550201416016,1
2018-09-12,99.5,100.0,98.12200164794922,99.6999969482422,88280000.0,97.14809951782226,93.2752995300293,62.093763697481656,1.785409137160343,1.949724479926241,-0.16431534276589788,102.20766010488498,92.08853893075954,10.11912117412544,0.0014342332856687179,0.01943065183803183,0.029583729410656456,1,0.017462014734206856,99.35749816894533,99.74099731445312,0
2018-09-13,99.49349975585938,100.43800354003906,99.10150146484376,100.0,72430000.0,97.41622467041016,93.57120956420898,62.062516756750156,1.7489748542162147,1.909574554784236,-0.1605997005680213,102.37517491435916,92.45727442646115,9.91790048789801,-6.53290868404266e-05,0.026229872509895058,-0.004118903242735228,1,0.013727131227253971,99.5,97.91549682617188,0
2018-09-14,98.5094985961914,99.68250274658205,97.96099853515624,99.64649963378906,72840000.0,97.62539978027344,93.84166946411133,57.3571076644778,1.622002319466361,1.852060107720661,-0.2300577882543,102.39460495902168,92.8561946015252,9.538410357496474,-0.009890105002663963,-0.008534832180576823,-0.016075916127033296,1,0.014010967075095316,99.49349975585938,97.60350036621094,0
2018-09-17,95.40149688720705,97.84100341796876,94.37049865722656,97.73650360107422,141004000.0,97.68992462158204,94.03906936645508,45.59779004514462,1.2561062961454468,1.7328693454056183,-0.47676304926017155,102.2994378230662,93.08041142009787,9.219026402968325,-0.03155027437226776,-0.04119098605822069,-0.05200949228899343,1,0.016627967277142067,98.5094985961914,96.95050048828124,1
2018-09-18,97.05249786376952,97.91000366210938,95.77200317382812,95.93250274658205,85374000.0,97.85077438354492,94.24109939575196,51.30860230879216,1.086824802544072,1.6036604368333092,-0.5168356342892371,102.12325260572206,93.57829616136777,8.544956444354284,0.01730581836168099,-0.02453428513500555,-0.048276341407047285,1,0.017161062453594392,95.40149688720705,99.35749816894533,0
2018-09-19,96.3209991455078,97.04149627685548,95.24500274658205,97.0250015258789,81136000.0,97.95827445983886,94.42444931030273,48.861248151675554,0.8834582097751706,1.4596199914216816,-0.576161781646511,101.95423944250527,93.96230947717245,7.991929965332815,-0.007537144683164243,-0.022216126179412155,-0.03428879057789158,1,0.016140376832682633,97.05249786376952,99.5,1
2018-09-20,97.21499633789062,97.75,96.6125030517578,96.9290008544922,63098000.0,98.0567741394043,94.61374923706055,51.88204203792573,0.7853735246930427,1.324770698075954,-0.5393971733829113,101.87345479024734,94.24009348856126,7.6333613016860795,0.009281436034859869,0.019009129938785785,-0.007154133012518327,1,0.015653724973961246,96.3209991455078,99.49349975585938,0
2018-09-21,95.75050354003906,97.8655014038086,95.5250015258789,97.71099853515624,137118000.0,98.08704948425293,94.73213928222657,46.98569293777768,0.5827507872679689,1.1763667159143572,-0.5936159286463882,101.81953819587152,94.35456077263434,7.464977423237173,-0.015064474134848682,-0.013415361298150574,-0.01898494233525827,1,0.01630816426514036,97.21499633789062,98.5094985961914,1
2018-09-24,96.71800231933594,96.84400177001952,93.25,95.1894989013672,84274000.0,98.15947456359864,94.85346939086914,50.3212893494066,0.49453913450257403,1.0400011996320004,-0.5454620651294264,101.72284828074532,94.59610084645195,7.126747434293378,0.010104372755515678,0.004121667936899165,-0.00239811210642904,1,0.01660999541582412,95.75050354003906,95.40149688720705,1
2018-09-25,98.72750091552734,98.79550170898438,96.94249725341795,97.1449966430664,90768000.0,98.27664947509766,95.00552947998047,56.450264928337155,0.5800935494452091,0.9480196695946422,-0.36792612014943316,101.75181610676572,94.8014828434296,6.95033326333612,0.020776882772626015,0.01555834629031616,-0.006340711723102688,1,0.01597131823302089,96.71800231933594,97.05249786376952,1
2018-09-26,98.74250030517578,99.7624969482422,98.07599639892578,98.4250030517578,86270000.0,98.38172454833985,95.13644943237304,56.49341118988737,0.6417091415295317,0.8867575639816202,-0.24504842245208847,101.77892233963296,94.98452675704674,6.794395582586219,0.00015192716831013975,0.031247843661580177,-0.007613062259539838,1,0.015959023594313206,98.72750091552734,96.3209991455078,1
2018-09-27,100.64900207519533,100.80799865722656,99.4290008544922,99.66200256347656,86588000.0,98.41892471313477,95.30650939941407,61.688943943274566,0.8347561524059302,0.8763572816664822,-0.04160112926055204,101.89735165995152,94.94049776631802,6.956853893633507,0.019307813394711104,0.04064393041204806,0.01161384735858495,1,0.01716781135846688,98.74250030517578,97.21499633789062,0
2018-09-28,100.1500015258789,101.32599639892578,99.822998046875,100.22049713134766,81702000.0,98.42047462463378,95.49653945922852,59.68006916637746,0.936684608247873,0.8884227469827604,0.04826186126511267,101.9019565453463,94.93899270392127,6.962963841425022,-0.004957829079553222,0.014408352254035917,0.016653246164740176,1,0.01687939298807474,100.64900207519533,95.75050354003906,1
2018-10-01,100.21800231933594,101.65950012207033,100.18000030517578,101.09950256347656,69210000.0,98.39959983825683,95.68719955444335,59.871844333427504,1.0112931812972903,0.9129968338456664,0.09829634745162386,101.83237258748619,94.96682708902748,6.865545498458715,0.0006789894400496266,0.014942927408156947,0.05048668615570495,1,0.012249889925049839,100.1500015258789,96.71800231933594,0
2018-10-02,98.56549835205078,100.66950225830078,98.28849792480467,99.99949645996094,108014000.0,98.22909965515137,95.85650955200195,53.244214698182724,0.9263988046004528,0.9156772279966238,0.010721576603828997,101.24832748477031,95.20987182553243,6.038455659237883,-0.016489093067526883,-0.020700689328126187,0.015589505902311007,1,0.013110638621327188,100.21800231933594,98.72750091552734,0
2018-10-03,97.63800048828124,99.48500061035156,97.4905014038086,99.08499908447266,105062000.0,98.12394981384277,95.98002960205078,49.90506917059357,0.7753404313937011,0.8876098686760393,-0.11226943728233818,101.07085046863436,95.17704915905118,5.893801309583182,-0.00940996473691802,-0.025082386413629365,0.013673044865158746,1,0.013268490203633217,98.56549835205078,98.74250030517578,0
2018-10-04,95.47100067138672,97.8000030517578,94.82849884033205,97.4499969482422,145140000.0,98.00172500610351,96.0258396911621,43.103540875429736,0.47528798344360723,0.805145491629553,-0.3298575081859457,101.16770118345882,94.83574882874821,6.331952354710609,-0.022194225670922108,-0.04736675585313821,-0.0179395744710239,1,0.014841259099980414,97.63800048828124,100.64900207519533,0
2018-10-05,94.48249816894533,96.4540023803711,93.1415023803711,95.89949798583984,136446000.0,97.84567489624024,96.10748962402344,40.398751961444106,0.15593286894672076,0.6753029670929867,-0.5193700981462659,101.36295702054295,94.32839277193753,7.03456424860542,-0.010353955604213705,-0.04142423313807053,-0.013242806295671428,1,0.014439604840224315,95.47100067138672,100.1500015258789,0
2018-10-08,93.22100067138672,95.0999984741211,91.53299713134766,93.6999969482422,147864000.0,97.65919990539551,96.15463958740234,37.19133445891357,-0.1966834213497748,0.5009056894044344,-0.6975891107542092,101.7026435795635,93.61575623122752,8.086887348335978,-0.013351652655319346,-0.045238532075681515,-0.03615667780650689,1,0.014296730379697222,94.48249816894533,100.21800231933594,1
2018-10-09,93.51599884033205,94.83399963378906,92.61599731445312,92.99949645996094,95458000.0,97.36712493896485,96.24573959350586,38.422529899372584,-0.4471757216793151,0.3112894071876845,-0.7584651288669996,101.71046296596903,93.02378691196067,8.686676054008359,0.003164503350325809,-0.020477441498532478,-0.05278673142607282,1,0.011835139251981996,93.22100067138672,98.56549835205078,0
2018-10-10,87.76249694824219,92.9280014038086,87.72049713134766,92.89450073242188,219778000.0,96.78024978637696,96.22354949951172,27.216764043221787,-1.097303165219003,0.029570892706346996,-1.12687405792535,102.69859752884342,90.86190204391049,11.836695484932932,-0.061524252143350444,-0.0711242965727581,-0.11119835251283439,1,0.021097890165747694,93.51599884033205,97.63800048828124,0
2018-10-11,85.96800231933594,87.7699966430664,84.25499725341797,86.19999694824219,278718000.0,96.10397491455078,96.14573959350587,24.788477028584325,-1.737307962717324,-0.32380487837838723,-1.4135030843389367,103.52731938790183,88.68063044119972,14.846688946702102,-0.020447169250033426,-0.07780433914905416,-0.14586334144566226,0,0.01819017546757588,87.76249694824219,95.47100067138672,1
2018-10-12,89.43049621582031,90.44750213623048,87.12650299072266,90.4000015258789,188892000.0,95.65002479553223,96.10001953125,36.5514424325462,-1.9427275022033825,-0.6475894031433863,-1.2951380990599963,103.52603362486316,87.7740159662013,15.752017658661856,0.04027654247009993,-0.04368773980040852,-0.10703449971779244,0,0.02532493122707067,85.96800231933594,94.48249816894533,0
2018-10-15,88.04750061035156,89.75250244140625,86.71150207519531,89.75,128744000.0,95.28232498168946,96.03767959594727,34.24746940668638,-2.191853827852867,-0.9564422880852825,-1.2354115397675847,103.82855362596915,86.73609633740976,17.092457288559388,-0.015464474245241777,0.0032474424955963865,-0.1214402744748806,0,0.025012818967216553,89.43049621582031,93.22100067138672,1
2018-10-16,90.9980010986328,91.19400024414062,88.07749938964844,89.17500305175781,117198000.0,94.97960014343262,96.00988967895508,42.56524529485979,-2.126692319506219,-1.19049229436947,-0.936200025136749,103.6810849908602,86.27811529600504,17.40296969485516,0.033510326446840155,0.05851012753108398,-0.07677633025695074,0,0.02884778138711048,88.04750061035156,93.51599884033205,1
2018-10-17,91.58650207519533,92.25,90.3499984741211,92.1395034790039,105904000.0,94.74287528991701,95.97913970947266,44.08461084430004,-2.004458098944667,-1.3532854552845095,-0.6511726436601577,103.54255918017724,85.94319139965678,17.599367780520453,0.006467185756362515,0.024108172833705144,-0.06197892606180755,0,0.02917094950386679,90.9980010986328,87.76249694824219,0
2018-10-18,88.53600311279297,91.50749969482422,88.39350128173828,91.07450103759766,117480000.0,94.30892562866212,95.86333984375,38.412229769464304,-2.129192366457673,-1.5084668375191421,-0.6207255289385307,103.4283534223319,85.18949783499235,18.238855587339543,-0.03330729849140657,0.0055481700111312815,-0.0726398331412087,0,0.03005507595770434,91.58650207519533,85.96800231933594,0
2018-10-19,88.20149993896484,90.45500183105467,87.6500015258789,89.25800323486328,118144000.0,93.93147544860841,95.72884979248047,37.837302902454596,-2.2293383578178663,-1.652641141578887,-0.5766972162389792,103.39924123924705,84.46370965796977,18.935531581277274,-0.0037781598679350603,-0.03073145701999347,-0.06647790174588053,0,0.030047980851737016,88.53600311279297,89.43049621582031,1
2018-10-22,89.46499633789062,90.4749984741211,87.80000305175781,89.19999694824219,90000000.0,93.56882514953614,95.63184967041016,41.40479959555508,-2.1816030160026543,-1.7584335164636407,-0.4231694995390136,103.13697381256165,84.00067648651063,19.13629732605102,0.014325112382443717,-0.023163956360762405,-0.0402913968574139,0,0.030610547182512295,88.20149993896484,88.04750061035156,0
2018-10-23,88.43499755859375,88.81700134277344,85.69999694824219,87.11199951171875,134478000.0,93.05419998168946,95.50434967041015,39.418776671790084,-2.2015071036297655,-1.847048233896866,-0.35445886973289964,102.56414018124967,83.54425978212926,19.01988039912041,-0.011512868959461908,-0.001140841585886121,-0.054332962752325686,0,0.030597893868683265,89.46499633789062,90.9980010986328,0
2018-10-24,83.20999908447266,88.885498046875,82.8280029296875,88.68499755859375,138568000.0,92.2775749206543,95.2488996887207,31.234171973624626,-2.6088220693230113,-1.9994030009820951,-0.6094190683409162,102.32429989969187,82.23084994161674,20.093449958075126,-0.059082926650834144,-0.056592017799541816,-0.05187293003359239,0,0.030103831988533024,88.43499755859375,91.58650207519533,1
2018-10-25,89.1084976196289,89.7405014038086,84.60050201416016,85.16699981689453,205714000.0,91.70054969787597,95.14844970703125,45.09391137406275,-2.4276778194767843,-2.0850579646810328,-0.3426198547957515,101.05989273255236,82.34120666319959,18.71868606935277,0.07088689580645524,-0.003984784360972826,0.036530979149978604,0,0.03774794339456898,83.20999908447266,88.53600311279297,0
2018-10-26,82.1405029296875,84.9229965209961,80.1500015258789,82.47949981689453,299276000.0,90.80007476806641,94.90473983764649,35.891105826880846,-2.8139412705671987,-2.2308346258582663,-0.5831066447089324,100.19976270156317,81.40038683456964,18.79937586699353,-0.07819674751655215,-0.07117651159243543,-0.08151574233178871,0,0.043353675142525416,89.1084976196289,88.20149993896484,0
2018-10-29,76.94400024414062,83.28700256347656,74.75,83.0,277322000.0,89.63637466430664,94.5613998413086,30.836818454744304,-3.4990374505185144,-2.484475190790316,-1.0145622597281982,99.81458815644206,79.45816117217123,20.356426984270826,-0.06326358495753426,-0.07530343599656752,-0.12610806995361235,0,0.04681229343062552,82.1405029296875,89.46499633789062,0
2018-10-30,76.52100372314453,77.04949951171875,73.81800079345703,74.30799865722656,249202000.0,88.53414993286133,94.21510986328126,30.4607866926889,-4.029661958417165,-2.793512544315686,-1.236149414101479,99.35972952361293,77.70857034210972,21.651159181503203,-0.005497459446531794,-0.14126030886768748,-0.15909137784023009,0,0.04410923002572447,76.94400024414062,88.43499755859375,1
2018-10-31,79.90049743652344,81.19550323486328,78.25450134277344,78.49949645996094,187804000.0,87.64727478027345,93.92969985961913,37.06397670332709,-4.129882094781422,-3.0607864544088335,-1.0690956403725886,98.24816886657612,77.04638069397078,21.201788172605347,0.04416426273766638,-0.027270413660377968,-0.12759527194386489,0,0.0477328098529813,76.52100372314453,83.20999908447266,1
2018-11-01,83.27649688720703,83.52249908447266,79.9219970703125,81.17649841308594,162710000.0,87.03754959106446,93.69032974243164,42.89730031576476,-3.892027463732717,-3.2270346562736103,-0.6649928074591065,97.1603208873959,76.91477829473303,20.245542592662872,0.04225254609166407,0.08230007047948651,-0.059405281926782294,0,0.050004144158146975,79.90049743652344,89.1084976196289,0
2018-11-02,83.27649688720703,84.87200164794922,82.59149932861328,83.92949676513672,139110000.0,86.47724952697754,93.45295974731445,42.89730031576476,-3.661320530988206,-3.3138918312165297,-0.34742869977167645,96.11874348244673,76.83575557150836,19.282987910938374,0.0,0.08828286137625807,-0.05583808727930817,0,0.050028419788810286,83.27649688720703,82.1405029296875,0
2018-11-05,81.38999938964844,82.90450286865234,79.81800079345703,82.87850189208984,112494000.0,85.88569946289063,93.17536972045899,40.466571994152645,-3.589332614472383,-3.3689799878677005,-0.22035262660468247,95.2472734049407,76.52412552084056,18.723147884100143,-0.022653420449634698,0.018641960950347425,-0.09025872999250573,0,0.04984104330157359,83.27649688720703,76.94400024414062,1
2018-11-06,82.1405029296875,83.25,80.72750091552734,80.9175033569336,85148000.0,85.31692466735839,92.8904997253418,41.8775859171116,-3.432158521535513,-3.381615694601263,-0.05054282693424961,94.12067689563735,76.51317243907944,17.607504456557905,0.00922107808904249,-0.013641231319542202,-0.07117651159243543,0,0.050122562440336346,81.38999938964844,76.52100372314453,1
2018-11-07,87.77449798583984,87.96150207519531,83.2040023803711,83.6500015258789,163844000.0,85.31752471923828,92.71316970825195,51.22363830286649,-2.820468005250504,-3.2693861567311115,0.44891815148060754,94.12194522394014,76.51310421453641,17.608841009403733,0.06858973168176319,0.054012851966204645,0.05485517307521448,0,0.05140431790043398,82.1405029296875,79.90049743652344,0
2018-11-08,87.74549865722656,89.19999694824219,86.25550079345703,87.75,130698000.0,85.40639953613281,92.46997970581054,51.178021565001025,-2.3113945499849535,-3.07778783538188,0.7663932853969264,94.27097018328583,76.5418288889798,17.729141294306032,-0.0003303844428476088,0.07808698016019955,-0.015295948184655517,0,0.04616708248807837,87.77449798583984,83.27649688720703,0
2018-11-09,85.62149810791016,87.19599914550781,85.09349822998047,86.625,118044000.0,85.2159496307373,92.18002960205078,47.819051561049456,-2.055643088397744,-2.873358885985053,0.8177157975873088,93.88809531413814,76.54380394733646,17.344291366801684,-0.024206376188181555,0.04237854717303602,0.04237854717303602,0,0.038620686478483914,87.74549865722656,83.27649688720703,0
2018-11-12,81.84249877929688,85.42749786376953,81.50050354003906,84.91200256347656,136124000.0,84.90569953918457,91.80416961669921,42.47727023652955,-2.133300515494895,-2.7253472118870214,0.5920466963921265,93.59440417314929,76.21699490521985,17.377409267929437,-0.04413610380713673,-0.06758226298827641,0.06366316437426556,0,0.03519542912374125,85.62149810791016,81.38999938964844,0
2018-11-13,81.55850219726562,83.85299682617188,80.6875,82.4645004272461,118666000.0,84.43372459411621,91.39582962036133,42.09668318532357,-2.1924871100436434,-2.618775191518346,0.42628808147470254,92.76559504270635,76.10185414552608,16.663740897180276,-0.003470038015299326,-0.07051069917706132,0.06583157863881306,0,0.035122865184136265,81.84249877929688,82.1405029296875,0
2018-11-14,79.95050048828125,83.6500015258789,79.85350036621094,82.81600189208984,129738000.0,83.8519245147705,91.00001968383789,39.9159527508639,-2.342146406090052,-2.5634494344326875,0.2213030283426356,91.71662504184998,75.98722398769102,15.729401054158956,-0.019715929862163195,-0.06623333794605712,0.000625816526330647,0,0.03336625994342948,81.55850219726562,87.77449798583984,1
2018-11-15,80.97200012207031,81.24099731445312,77.32550048828125,79.05049896240234,168546000.0,83.47372436523438,90.66114974975586,41.97243445093523,-2.351222562905747,-2.521004060127299,0.16978149722155234,91.12565532462307,75.82179340584568,15.303861918777386,0.012776650897123432,-0.010636266856587806,-0.02767283508884888,0,0.030447719833074975,79.95050048828125,87.74549865722656,0
2018-11-16,79.67050170898438,80.7239990234375,78.65599822998047,79.375,121322000.0,83.04717445373535,90.30248977661132,40.08970199558293,-2.4353621880883765,-2.503875685719515,0.06851349763113834,90.54696086661019,75.54738804086051,14.99957282574968,-0.016073437868940443,-0.023149033361534066,-0.04330147536233131,0,0.030730335934588772,80.97200012207031,85.62149810791016,0
2018-11-19,75.614501953125,79.05950164794922,75.16799926757812,78.85050201416016,155800000.0,82.35464973449707,89.8757698059082,34.844128072501974,-2.7970856676807756,-2.5625176821117672,-0.23456798556900837,89.91372843792617,74.79557103106798,15.118157406858188,-0.05090968010562913,-0.05423353836029832,-0.07096077503175402,0,0.033783490864535734,79.67050170898438,81.84249877929688,0
2018-11-20,74.77300262451172,76.73750305175781,71.0,71.875,217576000.0,81.67154998779297,89.38407989501952,33.85440010352835,-3.1157397856818108,-2.673162102825776,-0.4425776828560348,89.3770881543662,73.96601182121974,15.411076333146468,-0.011128808718927297,-0.07655729743878403,-0.0896938786883541,0,0.03331922097999937,75.614501953125,81.55850219726562,1
2018-11-21,75.83650207519531,77.5,75.75,77.14949798583984,114336000.0,81.3028751373291,88.91080993652344,36.316367235660906,-3.245053001318311,-2.7875402825242834,-0.4575127187940278,89.37553427536444,73.23021599929375,16.145318276070697,0.014223040580892299,-0.0481232018318859,-0.13600756694239846,0,0.021680198104815345,74.77300262451172,79.95050048828125,0
2018-11-23,75.10299682617188,76.80999755859375,75.09049987792969,75.8499984741211,54152000.0,80.60260009765625,88.42299987792968,35.33937569446918,-3.36789935250755,-2.903612096520937,-0.4642872559866129,88.26474306040141,72.94045713491109,15.32428592549033,-0.009672192531983259,-0.006764643206540133,-0.14408148593971748,0,0.0212076308865981,75.83650207519531,80.97200012207031,1
2018-11-26,79.06649780273438,79.2405014038086,76.21099853515625,76.94999694824219,125154000.0,80.44889984130859,88.03413986206054,44.09172991548131,-3.109589158271831,-2.944807508871116,-0.16478164940071505,88.10480166501812,72.79299801759906,15.311803647419055,0.052774205345442304,0.057420392755702654,-0.07655787915453671,0,0.029813245242144678,75.10299682617188,79.67050170898438,1
2018-11-27,79.07099914550781,79.88249969482422,77.90049743652344,78.79949951171875,115664000.0,80.55524978637695,87.70752990722656,44.1009840744175,-2.871413381503828,-2.9301286833976588,0.058715301893830674,88.07126264688128,73.03923692587261,15.032025721008665,5.693110101656629e-05,0.042650926424657065,-0.03386381983843034,0,0.02691964176686527,79.06649780273438,75.614501953125,1
2018-11-28,83.88749694824219,84.07250213623047,80.06099700927734,80.69599914550781,169174000.0,80.92357444763184,87.44422988891601,53.05510986264827,-2.2678637216355213,-2.797675691045231,0.5298119694097099,88.33394171685157,73.5132071784121,14.820734538439467,0.06091358215761211,0.11696603988256693,0.02855612460051593,0,0.033676358234717534,79.07099914550781,74.77300262451172,0
2018-11-29,83.67849731445312,84.49949645996094,82.61650085449219,83.74949645996094,132264000.0,81.11247444152832,87.19137985229492,52.66091922396017,-1.7858249136462376,-2.5953055355654326,0.809480621919195,88.60109199887773,73.6238568841789,14.977235114698829,-0.0024914277024860043,0.05833064116770892,0.04662881161973842,0,0.03279595401236455,83.88749694824219,75.83650207519531,1
2018-11-30,84.50849914550781,84.80000305175781,83.32499694824219,83.9749984741211,115236000.0,81.17407455444337,86.93724990844727,54.11883271682079,-1.3215969275460395,-2.340563813961554,1.0189668864155146,88.7526108744411,73.59553823444563,15.157072639995476,0.009918938050902604,0.06876731113507017,0.043675579436175616,0,0.03273350707961974,83.67849731445312,75.10299682617188,1
2018-12-03,88.61799621582031,88.91699981689453,86.5,88.4729995727539,137246000.0,81.44114952087402,86.79459976196289,60.5903846266823,-0.6150014806614479,-1.995451347301533,1.380449866640085,89.64768683022879,73.23461221151925,16.413074618709544,0.04862821032044029,0.056390993171447246,0.11230624026341407,0,0.034504356405083106,84.50849914550781,79.06649780273438,0
2018-12-04,83.41999816894531,88.51699829101562,83.25,87.80000305175781,173890000.0,81.54264945983887,86.52863967895507,50.825110627750256,-0.4690476102813932,-1.6901705998975052,1.221122989616112,89.79423662756619,73.29106229211155,16.503174335454645,-0.05865623540184539,-0.0030891944024329376,0.10322750284937543,0,0.036104355647254394,88.61799621582031,79.07099914550781,1
2018-12-06,84.95950317382812,85.05249786376953,80.49250030517578,80.74349975585938,175788000.0,81.6835994720459,86.2532797241211,53.22938212488755,-0.2265414993629804,-1.3974447797906002,1.1709032804276198,90.06648174899074,73.30071719510106,16.76576455388968,0.0184548674019982,0.005336788996143094,0.1362323324164212,0,0.035343146520872115,83.41999816894531,83.88749694824219,0
2018-12-07,81.45649719238281,85.94650268554688,81.27300262451172,85.25350189208984,151522000.0,81.36769943237304,85.90755966186524,47.53439737015379,-0.31340423719902333,-1.1806366712722849,0.8672324340732616,89.2711195829707,73.46427928177539,15.806840301195308,-0.041231479123390424,-0.08081314551500784,0.07410672912649674,0,0.03932811481569721,84.95950317382812,83.67849731445312,1
2018-12-10,82.05149841308594,82.89949798583984,79.54350280761719,81.19200134277344,149896000.0,81.08299942016602,85.53560958862305,48.54146860087896,-0.33042304567888436,-1.0105939461536049,0.6801709004747205,88.4381394805433,73.72785935978874,14.710280120754561,0.007304527462037358,-0.016404936297023665,0.09251963144688591,0,0.038850270258858136,81.45649719238281,84.50849914550781,1
2018-12-11,82.16200256347656,83.97350311279297,80.9800033569336,83.9000015258789,124894000.0,80.91002464294434,85.175849609375,48.738268202283535,-0.33117621929228847,-0.8747104007813417,0.5435341814890532,87.98757080686802,73.83247847902065,14.15509232784737,0.0013467657815862122,-0.032927459623061206,0.039150649728602716,0,0.03577762304499934,82.05149841308594,88.61799621582031,1
2018-12-12,83.177001953125,85.24949645996094,83.01349639892578,83.44999694824219,131960000.0,80.97674980163575,84.83502960205078,50.60682227092467,-0.2470236123303664,-0.7491730430911466,0.5021494307607802,88.11312047146805,73.84037913180345,14.272741339664606,0.01235363498916997,0.021121762168077485,0.051928050132024284,0,0.03582212260997967,82.16200256347656,83.41999816894531,0
2018-12-13,82.91899871826172,84.60600280761719,82.07499694824219,84.0,105426000.0,81.04477462768554,84.522099609375,50.106841301148656,-0.19885845339109665,-0.6391101251511366,0.44025167176004,88.22781408395119,73.8617351714199,14.366078912531293,-0.0031018578309504052,0.01057263209025594,-0.011545203578764873,0,0.030115119686598676,83.177001953125,84.95950317382812,0
2018-12-14,79.59549713134766,82.12850189208984,79.25,81.9000015258789,127344000.0,81.02702445983887,84.16124954223633,44.067149368018306,-0.42397865826781356,-0.596083831774472,0.17210517350665844,88.22253621580725,73.83151270387049,14.391023511936766,-0.04008130390245668,-0.03123713337130607,-0.048793899438252075,0,0.0326004396128328,82.91899871826172,81.45649719238281,0
2018-12-17,76.04550170898438,78.80650329589844,75.25050354003906,78.30000305175781,176596000.0,80.78069953918457,83.77273956298828,38.70106752998721,-0.8787137395618458,-0.6526098133319468,-0.22610392622989905,88.29702801870465,73.26437105966448,15.032656959040168,-0.04460045543160707,-0.08573884699714995,-0.10014374319855968,0,0.03442754901683622,79.59549713134766,82.05149841308594,1
2018-12-18,77.5739974975586,78.37750244140625,76.15049743652344,77.0,130460000.0,80.67587432861328,83.43456954956055,41.97720499519181,-1.1030425438853086,-0.7426963594426191,-0.3603461844426895,88.30878466905857,73.04296398816798,15.265820680890585,0.020099752835132323,-0.06446051331208325,-0.12462478491801099,0,0.0299203078253622,76.04550170898438,82.16200256347656,0
2018-12-19,74.75399780273438,79.22650146484375,74.15899658203125,77.15249633789062,175844000.0,80.63284912109376,83.0652294921875,37.94759546134608,-1.4911856848211755,-0.8923942245183305,-0.598791460302845,88.38811454815867,72.87758369402884,15.510530854129826,-0.03635238334743507,-0.060826296751735676,-0.10388396735109284,0,0.026790745244974493,77.5739974975586,83.177001953125,0
2018-12-20,73.04149627685547,75.4749984741211,71.6344985961914,74.19999694824219,199836000.0,80.54627380371093,82.65573944091797,35.70600000781923,-1.9149026755410858,-1.0968959147228816,-0.8180067608182042,88.59439955511122,72.49814805231064,16.096251502800584,-0.022908494210543306,-0.03950273671182836,-0.14027867927368032,0,0.024938827694875387,74.75399780273438,82.91899871826172,0
2018-12-21,68.87249755859375,74.0,68.197998046875,73.24949645996094,272806000.0,80.19807357788086,82.277939453125,30.91785008901644,-2.557622122427503,-1.389041156263806,-1.168580966163697,89.53115318423522,70.8649939715265,18.66615921270872,-0.0570771264386426,-0.11217031762787133,-0.15448736525053797,0,0.02721061128595689,73.04149627685547,79.59549713134766,0
2018-12-24,67.197998046875,69.80149841308594,65.3499984741211,67.30000305175781,144400000.0,79.80282363891601,81.90253936767579,29.22278607130066,-3.165608862405236,-1.744354697492092,-1.4212541649131438,90.53082048002065,69.07482679781137,21.455993682209282,-0.024313035987901577,-0.10107820287817426,-0.181026558362547,0,0.025971602387752705,68.87249755859375,76.04550170898438,1
2018-12-26,73.54499816894531,73.65799713134766,68.15049743652344,68.44450378417969,208236000.0,79.52674865722656,81.58482940673828,42.165661108755494,-3.099563035129705,-2.0153963650196145,-1.0841666701100907,90.59511291830005,68.45838439615308,22.136728522146967,0.09445222040160872,0.006893367712257348,-0.10487821773664707,0,0.0444066681122028,67.197998046875,77.5739974975586,0
2018-12-27,73.08200073242188,73.44999694824219,69.5155029296875,72.70999908447266,194440000.0,79.22729873657227,81.28551940917968,41.568493363594484,-3.0494293416293345,-2.2222029603415585,-0.827226381287776,90.64725583085497,67.80734164228956,22.839914188565416,-0.006295430662189294,0.06112023409993017,-0.12136769760458832,0,0.043743096675013915,73.54499816894531,74.75399780273438,1
2018-12-28,73.9010009765625,75.67350006103516,72.44999694824219,73.6675033569336,176580000.0,78.72797393798828,80.94357940673828,43.10350980994696,-2.910066122498108,-2.3597755927728685,-0.5502905297252396,90.16250580897369,67.29344206700287,22.86906374197082,0.011206593086295902,0.09975003905639745,-0.10875671294994949,0,0.04429764493496047,73.08200073242188,73.04149627685547,1
2018-12-31,75.09850311279297,76.03800201416016,74.3499984741211,75.54000091552734,139090000.0,78.29897422790528,80.61381942749023,45.36359601696027,-2.672188032567803,-2.4222580807318557,-0.24992995183594724,89.6014266811377,66.99652177467286,22.60490490646484,0.016204139597652434,0.021123189646140128,-0.056498095754509814,0,0.04370554810708924,73.9010009765625,68.87249755859375,1
2019-01-02,76.95649719238281,77.66799926757812,73.04650115966797,73.26000213623047,159662000.0,77.92137413024902,80.38222930908204,48.76427124907552,-2.3071479724834205,-2.3992360590821686,0.09208808659874812,88.86778509916003,66.97496316133801,21.89282193782202,0.024740760502233394,0.05301574151133037,0.011979610403317409,0,0.04219176410449718,75.09850311279297,67.197998046875,0
2019-01-03,75.01399993896484,76.9000015258789,74.85549926757812,76.00050354003906,139512000.0,77.24117431640624,80.11847930908203,45.57074870954093,-2.1498126866787572,-2.3493513846014866,0.19953869792272938,87.07886947750018,67.40347915531231,19.675390322187866,-0.025241497784936007,0.015060675061158157,-0.03300071726578635,0,0.042463077097452735,76.95649719238281,73.54499816894531,1
2019-01-04,78.76950073242188,79.69999694824219,75.91549682617188,76.5,183652000.0,77.00864944458007,79.90456939697266,52.101753338136795,-1.70246090160812,-2.2199732880028136,0.5175123863946935,86.46357188239928,67.55372700676087,18.909844875638413,0.05006399867375011,0.04888243396962677,0.05371622987019187,0,0.043599598720533594,75.01399993896484,73.08200073242188,1
2019-01-07,81.47550201416016,81.72799682617188,79.45950317382812,80.1155014038086,159864000.0,76.83444938659667,79.76537948608399,56.18164408112938,-1.116706997364446,-1.9993200298751401,0.8826130325106942,85.81339782365013,67.85550094954321,17.957896874106922,0.03435341415874271,0.05872155031277382,0.11546868789949971,0,0.043126580719777007,78.76950073242188,73.9010009765625,1
2019-01-08,82.8290023803711,83.83049774169922,80.83049774169922,83.2344970703125,177628000.0,76.9030746459961,79.75775955200196,58.10392696061664,-0.53708545346025,-1.706873114592162,1.169787661131912,86.04183524388867,67.76431404810353,18.27752119578514,0.01661235994563981,0.1041805855942215,0.20264264135192356,0,0.035705303086411115,81.47550201416016,75.09850311279297,1
2019-01-09,82.97100067138672,83.38999938964844,82.06999969482422,82.64900207519531,126976000.0,76.94904975891113,79.63500961303711,58.31055855140831,-0.06551787928380293,-1.3786020675304904,1.3130841882466875,86.19951905589163,67.69858046193063,18.500938593960996,0.0017143547179709895,0.053339171886302106,0.23472429362417935,0,0.03303124088838388,82.8290023803711,76.95649719238281,0
2019-01-10,82.81099700927734,83.1624984741211,81.08100128173828,82.05049896240234,130154000.0,76.98149948120117,79.64841949462891,57.963653486059556,0.2919267129572063,-1.044496311432951,1.3364230243901574,86.30911868446853,67.65388027793381,18.65523840653472,-0.0019284287379283116,0.016391368719459676,0.12599087729999625,0,0.02152954364822307,82.97100067138672,75.01399993896484,0
2019-01-11,82.02799987792969,83.0145034790039,81.81099700927734,82.02749633789062,93724000.0,76.9240493774414,79.75009948730468,56.20156867007086,0.5061877851415915,-0.7343594921180426,1.2405472772596342,86.11142446602832,67.73667428885449,18.374750177173837,-0.009455231305329326,-0.009670555957718818,0.12241043014492958,0,0.021851012816725027,82.81099700927734,78.76950073242188,0
2019-01-14,80.8604965209961,82.41000366210938,79.75749969482422,80.75,120118000.0,76.82112426757813,79.83688934326172,53.58577649629912,0.5751534538481167,-0.4724569029248108,1.0476103567729274,85.78085229963499,67.86139623552127,17.919456064113717,-0.014232985793521946,-0.02543664814589186,0.09417322434699882,0,0.02336004172007907,82.02799987792969,81.47550201416016,1
2019-01-15,83.72799682617188,83.75800323486328,81.30049896240234,81.5999984741211,119970000.0,77.02774925231934,79.91343933105469,58.673395081175336,0.8513783929473533,-0.20768984375037797,1.0590682366977313,86.41430877228379,67.64118973235489,18.7731190399289,0.035462313843586335,0.011073406310901035,0.11490899759237516,0,0.024746688016761886,80.8604965209961,82.8290023803711,1
2019-01-16,84.18900299072266,85.25,83.79399871826172,84.21099853515625,127338000.0,77.43492431640625,79.931689453125,59.44308589308306,1.094867046189293,0.052821534237556256,1.042045511951737,87.30954240848759,67.56030622432492,19.74923618416267,0.005505997778829874,0.02634470078520601,0.09398174374100443,0,0.024321918714403944,83.72799682617188,82.97100067138672,1
2019-01-17,84.66100311279297,85.00849914550781,83.875,84.0,84178000.0,77.78927459716797,79.95937957763672,60.25918592456169,1.3108098236102137,0.30441919211208773,1.006390631498126,88.15485227826859,67.42369691606736,20.731155362201235,0.005606434395265758,0.04700078227704241,0.1286027032510919,0,0.021213906266481442,84.18900299072266,82.81099700927734,1
2019-01-18,84.80999755859375,85.80999755859375,84.5770034790039,85.5999984741211,120410000.0,78.29207458496094,80.02777954101562,60.529188062697166,1.4769433534641792,0.5389240243825061,0.9380193290816731,88.99018182355626,67.59396734636563,21.396214477190625,0.0017598946424279838,0.01292280686791325,0.07668573204102569,0,0.016695634978411235,84.66100311279297,82.02799987792969,0
2019-01-22,81.6084976196289,84.09349822998047,80.51000213623047,84.05000305175781,128336000.0,78.72042465209961,80.01713943481445,52.305839107233474,1.334883379119347,0.6981158953298743,0.6367674837894728,89.22764032531582,68.2132089788834,21.014431346432417,-0.03774908655967102,-0.030651335440783356,0.0016323385825305348,0,0.019209187933554892,84.80999755859375,80.8604965209961,1
2019-01-23,82.0009994506836,82.87149810791016,80.5999984741211,82.80000305175781,104504000.0,79.3768497467041,79.90166946411132,53.1462679215558,1.239681170595773,0.8064289503830541,0.43325222021271903,88.93896803598466,69.81473145742353,19.124236578561124,0.004809570602366753,-0.031419467810527624,-0.009996533893829929,0,0.01844495263998091,81.6084976196289,83.72799682617188,1
2019-01-24,82.74649810791016,82.86299896240234,81.58899688720703,82.05349731445312,81798000.0,80.15427474975586,79.801689453125,54.77628378305485,1.2104351032908625,0.8872301809646157,0.32320492232624676,88.00427907504533,72.30427042446638,15.700008650578951,0.009091336230296898,-0.02433085143361735,-0.002705795538922362,1,0.01870463204552057,82.0009994506836,84.18900299072266,1
2019-01-25,83.52850341796875,84.17400360107422,83.08049774169922,83.5250015258789,98918000.0,80.65345001220703,79.75982955932618,56.48637935247001,1.2361095755405103,0.9570060598797947,0.27910351566071556,88.0132353741071,73.29366465030697,14.719570723800132,0.009450615167288179,0.02352703277652335,0.008664385584091328,1,0.018926725519387337,82.74649810791016,84.66100311279297,0
2019-01-28,81.89450073242188,82.25,80.70449829101562,82.17949676513672,96754000.0,81.09407501220703,79.76086959838867,52.056829480371896,1.1117903914128107,0.9879629261863979,0.12382746522641275,87.59272960754411,74.59542041686994,12.997309190674173,-0.019562216712664893,-0.001298749027147772,-0.001627482636495814,1,0.019798342444434045,83.52850341796875,84.80999755859375,0
2019-01-29,79.69400024414062,81.61900329589844,79.53600311279297,81.5634994506836,92656000.0,81.38372497558593,79.72357955932617,46.7410417362869,0.8261808447670944,0.9556065099025373,-0.12942566513544285,87.03535325415635,75.73209669701552,11.303256557140827,-0.02686994204251958,-0.036889752842334866,-0.014426034059196957,1,0.02116489356471159,81.89450073242188,81.6084976196289,1
2019-01-30,83.52149963378906,83.84750366210938,80.98400115966797,81.1500015258789,115676000.0,81.80487480163575,79.79499954223633,55.292639944936006,0.8983251017571661,0.9441502282734631,-0.045825126516297,86.72876013947156,76.88098946379993,9.847770675671626,0.04802744720961405,-8.384903228353391e-05,-0.0024662860716890833,1,0.023796000310804283,79.69400024414062,82.0009994506836,1
2019-01-31,85.9365005493164,86.82050323486328,83.9540023803711,84.64250183105469,218206000.0,82.25387496948242,79.89428955078125,59.69056828466705,1.1372607026119113,0.9827723231411528,0.15448837947075844,86.96035511845231,77.54739482051254,9.412960297939776,0.02891472167185971,0.04935618119342555,0.020756838738027472,1,0.025488269633010145,83.52149963378906,82.74649810791016,0
2019-02-01,81.3115005493164,83.65299987792969,81.10050201416016,81.94400024414062,230124000.0,82.56875,79.92710952758789,49.62287134214339,0.9425548548187663,0.9747288294766755,-0.032173974657909166,85.95236139484547,79.18513860515452,6.767222789690948,-0.05381880772938674,0.020296387434695307,-0.039563700408959845,1,0.030979938655204077,85.9365005493164,83.52850341796875,1
2019-02-04,81.66549682617188,82.48149871826172,80.67500305175781,81.1500015258789,98582000.0,82.7135498046875,80.04812942504883,50.31364097032965,0.8075051915411535,0.9412841018895711,-0.1337789103484176,85.65315392724303,79.77394568213198,5.879208245111045,0.004353581897566405,-0.022221856836324494,-0.03707700534066627,1,0.03104054677261388,81.3115005493164,81.89450073242188,1
2019-02-05,82.94049835205078,83.26300048828125,82.125,82.16699981689453,89062000.0,82.78679962158203,80.2114793395996,52.82280269534771,0.7942042358633898,0.911868128684335,-0.11766389282094514,85.67185749222332,79.90174175094074,5.770115741282581,0.015612487224473615,-0.034862976478153285,0.016321838672122446,1,0.028985823604085265,81.66549682617188,79.69400024414062,0
2019-02-06,82.01300048828125,83.61299896240234,81.66699981689453,83.5374984741211,78798000.0,82.74599952697754,80.33500930786133,50.812555721629884,0.7007440650930619,0.8696433159660804,-0.1688992508730185,85.65052997633417,79.84146907762091,5.8090608987132555,-0.011182689786027766,0.00862731513040238,0.00014635233324034047,1,0.029253573835810658,82.94049835205078,83.52149963378906,0
2019-02-07,80.71849822998047,81.2770004272461,79.64550018310547,81.25,92532000.0,82.63337440490723,80.4473193359375,48.063293996278524,0.5162694598091946,0.7989685447347032,-0.28269908492550866,85.66612672872503,79.60062208108943,6.065504647635606,-0.015784110453143985,-0.011596067286618328,-0.024508588572352163,1,0.02948923309018943,82.01300048828125,85.9365005493164,0
2019-02-08,79.41100311279297,79.42949676513672,78.33799743652344,79.30000305175781,113150000.0,82.463374710083,80.45420944213868,45.39185695624628,0.26155305646574334,0.6914854470809113,-0.42993239061516797,85.80289749988289,79.12385192028312,6.679045579599773,-0.016198209157239574,-0.042554545841724356,-0.04929455379527392,1,0.02948976117288127,80.71849822998047,81.3115005493164,1
2019-02-11,79.55000305175781,80.4645004272461,79.30000305175781,80.04900360107422,66346000.0,82.33947486877442,80.46378952026367,45.73715426604942,0.07009657539937564,0.5672076727446042,-0.4971110973452285,85.91027931818068,78.76867041936815,7.141608898812535,0.0017503863887402549,-0.030031792787234668,-0.02862826758446657,1,0.02905935524005295,79.41100311279297,81.66549682617188,1
2019-02-12,81.90049743652344,81.97000122070312,79.94400024414062,80.19999694824219,97172000.0,82.39147491455078,80.4240495300293,51.34032992826386,0.1068000630876611,0.4751261508132156,-0.3683260877255545,85.90443566631309,78.87851416278848,7.025921503524614,0.029547382710171766,0.014643473707541599,0.027687118046819892,1,0.029282277820677497,79.55000305175781,82.94049835205078,1
2019-02-13,82.0,82.81900024414062,81.85549926757812,82.3499984741211,71206000.0,82.3050750732422,80.39047958374023,51.568322615639964,0.1422767885556766,0.4085562783617078,-0.2662794898060312,85.76692802661927,78.84322211986512,6.923705906754151,0.001214920135908626,0.032602495696090195,-0.018216862011102286,1,0.024687115731769554,81.90049743652344,82.01300048828125,0
2019-02-14,81.13249969482422,81.8949966430664,80.3030014038086,81.2249984741211,82410000.0,82.15224990844726,80.32295959472657,49.39533264317496,0.09924825238633161,0.3466946731666326,-0.247446420780301,85.53694390802673,78.76755590886779,6.769387999158937,-0.010579272014338836,0.01989310600072236,-0.055901750988048615,1,0.022315466800386145,82.0,80.71849822998047,0
2019-02-15,80.39749908447266,81.44550323486328,80.2249984741211,81.39299774169922,86878000.0,81.93907470703125,80.15854965209961,47.5664809583046,0.005772874762513425,0.2785103134858088,-0.27273743872329537,85.19966366726209,78.67848574680042,6.5211779204616676,-0.009059262479477748,-0.01835151676845026,-0.011240740346310507,1,0.014758029558645686,81.13249969482422,79.41100311279297,1
2019-02-19,81.37899780273438,81.69999694824219,80.02799987792969,80.05000305175781,73634000.0,81.76752471923828,80.1177296447754,50.21717052937606,0.010767586345778568,0.22496176805780277,-0.2141941817120242,84.75550403612667,78.7795454023499,5.97595863377677,0.012208075244112715,-0.007573197527629527,-0.003508201560903035,1,0.015276446064281132,80.39749908447266,79.55000305175781,0
2019-02-20,81.1050033569336,81.74649810791016,80.50599670410156,81.5,66752000.0,81.74235000610352,80.0406396484375,49.46539522946929,-0.007298992407513083,0.1785096159647396,-0.1858086083722527,84.74371874733593,78.74098126487111,6.002737482464823,-0.0033668938325457365,-0.00033890657867130525,-0.022130262436164894,1,0.014230311318767461,81.37899780273438,81.90049743652344,0
2019-02-21,80.97200012207031,81.1780014038086,80.04550170898438,80.99250030517578,69668000.0,81.69090003967285,80.03094970703125,49.081284128639254,-0.03198048461177905,0.13641159584943588,-0.16839208046121493,84.70800689996035,78.67379317938536,6.034213720574996,-0.0016398893947140447,0.007145757568827404,-0.01269311401866935,1,0.013872370680007821,81.1050033569336,82.0,1
2019-02-22,81.5780029296875,81.74700164794922,81.05850219726562,81.17500305175781,61924000.0,81.63247528076172,80.02147979736328,50.95019991496617,-0.0026112817754437856,0.10860702032445994,-0.11121830209990373,84.61055716206283,78.65439339946062,5.956163762602216,0.0074841032295558385,0.0024454113754941442,0.010648175059676745,1,0.013081484066641473,80.97200012207031,81.13249969482422,1
2019-02-25,81.6500015258789,82.7300033569336,81.51950073242188,82.07250213623047,63690000.0,81.53855018615722,80.01123977661133,51.17947076900985,0.026172013382549153,0.0921200189360778,-0.06594800555352864,84.3871921244474,78.68990824786705,5.697283876580343,0.0008825736547322105,0.006719661505306229,0.02819506523429416,1,0.01159758859823373,81.5780029296875,80.39749908447266,1
2019-02-26,81.81999969482422,81.99949645996094,80.80650329589844,81.29900360107422,53316000.0,81.53482513427734,79.98409973144531,51.75291029789216,0.061985879038914504,0.08609319095664515,-0.024107311917730648,84.38178983294294,78.68786043561174,5.693929397331203,0.00208203509820426,0.010472750722169355,0.028535468962703536,1,0.011594586914583514,81.6500015258789,81.37899780273438,1
2019-02-27,82.05449676513672,82.09049987792969,80.75499725341797,81.40899658203125,62976000.0,81.65284996032715,79.96680969238281,52.58032190000475,0.10804510270871504,0.09048357330705913,0.01756152940165591,84.37787712032873,78.92782280032556,5.450054320003176,0.0028660116253622636,0.005840959797212886,0.0018803222621772697,1,0.00689147131784342,81.81999969482422,81.1050033569336,0
2019-02-28,81.99150085449219,82.5885009765625,81.69149780273438,81.76249694824219,60518000.0,81.5763500213623,80.0147297668457,52.32073430442281,0.13787479102869327,0.09996181685138596,0.03791297417730731,84.16998272961105,78.98271731311355,5.187265416497496,-0.0007677325817357916,0.004182477920775529,-0.00010364811594898438,1,0.00688784262736466,82.05449676513672,80.97200012207031,1
2019-03-01,83.58650207519531,83.71299743652344,82.55000305175781,82.75650024414062,99498000.0,81.45885009765625,80.16554977416992,57.97758880200311,0.2869109713807205,0.1373516477572529,0.14955932362346763,83.37657412045938,79.54112607485312,3.835448045606256,0.019453250691601864,0.021590104949399613,0.030246847929025877,1,0.008182874416757621,81.99150085449219,81.5780029296875,1
2019-03-04,84.80850219726562,85.47149658203125,83.71800231933594,84.25,123348000.0,81.63370018005371,80.31023986816406,61.7244044056594,0.49788906006807565,0.20945913021941748,0.2884299298486582,84.04099465356185,79.22640570654556,4.81458894701629,0.014619586796095208,0.03356312622343727,0.054864929419736974,1,0.007713489879023816,83.58650207519531,81.6500015258789,0
2019-03-05,84.62149810791016,85.38999938964844,84.45050048828125,85.14749908447266,73630000.0,81.78150024414063,80.50758987426758,60.830548280052525,0.6425936288623575,0.2960860299480055,0.346507598914352,84.518811394267,79.04418909401426,5.474622300252747,-0.0022050158240090045,0.032076461901646924,0.039844436435992,1,0.007642558846849499,84.80850219726562,81.81999969482422,0
2019-03-06,83.44750213623047,84.88749694824219,83.41400146484375,84.79850006103516,79920000.0,81.80685043334961,80.71570999145507,55.40595315175334,0.6549910496485438,0.36786703388811315,0.2871240157604307,84.59553452128355,79.01816634541566,5.577368175867889,-0.013873495481994347,-0.0016629471925957429,0.028882296804647378,1,0.009301052987017859,84.62149810791016,82.05449676513672,0
2019-03-07,81.29750061035156,83.48750305175781,81.02549743652344,83.36849975585938,99140000.0,81.77107543945313,80.96421005249023,47.11894117960534,0.4857297499134745,0.39143957709318544,0.09429017282028906,84.56661249357184,78.97553838533442,5.591074108237422,-0.02576471998369667,-0.04139916984676173,0.004019914140573677,1,0.012999852578124187,83.44750213623047,81.99150085449219,0
2019-03-08,81.04000091552734,81.13600158691406,79.32849884033203,80.20050048828125,93340000.0,81.78715057373047,81.24105010986328,46.227153794971585,0.3270409525292308,0.37855985218039456,-0.05151889965116374,84.5619125485148,79.01238859894615,5.549523949568652,-0.0031673752931026256,-0.04232372709610566,-0.0065949397489402095,1,0.012796771006131514,81.29750061035156,83.58650207519531,1
2019-03-11,83.53099822998047,83.614501953125,81.30049896240234,81.30599975585938,77528000.0,81.99315032958984,81.44077011108398,55.083471861590574,0.3976971967283731,0.3823873210899903,0.01530987563838282,84.64051618973653,79.34578446944315,5.294731720293385,0.030737873720530162,0.0010005823015970527,0.023037313765455147,1,0.016206306909675793,81.04000091552734,84.80850219726562,1
2019-03-12,83.65499877929688,84.2135009765625,83.04900360107422,83.44999694824219,72290000.0,82.19840011596679,81.65223007202148,55.47658152157894,0.45841427293554204,0.39759271145910063,0.06082156147644141,84.68809697059831,79.70870326133527,4.979393709263036,0.0014844854239022265,0.028998408945491327,0.022427268287911417,1,0.016208702982597366,83.53099822998047,84.62149810791016,1
2019-03-13,84.54049682617188,85.0,83.96749877929688,84.1500015258789,71040000.0,82.33040008544921,81.86501998901367,58.284313286780844,0.5713985583421675,0.432353880835714,0.13904467750645344,85.01521454065751,79.64558563024092,5.369628910416594,0.010585118161452245,0.043194667708522205,0.030296938730253853,1,0.016419066637285512,83.65499877929688,83.44750213623047,0
2019-03-14,84.31099700927734,85.0999984741211,84.21700286865234,84.55999755859375,58932000.0,82.44594993591309,82.04926986694336,57.276174015596276,0.6350996676880527,0.4729030382061818,0.1621966294818709,85.25976257693398,79.6321372948922,5.627625282041777,-0.002714673150861824,0.009337836202428118,0.02828947062332099,1,0.016481583870840717,84.54049682617188,81.29750061035156,1
2019-03-15,85.61799621582031,85.94000244140625,84.65650177001953,85.1500015258789,151018000.0,82.67022476196288,82.22249984741211,61.373767434880584,0.7820323861569136,0.5347289077963282,0.24730347836058542,85.73350568306391,79.60694384086186,6.126561842202051,0.015502120161135613,0.023465393164397996,0.02430409324698668,1,0.01608362920496602,84.31099700927734,81.04000091552734,1
2019-03-18,87.10749816894531,87.5,85.63150024414062,85.63500213623047,108582000.0,83.00572471618652,82.46436981201173,65.44159766180655,1.007059231518184,0.6291949725406994,0.37786425897748466,86.44640368712862,79.56504574524442,6.881357941884204,0.017397066258948213,0.030364162018725604,0.02710808364864392,1,0.016337760105200355,85.61799621582031,83.53099822998047,1
2019-03-19,88.09249877929688,89.20800018310547,87.67549896240234,87.67549896240234,127284000.0,83.34139976501464,82.65082977294922,67.85264542777219,1.2504614042763507,0.7534482588878297,0.4970131453885209,87.34556844416598,79.33723108586331,8.008337358302668,0.011307873960989534,0.044851821282619,0.04101795346332038,1,0.016436496907833848,87.10749816894531,83.65499877929688,1
2019-03-20,89.8635025024414,89.9749984741211,88.35150146484375,88.49700164794922,125312000.0,83.77932472229004,82.81858978271484,71.67855905724781,1.5681874901436998,0.9163961051390038,0.651791385004696,88.55148615951867,79.00716328506141,9.544322874457265,0.02010391063581385,0.04958661115963636,0.0768866676888258,1,0.01579626977902809,88.09249877929688,84.54049682617188,1
2019-03-21,90.96299743652344,91.1875,89.36399841308594,89.81300354003906,115356000.0,84.2788745880127,82.9812696838379,73.76599412248116,1.8869560992811358,1.1105081039674303,0.7764479953137056,89.80337827254782,78.75437090347758,11.049007369070239,0.012235166707998735,0.044261393664416504,0.11889045485540017,1,0.010612338537828689,89.8635025024414,84.31099700927734,0
2019-03-22,88.2385025024414,90.9489974975586,88.15550231933594,90.5084991455078,127260000.0,84.6118995666504,83.08661972045898,61.641857970773486,1.8978611846411866,1.2679787201021815,0.6298824645390051,90.2469068883893,78.97689224491148,11.270014643477822,-0.029951683771010984,0.001657391096491878,0.08882652400778568,1,0.016454577978879288,90.96299743652344,85.61799621582031,1
2019-03-25,88.71299743652344,89.13400268554688,87.375,87.8895034790039,102076000.0,84.96504936218261,83.20465972900391,62.788946225006384,1.9226284549823447,1.3989086670782143,0.5237197879041304,90.69773469722267,79.23236402714255,11.46537067008012,0.005377413721055602,-0.012802806855727766,0.062036840410738314,1,0.014515311382750213,88.2385025024414,87.10749816894531,1
2019-03-26,89.18800354003906,90.28849792480467,88.66799926757812,89.6500015258789,97318000.0,85.33344955444336,83.34785980224609,63.951151805075426,1.9580149405160512,1.510729921765782,0.44728501875026927,91.15661083158287,79.51028827730386,11.64632255427901,0.0053544138654035844,-0.01951336198791176,0.0661407547842976,1,0.014428947497813097,88.71299743652344,88.09249877929688,0
2019-03-27,88.28500366210938,89.375,87.28399658203125,89.20649719238281,86496000.0,85.644974899292,83.49634994506836,60.107759532984396,1.8913916561219395,1.5868622686370135,0.304529387484926,91.39936827729807,79.89058152128592,11.508786756012142,-0.01012467867973188,0.0005269939805097046,0.04429246309773616,1,0.015243824792439712,89.18800354003906,89.8635025024414,1
2019-03-28,88.6709976196289,88.89649963378906,87.67350006103516,88.5,60860000.0,85.97894973754883,83.5952099609375,61.18170034752828,1.8484311460868383,1.6391760441269787,0.20925510195985964,91.6206404912218,80.33725898387586,11.28338150734595,0.00437213503435796,-0.00047343476275374385,0.05171330864313939,1,0.015037130010670181,88.28500366210938,90.96299743652344,1
2019-03-29,89.0374984741211,89.64299774169922,88.83149719238281,89.3290023803711,66416000.0,86.25149955749512,83.69217987060547,62.22165410164035,1.822944419824097,1.6759297192664024,0.1470147005576945,91.931087910012,80.57191120497825,11.359176705033747,0.004133266392968293,-0.001687503475177654,0.03993905965378031,1,0.014591273821043617,88.6709976196289,88.2385025024414,1
2019-04-01,90.70950317382812,90.78350067138672,89.9365005493164,90.00550079345703,84776000.0,86.54654960632324,83.81314987182617,66.6157213672256,1.9155811838988939,1.7238600121929006,0.19172117170599323,92.5020358753959,80.59106333725057,11.91097253814533,0.018778657625842854,0.027462189626201505,0.04135126229772679,1,0.014737809612854143,89.0374984741211,88.71299743652344,0
2019-04-02,90.6989974975586,91.0,90.25599670410156,90.5510025024414,68962000.0,86.85042457580566,83.93092987060547,66.56333358305139,1.9654918005639246,1.7721863698671054,0.19330543069681916,92.99907131768128,80.70177783393004,12.297293483751247,-0.00011581671050930886,0.022871061929732317,0.02958820279115848,1,0.014563793863288255,90.70950317382812,89.18800354003906,1
2019-04-03,91.03500366210938,91.5,90.4810028076172,91.33599853515624,78522000.0,87.22979965209962,84.11945999145507,67.44514748517764,2.009000703663773,1.8195492366264392,0.18945146703733373,93.42788961290839,81.03170969129084,12.396179921617545,0.003704629310371743,0.022434426193687962,0.013036451140285177,1,0.013293815758038773,90.6989974975586,88.28500366210938,0
2019-04-04,90.94300079345705,91.4375,90.20999908447266,91.03250122070312,72478000.0,87.71207466125489,84.29830001831054,66.92469727140511,2.012855020517165,1.8582103934045844,0.15464462711258053,93.47446137021032,81.94968795229946,11.524773417910865,-0.001010631789435723,0.0025741252179660723,-0.00021983271912673352,1,0.012740000479344496,91.03500366210938,88.6709976196289,1
2019-04-05,91.86399841308594,91.9290008544922,91.2594985961914,91.4499969482422,72810000.0,88.2532745361328,84.48065002441406,69.46490687516425,2.06640616126424,1.8998495469765158,0.16655661428772417,93.40864958745476,83.09789948481085,10.310750102643908,0.0101271962833136,0.012844694513395316,0.0410874596443227,1,0.007464313496827683,90.94300079345705,89.0374984741211,1
2019-04-08,92.49299621582033,92.51000213623048,91.25550079345705,91.6614990234375,75056000.0,88.70137443542481,84.6599398803711,71.09749457851458,2.134989857950714,1.9468776091713555,0.1881122487793585,93.69234499461705,83.71040387623258,9.98194111838447,0.00684705448924583,0.016015735651777607,0.042609300649564696,1,0.007507484391326075,91.86399841308594,90.70950317382812,0
2019-04-09,91.79199981689452,92.65450286865234,91.58899688720705,92.27449798583984,74288000.0,89.10822448730468,84.85788986206055,66.81031074863117,2.1084732140391935,1.9791967301449234,0.12927648389427016,93.69787489458297,84.5185740800264,9.17930081455657,-0.007578913297284995,0.009335507032208534,0.029196710022626027,1,0.008354075738229749,92.49299621582033,90.6989974975586,1
2019-04-10,92.3665008544922,92.4000015258789,91.44049835205078,92.0500030517578,59280000.0,89.4995246887207,85.11133987426757,68.48742047515509,2.109499023500476,2.0052571888160338,0.10424183468444204,93.78938170851235,85.20966766892904,8.579714039583308,0.006258726672734971,0.005470069342580208,0.04623092284170727,1,0.00701171210267802,91.79199981689452,91.03500366210938,0
2019-04-11,92.20349884033205,92.49749755859376,92.0155029296875,92.43499755859376,53096000.0,89.89414978027344,85.28497985839844,67.4460585292441,2.07325983578356,2.018857718209539,0.0544021175740208,93.61679517638224,86.17150438416463,7.445290792217605,-0.001764730856449126,-0.0031299383448750717,0.03983829341648404,1,0.007292119400431356,92.3665008544922,90.94300079345705,0
2019-04-12,92.15299987792967,92.5749969482422,92.06500244140624,92.41999816894533,62288000.0,90.22089996337891,85.4093098449707,67.10563150447271,2.0172120098218755,2.0185285765320065,-0.0013165667101309175,93.50638454071472,86.9354153860431,6.570969154671616,-0.0005476903050047888,0.003932805274482254,0.03499089099761843,1,0.007427177384535832,92.20349884033205,91.86399841308594,1
2019-04-15,92.24349975585938,92.34249877929688,90.94499969482422,92.0999984741211,74488000.0,90.4777000427246,85.62794982910157,67.4229746353338,1.9575310878938978,2.006329078804385,-0.04879799091048698,93.54529708638852,87.4101029990607,6.135194087327818,0.0009820611162911774,-0.0013316635089012374,0.016911090110279137,1,0.005127531644223384,92.15299987792967,92.49299621582033,1
2019-04-16,93.1520004272461,93.4885025024414,92.4000015258789,92.56749725341795,60892000.0,90.73067512512208,85.85767990112305,70.49974613962638,1.9609374722729882,1.9972507574981058,-0.036313285225117564,93.8042244656986,87.65712578454556,6.1470986811530395,0.009848939749589336,0.010287045490069202,0.027045535202894877,1,0.005676444084859547,92.24349975585938,91.79199981689452,1
2019-04-17,93.24099731445312,93.82350158691406,93.02200317382812,93.64949798583984,57870000.0,90.89954986572266,86.0636898803711,70.7907763547136,1.9483588929480646,1.9874723845880975,-0.03911349164003286,94.13104745418701,87.66805227725831,6.4629951769287,0.0009553942674214166,0.01180642451102698,0.024232367370815355,1,0.005688227315875608,93.1520004272461,92.3665008544922,0
2019-04-18,93.08450317382812,93.54100036621094,92.9739990234375,93.4394989013672,54998000.0,91.0056251525879,86.28511993408203,69.49252622475993,1.9038164974391094,1.9707412071583,-0.06692470971919051,94.3748339426733,87.63641636250249,6.738417580170818,-0.001678383384266291,0.009117210645678275,0.023547742670540384,1,0.005736581078513648,93.24099731445312,92.20349884033205,1
2019-04-22,94.3655014038086,94.4209976196289,92.28199768066406,92.7699966430664,67476000.0,91.31197509765624,86.55805999755859,73.73815539255072,1.9494105877090107,1.9664750832684421,-0.01706449555943146,94.73287071844443,87.89107947686806,6.841791241576374,0.01376167016316665,0.013027105923616444,0.027230504157614854,1,0.006365116318988895,93.08450317382812,92.15299987792967,1
2019-04-23,96.1884994506836,96.46299743652344,94.47899627685548,94.55999755859376,92808000.0,91.68575019836426,86.89360992431641,78.35474154527887,2.108341293651705,1.9948483253450948,0.11349296830661015,95.50004653205556,87.87145386467296,7.628592667382605,0.019318479950358514,0.03161165389823206,0.03995441153447232,1,0.008218168765049263,94.3655014038086,92.24349975585938,0
2019-04-24,95.0875015258789,96.4844970703125,94.90799713134766,96.25,73516000.0,91.98072509765625,87.20435989379882,70.31522275397086,2.1210040773129606,2.020079475738668,0.10092460157429262,95.8880836045476,88.07336659076489,7.814717013782712,-0.01144625325368731,0.02151806459460115,0.035901840199126456,1,0.00888519861942075,96.1884994506836,93.1520004272461,1
2019-04-25,95.1125030517578,96.12249755859376,95.0155029296875,95.8499984741211,121982000.0,92.32210006713868,87.46860000610351,70.38952037572723,2.1087484987437364,2.037813280339682,0.07093521840405437,96.06792951695975,88.5762706173176,7.491658899642147,0.00026293177839042947,0.007916045979055708,0.029729416745920334,1,0.008885813605439764,95.0875015258789,93.24099731445312,1
2019-04-26,97.53150177001952,97.5500030517578,94.9000015258789,96.4499969482422,168652000.0,92.7651252746582,87.77923004150391,76.51438911260595,2.2680837865209895,2.0838673815759434,0.1842164049450461,96.76607720302589,88.76417334629052,8.001903856735368,0.02543302552920257,0.013962192226779635,0.05778525757372743,1,0.011149780422784427,95.1125030517578,93.08450317382812,0
2019-04-29,96.92150115966795,97.81700134277344,96.70449829101562,97.4499969482422,80426000.0,93.15932540893554,88.09501007080078,72.44491255667893,2.3184109999193367,2.130776105244622,0.18763489467471484,97.16707953516803,89.15157128270306,8.015508252464969,-0.006254395751948416,0.019287494195963317,0.051745480755426954,1,0.011639732619784317,97.53150177001952,94.3655014038086,0
2019-04-30,96.32599639892578,96.7854995727539,95.34750366210938,96.50499725341795,70120000.0,93.44015007019043,88.41358001708984,68.60860283317602,2.283915861412467,2.161404056478191,0.12251180493427594,97.50855005174357,89.37175008863728,8.136799963106284,-0.006144196629405685,0.012758505014925703,0.0442578247125438,1,0.012128973816269713,96.92150115966795,96.1884994506836,0
2019-05-01,95.57599639892578,97.18199920654295,95.52749633789062,96.65450286865234,62340000.0,93.68400001525879,88.69751998901367,64.01110233232242,2.1710331647314405,2.163329878128841,0.007703286602599668,97.64930096849896,89.71869906201862,7.930601906480348,-0.007786060129541195,-0.020049987292360627,0.026021942208024562,1,0.012525173033775051,96.32599639892578,95.0875015258789,0
2019-05-02,95.04100036621094,96.07749938964844,94.09349822998048,95.66649627685548,79258000.0,93.88429985046386,88.97623992919922,60.87729331220967,2.015173440622533,2.1336985906275796,-0.1185251500050466,97.69585926998387,90.07274043094385,7.623118839040018,-0.005597598276473326,-0.01940230775376761,0.019304845546507243,1,0.01279181467978528,95.57599639892578,95.1125030517578,1
2019-05-03,98.1230010986328,98.22000122070312,96.8000030517578,97.4499969482422,127632000.0,94.24329986572265,89.31925994873046,69.99165282432963,2.115953789954091,2.1301496304928818,-0.014195840538790971,98.22771083729728,90.25888889414801,7.9688219431492655,0.03242811755501651,0.018655448859982382,0.05412821418185643,1,0.015880040889511816,95.04100036621094,97.53150177001952,0
2019-05-06,97.52749633789062,97.9499969482422,95.5250015258789,95.89900207519533,108356000.0,94.52647476196287,89.63824981689453,66.75555347519435,2.123294666323261,2.1287786376589577,-0.005483971335696669,98.59829903567827,90.45465048824748,8.143648547430786,-0.006068961956672836,0.02041830598155059,0.03350795457071998,1,0.015957510100440508,98.1230010986328,96.92150115966795,0
2019-05-07,96.0500030517578,97.45500183105467,95.16899871826172,96.99949645996094,118042000.0,94.70432510375976,89.92624984741211,59.41548359260179,1.9869862626893706,2.1004201626650403,-0.11343389997566966,98.71561549840155,90.69303470911797,8.02258078928358,-0.015149504925400237,0.010616499002104263,-0.0014398436374070123,1,0.01586281911394881,97.52749633789062,96.32599639892578,0
2019-05-08,95.88849639892578,96.76850128173828,95.5,95.94349670410156,81572000.0,94.90914993286131,90.20761978149415,58.656247831390466,1.8446644896712314,2.049269028066279,-0.20460453839504744,98.71792432938778,91.10037553633484,7.617548793052947,-0.0016814851400367425,-0.02277248631501705,0.008423766112193753,1,0.015375187378461348,96.0500030517578,95.57599639892578,0
2019-05-09,94.99349975585938,95.47000122070312,93.8000030517578,95.0,106166000.0,95.04049987792968,90.4663998413086,54.5001088461355,1.6407412658976455,1.9675634756325522,-0.3268222097349067,98.66626342272123,91.41473633313812,7.2515270895831065,-0.009333722778829934,-0.025982381145641664,-0.001251184566488206,1,0.015718104314316264,95.88849639892578,95.04100036621094,0
2019-05-10,94.4990005493164,95.1894989013672,92.8000030517578,94.9000015258789,114360000.0,95.1552749633789,90.71654983520507,52.2953176527929,1.4228272220670561,1.8586162249194529,-0.43578900285239675,98.55268534908322,91.75786457767458,6.794820771408638,-0.005205610992477072,-0.01614786520730893,-0.03109253077896601,1,0.012948478064108003,94.99349975585938,98.1230010986328,0
2019-05-13,91.13400268554688,92.3270034790039,90.9000015258789,91.8280029296875,115668000.0,95.10432510375975,90.8674998474121,40.33684107916026,0.967449412587797,1.6803828624531219,-0.7129334498653248,98.70479851497403,91.50385169254547,7.200946822428563,-0.035608819608768605,-0.049583567288392416,-0.05971325665485505,1,0.016569334092717467,94.4990005493164,97.52749633789062,1
2019-05-14,92.00599670410156,92.62200164794922,90.7874984741211,91.9749984741211,92582000.0,95.09244995117186,91.01144973754883,43.9158795105864,0.6692076384065473,1.478147817643807,-0.8089401792372597,98.73194279332073,91.45295710902299,7.278985684297737,0.009568262041155462,-0.031449552437123884,-0.04484770317800102,1,0.017285227926013166,91.13400268554688,96.0500030517578,1
2019-05-15,93.55750274658205,93.72149658203124,91.1500015258789,91.39749908447266,93852000.0,95.11272506713865,91.19016983032226,49.697795598185344,0.5516829966287133,1.2928548534407882,-0.7411718568120749,98.7130594321578,91.5123907021195,7.200668730038302,0.01686309695084609,-0.009963045082609256,-0.02111925303837503,1,0.01847236405828808,92.00599670410156,95.88849639892578,1
2019-05-16,95.37850189208984,95.87550354003906,94.114501953125,94.2969970703125,94156000.0,95.2196002960205,91.42878982543945,55.49692553600581,0.5985831892178908,1.1540005205962087,-0.555417331378318,98.71676669038112,91.72243390165988,6.994332788721238,0.019463956305463936,0.046574265164105455,0.003551115040650421,1,0.019592893167771415,93.55750274658205,94.99349975585938,0
2019-05-17,93.4499969482422,95.52649688720705,93.3665008544922,94.65249633789062,94732000.0,95.23787498474121,91.67183975219727,49.04792833177809,0.47466604328459994,1.018133625133887,-0.5434675818492871,98.69379862254178,91.78195134694064,6.911847275601133,-0.020219492921261573,0.015694631826930427,-0.04762394237915035,1,0.01696580822335757,95.37850189208984,94.4990005493164,0
2019-05-20,92.94850158691406,93.38899993896484,91.7770004272461,92.6344985961914,75964000.0,95.16702499389649,91.910009765625,47.50208049468349,0.33216533268065973,0.8809399666432416,-0.5487746339625819,98.74743953462942,91.58661045316356,7.160829081465863,-0.005366456690265031,-0.0065093781021237085,-0.04695080795586426,1,0.016961134987308304,93.4499969482422,91.13400268554688,0
2019-05-21,92.8759994506836,93.9499969482422,92.3000030517578,93.739501953125,80102000.0,95.00139999389648,92.09690979003906,47.270126740014014,0.21095047068276074,0.7469420674511454,-0.5359915967683847,98.68253016216667,91.3202698256263,7.362260336540373,-0.0007800247985996211,-0.02623759434004902,-0.03304532535375193,1,0.01657876061785472,92.94850158691406,92.00599670410156,1
2019-05-22,92.98400115966795,93.57450103759766,92.5500030517578,92.58899688720705,58732000.0,94.89622497558592,92.28348983764648,47.679973249845936,0.12219308868678525,0.6219922716982734,-0.4997991830114882,98.68026634617766,91.11218360499419,7.568082741183474,0.0011628591845378455,-0.004986578959786825,-0.03029034084729232,1,0.016632592455147185,92.8759994506836,93.55750274658205,0
2019-05-23,90.77400207519533,92.1999969482422,90.20999908447266,91.82949829101562,88486000.0,94.6792999267578,92.40815994262695,40.70752415352893,-0.1250349078057269,0.47258683579747335,-0.5976217436032003,98.86498174385379,90.49361810966182,8.371363634191965,-0.023767519755121258,-0.023394669893472275,-0.04441880435512413,1,0.01783161705428245,92.98400115966795,95.37850189208984,1
2019-05-24,91.16400146484376,92.08799743652344,90.89250183105467,91.79450225830078,67394000.0,94.36092491149903,92.54522003173828,42.31077174207637,-0.28619609439847693,0.3208302497582833,-0.6070263441567603,98.59872330889003,90.12312651410802,8.475596794782007,0.004296377605180091,-0.018433158145973794,-0.03529136885137951,1,0.018035270315803528,90.77400207519533,93.4499969482422,1
2019-05-28,91.82150268554688,92.4635009765625,91.36750030517578,91.6374969482422,64000000.0,94.10592498779297,92.6692901611328,45.01036992779363,-0.3567502475487174,0.18531415029688314,-0.5420643978456006,98.31035816199898,89.90149181358697,8.408866348412005,0.007212290050219838,-0.012502134341636828,0.007543836326076692,1,0.014230669351387611,91.16400146484376,92.94850158691406,0
2019-05-29,90.95950317382812,91.5,90.37650299072266,91.15599822998048,85580000.0,93.83760032653808,92.74633026123047,42.22086782056474,-0.4767256818912955,0.052906183859247405,-0.5296318657505429,98.12520064060499,89.55000001247117,8.575200628133814,-0.009387773958249856,0.0020435487517576068,-0.011374188289476894,1,0.01420182168506619,91.82150268554688,92.8759994506836,0
2019-05-30,90.81600189208984,91.47350311279295,90.3915023803711,91.27449798583984,62938000.0,93.59960060119629,92.80080032348633,41.75691273747509,-0.5767381537012994,-0.07302268365286196,-0.5037154700484374,98.00170784830522,89.19749335408736,8.80421449421786,-0.001577639243082074,-0.003817291553268709,-0.029302843427940428,1,0.01273898330780023,90.95950317382812,92.98400115966795,0
2019-05-31,88.75350189208984,89.77950286865234,88.63500213623047,89.50050354003906,92376000.0,93.28522567749023,92.77860031127929,35.68700913509467,-0.8130529033678329,-0.22102872759585618,-0.5920241757719766,98.1085678515011,88.46188350347936,9.64668434802175,-0.022710755340790256,-0.03341266156320433,-0.0694600970719319,1,0.011427513734298414,90.81600189208984,90.77400207519533,0
2019-06-03,84.6344985961914,88.31449890136719,83.5999984741211,88.00050354003906,181974000.0,92.61080055236818,92.65203033447266,27.187325452101504,-1.3175156863592292,-0.44032611934853083,-0.8771895670106984,98.24386670961766,86.97773439511869,11.266132314498975,-0.04640947352034053,-0.06953648994266515,-0.09433385382487824,0,0.016596824267002614,88.75350189208984,91.16400146484376,1
2019-06-04,86.47799682617188,86.54100036621094,84.04450225830078,84.96199798583984,113582000.0,92.05832557678224,92.61682022094726,34.68522032141108,-1.5506759488599329,-0.6623960852508113,-0.8882798636091216,97.82009585653908,86.29655529702539,11.523540559513691,0.02178187690076805,-0.04776696810626513,-0.06961386843543427,0,0.019377818128257927,84.6344985961914,91.82150268554688,1
2019-06-05,86.92500305175781,87.5999984741211,85.76249694824219,87.4800033569336,84796000.0,91.60207557678224,92.58106033325195,36.39553298275505,-1.6800212311272986,-0.8659211144261089,-0.8141001167011898,97.47138922686335,85.73276192670113,11.738627300162221,0.005169016882808464,-0.020601990922625157,-0.06407464182483136,0,0.019679572591807155,86.47799682617188,90.95950317382812,1
2019-06-06,87.71800231933594,88.0,86.30650329589844,86.885498046875,73786000.0,91.19355087280275,92.5516603088379,39.42589788785481,-1.698955385562698,-1.0325279686534268,-0.6664274169092712,96.94887860534094,85.43822314026455,11.510655465076383,0.009122798271355315,0.036433177655562865,-0.056633386116494155,0,0.02017523756665099,86.92500305175781,90.81600189208984,1
2019-06-07,90.20149993896484,90.3125,87.97450256347656,88.18499755859375,96164000.0,90.95395088195802,92.589990234375,47.81189124423818,-1.4963147518814282,-1.1252853252990271,-0.371029426582401,96.44968335313682,85.45821841077922,10.991464942357595,0.02831229113708922,0.043057231312579214,-0.006306895401132939,0,0.021640847714453147,87.71800231933594,88.75350189208984,1
2019-06-10,93.03150177001952,94.24349975585938,90.9000015258789,91.0999984741211,107420000.0,90.88057594299316,92.67720031738281,55.390694641259834,-1.0947435708574886,-1.1191769744107196,0.02443340355323098,96.22204652493838,85.53910536104794,10.682941163890433,0.03137422141504964,0.07025019849151692,0.020485062910450713,0,0.023875126888882943,90.20149993896484,84.6344985961914,1
2019-06-11,93.18499755859376,94.68499755859376,92.9000015258789,94.1624984741211,80854000.0,90.98312568664552,92.76015029907227,55.76591000315872,-0.755401886683444,-1.0464219568652646,0.29102007018182063,96.41805613254957,85.54819524074148,10.869860891808088,0.001649933470424969,0.06232466648471213,0.014849407090584466,0,0.02381238541945703,93.03150177001952,86.47799682617188,0
2019-06-12,92.76599884033205,93.25,92.21900177001952,92.6989974975586,53566000.0,91.02112579345705,92.80128021240235,54.42030668760568,-0.5143517254775247,-0.9400079105877167,0.425656185110192,96.49462259459806,85.54762899231604,10.94699360228202,-0.004496418192190821,0.028430778901708642,0.01986043902473411,0,0.02360794164902128,93.18499755859376,86.92500305175781,1
2019-06-13,93.51499938964844,94.15450286865234,93.11100006103516,93.33599853515624,55916000.0,91.01900062561036,92.85760025024415,56.44358001777271,-0.2598838718752745,-0.8039831028452283,0.5440992309699538,96.48858823893504,85.54941301228568,10.939175226649354,0.008074084887562893,0.005197138715702598,0.029719404524828352,0,0.02363264279411828,92.76599884033205,87.71800231933594,0
2019-06-14,93.4834976196289,93.8000030517578,92.9499969482422,93.1999969482422,57024000.0,90.92425041198732,92.90657012939454,56.330323577341154,-0.06006579305028481,-0.6551996408862396,0.5951338478359548,96.14863334934233,85.6998674746323,10.448765874710034,-0.00033686328637261287,0.0032033059919054363,0.053293623650929156,0,0.021904316856046338,93.51499938964844,90.20149993896484,1
2019-06-17,94.30149841308594,94.78450012207033,93.77249908447266,93.8249969482422,52686000.0,90.96682548522949,92.97374008178711,58.6505053677093,0.16242496782115268,-0.49167471914476124,0.6540996869659139,96.28586752565221,85.64778344480678,10.638084080845431,0.008750215966301989,0.016552396265325342,0.11422055990451097,0,0.012194130094724477,93.4834976196289,93.03150177001952,1
2019-06-18,95.06849670410156,96.08350372314452,94.989501953125,95.06749725341795,77914000.0,91.07282524108886,93.03783004760743,60.75593799110863,0.3960751430826832,-0.3141247466992724,0.7101998897819556,96.62499578583642,85.52065469634131,11.104341089495108,0.008133468756305495,0.016612279576457833,0.09933740596694585,0,0.011594907199972972,94.30149841308594,93.18499755859376,1
2019-06-19,95.4394989013672,95.97899627685548,94.62349700927734,95.39199829101562,57906000.0,91.20100021362305,93.09676010131835,61.76994926862518,0.6042163372366076,-0.1304565299120964,0.734672867148704,97.02544549095805,85.37655493628804,11.648890554670004,0.0039024725343073108,0.020923492718436743,0.09795220650771319,0,0.011655146790483408,95.06849670410156,92.76599884033205,1
2019-06-20,95.90950012207033,96.76000213623048,95.29000091552734,96.66649627685548,64344000.0,91.34727516174317,93.17911010742188,63.071721727680604,0.7978972410060408,0.055214224271531054,0.7426830167345098,97.4821552053732,85.21239511811314,12.269760087260067,0.004924598579345574,0.017051708997672277,0.09338445457197464,0,0.011743462230744009,95.4394989013672,93.51499938964844,0
2019-06-21,95.56500244140624,96.29750061035156,95.37899780273438,95.80500030517578,78672000.0,91.58682518005371,93.24308013916016,61.42083261274395,0.9130673963165208,0.22678485868052903,0.6862825376359918,97.98208378150295,85.19156657860447,12.790517202898485,-0.0035919036198251986,0.005222610586238963,0.059461344945157535,0,0.0101479146473762,95.90950012207033,93.4834976196289,1
2019-06-24,95.69499969482422,95.84300231933594,95.06500244140624,95.63300323486328,45660000.0,91.81337509155273,93.31291015625,61.82687695859307,1.0032652487974758,0.3820809367039184,0.6211843120935574,98.44916417196681,85.17758601113864,13.27157816082817,0.0013603018897812014,0.0026770969713605375,0.028630064807392497,0,0.0047692540596377,95.56500244140624,94.30149841308594,0
2019-06-25,93.91349792480467,95.81950378417967,93.62100219726562,95.59200286865234,60246000.0,91.91797485351563,93.3481201171875,53.514439962747836,0.9203857584172113,0.489741901046577,0.43064385737063426,98.61663309605379,85.21931661097747,13.397316485076317,-0.01861645619625729,-0.02081130852235924,0.007817785966596658,0,0.00831652048976248,95.69499969482422,95.06849670410156,1
2019-06-26,94.8915023803711,95.19000244140624,94.36599731445312,94.6240005493164,48838000.0,92.11457481384278,93.40108016967774,56.93731774743469,0.9229804076127124,0.5763896023598041,0.3465908052529083,98.91913620096852,85.31001342671703,13.609122774251489,0.010413885939479117,-0.0070475597114967314,0.022912527937067217,0,0.008591436372871322,93.91349792480467,95.4394989013672,1
2019-06-27,95.21399688720705,95.56199645996094,94.9020004272461,95.0999984741211,42834000.0,92.33447456359863,93.44232009887695,58.03463079976313,0.9402210147059265,0.6491558848290286,0.2910651298768978,99.2404616170575,85.42848751013976,13.811974106917745,0.0033985604479445097,-0.0050264152688344055,0.01816818166762113,0,0.008366657675803194,94.8915023803711,95.90950012207033,0
2019-06-28,94.68150329589844,95.64700317382812,94.1999969482422,95.45500183105467,60748000.0,92.63087463378906,93.47113021850586,55.518994754169455,0.9005357222135331,0.6994318523059295,0.20110386990760354,99.40422542164404,85.85752384593408,13.54670157570996,-0.005592597818778855,0.0081777953975124,0.01281515675787026,0,0.008677469371711927,95.21399688720705,95.56500244140624,1
2019-07-01,96.1094970703125,96.49099731445312,95.73300170898438,96.14900207519533,63842000.0,93.20462455749512,93.53163009643555,60.46787915526948,0.9730947745193248,0.7541644367486086,0.21893033777071624,99.05212674729964,87.35712236769061,11.695004379609031,0.015082077541072714,0.012835656084978941,0.0191725337099804,0,0.00947518650652664,94.68150329589844,95.69499969482422,1
2019-07-02,96.71549987792967,96.739501953125,95.3314971923828,95.96900177001952,52918000.0,93.71649971008301,93.57863006591796,62.38070895211061,1.067195740044383,0.8167706974077635,0.25042504263661947,98.87023254642475,88.56276687374128,10.307465672683463,0.006305337412949141,0.015769771670244515,0.01732438432212069,1,0.009359372076733685,96.1094970703125,93.91349792480467,1
2019-07-03,96.9499969482422,97.07949829101562,96.5250015258789,96.79450225830078,33806000.0,94.21774940490722,93.59386001586914,63.12426610315053,1.1474661119189307,0.882909780309997,0.26455633160893366,98.50985525494981,89.92564355486464,8.584211700085177,0.0024246069203850418,0.023959206110767628,0.015826760033977427,1,0.009333390832692443,96.71549987792967,94.8915023803711,1
2019-07-05,97.14550018310548,97.29499816894533,96.26499938964844,96.43000030517578,52568000.0,94.6891242980957,93.63501998901367,63.76725895943167,1.21287516717247,0.9489028576824917,0.2639723094899783,97.97521589098012,91.40303270521129,6.572183185768836,0.002016536782024403,0.01077940416268186,0.012887149442568413,1,0.009263714025947136,96.9499969482422,95.21399688720705,1
2019-07-08,97.61599731445312,97.8000030517578,96.4124984741211,96.70600128173828,57668000.0,95.05984916687012,93.68508987426758,65.33386092115455,1.2878321734509939,1.0166887208361923,0.27114345261480155,97.87662265733005,92.2430756764102,5.633546980919846,0.004843221049465107,0.009310787181579183,0.021461778063621262,1,0.009150094992156093,97.14550018310548,94.68150329589844,1
2019-07-09,99.41500091552734,99.50050354003906,97.17400360107422,97.38999938964844,86914000.0,95.3790241241455,93.72275985717773,70.57303352702621,1.4753932813224253,1.108429632933439,0.3669636483889862,98.61898600686189,92.13906224142912,6.479923765432773,0.018429393240526393,0.02542551877130128,0.03887351724297394,1,0.010479160775359058,97.61599731445312,96.1094970703125,1
2019-07-10,100.87049865722656,101.24700164794922,99.7699966430664,99.82550048828124,98638000.0,95.76329917907715,93.80173980712891,73.99710708364908,1.7216373505729479,1.231071176461341,0.49056617411160697,99.6330784654849,91.8935198926694,7.739558572815497,0.014640624938845548,0.03834452925868903,0.07407881599716659,1,0.007363930365951177,99.41500091552734,96.71549987792967,0
2019-07-11,100.05349731445312,101.79000091552734,99.76499938964844,101.28099822998048,86356000.0,96.1276741027832,93.87628982543946,69.13429960023541,1.8297699204987055,1.3508109252688139,0.4789589952298916,100.16852964702574,92.08681855854067,8.081711088485065,-0.008099507325226352,0.024970292442415998,0.05439891670584207,1,0.008675485971659513,100.87049865722656,96.9499969482422,1
2019-07-12,100.5500030517578,100.8499984741211,100.19349670410156,100.41349792480467,50186000.0,96.47942428588867,93.97576995849609,70.40705993996941,1.9332443868580214,1.4672976175866554,0.4659467692713659,100.76658950307282,92.19225906870452,8.574330434368306,0.0049624026209122984,0.011416809593904897,0.05604224524753354,1,0.008650563575333045,100.05349731445312,97.14550018310548,1
2019-07-15,101.04949951171876,101.1449966430664,100.07749938964844,101.06999969482422,59626000.0,96.85772438049317,94.09593994140624,71.67258366049306,2.0321287218446002,1.5802638384382446,0.45186488340635567,101.350979764861,92.36446899612534,8.986510768735656,0.004967642414728246,0.0017745610151138624,0.06725702480577511,1,0.007742742238899411,100.5500030517578,97.61599731445312,0
2019-07-16,100.49500274658205,101.31600189208984,100.06099700927734,100.52899932861328,52364000.0,97.16739959716797,94.14337997436523,68.18654540342172,2.0422106814175436,1.6726532070341045,0.3695574743834391,101.76575251240342,92.56904668193252,9.196705830470904,-0.0054873776497271765,0.004412693648692123,0.04563030512022315,1,0.007955710471742879,101.04949951171876,99.41500091552734,0
2019-07-17,99.60150146484376,100.5999984741211,99.60150146484376,100.35250091552734,51176000.0,97.39404983520508,94.1848600769043,62.87931731252541,1.9555601408711567,1.729234593801515,0.2263255470696417,102.00309094165935,92.78500872875081,9.218082212908541,-0.008891002112726198,-0.009433133347850786,0.029840114465175427,1,0.00896050306886586,100.49500274658205,100.87049865722656,0
2019-07-18,98.8949966430664,99.375,97.57749938964844,99.00050354003906,69738000.0,97.56682472229004,94.24175994873048,58.970811156865615,1.809026596074844,1.745192994256181,0.06383360181866293,102.1286631310863,93.00498631349377,9.123676817592525,-0.007093314974039089,-0.021321262144425535,0.02006188505464901,1,0.00951450423601516,99.60150146484376,100.05349731445312,0
2019-07-19,98.22599792480467,99.8000030517578,98.11150360107422,99.5605010986328,63712000.0,97.68264961242676,94.28850997924805,55.45566232465138,1.6202380054348993,1.7202019964919248,-0.09996399105702558,102.1875652546283,93.17773397022522,9.009831284403077,-0.006764737761974948,-0.022578285086464644,0.011122468252905193,1,0.00991266464082115,98.8949966430664,100.5500030517578,1
2019-07-22,99.28150177001952,99.4499969482422,97.91300201416016,98.55699920654295,58000000.0,97.86847457885742,94.37427001953125,59.55223242064055,1.5380622026380166,1.6837740377211432,-0.14571183508312657,102.31487998175736,93.42206917595747,8.892810805799883,0.010745666804249376,-0.0032127999088166215,0.017061798284980334,1,0.010324150035550154,98.22599792480467,101.04949951171876,1
2019-07-23,99.72450256347656,99.8895034790039,98.65650177001952,99.79949951171876,54070000.0,98.06994972229003,94.47878005981445,61.16645811267441,1.4914907714047132,1.6453173844578572,-0.15382661305314405,102.46907707153626,93.6708223730438,8.798254698492457,0.004462067812826209,0.008387744057507973,0.003113228839701998,1,0.008619649404179967,99.28150177001952,100.49500274658205,1
2019-07-24,100.04049682617188,100.06500244140624,98.2935028076172,98.46499633789062,52626000.0,98.3762996673584,94.65690994262695,62.32156437478711,1.46321365653489,1.6088966388732637,-0.14568298233837362,102.41341660253282,94.33918273218397,8.074233870348849,0.003168672237739978,0.018472695006430673,-0.00822839028361666,1,0.007142327480356485,99.72450256347656,99.60150146484376,0
2019-07-25,98.69100189208984,100.05999755859376,98.63600158691406,100.0500030517578,82730000.0,98.56627464294434,94.79061004638672,54.8218402314828,1.3167324047695246,1.5504637920525162,-0.2337313872829916,102.27369912021261,94.85885016567606,7.414848954536552,-0.013489486526910066,-0.005947733136607236,-0.01361766913635376,1,0.0079156586179734,100.04049682617188,98.8949966430664,0
2019-07-26,97.15249633789062,97.54499816894533,96.22550201416016,97.0999984741211,98542000.0,98.66319961547852,94.8625099182129,47.76473194957481,1.064232605988522,1.4532175548397175,-0.3889849488511954,102.10697937648106,95.21941985447597,6.887559522005091,-0.015589116785757695,-0.025791116119619706,-0.033789225367982456,1,0.008723654953644714,98.69100189208984,98.22599792480467,0
2019-07-29,95.62249755859376,96.61150360107422,94.5270004272461,96.5,89864000.0,98.71024932861329,94.86738983154297,41.97755209006768,0.732225936731993,1.3090192312181725,-0.5767932944861796,101.95511558529378,95.46538307193279,6.489732513360991,-0.015748424764872926,-0.04416210842349899,-0.05370637142537882,1,0.008972737853922625,97.15249633789062,99.28150177001952,0
2019-07-30,94.92649841308594,95.49449920654295,94.17400360107422,94.55599975585938,58218000.0,98.65109939575196,94.89691986083984,39.62555234906276,0.40824099694084737,1.1288635843627075,-0.7206225874218601,102.11891339045425,95.18328540104966,6.935627989404594,-0.007278612913047433,-0.0381443435250568,-0.055410758558196105,1,0.008991012707963469,95.62249755859376,99.72450256347656,0
2019-07-31,93.33899688720705,94.97750091552734,92.47200012207033,94.90550231933594,89414000.0,98.48227424621582,94.9047297668457,34.83169702789067,0.023116024989448647,0.9077140724880558,-0.8845980474986072,102.58179905904092,94.38274943339073,8.19904962565019,-0.016723481350493508,-0.03925271706267286,-0.06287560413782711,1,0.009623824125993429,94.92649841308594,100.04049682617188,0
2019-08-01,92.76599884033205,94.89600372314452,92.20050048828124,93.58599853515624,94266000.0,98.27307434082032,94.90252975463868,33.26728678924289,-0.3245927405350102,0.6612527098834426,-0.9858454504184528,103.03717251874487,93.50897616289576,9.528196355849104,-0.006138892274227259,-0.029872663768391594,-0.06197480166620817,1,0.00962125908510167,93.33899688720705,98.69100189208984,0
2019-08-02,91.16200256347656,92.31800079345705,90.4010009765625,92.25350189208984,99124000.0,97.97389945983886,94.86608978271484,29.300121186756414,-0.721269194406915,0.38474832902537115,-1.106017523432286,103.64820934559067,92.29958957408705,11.348619771503621,-0.01729077783786137,-0.03965695472330233,-0.07191574033929227,1,0.010229961009590586,92.76599884033205,97.15249633789062,0
2019-08-05,88.25650024414062,89.43350219726562,87.43900299072266,88.51100158691406,121164000.0,97.50592460632325,94.81573974609375,23.770412838716723,-1.2556139607275867,0.05667587107477956,-1.3122898318023664,104.58983182901929,90.4220173836272,14.167814445392082,-0.03187185710749196,-0.05445201697644364,-0.11104789240011437,1,0.010702297984371147,91.16200256347656,95.62249755859376,1
2019-08-06,89.3915023803711,89.6884994506836,87.66999816894531,89.61150360107422,101406000.0,97.00474967956544,94.7802897644043,29.377484753953013,-1.569409673208554,-0.26854123778188715,-1.3008684354266669,104.85439243909627,89.1551069200346,15.699285519061675,0.01286026675758456,-0.03637643643302002,-0.10361545976655351,1,0.012315094442265645,88.25650024414062,94.92649841308594,1
2019-08-07,89.66999816894531,89.94650268554688,87.8499984741211,88.69950103759766,90538000.0,96.44472465515136,94.73725967407226,30.723971787393637,-1.775159816112705,-0.5698649534480507,-1.2052948626646542,104.69901397969204,88.19043533061068,16.508578649081358,0.0031154615501278737,-0.01636651623018437,-0.10366300634478165,1,0.012308393074147177,89.3915023803711,93.33899688720705,1
2019-08-08,91.64450073242188,91.71299743652344,89.90550231933594,90.3000030517578,74024000.0,96.0242748260498,94.75095962524414,39.527215301903865,-1.7586201530268113,-0.8076159933638029,-0.9510041596630084,104.35673916371272,87.69181048838689,16.664928675325825,0.022019656560675394,0.03838811281785648,-0.07139963142103589,1,0.016015186124765313,89.66999816894531,92.76599884033205,0
2019-08-09,90.37899780273438,91.55449676513672,90.11100006103516,91.44750213623048,57596000.0,95.51572456359864,94.74221954345703,36.33984216505017,-1.8265722728858407,-1.0114072492682105,-0.8151650236176302,103.92243948680547,87.1090096403918,16.81342984641367,-0.013808825620453047,0.011046860116092239,-0.06972027266904623,1,0.015921990265400365,91.64450073242188,91.16200256347656,0
2019-08-12,89.24600219726562,90.04900360107422,88.8499984741211,89.79949951171875,58110000.0,94.92554969787598,94.75206954956055,33.71832651627413,-1.9493768906146585,-1.1990011775375002,-0.7503757130771582,103.3527070469728,86.49839234877916,16.854314698193633,-0.0125360496687702,-0.0047284039292700974,-0.06668404950854656,1,0.015759388716899938,90.37899780273438,88.25650024414062,1
2019-08-13,91.21700286865234,91.58699798583984,89.0,89.1500015258789,79880000.0,94.46164970397949,94.88371963500977,41.60971210810349,-1.8661453906549355,-1.3324300201609873,-0.5337153704939481,102.62884448760309,86.29445492035589,16.3343895672472,0.022085030397553274,-0.004664741041229714,-0.03907755586107475,0,0.01819975998257126,89.24600219726562,89.3915023803711,0
2019-08-14,88.14800262451172,89.78250122070312,87.86100006103516,89.65049743652344,97872000.0,93.88897476196288,94.91711975097657,34.68507163869542,-2.0244894441717207,-1.470841904963134,-0.5536475392085867,102.14003875037531,85.63791077355046,16.502127976824852,-0.033645045853565536,-0.02468488512222866,-0.05561442093670921,0,0.020207749272042795,91.21700286865234,89.66999816894531,1
2019-08-15,88.80599975585938,89.4000015258789,88.0979995727539,89.09950256347656,75182000.0,93.38452491760253,94.9547396850586,37.10193213909039,-2.0729872711309696,-1.5912709781967012,-0.48171629293426843,101.58315006616817,85.1858997690369,16.39725029713128,0.007464685662255555,-0.004930220184358403,-0.04268804447725061,0,0.020615316567289998,88.14800262451172,91.64450073242188,1
2019-08-16,89.62850189208984,90.14550018310548,89.22750091552734,89.64450073242188,60360000.0,92.9546501159668,94.99294967651367,40.08636960095588,-2.0217476515150707,-1.6773663128603753,-0.34438133865469545,100.99280006257209,84.91650016936151,16.076299893210575,0.009261785673171152,-0.017414527189079654,-0.01682170891670498,0,0.020445548894499562,88.80599975585938,90.37899780273438,1
2019-08-19,90.80599975585938,91.3000030517578,90.63050079345705,90.90399932861328,56326000.0,92.53087501525879,95.00503967285157,44.170474528101416,-1.8646313375949006,-1.7148193178072806,-0.14981201978762004,100.06818504760524,84.99356498291233,15.074620064692908,0.013137538159314621,0.030153798749928074,0.02888738511799316,0,0.017801066158270228,89.62850189208984,89.24600219726562,0
2019-08-20,90.06900024414062,90.84100341796876,89.99400329589844,90.7249984741211,38590000.0,92.048099899292,94.94578964233398,42.230101897218844,-1.7790771343176743,-1.7276708811093595,-0.05140625320831482,98.88485828982779,85.2113415087562,13.673516781071584,-0.008116198419710674,0.014222017563604084,0.007578996277372019,0,0.017745279604970556,90.80599975585938,91.21700286865234,1
2019-08-21,91.177001953125,91.47899627685548,90.75,90.96949768066406,40636000.0,91.60492515563965,94.9056297302246,46.06605407422473,-1.6033855038616451,-1.7028138056598168,0.09942830179817164,97.37828903434328,85.83156127693601,11.546727757407268,0.012301698764070057,0.01727687095450392,0.016806109233328703,0,0.01810692517168662,90.06900024414062,88.14800262451172,0
2019-08-22,90.23300170898438,91.47049713134766,90.00499725341797,91.4000015258789,53070000.0,91.18202514648438,94.85496978759765,43.42069452589612,-1.52276802934621,-1.6668046503970955,0.14403662105088544,95.97267133365686,86.3913789593119,9.581292374344969,-0.010353490725939274,-0.006310134224782105,-0.01540189550007709,0,0.016950519609928973,91.177001953125,88.80599975585938,0
2019-08-23,87.48100280761719,90.24500274658205,87.2614974975586,89.65149688720703,105416000.0,90.69845046997071,94.73428985595703,36.788249598393314,-1.661785384415026,-1.6658007972006819,0.004015412785655759,94.8966787916185,86.50022214832292,8.39645664329558,-0.030498806969126657,-0.028733497979420486,-0.03206491624793728,0,0.019003186541841806,90.23300170898438,89.62850189208984,1
2019-08-26,88.44349670410156,88.5,87.17549896240234,88.34549713134766,61600000.0,90.3395004272461,94.63348983764648,40.227117533206275,-1.6749842505252701,-1.6676374878655995,-0.007346762659670603,93.98332477249707,86.69567608199512,7.287648690501953,0.011002318967479496,-0.02998020542975033,-0.008992060970868354,0,0.019160273161572417,87.48100280761719,90.80599975585938,0
2019-08-27,88.09149932861328,88.97000122070312,87.33399963378906,88.7864990234375,60394000.0,89.99775047302246,94.50928985595704,39.38328599167657,-1.6943166656018747,-1.6729733234128548,-0.021343342189019898,93.098214215379,86.89728673066593,6.200927484713077,-0.003979912470737479,-0.02373302826916668,-0.034264484051724664,0,0.017403152647952246,88.44349670410156,90.06900024414062,1
2019-08-28,88.2125015258789,88.39299774169922,87.20249938964844,87.75,48394000.0,89.74142570495606,94.37216995239258,39.85038421211307,-1.6805020956879702,-1.674479077867878,-0.00602301782009218,92.52615246199444,86.95669894791767,5.56945351407677,0.0013735967509673763,0.008361800788571072,0.0007317114335754216,0,0.0137727478144518,88.09149932861328,91.177001953125,1
2019-08-29,89.31999969482422,89.92749786376953,88.86250305175781,89.1500015258789,60302000.0,89.56912574768066,94.24977996826172,44.09647667014479,-1.5621802613872688,-1.6520193145717563,0.08983905318448748,91.9861208772605,87.15213061810081,4.833990259159691,0.012554889043934425,0.009910315889647636,0.00578789654277756,0,0.014161324376985984,88.2125015258789,90.23300170898438,0
2019-08-30,88.81449890136719,89.98699951171875,88.22850036621094,89.87449645996094,61174000.0,89.45175056457519,94.10787994384765,42.61767527003734,-1.4920001951153665,-1.6200154906804785,0.12801529556511193,91.77407671465659,87.1294244144938,4.6446523001627895,-0.005659435682760394,0.008207370498450217,-0.009081965820456173,0,0.013939620514899873,89.31999969482422,87.48100280761719,1
2019-09-03,89.49199676513672,90.04000091552734,88.4000015258789,88.5,70860000.0,89.513525390625,93.98641983032226,45.266946435431244,-1.3659675478481574,-1.5692059021140143,0.2032383542658569,91.77018963602131,87.2568611452287,4.513328490792617,0.007628234940805445,0.01450469283973832,-0.014470442418512919,0,0.013425928842967479,88.81449890136719,88.44349670410156,1
2019-09-04,90.03099822998047,90.38150024414062,89.8115005493164,90.25,46482000.0,89.54550018310547,93.87313980102539,47.349598217087156,-1.2086601711943388,-1.4970967559300794,0.28843658473574063,91.81244122158029,87.27855914463066,4.533882076949624,0.006022901313268436,0.007960126932215594,-0.00042192112777039714,0,0.013381519914399606,89.49199676513672,88.09149932861328,1
2019-09-05,92.03600311279295,92.0999984741211,90.77899932861328,91.09750366210938,66216000.0,89.66380043029785,93.83558990478515,54.31367264294394,-0.9116963364839847,-1.3800166720408604,0.4683203355568757,92.17785351184543,87.14974734875028,5.028106163095146,0.022270161635782104,0.03627227818966139,0.009421248135682125,0,0.014702590260008943,90.03099822998047,88.2125015258789,0
2019-09-06,91.67549896240234,92.03250122070312,91.31999969482422,91.91100311279295,49938000.0,89.66535034179688,93.77126983642579,52.95733640502424,-0.6974008274231949,-1.2434935031173273,0.5460926756941324,92.18431932679525,87.14638135679851,5.037937969996733,-0.00391699050586547,0.024398854380196955,0.015986360046740478,0,0.01428349326081853,92.03600311279295,89.31999969482422,0
2019-09-09,91.56749725341795,92.5,91.23049926757812,92.0500030517578,59990000.0,89.72477531433105,93.69833984375,52.534079198493835,-0.5301734187341509,-1.100829486240692,0.5706560675065411,92.36160171607204,87.08794891259006,5.27365280348198,-0.0011780869502404645,0.017066333303475734,0.04671293554770428,0,0.00896229163931866,91.67549896240234,88.81449890136719,0
2019-09-10,91.02749633789062,91.29049682617188,90.26699829101562,91.1374969482422,52278000.0,89.8138500213623,93.62525970458984,50.36653073080222,-0.43618992748156415,-0.9679015744888664,0.5317116470073022,92.49986713461891,87.12783290810569,5.372034226513222,-0.005897299060526384,-0.010957741979151114,0.029216389334245196,0,0.009213189052919821,91.56749725341795,89.49199676513672,1
2019-09-11,91.14949798583984,91.6709976196289,90.4540023803711,90.60700225830078,48656000.0,89.81047477722169,93.52605972290038,50.85984097552137,-0.3478529874617209,-0.8438918570834373,0.4960388696217164,92.4895913999252,87.13135815451817,5.358233245407035,0.0013402724765312346,-0.00573763963671714,0.0347138904495099,0,0.008919284770909914,91.02749633789062,90.03099822998047,1
2019-09-12,92.17749786376952,92.68299865722656,91.71399688720705,91.88150024414062,56470000.0,90.01194953918457,93.43529968261718,54.925135212164534,-0.19267330929268667,-0.7136481475252873,0.5209748382326006,92.76569144538368,87.25820763298546,5.50748381239822,0.011278173776550826,0.006661759124674482,0.044948236013093945,0,0.009207881883266638,91.14949798583984,92.03600311279295,0
2019-09-13,91.96700286865234,92.30599975585938,91.7584991455078,92.10050201416016,39426000.0,90.16999969482421,93.3356398010254,53.94110449375471,-0.08568970567338852,-0.5880564591549076,0.502366753481519,92.99077242714392,87.3492269625045,5.641545464639421,-0.0022835833039021036,0.010321128983645789,0.029635055786744635,0,0.008947563297598762,92.17749786376952,91.67549896240234,0
2019-09-16,90.39199829101562,91.28450012207033,90.01000213623047,91.20099639892578,73510000.0,90.2081745147705,93.2005697631836,47.13627141253457,-0.1265355129549448,-0.495752269914915,0.3692167569599702,93.01924944104971,87.3970995884913,5.622149852558408,-0.01712575737502442,-0.008310519657956816,0.017761732703129196,0,0.010731756083828441,91.96700286865234,91.56749725341795,1
2019-09-17,91.12750244140624,91.19950103759766,90.20500183105467,90.35399627685548,39648000.0,90.22424964904785,93.07079986572266,50.29003469532251,-0.09842251791128831,-0.41628631951418965,0.31786380160290134,93.05244030120505,87.39605899689064,5.656381304314408,0.008136828085409276,-0.011391016752430039,0.018275440658249487,0,0.010763531322806809,90.39199829101562,91.02749633789062,0
2019-09-18,90.8730010986328,91.10299682617188,89.7750015258789,90.85199737548828,50112000.0,90.26444969177246,92.89995986938476,49.19634585493668,-0.09557714437568166,-0.3521444844864881,0.25656734011080645,93.10549763299626,87.42340175054865,5.682095882447612,-0.0027928049815375555,-0.011895590112706023,0.009352366242807442,0,0.0107461198979272,91.12750244140624,91.14949798583984,1
2019-09-19,91.0749969482422,91.62850189208984,90.8949966430664,91.0510025024414,40630000.0,90.25934944152831,92.70404983520508,50.1234851667989,-0.07614503586040655,-0.29694459476127183,0.22079955890086528,93.09418566240176,87.42451322065487,5.669672441746883,0.002222836785044313,0.0075559636930215834,-0.010441632970230263,0,0.007799714531542149,90.8730010986328,92.17749786376952,0
2019-09-20,89.70800018310547,91.53150177001952,89.0459976196289,91.08550262451172,106838000.0,90.23309936523438,92.49713989257812,44.23951901288505,-0.16910087471705992,-0.2713758507524295,0.10227497603536956,93.0781298560209,87.38806887444787,5.690060981573026,-0.01500957245064305,-0.015577100439173042,-0.02146155517630488,0,0.008959752964794033,91.0749969482422,91.96700286865234,0
2019-09-23,89.26499938964844,89.63500213623047,88.36599731445312,88.8499984741211,58446000.0,90.32229919433594,92.27143981933594,42.498420304845766,-0.2753415425333259,-0.27216898910860876,-0.003172553424717117,92.91748868173646,87.72710970693542,5.190378974801035,-0.004938252915601793,-0.017695043517260367,-0.025145361977047753,0,0.008994158949333857,89.70800018310547,90.39199829101562,0
2019-09-24,87.08049774169922,89.7854995727539,86.77749633789062,89.53050231933594,92320000.0,90.25414924621582,91.99205978393555,35.151722673113,-0.5297029773536224,-0.3236757867576115,-0.20602719059601088,93.10236033144113,87.4059381609905,5.6964221704506315,-0.024472096150627953,-0.0438594492494252,-0.043360509241518574,0,0.011375051617764914,89.26499938964844,91.12750244140624,1
2019-09-25,88.41649627685547,88.6500015258789,86.1500015258789,87.36799621582031,69864000.0,90.27039909362793,91.75048965454101,41.780400078921744,-0.6163771188971765,-0.3822160531855245,-0.23416106571165202,93.0724042523982,87.46839393485766,5.604010317540542,0.015342109540061655,-0.014396752838251592,-0.029983727495777823,0,0.012913060385897533,87.08049774169922,90.8730010986328,0
2019-09-26,86.99199676513672,88.16850280761719,86.57499694824219,88.1395034790039,70736000.0,90.20937385559083,91.49829956054687,37.391620823906024,-0.7908952578630277,-0.4639518941210252,-0.3269433637420025,93.23244058933773,87.18630712184392,6.046133467493803,-0.01611124135996367,-0.02546353710920768,-0.05625560704952659,0,0.012453045073980547,88.41649627685547,91.0749969482422,0
2019-09-27,86.27249908447266,87.45600128173828,85.69100189208984,87.4000015258789,78144000.0,90.05699882507324,91.245849609375,35.37062395318321,-0.9760087685261283,-0.5663632690020458,-0.40964549952408247,93.5193187395398,86.59467891060667,6.924639828933124,-0.008270849128875435,-0.009278755613263412,-0.061918988404054076,0,0.012414238469003467,86.99199676513672,89.70800018310547,1
2019-09-30,86.79550170898438,86.87300109863281,85.46099853515625,86.34950256347656,52894000.0,89.9560489654541,91.0172396850586,37.9941371821601,-1.0681971071925744,-0.6667300366401516,-0.4014670705524228,93.66625208240775,86.24584584850045,7.4204062339073005,0.006062217161457495,-0.018333621395664967,-0.039787776020310806,0,0.012333181132131988,86.27249908447266,89.26499938964844,0
2019-10-01,86.78250122070312,87.77999877929688,86.42050170898438,87.30000305175781,61690000.0,89.82057418823243,90.76725967407226,37.95289528008096,-1.1292883276380934,-0.75924169483974,-0.37004663279835337,93.7782762584644,85.86287211800045,7.915404140463949,-0.00014978297291068365,-0.0024082162983244393,-0.04768045984248159,0,0.011689983229892073,86.79550170898438,87.08049774169922,0
2019-10-02,85.6614990234375,86.44450378417969,85.25,86.38700103759766,66022000.0,89.60209922790527,90.48599960327148,34.47760799896207,-1.253707113493931,-0.8581347785705784,-0.39557233492335264,93.95218038040949,85.25201807540105,8.700162305008433,-0.01291737598591125,-0.007082211220482915,-0.05734928980213583,0,0.01193163786701177,86.78250122070312,88.41649627685547,1
2019-10-03,86.22100067138672,86.25,84.25299835205078,85.6500015258789,69364000.0,89.31134910583496,90.20960968017579,37.551222047189945,-1.2922663485759927,-0.9449610925716613,-0.3473052560043314,93.74831331180293,84.874384899867,8.873928411935935,0.0065315416415505645,-0.0066190185699241955,-0.05329669436732454,0,0.012325803570326666,85.6614990234375,86.99199676513672,1
2019-10-04,86.98249816894531,87.02899932861328,85.96150207519531,86.3010025024414,49438000.0,89.0766990661621,89.9754396057129,41.56872968240231,-1.2470036543356144,-1.0053696049244518,-0.24163404941116262,93.48501815953047,84.66837997279374,8.816638186736725,0.008831925999802426,0.002304576906968281,-0.030381928129008084,0,0.012562612077742301,86.22100067138672,86.27249908447266,0
2019-10-07,86.63300323486328,87.3915023803711,86.18499755859375,86.58149719238281,43094000.0,88.82997436523438,89.76504974365234,40.28769103409149,-1.2252104994092576,-1.049337783821413,-0.17587271558784456,93.20528002975871,84.45466870071004,8.750611329048667,-0.00401799145160453,0.011341200218314862,-0.029485197701019317,0,0.012550275299438142,86.98249816894531,86.79550170898438,0
2019-10-08,85.27549743652344,86.3499984741211,85.25,86.12449645996094,50840000.0,88.54237442016601,89.55810974121094,35.6873008028512,-1.3024646383013732,-1.0999631547174051,-0.20250148358396802,93.05607416956137,84.02867467077066,9.027399498790714,-0.01566961490022023,-0.010966043394310288,-0.020727951171453207,0,0.011094773824089106,86.63300323486328,86.78250122070312,1
2019-10-09,86.09950256347656,86.49749755859375,85.71800231933594,85.98049926757812,40870000.0,88.28987464904785,89.38156982421874,40.154417492776254,-1.2824158807157318,-1.1364536999170705,-0.1459621807986613,92.75670426459573,83.82304503349997,8.93365923109576,0.009662859223618092,-0.010151416940839209,-0.02620544593990448,0,0.010216952094681429,85.27549743652344,85.6614990234375,0
2019-10-10,86.01300048828125,86.91449737548828,85.6875,86.26200103759766,51504000.0,87.98164978027344,89.23504989624024,39.84155883477788,-1.2589941891104672,-1.1609617977557498,-0.09803239135471742,92.17529555361631,83.78800400693058,8.38729154668573,-0.0010046756673366408,-0.007156657664299071,-0.01125386602515388,0,0.009047968095265304,86.09950256347656,86.22100067138672,1
2019-10-11,86.59600067138672,87.27249908447266,86.49299621582031,87.14600372314453,65100000.0,87.71309967041016,89.11164993286133,43.061498467385455,-1.179789211689254,-1.1647272805424507,-0.015061931146803431,91.52171950822905,83.90447983259126,7.617239675637791,0.006778047269550891,0.015485142562155385,0.0037497648769546643,0,0.008972871655455532,86.01300048828125,86.98249816894531,1
2019-10-14,86.82150268554688,87.09449768066406,86.0999984741211,86.44550323486328,38204000.0,87.53457489013672,89.02483993530274,44.30328558332621,-1.0863003739853383,-1.1490418992310283,0.06274152524568999,91.15421439609973,83.91493538417372,7.2392790119260155,0.002604069615361304,0.00838564800694419,0.0002995659458213673,0,0.00879575201301516,86.59600067138672,86.63300323486328,1
2019-10-15,88.36900329589844,88.82250213623047,87.03099822998047,87.10700225830078,62234000.0,87.39664993286132,89.02708999633789,52.03430776941853,-0.8772273000412838,-1.0946789793930796,0.21745167935179577,90.64982153191733,84.14347833380532,6.506343198112006,0.017823932579885904,0.027391240792002947,0.01828135917816609,0,0.010431357510587333,86.82150268554688,85.27549743652344,1
2019-10-16,88.87149810791016,89.31199645996094,88.5260009765625,88.66649627685547,55268000.0,87.2965747833252,89.01668991088867,54.25474661795048,-0.6633416610922609,-1.0084115157329159,0.345069854640655,90.22251006166317,84.37063950498722,5.851870556675948,0.005686324313618707,0.026277165445070194,0.03747306690949204,0,0.009073126356217015,88.36900329589844,86.09950256347656,1
2019-10-17,89.3740005493164,89.94249725341797,89.10099792480469,89.82450103759766,52948000.0,87.2115249633789,89.0107699584961,56.42703029099183,-0.4481223285716709,-0.8963536783006669,0.44823134972899603,89.76886892086777,84.65418100589004,5.114687914977736,0.005654258700535264,0.02939937440399132,0.036568815640944496,0,0.009047153388940476,88.87149810791016,86.01300048828125,0
2019-10-18,87.87550354003906,89.6989974975586,87.45999908447266,89.38999938964844,67250000.0,87.11990013122559,88.93539001464843,48.960501472266344,-0.3939346092050613,-0.7958698644815458,0.40193525527648455,89.43250115235901,84.80729911009217,4.625202042266835,-0.016766587598934568,-0.0055845345930508605,0.010266494868419018,0,0.010854301665470115,89.3740005493164,86.59600067138672,1
2019-10-21,89.28299713134766,89.29399871826172,88.25,88.48300170898438,42608000.0,87.12080001831055,88.9134700012207,54.98552772260648,-0.23471186897918983,-0.6836382653810748,0.4489263964018849,89.43675075277154,84.80484928384955,4.6319014689219955,0.01601690499181374,0.004630269908782791,0.03058873405669904,0,0.011631005232347547,87.87550354003906,86.82150268554688,0
2019-10-22,88.2864990234375,89.48899841308594,88.0999984741211,89.40750122070312,42234000.0,87.18110008239746,88.89427993774414,50.44520069896522,-0.18678265525683457,-0.5842671433562268,0.3974844880993922,89.55186565346214,84.81033451133278,4.741531142129361,-0.011161118465189634,-0.012167985311106522,0.03530910610231697,0,0.010887119528189031,89.28299713134766,88.36900329589844,0
2019-10-23,88.1084976196289,88.50250244140625,87.0999984741211,88.06500244140625,42764000.0,87.16570014953614,88.83210983276368,49.6564387719475,-0.16130224190060005,-0.49967416306510143,0.3383719211645014,89.50799672515875,84.82340357391352,4.684593151245224,-0.0020161792094772757,0.0026514110326967266,0.023333410720592918,0,0.010781973187732352,88.2864990234375,88.87149810791016,1
2019-10-24,89.03900146484375,89.41699981689453,88.01349639892578,88.55449676513672,88922000.0,87.26805038452149,88.84992980957031,53.72940317598697,-0.06527252592742627,-0.4127938356375664,0.3475213097101401,89.74600679176586,84.79009397727711,4.955912814488755,0.010560886524610735,-0.002732834630819525,0.035180739648476456,0,0.01099889461391957,88.1084976196289,89.3740005493164,0
2019-10-25,88.06649780273438,88.21050262451172,84.75,84.87750244140625,192528000.0,87.35775032043458,88.83513977050781,49.24517103020757,-0.0668703622315121,-0.34360914095635553,0.2767387787248434,89.81485488066733,84.90064576020183,4.9142091204655,-0.010922221117825037,-0.0024919010622985738,0.016981120605417788,0,0.011810283557092858,89.03900146484375,87.87550354003906,1
2019-10-28,88.85399627685547,88.93499755859375,87.125,87.40299987792969,74178000.0,87.46067504882812,88.81964965820312,52.68855492145147,-0.004539781773701179,-0.27579526911982466,0.2712554873461235,89.98644513204287,84.93490496561337,5.051540166429504,0.008942089145920873,0.00846114367362083,0.023410025494144504,0,0.012029361537087481,88.06649780273438,89.28299713134766,0
2019-10-29,88.135498046875,88.8499984741211,87.79049682617188,88.7405014038086,45538000.0,87.52832489013672,88.76623962402344,49.39580457922557,-0.01296964412829027,-0.22323014412151782,0.21026049999322755,90.05028876312423,85.0063610171492,5.043927745975026,-0.008086279290598686,-0.01014727707077323,-0.002642388624001568,0,0.01108722322968742,88.85399627685547,88.2864990234375,1
2019-10-30,88.99949645996094,89.11900329589844,87.95600128173828,88.01200103759766,48988000.0,87.69522476196289,88.74484954833984,53.18461633825761,0.04949651540279376,-0.16868481221665552,0.21818132761944928,90.14159777155241,85.24885175237337,4.892746019179043,0.009803069503577566,0.010594251849510794,0.0014402632427255035,0,0.011402398289987082,88.135498046875,88.1084976196289,0
2019-10-31,88.83300018310547,89.5999984741211,88.5739974975586,88.79949951171875,55624000.0,87.82582473754883,88.69796951293945,52.37088197318924,0.08459142154947585,-0.11802956546342924,0.2026209870129051,90.22181195276931,85.42983752232834,4.791974430440973,-0.0018707552680410355,-0.00023629881186859603,-0.006053218641728031,0,0.011249918743995205,88.99949645996094,89.03900146484375,1
2019-11-01,89.5719985961914,89.87249755859375,89.260498046875,89.40049743652344,55808000.0,87.95529975891114,88.6847494506836,55.61680942206364,0.17007486619489498,-0.060408679131764405,0.23048354532665938,90.43346123458858,85.4771382832337,4.956322951354878,0.008318962677863917,0.016298773832904345,0.019305665262895122,0,0.009954336326233474,88.83300018310547,88.06649780273438,1
2019-11-04,90.23300170898438,90.75299835205078,90.05049896240234,90.05049896240234,55438000.0,88.13529968261719,88.73978942871094,58.35092170532121,0.2878404928926557,0.009241155273119611,0.27859933761953604,90.72365360443055,85.54694576080382,5.17670784362673,0.007379573116068405,0.013859687954283828,0.010640375078797337,0,0.008919945558479513,89.5719985961914,88.85399627685547,0
2019-11-05,90.08550262451172,90.5124969482422,89.69999694824219,90.45800018310548,37710000.0,88.3757999420166,88.77262954711914,57.499716958061036,0.36506046726610464,0.08040501767171662,0.28465544959438804,90.74079022762965,86.01080965640355,4.729980571226093,-0.0016346467664720699,0.014099517508409543,0.02037688232032675,0,0.007918022916814422,90.23300170898438,88.135498046875,0
2019-11-06,89.78849792480469,90.125,89.42900085449219,90.05000305175781,40596000.0,88.56024971008301,88.80656951904297,55.73658289388819,0.3977075313454037,0.14386552040645406,0.25384201093894965,90.75568346000352,86.3648159601625,4.390867499841022,-0.003296920048778351,0.0024170425133562823,0.0190674038323575,0,0.008000978837213894,90.08550262451172,88.99949645996094,0
2019-11-07,89.41000366210938,90.29499816894533,89.17400360107422,90.18800354003906,53022000.0,88.73009986877442,88.83051956176757,53.48577422741664,0.3885601613766312,0.1928044486004895,0.19575571277614168,90.61457689990613,86.84562283764271,3.7689540622634183,-0.004215398090435696,-0.009120809806696828,0.00416673807165413,0,0.007581167067662482,89.78849792480469,88.83300018310547,0
2019-11-08,89.29399871826172,89.49400329589844,88.7020034790039,89.39450073242188,42466000.0,88.86499977111816,88.82999954223632,52.782235673787945,0.3677114268619448,0.2277858442527806,0.1399255826091642,90.48709170805824,87.24290783417808,3.2441838738801607,-0.0012974492684962868,-0.008786140757288008,0.013938341436909418,1,0.006513987074832367,89.41000366210938,89.5719985961914,0
2019-11-11,88.5824966430664,89.0,88.35649871826172,88.9000015258789,38920000.0,88.95304946899414,88.82535949707031,48.56294910108448,0.29042850434211687,0.24031437627064786,0.050114128071469005,90.2875743996065,87.61852453838178,2.669049861224721,-0.007968083918385438,-0.013431578761327279,-0.0030555703194610206,1,0.006534639472038283,89.29399871826172,90.23300170898438,1
2019-11-12,88.9000015258789,89.31099700927734,88.59549713134766,88.73300170898438,40752000.0,88.97959938049317,88.81351959228516,50.46584454232089,0.25189750436614133,0.24263100188974657,0.009266502476394767,90.28745182997503,87.67174693101131,2.6157048989637133,0.003584284648149527,-0.005704083607443122,0.008674183455539053,1,0.006007834335125759,88.5824966430664,90.08550262451172,0
2019-11-13,87.65550231933594,88.75,87.36599731445312,88.66950225830078,59790000.0,88.91879959106446,88.76600967407227,43.64956105155311,0.11956248216083054,0.21801729794396338,-0.09845481578313284,90.34848522101379,87.48911396111512,2.8593712598986656,-0.013998865975055064,-0.01834945710176472,-0.015101143198373412,1,0.006749201449351631,88.9000015258789,89.78849792480469,1
2019-11-14,87.7300033569336,88.32949829101562,87.47799682617188,87.57150268554688,45296000.0,88.83659973144532,88.67988967895508,44.136006848671364,0.020461764262350357,0.17850619120764077,-0.15804442694529042,90.33932374056212,87.33387572232851,3.005448018233608,0.0008499299602007238,-0.009623721597821322,-0.012416521156533467,1,0.006787321504715391,87.65550231933594,89.41000366210938,0
2019-11-15,86.97450256347656,88.08399963378906,86.64299774169922,88.00250244140625,78552000.0,88.79154968261719,88.58586975097656,40.333577258231976,-0.11768230039839978,0.11926849288643267,-0.23695079328483243,90.45251368425683,87.13058568097755,3.3219280032792824,-0.00861165809356279,-0.021659155560777243,-0.028998973713033727,1,0.006230066984445916,87.7300033569336,89.29399871826172,1
2019-11-18,87.62650299072266,87.68499755859375,86.135498046875,86.91500091552734,56790000.0,88.70872497558594,88.50704986572265,44.756854685085635,-0.17256229076086527,0.06090233615697308,-0.23346462691783834,90.4275979570042,86.98985199416768,3.437745962836516,0.007496454800304697,-0.00033083295225022624,-0.02888631286663923,1,0.006251611220265918,86.97450256347656,88.5824966430664,1
2019-11-19,87.6395034790039,88.03399658203125,87.15149688720703,87.84950256347656,45416000.0,88.67637519836425,88.43929000854492,44.844655439486985,-0.2125558363869544,0.006210701648187586,-0.218766538035142,90.44931915256066,86.90343124416785,3.545887908392814,0.00014836251405148104,-0.001031572717049678,-0.027151973117173545,1,0.006317086193712983,87.62650299072266,88.9000015258789,0
2019-11-20,87.27649688720703,88.1259994506836,86.70600128173828,87.45700073242188,55800000.0,88.63477516174316,88.36182998657226,42.799177484000616,-0.2704253129451928,-0.049116501270488486,-0.2213088116747043,90.49591537163003,86.7736349518563,3.722280419773739,-0.004142042998724227,0.0034722167397285286,-0.027976868927035436,1,0.0063311370432275645,87.6395034790039,87.65550231933594,0
2019-11-21,86.7354965209961,87.34349822998047,86.51799774169922,87.1500015258789,53258000.0,88.51959991455078,88.2529899597168,39.87970879825376,-0.35583960085298827,-0.11046112118698845,-0.24537847966599982,90.5443353591979,86.49486446990366,4.049470889294241,-0.006198694786181735,-0.010168230379122845,-0.029912840080183356,1,0.006410432674850999,87.27649688720703,87.7300033569336,1
2019-11-22,87.28600311279297,87.32150268554688,86.55000305175781,86.95099639892578,49582000.0,88.4805751800537,88.1593699645996,44.0612000426934,-0.3747894190892538,-0.16332678076744153,-0.21146263832181225,90.56785901564365,86.39329134446376,4.1745676711798865,0.0063469584412145785,-0.004033573356512998,-0.022487464267384127,1,0.007060663357112232,86.7354965209961,86.97450256347656,1
2019-11-25,88.69200134277344,88.87100219726562,87.66200256347656,87.6624984741211,69724000.0,88.47247543334962,88.12537002563477,53.04393776830063,-0.27320563532616404,-0.18530255167918602,-0.08790308364697802,90.55515229932703,86.3897985673722,4.165353731954838,0.016107946060534006,0.016218621347689366,0.0012361889070282572,1,0.008787597865502816,87.28600311279297,87.62650299072266,1
2019-11-26,89.84700012207031,89.85150146484375,88.9175033569336,88.99600219726562,63624000.0,88.55805053710938,88.09975997924805,58.88482889116983,-0.09836709146161127,-0.16791545963567106,0.0695483681740598,90.717542006582,86.39855906763677,4.318982938945226,0.013022581087476892,0.03587347425077603,0.010652402473983358,1,0.009660007554815936,88.69200134277344,87.6395034790039,1
2019-11-27,90.92549896240234,91.2249984741211,89.8655014038086,90.05000305175781,60512000.0,88.65435066223145,88.10080993652343,63.45598957800962,0.12576976169479792,-0.10917841536957726,0.23494817706437518,91.04355472615208,86.26514659831082,4.77840812784126,0.01200372676735717,0.04169621382372535,0.03730509273854299,1,0.00858315322953963,89.84700012207031,87.27649688720703,0
2019-11-29,90.04000091552734,91.2344970703125,90.03949737548828,90.88899993896484,38468000.0,88.71470069885254,88.08011001586914,57.776274749485694,0.22930426385643443,-0.04148187952437492,0.27078614338080936,91.17871160507927,86.2506897926258,4.928021812453466,-0.009738720787676458,0.015198659995778074,0.026330758807741272,1,0.009570492502342763,90.92549896240234,86.7354965209961,0
2019-12-02,89.08000183105469,90.27749633789062,88.13400268554688,90.22000122070312,78512000.0,88.6901008605957,88.06755004882812,52.309828290961335,0.23122676150255472,0.01305984868101101,0.2181669128215437,91.12908142310877,86.25112029808264,4.8779611250261325,-0.01066191775556835,-0.00853671563851377,0.02420823581073628,1,0.009856098543174934,90.04000091552734,87.28600311279297,0
2019-12-03,88.49800109863281,88.64350128173828,87.36150360107422,88.0,67618000.0,88.60335083007813,88.05221008300781,49.26652729025403,0.1836705201887554,0.04718198298255989,0.13648853720619553,90.93783059466271,86.26887106549354,4.668959529169172,-0.006533461163659049,-0.026697657878933412,0.009945599540842398,1,0.010052708092213859,89.08000183105469,88.69200134277344,0
2019-12-04,88.03450012207031,89.45449829101562,88.01100158691406,88.70050048828125,53402000.0,88.50080070495605,88.07129013061524,46.925110522139114,0.10734380854832182,0.05921434809571228,0.04812946045260954,90.74425631981816,86.25734509009393,4.486911229724228,-0.005237417464897476,-0.022273442615116434,0.004507061626165321,1,0.010247894065533985,88.49800109863281,89.84700012207031,0
2019-12-05,87.02400207519531,88.17500305175781,87.0,88.17500305175781,56476000.0,88.36257591247559,88.04344024658204,42.214687991888425,-0.03428914372464931,0.04051364973163996,-0.07480279345628926,90.61229205799323,86.11285976695795,4.499432291035276,-0.011478432267733929,-0.02308037397393292,-0.0028930447602408815,1,0.010861146156655094,88.03450012207031,90.92549896240234,1
2019-12-06,87.58000183105469,87.72000122070312,87.00650024414062,87.55999755859375,62348000.0,88.27107582092285,88.0552003479004,45.45885087420281,-0.10051111562239612,0.012308696660832747,-0.11281981228322886,90.49161564916909,86.0505359926766,4.441079656492491,0.006389039145533015,-0.010373107371713375,0.009736559354959873,1,0.010822771685547463,87.02400207519531,90.04000091552734,0
2019-12-09,87.47550201416016,88.34449768066406,87.28050231933594,87.53299713134766,48856000.0,88.18015098571777,88.07926040649414,44.9480848594246,-0.15958516884869312,-0.022070076441072426,-0.1375150924076207,90.37447117926769,85.98583079216786,4.3886403870998265,-0.0011931926776630464,-0.00634976182218383,0.0021710113260922093,1,0.010672177984761489,87.58000183105469,89.08000183105469,0
2019-12-10,86.96050262451172,87.53350067138672,86.75,87.37000274658203,50286000.0,88.09905128479004,88.08256042480468,42.41857991480277,-0.24513219697405475,-0.06668250054766889,-0.17844969642638586,90.34713146246602,85.85097110711405,4.496160355351975,-0.005887355634324631,-0.0007296774357575808,-0.019522602850846615,1,0.009211492173583476,87.47550201416016,88.49800109863281,1
2019-12-11,87.43599700927734,87.5,86.7854995727539,87.08350372314453,41952000.0,88.02585105895996,88.09563034057618,45.469874906489224,-0.27143151655563713,-0.10763230374926255,-0.16379921280637458,90.26014184794167,85.79156026997825,4.46858157796342,0.005467935101741261,-0.0016442660283924049,-0.026834542160753982,0,0.008090350190598476,86.96050262451172,88.03450012207031,1
2019-12-12,88.0165023803711,88.19999694824219,87.27200317382812,87.5,61918000.0,88.04390106201171,88.14273040771485,49.02155577111547,-0.24263503914278317,-0.13463285082796667,-0.1080021883148165,90.27175607548496,85.81604604853847,4.455710026946491,0.00663920342821922,0.0061845928717660925,-0.03199318799706685,0,0.007128712836179217,87.43599700927734,87.02400207519531,1
2019-12-13,88.0469970703125,88.44950103759766,87.75,88.25,54914000.0,88.05975074768067,88.17925033569335,49.20870557891746,-0.21487599993064066,-0.15068148064850148,-0.06419451928213918,90.28295309432333,85.836548401038,4.446404693285331,0.00034646559584494696,0.01249411414389101,-0.022134649321967625,0,0.00681086552566862,88.0165023803711,87.58000183105469,1
2019-12-16,88.46050262451172,88.4749984741211,87.85250091552734,88.3499984741211,62904000.0,88.13405075073243,88.20881042480468,51.793071909703194,-0.15769253753565238,-0.15208369202593167,-0.005608845509720711,90.30594264523283,85.96215885623202,4.34378378900081,0.0046964185941400505,0.011717206302636063,-0.0069544139403801,0,0.00641454752661925,88.0469970703125,87.47550201416016,1
2019-12-17,89.53299713134766,89.5999984741211,88.86949920654297,88.90049743652344,72888000.0,88.22937545776367,88.26681030273437,57.79181041130034,-0.025538496224626783,-0.1267746528656707,0.1012361566410439,90.47005759759148,85.98869331793586,4.481364279655622,0.012123992912275838,0.017229663869428702,0.01169513457780047,0,0.007189132290046313,88.46050262451172,86.96050262451172,0
2019-12-18,89.20149993896484,89.91000366210938,89.11799621582031,89.7509994506836,67028000.0,88.30747528076172,88.34533035278321,55.49322879681703,0.05184781135005778,-0.091050160022525,0.14289797137258278,90.56926075543852,86.04568980608492,4.523570949353598,-0.00370251419034362,0.013112348030795307,0.01325616451818723,0,0.007051810252381999,89.53299713134766,87.43599700927734,1
2019-12-19,89.61399841308594,89.64949798583984,88.7030029296875,89.0250015258789,53056000.0,88.42435035705566,88.41562026977539,57.745367495789026,0.14479311224187086,-0.04388150556964583,0.18867461781151668,90.70247494739053,86.14622576672079,4.556249180669738,0.004624344595139496,0.013039670297493755,0.029761861970593717,1,0.005457838377323276,89.20149993896484,88.0165023803711,0
2019-12-20,89.32499694824219,90.14849853515624,89.12249755859375,89.98100280761719,103016000.0,88.55382537841797,88.48186019897462,55.62175103956363,0.1929091928135449,0.003476634106992317,0.1894325587065526,90.72513464358262,86.38251611325332,4.342618530329304,-0.0032249589345579865,-0.00232316787966258,0.019924584159676906,1,0.005628899324028801,89.61399841308594,88.0469970703125,1
2019-12-23,89.6500015258789,89.6500015258789,89.22550201416016,89.41300201416016,42728000.0,88.67202529907226,88.54294021606445,57.51400258324853,0.25433487247104836,0.053648281779803526,0.20068659069124484,90.81154506056751,86.53250553757701,4.279039522990502,0.0036384504756830083,0.005027960148886956,0.02485838276603136,1,0.005531928537493006,89.32499694824219,88.46050262451172,0
2019-12-24,89.46050262451172,89.77850341796875,89.37899780273438,89.69049835205078,17626000.0,88.71045036315918,88.59572021484375,56.014285264842705,0.28444528038457406,0.09980768150075764,0.18463759888381642,90.87745252229756,86.5434482040208,4.3340043182767545,-0.00211376350409187,-0.0017128550370743012,0.02874868388002305,1,0.005001610905205748,89.6500015258789,89.53299713134766,1
2019-12-26,93.4384994506836,93.52300262451172,89.9749984741211,90.05049896240234,120108000.0,88.89002532958985,88.69711013793945,72.32719459685023,0.622127594309049,0.20427166406241593,0.41785593024663303,91.85303903987672,85.92701161930297,5.926027420573746,0.04446651549531899,0.046050967175794044,0.06865024299739342,1,0.014134950286015678,89.46050262451172,89.20149993896484,1
2019-12-27,93.48999786376952,95.06999969482422,93.30049896240234,94.14600372314452,123732000.0,89.0182502746582,88.78948013305664,72.4695412677509,0.8837118721392727,0.3401597056777873,0.5435521664614854,92.49919879226994,85.53730175704646,6.961897035223473,0.0005511476895356804,0.042833198801253136,0.062187150538477676,1,0.014270682108305243,93.4384994506836,89.61399841308594,0
2019-12-30,92.34449768066406,94.1999969482422,92.03099822998048,93.6999969482422,73494000.0,89.13347511291504,88.8488900756836,64.51947171745331,0.9872070966059425,0.4695691838634184,0.5176379127425241,92.88419304627485,85.38275717955523,7.501435866719618,-0.012252649580489217,0.03223763528645929,0.04880916730095475,1,0.015354107035145349,93.48999786376952,89.32499694824219,1
2019-12-31,92.39199829101562,92.66300201416016,91.61150360107422,92.0999984741211,50130000.0,89.29907493591308,88.93921997070312,64.69244212391885,1.0608320978359842,0.5878217666579315,0.4730103311780527,93.30921391008694,85.28893596173923,8.020277948347712,0.0005143848474418178,-0.011199892611934659,0.04444351490056442,1,0.015416510700517923,92.34449768066406,89.6500015258789,1
2020-01-02,94.90049743652344,94.90049743652344,93.2074966430664,93.75,80580000.0,89.61919975280762,89.05156997680665,72.3567132263916,1.3065344426255763,0.7315643018514605,0.5749701407741158,94.29018872155234,84.9482107840629,9.341977937489446,0.02715061035487687,0.015087170873714806,0.05994996791296381,1,0.01690657769796423,92.39199829101562,89.46050262451172,0
2020-01-03,93.74849700927734,94.30999755859376,93.2249984741211,93.2249984741211,75288000.0,89.90489959716797,89.16080993652344,65.3418680381005,1.392249528334247,0.8637013471480177,0.5285481811862294,94.84449522073784,84.9653039735981,9.879191247139744,-0.012139034655920922,0.015203930541356492,0.05097444632011494,1,0.01763730806490172,94.90049743652344,93.4384994506836,1
2020-01-06,95.1439971923828,95.18450164794922,93.0,93.0,81236000.0,90.31089935302734,89.30151992797852,69.23308266422654,1.5548610827031837,1.001933294259051,0.5529277884441326,95.56161133649915,85.06018736955552,10.501423966943634,0.01488557393050649,0.029786117329110517,0.06170909542285674,1,0.01790168309732248,93.74849700927734,93.48999786376952,1
2020-01-07,95.34300231933594,95.69450378417967,94.60199737548828,95.2249984741211,80898000.0,90.69904937744141,89.42759994506837,69.7545878040881,1.6804191359092755,1.137630462589096,0.5427886733201794,96.22536699093116,85.17273176395166,11.052635226979504,0.0020916204156395946,0.004662829961544546,0.06737201877074539,1,0.017669847303810996,95.1439971923828,92.34449768066406,0
2020-01-08,94.59850311279295,95.5500030517578,94.3219985961914,94.9020004272461,70160000.0,91.05519943237304,89.55824005126954,65.29553370126226,1.700250504299106,1.250154470931098,0.45009603336800796,96.62257864388916,85.48782022085693,11.134758423032224,-0.007808640261289468,0.009066877130110118,0.05519800895358129,1,0.018249996229278264,95.34300231933594,92.39199829101562,1
2020-01-09,95.05249786376952,95.89099884033205,94.79000091552734,95.49449920654295,63346000.0,91.45979919433593,89.68221008300782,66.69372719164232,1.7326279325536689,1.3466491632556123,0.3859787692980565,96.95373020733264,85.96586818133922,10.987862025993422,0.0047991747864684076,-0.0009616931316042132,0.06250797922216922,1,0.018058011767542678,94.59850311279295,94.90049743652344,0
2020-01-10,94.15799713134766,95.34700012207033,94.0,95.26850128173828,57074000.0,91.79589920043944,89.80266006469726,61.44133550649916,1.6668936320749879,1.4106980570194876,0.2561955750555003,97.08260731946004,86.50919108141883,10.573416238041204,-0.009410596802031157,-0.012428863777745325,0.007700227260646564,1,0.012590578209019366,95.05249786376952,93.74849700927734,1
2020-01-13,94.56500244140624,94.9000015258789,94.04000091552734,94.56549835205078,55616000.0,92.1233242034912,89.91397018432617,62.87403124619209,1.6288641207408006,1.4543312697637503,0.1745328509770503,97.24165134156497,87.00499706541741,10.236654276147561,0.00432257824569926,-0.00035413532227646094,0.011498605221953007,1,0.01263742400497519,94.15799713134766,95.1439971923828,0
2020-01-14,93.47200012207033,94.35549926757812,92.92749786376952,94.29399871826172,68818000.0,92.39457435607909,90.00675018310547,56.77330097970607,1.4933152972613897,1.4621280752632781,0.031187221998111525,97.18450785024788,87.6046408619103,9.579866988337585,-0.01155821171805238,-0.016627629754289885,0.012209741454279888,1,0.01255684442707641,94.56500244140624,95.34300231933594,0
2020-01-15,93.10099792480467,93.94300079345705,92.75450134277344,93.6125030517578,57932000.0,92.62659912109373,90.07733016967774,54.82857871254511,1.3405026215653209,1.4378029845236866,-0.09730036295836575,97.06873190682924,88.18446633535822,8.884265571471019,-0.003969126548925228,-0.011225803848275318,0.007673820751834537,1,0.012666967583859264,93.47200012207033,94.59850311279295,1
2020-01-16,93.89700317382812,94.27950286865234,93.3010025024414,94.14949798583984,53190000.0,92.84479942321776,90.1506101989746,58.141571521247805,1.2690002018216688,1.404042427983283,-0.1350422261616142,97.08163890990673,88.6079599365288,8.473678973377929,0.00854991102959346,-0.007063916357343825,-0.010574172842102603,1,0.009288765016646541,93.10099792480467,95.05249786376952,0
2020-01-17,93.23600006103516,94.33200073242188,92.8625030517578,94.29450225830078,79946000.0,93.04652442932128,90.21362014770507,54.56286441463164,1.1457886536877737,1.3523916731241812,-0.20660301943640746,96.94061203555604,89.15243682308652,7.788175212469525,-0.00703966144232826,-0.002524820916712689,-0.005466721756525517,1,0.008734166075416588,93.89700317382812,94.15799713134766,1
2020-01-21,94.5999984741211,94.7135009765625,93.0,93.25,74156000.0,93.29582443237304,90.3098501586914,60.03009675241467,1.1450069591431458,1.310914730327974,-0.16590777118482825,96.90712969087606,89.68451917387002,7.222610517006046,0.014629525206926841,0.016100800020716566,-0.00571763573440931,1,0.00868423840393045,93.23600006103516,94.56500244140624,0
2020-01-22,94.3730010986328,95.125,94.16699981689452,94.80449676513672,64326000.0,93.54822463989257,90.40911010742188,58.7628788389346,1.1132379552969525,1.27137937532177,-0.15814142002481746,96.68912736735629,90.40732191242884,6.281805454927451,-0.0023995494624705627,0.005069362266264088,-0.010173806122176443,1,0.00864911884672699,94.5999984741211,93.47200012207033,0
2020-01-23,94.22899627685548,94.4990005493164,93.63800048828124,94.25550079345705,49692000.0,93.7771743774414,90.50781005859375,57.927453622633195,1.0641736735628768,1.2299382349699914,-0.1657645614071146,96.36735956948982,91.18698918539297,5.180370384096847,-0.0015259112256779117,0.010650351958152227,-0.0039060537300140696,1,0.008320603839074786,94.3730010986328,93.10099792480467,0
2020-01-24,93.08200073242188,94.74949645996094,92.37200164794922,94.56849670410156,75324000.0,93.9582492828369,90.59780014038085,51.63114958987608,0.9221074416105495,1.1683720762981031,-0.24626463468755366,95.67517360221989,92.24132496345392,3.4338486387659657,-0.012172426638861866,-0.016046488014632265,-0.020730619138192297,1,0.008864401383518815,94.22899627685548,93.89700317382812,0
2020-01-27,91.41699981689452,92.0500030517578,90.76699829101562,91.0,70570000.0,93.85717430114745,90.64814010620117,44.13229113215496,0.6674730564592721,1.068192272330337,-0.40071921587106485,95.89298527047158,91.82136333182332,4.0716219386482635,-0.01788746376771222,-0.03132253131008145,-0.029110616176653892,1,0.009980731964683659,93.08200073242188,93.23600006103516,1
2020-01-28,92.6624984741211,92.90550231933594,91.5009994506836,92.0250015258789,56160000.0,93.81579933166503,90.74828002929688,49.9842783778163,0.5597226697353648,0.9664983518113426,-0.4067756820759778,95.91250272259205,91.71909594073801,4.193406781854037,0.01362436592451366,-0.016624371102625823,-0.020118478487471725,1,0.011099877105441447,91.41699981689452,94.5999984741211,1
2020-01-29,92.9000015258789,93.7375030517578,92.7509994506836,93.1999969482422,41760000.0,93.84357452392577,90.85167999267578,51.03749273976823,0.4878703575450487,0.8707727529580839,-0.38290239541303517,95.87529071445861,91.81185833339292,4.063432381065695,0.0025630978623367717,-0.0019552567103295893,-0.006119464603778879,1,0.010633681257314322,92.6624984741211,94.3730010986328,1
2020-01-30,93.53399658203124,93.64350128173828,92.53050231933594,92.9000015258789,126548000.0,93.90067443847656,90.98286987304688,53.83228768354564,0.4765911389973354,0.7919364301659342,-0.3153452911685988,95.82748062134449,91.97386825560862,3.85361236573587,0.006824489189870775,0.023157583046665264,0.00465084872211885,1,0.010796057500729109,92.9000015258789,94.22899627685548,1
2020-01-31,100.43599700927734,102.78600311279295,100.1135025024414,102.57350158691406,311346000.0,94.17744941711425,91.23905975341796,72.34151991607189,1.012909835026619,0.8361311111380713,0.17677872388854776,97.60503216980418,90.74986666442432,6.855165505379858,0.07379135586484753,0.08389044827371284,0.06964006959139923,1,0.025664501968428708,93.53399658203124,93.08200073242188,0
2020-02-03,100.20999908447266,102.4250030517578,100.0124969482422,100.52999877929688,117834000.0,94.50052452087401,91.49046966552734,71.33306820614436,1.4035310890819375,0.9496111067268446,0.4539199823550929,98.81008882600409,90.19096021574393,8.619128610260162,-0.0022501685803328897,0.07868673238457835,0.07479942317208055,1,0.02541602491234744,100.43599700927734,91.41699981689452,1
2020-02-04,102.4834976196289,102.98999786376952,100.76850128173828,101.49400329589844,105786000.0,94.86749954223632,91.79460968017578,75.09438308558134,1.8749404323675662,1.134676971854989,0.7402634605125773,100.4079347524097,89.32706433206293,11.08087042034677,0.022687342140775613,0.09568179875376948,0.08333508744891183,1,0.02579143550081974,100.20999908447266,92.6624984741211,0
2020-02-05,101.99349975585938,103.5510025024414,101.5999984741211,103.5510025024414,87524000.0,95.20002441406248,92.09976974487304,72.87505471959898,2.183823245725222,1.3445062266290355,0.8393170190961863,101.55336104824946,88.84668777987551,12.706673268373947,-0.004781236737139594,0.015507415597598495,0.08074871593054578,1,0.025912193585645896,102.4834976196289,92.9000015258789,1
2020-02-06,102.5114974975586,102.81500244140624,101.23999786376952,102.0510025024414,63660000.0,95.59567413330078,92.40427963256836,73.75799137526764,2.442260332500254,1.5640570478032794,0.8782032846969747,102.692003729714,88.49934453688755,14.192659192826454,0.0050787328892443195,0.022966754157395686,0.08789758511666812,1,0.025723424074062133,101.99349975585938,93.53399658203124,1
2020-02-07,103.96399688720705,104.92649841308594,101.90499877929688,102.09950256347656,101906000.0,96.04124908447265,92.70971954345703,76.10660371418697,2.732776402139237,1.7978009186704709,0.934975483468766,104.01059677692751,88.07190139201779,15.938695384909721,0.014169136390608683,0.014446221118184832,0.11690763057475628,1,0.024670264741661008,102.5114974975586,100.43599700927734,1
2020-02-10,106.69550323486328,106.77999877929688,104.2480010986328,104.25050354003906,101124000.0,96.66812438964844,93.04668960571288,79.77283758154331,3.147143898653596,2.067669514667096,1.0794743839864998,105.82956045430076,87.50668832499612,18.322872129304642,0.026273579599096264,0.04610101124345212,0.16712978383201316,1,0.022724530556873464,103.96399688720705,100.20999908447266,1
2020-02-11,107.54000091552734,109.29750061035156,106.8000030517578,107.54499816894533,114920000.0,97.31687431335449,93.37897964477538,80.75598554440174,3.503293246247395,2.354794260983156,1.148498985264239,107.56398709528645,87.06976153142253,20.49422556386392,0.007915025985726132,0.04905306761408412,0.1605558093769861,1,0.022856548617438032,106.69550323486328,102.4834976196289,1
2020-02-12,108.0,109.0124969482422,107.7645034790039,108.16000366210938,66686000.0,98.04327430725098,93.73817962646484,81.28945976626753,3.7790991492916675,2.6396552386448584,1.139443910646809,109.12307195608349,86.96347665841847,22.15959529766502,0.004277469597884664,0.03882116149470205,0.16254034689024977,1,0.022757220489042915,107.54000091552734,101.99349975585938,0
2020-02-13,107.49349975585938,108.51399993896484,107.0999984741211,107.24949645996094,60636000.0,98.76289939880371,94.10644958496094,78.70236162640393,3.9117151604143885,2.8940672229987645,1.017647937415624,110.32432698744141,87.20147181016601,23.122855177275397,-0.00468981707537619,0.007479195437501307,0.14924523364705555,1,0.023517819080706208,108.0,102.5114974975586,0
2020-02-14,106.74349975585938,107.9520034790039,106.29450225830078,107.78399658203124,52124000.0,99.40522422790528,94.47135955810546,74.90105511411974,3.9112095832550864,3.097495695050029,0.8137138882050574,111.23818202975485,87.5722664260557,23.665915603699148,-0.006977166077050345,-0.0074065571218807635,0.062801216042087,1,0.011692318299404723,107.49349975585938,103.96399688720705,1
2020-02-18,107.78350067138672,108.30349731445312,106.20549774169922,106.2509994506836,58912000.0,100.13259925842286,94.86633956909179,76.5895945287956,3.9492043228076312,3.2678374206015497,0.6813669022060815,112.14633433410731,88.1188641827384,24.027470151368902,0.009742990607446878,-0.0020046234130859375,0.075576306317795,1,0.011342492620454368,106.74349975585938,106.69550323486328,1
2020-02-19,108.51100158691406,109.25499725341795,108.05599975585938,108.38999938964844,51224000.0,100.8281494140625,95.29607955932617,77.71881446921824,3.9920013647463293,3.4126702094305057,0.5793311553158236,113.0883395113086,88.56795931681638,24.52038019449222,0.006749650094826309,0.009465705678628478,0.05881438580147269,1,0.00999010367612544,107.78350067138672,107.54000091552734,0
2020-02-20,107.65499877929688,108.8395004272461,106.37249755859376,108.65350341796876,62626000.0,101.4922492980957,95.69757949829102,73.24212599920476,3.911753793409801,3.512486926226365,0.39926686718343607,113.72072152863214,89.26377706755926,24.45694446107288,-0.007888626914309249,0.008539152505981695,0.055508429821403915,1,0.010395082817285604,108.51100158691406,108.0,0
2020-02-21,104.79850006103516,107.22750091552734,104.4000015258789,107.10749816894533,92926000.0,102.02072448730469,96.04403945922851,60.68103855826396,3.5764345301547564,3.5252764470120437,0.05115808314271275,113.85515218457587,90.18629679003351,23.668855394542362,-0.026533823330561868,-0.027694411405807973,0.02230971763465872,1,0.014515761576290257,107.65499877929688,107.49349975585938,0
2020-02-24,100.4645004272461,101.96499633789062,99.39849853515624,100.15899658203124,130940000.0,102.3898494720459,96.3141194152832,47.3987549104234,2.9272307544799787,3.405667308505631,-0.4784365540256523,113.52595633648906,91.25374260760273,22.272213728886328,-0.04135555023463999,-0.07415378203124379,-0.033660657196141086,1,0.019302919271562014,104.79850006103516,106.74349975585938,0
2020-02-25,98.63700103759766,101.7300033569336,97.9209976196289,101.3209991455078,124382000.0,102.75084953308105,96.5381394958496,43.11341546675492,2.239453135566464,3.172424473917798,-0.9329713383513338,112.86162004197429,92.64007902418781,20.22154101778648,-0.018190498951138112,-0.08376757088806419,-0.07552803963562416,1,0.016691373948068036,100.4645004272461,107.78350067138672,1
2020-02-26,98.97949981689452,100.7334976196289,98.02249908447266,98.51399993896484,104492000.0,103.06669960021972,96.75739944458007,44.13285447481922,1.7023970332212741,2.8784189857784934,-1.1760219525572193,112.2491984726646,93.88420072777484,18.364997744889763,0.003472315416060745,-0.055525606194283594,-0.07960294797986012,1,0.01628386940562388,98.63700103759766,108.51100158691406,0
2020-02-27,94.21499633789062,98.75,94.13800048828124,96.71900177001952,162880000.0,103.13244934082032,96.88075942993164,34.792212279026,0.8821516950733468,2.4791655276374645,-1.5970138325641177,112.03745768504997,94.22744099659066,17.810016688459314,-0.048136265467272565,-0.06220609332429028,-0.12763892279730904,1,0.019881147256883665,98.97949981689452,107.65499877929688,0
2020-02-28,94.1875,94.48799896240234,90.55650329589844,90.73149871826172,189620000.0,103.16512451171874,96.99529937744141,34.746506853193395,0.22726288529581495,2.028784999169135,-1.80152211387332,111.93275062219209,94.3974984012454,17.53525222094669,-0.0002918467224900523,-0.04510985726240435,-0.12378422682376267,1,0.02014169909808959,94.21499633789062,104.79850006103516,1
2020-03-02,97.69750213623048,97.72550201416016,93.5,95.32450103759766,135234000.0,103.0281997680664,97.15858947753907,44.72824510003575,-0.008416358053324302,1.621344727724643,-1.6297610857779674,112.04405389147749,94.01234564465531,18.031708246822177,0.03726611425327664,-0.012952153557409862,-0.08474518486201632,1,0.025691810577439116,94.1875,100.4645004272461,0
2020-03-03,95.44950103759766,99.81649780273438,94.40450286865234,98.76850128173828,150690000.0,102.79017486572266,97.28354949951172,40.45953091878113,-0.37229714794085567,1.2226163525915434,-1.594913500532399,112.32735925258055,93.25299047886477,19.074368773715776,-0.023009811402324165,0.013103059467089784,-0.1144330955754842,1,0.025188161031749992,97.69750213623048,98.63700103759766,1
2020-03-04,98.79149627685548,98.9000015258789,96.0999984741211,97.32849884033205,95458000.0,102.60557479858399,97.46709945678711,48.35120912235634,-0.3865483215251544,0.9007834177682039,-1.2873317392933583,112.30096819929415,92.91018139787383,19.39078680142032,0.035013229015638414,0.04888118143973963,-0.08957161179895246,1,0.028823284233391724,95.44950103759766,98.97949981689452,0
2020-03-05,96.20149993896484,98.03600311279295,95.5,96.6500015258789,94964000.0,102.31597480773925,97.60462951660156,43.53531616552439,-0.5999180563129585,0.6006431229519714,-1.20056117926493,112.40521107049378,92.22673854498473,20.17847252550905,-0.026216794314283698,-0.015312594125278634,-0.10639077581351153,1,0.0293255512739556,98.79149627685548,94.21499633789062,0
2020-03-06,95.05449676513672,95.5435028076172,93.4749984741211,93.75,105472000.0,101.94312477111816,97.71271942138672,41.561048057703275,-0.8517502321208639,0.3101644519374044,-1.1619146840582681,112.51548432869285,91.37076521354348,21.14471911514937,-0.011922924014239333,-0.004138358694042221,-0.0929784614304926,1,0.028813965875020376,96.20149993896484,94.1875,0
2020-03-09,90.03050231933594,93.13849639892578,88.06449890136719,88.69300079345703,156264000.0,101.2464500427246,97.7241194152832,34.23730341661751,-1.4401225737194778,-0.03989295319397204,-1.4002296205255058,112.96816893628863,89.52473114916057,23.44343778712806,-0.05285383245165354,-0.08868166074707018,-0.10385756225868259,1,0.03041838458939203,95.05449676513672,97.69750213623048,1
2020-03-10,94.59100341796876,94.7135009765625,90.90850067138672,93.54399871826172,142666000.0,100.64122505187989,97.7471694946289,43.90112592477361,-1.5208857443263781,-0.3360915114204533,-1.184794232905925,112.42486041955856,88.85758968420122,23.56727073535734,0.05065506668458708,-0.016740867055273112,-0.04101906563528501,1,0.03579656199063994,90.03050231933594,95.44950103759766,0
2020-03-11,91.04299926757812,93.56600189208984,90.0749969482422,92.89250183105467,112496000.0,99.81637496948242,97.69822952270508,39.08857431137961,-1.8498613715358658,-0.6388454834435358,-1.21101588809233,111.8595937170848,87.77315622188004,24.086437495204763,-0.037508896429749194,-0.042202080217943916,-0.08018327597127073,1,0.037214381096600455,94.59100341796876,98.79149627685548,0
2020-03-12,83.83049774169922,88.25,83.75,86.0989990234375,226924000.0,98.60789985656739,97.52794952392578,31.523395260175477,-2.661881014615858,-1.0434525896780003,-1.6184284249378578,111.90875621353895,85.30704349959582,26.60171271394313,-0.07922082514747941,-0.06886560019009402,-0.11022129172460682,1,0.04196250477819748,91.04299926757812,96.20149993896484,1
2020-03-13,89.25,89.31549835205078,84.03099822998047,87.75,176194000.0,97.69572486877442,97.46510955810547,40.795572663258106,-2.8354189478241665,-1.4018458613072335,-1.433573086516933,110.93611035509693,84.45533938245191,26.48077097264502,0.06464833687376514,-0.056464179731432806,-0.05242203052422034,1,0.04831511088268465,83.83049774169922,95.05449676513672,0
2020-03-16,84.4574966430664,87.97250366210938,81.30149841308594,82.07550048828125,178346000.0,96.58142471313477,97.25624954223633,36.13579842411656,-3.321377209462696,-1.785752130938326,-1.5356250785243701,110.3298369745088,82.83301245176074,27.496824522748057,-0.053697516604298,-0.0723339814976518,-0.13552040946453336,0,0.04817946657663915,89.25,90.03050231933594,1
2020-03-17,90.39199829101562,92.88899993896484,84.46199798583984,88.77349853515625,218342000.0,95.71184959411622,97.18911956787109,44.57774411315701,-3.190855747839251,-2.0667728543185113,-1.1240828935207396,108.69486522571397,82.72883396251846,25.966031263195504,0.07026613247879654,0.07827104366639781,-0.052986162228232825,0,0.05470233406070718,84.4574966430664,94.59100341796876,1
2020-03-18,91.5,92.08300018310548,87.25,87.5,192904000.0,94.86129951477051,97.11623962402344,46.01263235876481,-2.9638447142512945,-2.246187226305068,-0.7176574879462265,106.54244801113657,83.18015101840444,23.362296992732126,0.012257741060410998,0.025210084033613356,-0.07380692217092888,0,0.05335186669603397,90.39199829101562,91.04299926757812,1
2020-03-19,94.04650115966795,97.25,91.63249969482422,93.0,207998000.0,94.18087463378906,97.09030960083008,49.263804101988846,-2.5490713650649752,-2.3067640540570498,-0.24230731100792546,104.28009981284056,84.08164945473756,20.198450358103003,0.02783061376686291,0.11353645203488005,-0.022400885440082896,0,0.05385197669276524,91.5,83.83049774169922,0
2020-03-20,92.30449676513672,97.8499984741211,91.0364990234375,96.31549835205078,196358000.0,93.55617446899414,97.04442947387696,47.171072366979146,-2.33402055754469,-2.312215354754578,-0.021805202790112332,102.4213147878014,84.69103415018688,17.730280637614527,-0.018522798541688812,0.02115782934639676,-0.028930772278925154,0,0.054041445042375964,94.04650115966795,89.25,1
2020-03-23,95.1415023803711,95.97000122070312,90.5999984741211,91.3874969482422,156170000.0,93.29002456665039,97.04620956420898,50.83413961469405,-1.9126210945110245,-2.232296502705867,0.3196754081948425,101.61258602321521,84.96746311008556,16.645122913129654,0.030735291504301987,0.039797840222634884,0.0567696495006389,0,0.051646923164829515,92.30449676513672,84.4574966430664,1
2020-03-24,97.00499725341795,97.75,95.01699829101562,97.5749969482422,142942000.0,93.2084243774414,97.10314956665039,53.13290082720653,-1.412013706597591,-2.068239943484212,0.6562262368866207,101.34971222220501,85.0671365326778,16.28257568952722,0.019586561347294085,0.03145780073973392,0.02552033225382422,0,0.049606099535167494,95.1415023803711,90.39199829101562,0
2020-03-25,94.29199981689452,97.51300048828124,94.28900146484376,96.03450012207033,129582000.0,92.9740493774414,97.09768951416015,49.503990082697555,-1.2201300647744375,-1.898617967742257,0.6784879029678195,100.69639397023325,85.25170478464956,15.444689185583684,-0.027967604900147047,0.021532028464603226,0.035686440203573255,0,0.048812156703486244,97.00499725341795,91.5,1
2020-03-26,97.77449798583984,97.82450103759766,94.4645004272461,95.0999984741211,124426000.0,93.15202445983887,97.18373947143554,53.8602537488567,-0.7780831402988326,-1.6745110022535723,0.8964278619547397,101.14006408083782,85.16398483883992,15.976079241997894,0.03693312450375408,0.027674522049716765,0.16633564895564912,0,0.03960347762232722,94.29199981689452,94.04650115966795,0
2020-03-27,95.00499725341795,96.989501953125,94.99600219726562,96.54299926757812,107758000.0,93.19289932250976,97.22181945800781,50.15461350370445,-0.64381186883395,-1.468371175569648,0.824559306735698,101.21002809065051,85.17577055436901,16.0342575362815,-0.028325389436650306,-0.02061749452737116,0.06448176194305821,0,0.03784188738359495,97.77449798583984,92.30449676513672,1
2020-03-30,98.19750213623048,98.68150329589844,95.61699676513672,96.1415023803711,122522000.0,93.21789932250977,97.30782943725586,54.07691258741274,-0.27660393764611513,-1.2300177279849414,0.9534137903388262,101.29396112562235,85.14183751939719,16.15212360622516,0.03360354691971401,0.041419233094218466,0.16268544580751643,0,0.03191180538634797,95.00499725341795,95.1415023803711,0
2020-03-31,97.48600006103516,99.6510009765625,97.20050048828124,98.21749877929688,102472000.0,93.31972427368164,97.39282943725586,53.074535286959126,-0.042511234735087555,-0.9925164293349706,0.9500051945998831,101.55553804676157,85.08391050060172,16.47162754615985,-0.007245622950859287,-0.0029506459327101053,0.07848041756063973,0,0.026043034803051347,98.19750213623048,97.00499725341795,0
2020-04-01,95.38500213623048,97.2480010986328,94.6500015258789,96.64849853515624,82438000.0,93.14939956665039,97.40852951049804,50.12015834685412,-0.026221786458890506,-0.7992575007597547,0.7730357143008642,101.06000025436781,85.23879887893297,15.821201375434839,-0.021551791267353848,0.003999840995720483,0.0424590397402238,0,0.027563043137960354,97.48600006103516,94.29199981689452,1
2020-04-02,95.94149780273438,96.37650299072266,94.5,95.08200073242188,86720000.0,93.13639945983887,97.43989944458008,50.89978017085467,0.031232242270149868,-0.6331595521537737,0.6643917944239236,101.02772548306584,85.2450734366119,15.782652046453933,0.005834205106051149,-0.022974151932768416,0.02014957090056102,0,0.02634578720271137,95.38500213623048,97.77449798583984,0
2020-04-03,95.32949829101562,96.31649780273438,94.4574966430664,95.55750274658205,72198000.0,93.15014953613282,97.46190948486328,49.9746922247998,0.027069685584336867,-0.5011137046061517,0.5281833901904885,101.05574168274717,85.24455738951846,15.811184293228706,-0.0063788821910731874,-0.022121143227431306,0.032771984376620766,0,0.025546684877617586,95.94149780273438,95.00499725341795,1
2020-04-06,99.87950134277344,99.9260025024414,96.5009994506836,96.8000030517578,115464000.0,93.6425994873047,97.59785949707032,56.32947646087064,0.3864631431862904,-0.32359833504766333,0.7100614782339537,101.92745040732898,85.35774856728041,16.569701840048566,0.04772922477644714,0.04711955869250639,0.04979949700037367,0,0.02800500431087907,95.32949829101562,98.19750213623048,1
2020-04-07,100.58000183105467,101.78600311279295,99.88099670410156,100.85549926757812,102280000.0,93.94204940795899,97.78111953735352,57.230277565041476,0.7195154564047073,-0.11497557675718925,0.8344910331618965,102.75826685081857,85.12583196509941,17.632434885719164,0.007013456003121199,0.04834721298449551,0.036853818657375914,0,0.027567243410986063,99.87950134277344,97.48600006103516,1
2020-04-08,102.1500015258789,102.1999969482422,100.55750274658205,101.0500030517578,79546000.0,94.49739952087403,97.97086959838867,59.25866795660801,1.097496412998808,0.1275188211940102,0.9699775918047979,103.89342167170184,85.10137737004621,18.792044301655636,0.015609461784076961,0.07154661838292808,0.08333688673740958,0,0.025310586966392924,100.58000183105467,95.38500213623048,0
2020-04-09,102.13800048828124,102.6500015258789,100.88300323486328,102.21499633789062,92930000.0,95.41277465820312,98.15562957763672,59.235541910325736,1.3801709097470791,0.378049238904624,1.0021216708424552,104.00653888617691,86.81901043022933,17.187528455947586,-0.0001174844583299306,0.022612238899320625,0.044628227117804675,0,0.02328804147788527,102.1500015258789,95.94149780273438,1
2020-04-13,108.44349670410156,109.0,101.9000015258789,102.0,134334000.0,96.3724494934082,98.45381958007812,66.60890086279446,2.088913636270618,0.7202221183778229,1.3686915178927954,106.19756351608665,86.54733547072975,19.650228045356897,0.06173506614263302,0.07818149463006852,0.14145044828365738,0,0.026346340098251896,102.13800048828124,95.32949829101562,1
2020-04-14,114.16600036621094,114.5999984741211,109.3105010986328,110.02349853515624,161744000.0,97.85787467956543,98.7284196472168,71.62504864113214,3.0768871342419857,1.1915551215506555,1.8853320126913302,108.93197888132285,86.783770477808,22.148208403514843,0.052769449861283624,0.1176309217899314,0.1626161346530708,0,0.028565035551441235,108.44349670410156,99.87950134277344,1
2020-04-15,115.38400268554688,116.6685028076172,112.25,112.88400268554688,137332000.0,99.10747489929199,99.03189971923828,72.56958505228192,3.9130387819529915,1.7358518536311227,2.177186928321869,112.01774025525609,86.19720954332789,25.8205307119282,0.010668695718768717,0.12968730672170747,0.18359562002037144,1,0.027519921001191588,114.16600036621094,100.58000183105467,1
2020-04-16,120.40950012207033,123.0500030517578,116.75,117.3000030517578,240764000.0,100.55294990539551,99.3904197692871,76.1040487545572,4.924444697096504,2.373570422324199,2.550874274772305,115.9639161449936,85.14198366579741,30.821932479196192,0.043554542393708706,0.11034320896733107,0.2623525441672625,1,0.02487304535899135,115.38400268554688,102.1500015258789,0
2020-04-17,118.75,120.0,115.8010025024414,118.6165008544922,158600000.0,101.7881248474121,99.72554977416992,72.76959996163417,5.528355934868898,3.004527524833139,2.523828410035759,118.7926831557435,84.78356653908071,34.009116616662794,-0.013782136130354616,0.04015205594559634,0.23773343881041198,1,0.02712281008358149,120.40950012207033,102.13800048828124,1
2020-04-20,119.68049621582033,122.2490005493164,119.30249786376952,119.49749755859376,115414000.0,103.15692481994628,100.06892974853515,73.47146177872811,6.01273217615352,3.6061684550972153,2.4065637210563047,121.25941360239347,85.0544360374991,36.204977564894364,0.007835757606907912,0.03723647499023386,0.2554403239432519,1,0.02581835738376114,118.75,108.44349670410156,0
2020-04-21,116.40599822998048,121.41549682617188,113.98300170898438,120.83049774169922,149534000.0,104.22014961242675,100.31776977539063,66.93331413150887,6.062494552350486,4.09743367454787,1.9650608778026166,122.80607176197779,85.63422746287571,37.17184429910208,-0.02736033095931456,-0.03324905333907313,0.16546435119344727,1,0.028684813958078335,119.68049621582033,114.16600036621094,1
2020-04-22,118.17449951171876,119.6999969482422,117.5500030517578,118.4499969482422,84244000.0,105.2786247253418,100.54734970092774,68.56057069477725,6.173470937346025,4.512641127107501,1.660829810238524,124.5006983751893,86.0565510754943,38.444147299695004,0.015192527091639096,-0.004846319901315677,0.17493037741456563,1,0.028522823575006555,116.40599822998048,115.38400268554688,1
2020-04-23,119.97250366210938,121.21099853515624,119.10399627685548,119.9990005493164,101332000.0,106.56264991760254,100.79599975585937,70.16795028903783,6.333495832888289,4.876812068263659,1.4566837646246302,126.1057833124452,87.01951652275989,39.08626678968531,0.01521482348408254,0.0024398916742662813,0.17447383132652505,1,0.028524635526043143,118.17449951171876,120.40950012207033,1
2020-04-24,120.51100158691406,121.02149963378906,119.0999984741211,120.8499984741211,76498000.0,107.69947509765625,101.04621978759765,70.65190173152743,6.429651972025326,5.187380049015992,1.2422719230093335,127.7052131973017,87.69373699801079,40.01147619929091,0.004488511186874211,0.0352645346404179,0.17988408830013114,1,0.028261186872289863,119.97250366210938,118.75,0
2020-04-27,118.8000030517578,122.24400329589844,118.1500015258789,122.16000366210938,112912000.0,108.88922538757325,101.27234985351562,66.93628761824957,6.295225679689736,5.408949175150742,0.8862765045389942,128.5610815411385,89.21736923400802,39.343712307130474,-0.01419786171076065,0.005293050045682701,0.09550140545462993,1,0.024918900359806647,120.51100158691406,119.68049621582033,0
2020-04-28,115.7040023803711,118.6750030517578,115.3000030517578,118.6050033569336,105388000.0,109.76455039978028,101.45155990600585,60.71423906465832,5.871191058863886,5.501397551893371,0.36979350697051494,129.00884297950984,90.52025782005073,38.488585159459106,-0.02606061104255919,-0.035578996448720424,0.013471629112228767,1,0.02198420157671857,118.8000030517578,116.40599822998048,1
2020-04-29,118.635498046875,119.59449768066406,115.5,116.50050354003906,91832000.0,110.82202529907227,101.66859985351563,64.11558309508771,5.705913548036378,5.542300751121973,0.16361279691440522,129.56918420358318,92.07486639456135,37.49431780902182,0.02533616474965794,-0.015562923843815413,0.028179776101106002,1,0.023119749760134853,115.7040023803711,118.17449951171876,1
2020-04-30,123.6999969482422,123.75,119.80049896240234,120.99199676513672,190692000.0,112.23777503967285,101.97237976074219,69.09398852009329,5.915403575297262,5.616921315957031,0.298482259340231,130.37466208272085,94.10088799662486,36.27377408609598,0.04268957423996422,0.04124573880986859,0.02732755158717537,1,0.022952270129362268,118.635498046875,119.97250366210938,0
2020-05-01,114.302001953125,118.12200164794922,112.90950012207033,116.83999633789062,195452000.0,113.15580024719239,102.10531982421875,54.09600228027331,5.26242432553164,5.546021917871952,-0.28359759234031223,129.68801324724564,96.62358724713914,33.064426000106494,-0.07597409237648933,-0.012117129903917112,-0.037456825657894766,1,0.033832493339234784,123.6999969482422,120.51100158691406,1
2020-05-04,115.79949951171876,116.3489990234375,112.81900024414062,112.81900024414062,97318000.0,114.17930030822754,102.32533981323242,55.74445310552337,4.810318743346315,5.398881282966825,-0.5885625396205105,128.56562291176547,99.7929777046896,28.77264520707587,0.013101236487597978,-0.023905142911236243,-0.03242797971946021,1,0.0340649513421386,114.302001953125,118.8000030517578,1
2020-05-05,115.88999938964844,117.5500030517578,115.35649871826172,117.0,64850000.0,114.97982521057129,102.63384979248048,55.84764507775862,4.408505884393847,5.200806203252229,-0.7923003188583824,127.78964042215539,102.1700099989872,25.61963042316819,0.0007815221854263754,-0.06313660267802246,-0.004432751303009352,1,0.032950787169533965,115.79949951171876,115.7040023803711,1
2020-05-06,117.56300354003906,117.87249755859376,116.0,116.47200012207033,62356000.0,115.8289752960205,103.0123698425293,57.80630685978173,4.176914877161451,4.996027938034074,-0.8191130608726231,126.83218944773859,104.82576114430242,22.006428303436167,0.014436139090531874,0.028529697915977037,-0.005174517126844802,1,0.03291303000269772,115.88999938964844,118.635498046875,1
2020-05-07,118.38050079345705,118.8000030517578,117.15550231933594,118.73899841308594,67928000.0,116.64050025939942,103.40038986206055,58.76881705738783,4.013082217896951,4.79943879400665,-0.7863565761096991,125.71329599146515,107.56770452733369,18.145591464131456,0.0069536948597912485,0.022288535724432013,-0.013269731147197206,1,0.03259028706548037,117.56300354003906,123.6999969482422,1
2020-05-08,118.98049926757812,119.36199951171876,117.8499984741211,118.60700225830078,64132000.0,117.48262519836426,103.8956999206543,59.499066707483784,3.8868532922731873,4.6169216936599575,-0.7300684013867702,123.68823104258954,111.27701935413899,12.41121168845055,0.005068389389295769,0.02666752864100652,-0.012700104547982871,1,0.03260134456941613,118.38050079345705,114.302001953125,1
2020-05-11,120.4499969482422,120.9834976196289,118.60549926757812,118.73500061035156,65184000.0,118.08295021057128,104.42094985961914,61.30659838021374,3.860886247666258,4.465714604461218,-0.6048283567949602,122.82508829860643,113.34081212253614,9.484276176070296,0.012350743942999287,0.024556989199581825,0.01388883715571576,1,0.03246857147210236,118.98049926757812,115.79949951171876,0
2020-05-12,117.84750366210938,120.9499969482422,117.75,120.59249877929688,61498000.0,118.26702537536622,104.82394989013672,56.497583163830356,3.5889366913434912,4.2903590218376735,-0.7014223304941822,122.65962446697544,113.87442628375699,8.785198183218455,-0.021606420523622938,-0.004502406458624542,0.018525731501418896,1,0.03207097660522123,120.4499969482422,115.88999938964844,1
2020-05-13,118.39600372314452,120.38500213623048,116.88999938964844,118.33999633789062,95658000.0,118.4176254272461,105.28287994384766,57.25855722811798,3.3787262268273963,4.108032462835618,-0.7293062360082221,122.60632073652054,114.22893011797164,8.377390618548901,0.004654320575239179,-0.004912532289170546,-0.002018740829459409,1,0.031072671842772043,117.84750366210938,117.56300354003906,1
2020-05-14,119.44249725341795,119.56849670410156,117.6604995727539,118.05049896240234,72962000.0,118.36927528381348,105.6958999633789,58.74146724948176,3.259008381238843,3.9382276465162636,-0.6792192652774207,122.48660171494545,114.25194885268151,8.234652862263943,0.008838926123896362,-0.008364464261939153,-0.034417945027158225,1,0.027582925567998528,118.39600372314452,118.38050079345705,1
2020-05-15,120.48899841308594,120.5500030517578,117.81849670410156,118.4260025024414,84700000.0,118.45622520446777,106.18164993286133,60.22752632614777,3.211554225708639,3.7928929623547387,-0.5813387366460998,122.67425682511053,114.23819358382501,8.436063241285524,0.008761547889003518,0.022414515954026548,0.05412850478767828,1,0.010360788380026752,119.44249725341795,118.98049926757812,1
2020-05-18,121.31300354003906,121.6500015258789,119.20050048828124,120.21749877929688,87144000.0,118.53785057067871,106.70682006835938,61.40625566703922,3.2035087381902656,3.6750161175218445,-0.47150737933157894,122.90793163868834,114.16776950266909,8.74016213601925,0.006838841203809398,0.024637654356270522,0.04761250308998388,1,0.010022898077789444,120.48899841308594,120.4499969482422,1
2020-05-19,122.46649932861328,124.25,121.44850158691406,121.4915008544922,86410000.0,118.84087562561035,107.35554000854492,63.05683489255933,3.252714829528614,3.5905558599231986,-0.3378410303945847,123.41342514829974,114.26832610292097,9.145099045378771,0.009508426590011165,0.025317639405842085,0.056747777837612645,1,0.010022981150991208,121.31300354003906,117.84750366210938,1
2020-05-20,124.89700317382812,125.00050354003906,123.3635025024414,123.89350128173828,79962000.0,119.17700080871582,107.9616600036621,66.3249180796532,3.448084981853256,3.5620616843092106,-0.11397670245595437,124.44034701940721,113.91365459802442,10.52669242138279,0.019846275173532213,0.03658429249805639,0.062383568069450446,1,0.010678664209298649,122.46649932861328,118.39600372314452,0
2020-05-21,122.33699798583984,126.27249908447266,122.1269989013672,125.0,102288000.0,119.29522552490235,108.58753997802734,60.27657034739377,3.35764141119283,3.5211776296859347,-0.16353621849310462,124.72822253147845,113.86222851832625,10.865994013152203,-0.02049693045417056,0.008440928968202588,0.03342186564395311,1,0.013576114783154004,124.89700317382812,119.44249725341795,0
2020-05-22,121.84400177001952,123.49250030517578,121.50650024414062,122.75050354003906,57342000.0,119.36187553405762,109.34781005859375,59.15775317364501,3.2091900105678803,3.458780105862324,-0.24959009529444387,124.88485637428563,113.8388946938296,11.045961680456031,-0.004029821100215214,-0.0050830027967356806,0.024066990137615596,1,0.013753826906324675,122.33699798583984,120.48899841308594,0
2020-05-26,121.09300231933594,123.0999984741211,120.7030029296875,122.9000015258789,71364000.0,119.47652549743653,109.98467010498047,57.409614275477466,2.996401179134068,3.366304320516673,-0.36990314138260505,125.04311859889303,113.90993239598002,11.13318620291301,-0.0061636144559753525,-0.03045710271525004,0.005338359380532287,1,0.013519597335783682,121.84400177001952,121.31300354003906,0
2020-05-27,120.51950073242188,120.6790008544922,116.5,120.24949645996094,101138000.0,119.71730041503906,110.70591018676758,56.04754086269991,2.749789846386392,3.243001425690617,-0.4932115793042251,125.02071835517889,114.41388247489924,10.606835880279647,-0.004736042347035618,-0.01485648073225021,0.022673344680882,1,0.01131072025391867,121.09300231933594,122.46649932861328,0
2020-05-28,120.05500030517578,121.84850311279295,118.9114990234375,119.21649932861328,63804000.0,119.7882755279541,111.29917022705078,54.91118878600567,2.4881850376854118,3.0920381480895758,-0.603853110404164,125.06983220677431,114.50671884913389,10.563113357640418,-0.003854151605534595,-0.014682720846779795,0.014012268403168715,1,0.011433480064577653,120.51950073242188,124.89700317382812,1
2020-05-29,122.11849975585938,122.11849975585938,119.91000366210938,120.7969970703125,70198000.0,119.70920066833496,111.91154022216797,58.897971168185315,2.419478262972092,2.957526171066079,-0.5380479080939873,124.79796335825972,114.6204379784102,10.177525379849527,0.017187950901155657,0.008468676280889431,0.022404107114102123,1,0.012304533828901811,120.05500030517578,122.33699798583984,1
2020-06-01,123.552001953125,123.84649658203124,122.20850372314452,122.4000015258789,58578000.0,120.17170066833496,112.50165023803712,61.44818867013631,2.452429218599974,2.8565067805728583,-0.40407756197288425,124.87762730058216,115.46577403608777,9.411853264494397,0.011738616181262485,0.025161913236231293,0.025421437478779785,1,0.012512861985753881,122.11849975585938,121.84400177001952,1
2020-06-02,123.62049865722656,123.67649841308594,122.2655029296875,123.3499984741211,50598000.0,120.56275062561035,113.12797027587891,61.570884653173906,2.4557617075974463,2.776357765977776,-0.32059605838032956,125.04490168448892,116.08059956673178,8.964302117757143,0.0005543957444538172,0.029698874207549908,0.019021003930761005,1,0.012432980622660723,123.552001953125,121.09300231933594,1
2020-06-03,123.91999816894533,124.4000015258789,123.05850219726562,123.40049743652344,53420000.0,120.9642505645752,113.70354019165039,62.13829448549997,2.4542784425605078,2.711941901294322,-0.25766345873381447,125.12744293359445,116.80105819555594,8.326384738038513,0.002422733405640143,0.014752051627620055,0.011868542403844495,1,0.012153472822995937,123.62049865722656,120.51950073242188,0
2020-06-04,123.02999877929688,125.3769989013672,122.50050354003906,123.87149810791016,58974000.0,121.23760032653809,114.22404022216797,59.33464885155959,2.354150252915062,2.6403835716184703,-0.2862333187034083,125.18387163055931,117.29132902251686,7.892542608042447,-0.0071820481181340545,-0.004224967346350028,-0.014948352218930427,1,0.010442550362146578,123.91999816894533,120.05500030517578,1
2020-06-05,124.1500015258789,124.43250274658205,121.85649871826172,122.22550201416016,66128000.0,121.52607536315918,114.82120025634765,61.67794227792086,2.338219266419742,2.579950710578725,-0.24173144415898307,125.43810788075474,117.61404284556362,7.824065035191126,0.009103493113018724,0.004283293421429635,0.01481974848074108,1,0.008450789807616219,123.02999877929688,122.11849975585938,1
2020-06-08,126.2030029296875,126.5,124.36699676513672,125.01000213623048,79414000.0,121.88720054626465,115.38977035522461,65.59191255003856,2.4628635426440724,2.556533276991795,-0.09366973434772241,126.11343901422465,117.66096207830465,8.452476935920004,0.016536458949464095,0.01842321493282828,0.03577526260090824,1,0.009403255203839306,124.1500015258789,123.552001953125,1
2020-06-09,130.04299926757812,131.32150268554688,126.25,126.47200012207033,103520000.0,122.36685066223144,116.09053039550781,71.46282862984361,2.838776987806611,2.612982019154758,0.225794968651853,127.82863923129551,116.90506209316737,10.923577138128138,0.030427139202305886,0.057002361683038405,0.07391010856795854,1,0.01196819869497359,126.2030029296875,123.62049865722656,1
2020-06-10,132.37249755859375,136.11749267578125,131.31300354003906,132.25,98920000.0,123.09310035705566,116.77403030395507,74.32486023272222,3.2867742573704533,2.747740466797897,0.5390337905725562,129.70060173031803,116.4855989837933,13.215002746524732,0.017913292558120908,0.06623033372255649,0.0983492028604398,1,0.011591409314230184,130.04299926757812,123.91999816894533,0
2020-06-11,127.89800262451172,133.56900024414062,126.8115005493164,130.1750030517578,116002000.0,123.56820030212403,117.3822703552246,61.55482950265153,3.2433733854225437,2.8468670505228264,0.3965063348997173,130.12266964515624,117.01373095909182,13.10893868606442,-0.03380230045218746,0.013430739803937719,0.0653284103069367,1,0.017686788810768565,132.37249755859375,123.02999877929688,0
2020-06-12,127.2509994506836,131.07400512695312,125.1675033569336,130.0605010986328,108722000.0,123.9586254119873,118.01959030151367,59.95084479931034,3.1207955444124167,2.9016527493007445,0.21914279511167223,130.4130547506359,117.50419607333872,12.908858677297175,-0.005058743377937103,-0.021469820233457337,0.0420288466127996,1,0.01759051850258461,127.89800262451172,124.1500015258789,1
2020-06-15,128.63400268554688,129.1999969482422,125.4000015258789,126.33000183105467,77302000.0,124.36587562561036,118.67344039916992,62.21722816212412,3.0995191971780542,2.9412260388762066,0.15829315830184765,130.92029515516032,117.81145609606041,13.108839059099907,0.01086830941079775,-0.028242232654045463,0.04113248391029689,1,0.017551545080231424,127.2509994506836,126.2030029296875,1
2020-06-16,130.7635040283203,131.0,128.8000030517578,131.0,71712000.0,124.83840065002441,119.38212051391602,65.45853518766542,3.217402289256384,2.996461288952242,0.22094100030414188,131.7946367023889,117.8821645976599,13.91247210472902,0.0165547312399128,0.022404582909877346,0.05778172268095916,1,0.01791012677398247,128.63400268554688,130.04299926757812,1
2020-06-17,132.0489959716797,132.75,131.59100341796875,132.375,59186000.0,125.31752548217773,120.02551040649413,67.28316100617039,3.3756416498790998,3.072297361137614,0.3033442887414859,132.85040882123886,117.78464214311659,15.065766678122273,0.009830663019560593,0.03770498103518283,0.06559875664016523,1,0.01790911545869343,130.7635040283203,132.37249755859375,1
2020-06-18,132.69900512695312,132.98199462890625,131.8054962158203,132.35049438476562,49756000.0,125.70762557983399,120.66789047241211,68.19795419348074,3.5130020883958792,3.1604383065892674,0.35256378180661185,133.8928256141656,117.5224255455024,16.370400068663187,0.004922484646629588,0.03160130569320296,0.07859064003569927,1,0.017278128463744373,132.0489959716797,127.89800262451172,1
2020-06-19,133.75050354003906,134.8715057373047,132.9499969482422,133.9040069580078,115540000.0,126.27830085754394,121.29990051269532,69.67510463048566,3.664466669036713,3.261243979078757,0.40322268995795607,135.01673147251915,117.53987024256874,17.476861229950416,0.007923935918584757,0.02284276131872276,0.07732985820510807,1,0.01727173170966394,132.69900512695312,127.2509994506836,1
2020-06-22,135.6909942626953,135.75,133.4499969482422,134.22500610351562,64176000.0,126.97065048217773,121.9709603881836,72.237876686993,3.896172176827207,3.388229618628447,0.50794255819876,136.36372960194277,117.57757136241271,18.786158239530053,0.014508287231048467,0.027580658710928185,0.07518039280169853,1,0.017166874671820702,133.75050354003906,128.63400268554688,1
2020-06-23,138.2205047607422,139.15550231933594,135.90199279785156,136.30099487304688,84634000.0,127.82702560424805,122.5665005493164,75.18218818404657,4.235091321785589,3.5576019592598755,0.6774893625257135,138.0102921049303,117.6437591035658,20.366533001364502,0.018641697717608263,0.041609201429254394,0.0628830889722709,1,0.01575774303334902,135.6909942626953,130.7635040283203,0
2020-06-24,136.72000122070312,139.8000030517578,136.0500030517578,139.0,90532000.0,128.6370506286621,123.01758056640625,70.41171745888468,4.332664827356297,3.7126145328791598,0.6200502944771369,138.9429408655951,118.33116039172913,20.611780473865963,-0.010855867894827953,0.02220176823315745,0.03284295259432568,1,0.01601191519525445,138.2205047607422,132.0489959716797,1
2020-06-25,137.72900390625,137.81149291992188,135.60699462890625,136.9774932861328,59374000.0,129.52075080871583,123.46448059082032,71.71157289547503,4.440226451053832,3.8581369165140944,0.5820895345397372,139.7623363730804,119.27916524435129,20.483171128729097,0.007380066387785211,0.015019490826407633,0.07686594849022432,1,0.009270674770705874,136.72000122070312,132.69900512695312,0
2020-06-26,134.64349365234375,139.1284942626953,134.39999389648438,138.7530059814453,130016000.0,130.14700050354003,123.74916046142579,62.647955660231005,4.227759937102917,3.932061520631859,0.2956984164710579,140.02683627492894,120.26716473215113,19.75967154277781,-0.02240276315369638,-0.02587901928581582,0.0580938007054721,1,0.012818795884900855,137.72900390625,133.75050354003906,0
2020-06-29,134.0189971923828,134.83999633789062,131.50399780273438,134.50050354003906,84468000.0,130.67035026550292,124.05454040527344,60.96836094950808,3.9633005867786153,3.9383093338612105,0.024991252917404783,140.20005359099608,121.14064694000974,19.059406650986332,-0.004638148068063508,-0.019755734378323786,0.041862916448303755,1,0.013064654948356664,134.64349365234375,135.6909942626953,1
2020-06-30,137.9409942626953,138.48150634765625,133.75149536132812,134.2534942626953,75394000.0,131.38637504577636,124.41975036621093,66.95946232345915,4.023803134591873,3.955408094007343,0.06839504058452972,140.84136583451283,121.9313842570399,18.909981577472934,0.029264486024190406,0.0015391845612244826,0.054889093770541075,1,0.014892000505012054,134.0189971923828,138.2205047607422,1
2020-07-01,143.93499755859375,144.75,137.6999969482422,137.89950561523438,127268000.0,132.3871250152588,124.97033035278321,73.62305900204747,4.503504218339543,4.065027318873783,0.4384768994657602,142.66988133201923,122.10436869849835,20.565512633520882,0.043453386195574595,0.06900819084686804,0.09001205574833171,1,0.01917017427792743,137.9409942626953,136.72000122070312,1
2020-07-02,144.51499938964844,147.7779998779297,143.55499267578125,145.60049438476562,131868000.0,133.46137504577638,125.4971403503418,74.16599716659009,4.874284367703638,4.226878728639754,0.6474056390638836,144.0926934045999,122.83005668695286,21.262636717647055,0.004029609482701257,0.07831727155963364,0.08904357837039512,1,0.019192409652887616,143.93499755859375,137.72900390625,1
2020-07-06,152.8520050048828,152.99400329589844,146.5,146.74850463867188,137612000.0,134.89647521972657,126.15473037719727,80.4085032229408,5.774294512520925,4.536361885415988,1.2379326271049367,147.64974345521662,122.14320698423651,25.50653647098011,0.05768955229869066,0.10809702236733854,0.14281442655747156,1,0.02463921215508434,144.51499938964844,134.64349365234375,0
2020-07-07,150.00599670410156,153.4774932861328,149.5,152.92750549316406,105150000.0,136.08662490844728,126.74463027954101,73.84828293201778,6.186594738597279,4.8664084560522465,1.3201862825450323,149.78057471724728,122.39267509964726,27.387899617600013,-0.018619371729473477,0.04217875602517318,0.10549707089398042,1,0.026663389545782606,152.8520050048828,134.0189971923828,1
2020-07-08,154.0554962158203,154.19850158691406,150.6215057373047,151.1304931640625,100752000.0,137.28724975585936,127.44974014282226,76.75436414774852,6.762156475191972,5.245558059880192,1.5165984153117797,152.74782045372925,121.82667905798948,30.921141395739767,0.026995584181255694,0.06601734675615445,0.11456325877617268,1,0.027078142053098754,150.00599670410156,137.9409942626953,1
2020-07-09,159.13150024414062,159.69400024414062,153.6999969482422,155.79949951171875,127774000.0,138.6251998901367,128.31829010009767,79.78653455663097,7.540956943726826,5.704637836649519,1.8363191070773066,156.58270812773557,120.66769165253785,35.91501647519772,0.032949191382365184,0.04108219083588227,0.16392260695828464,1,0.02664814305250777,154.0554962158203,143.93499755859375,1
2020-07-10,160.0,160.75,156.78500366210938,159.58799743652344,109720000.0,140.23029975891114,129.14558013916016,80.2609628332246,8.134473451522382,6.190604959624093,1.9438684918982894,159.7374416167197,120.72315790110258,39.014283715617125,0.005457748808544549,0.0666240251422241,0.16170156947413572,1,0.026720943164239286,159.13150024414062,144.51499938964844,0
2020-07-13,155.1999969482422,167.21449279785156,153.41949462890625,162.55299377441406,154408000.0,141.62774963378905,129.77558013916016,70.42308685927205,8.12387248396817,6.577258464492909,1.5466140194752622,161.21966220860685,122.03583705897127,39.18382514963558,-0.030000019073486373,0.0074291457334214606,0.15267357328811126,1,0.027993436993930258,160.0,152.8520050048828,0
2020-07-14,154.1999969482422,156.36900329589844,147.5,154.4499969482422,144638000.0,142.90604934692382,130.5735400390625,68.53825256455445,7.943215059428923,6.850449783480112,1.0927652759488105,162.27488065573192,123.53721803811572,38.737662617616195,-0.006443299095769239,-0.030990113763349703,0.1505831276060794,1,0.028137146262035916,155.1999969482422,150.00599670410156,0
2020-07-15,150.44349670410156,154.91749572753906,148.65899658203125,154.01150512695312,115778000.0,143.8900489807129,131.26641998291015,61.842307133658906,7.411489535719653,6.962657733928021,0.4488318017916324,162.68241302362813,125.09768493779767,37.58472808583046,-0.02436122126125273,-0.059728145599365234,0.09063659797606238,1,0.030050939535947247,154.1999969482422,154.0554962158203,0
2020-07-16,149.9949951171875,151.60000610351562,145.9114990234375,148.55299377441406,127884000.0,144.78734893798827,131.94851989746093,61.07510753943786,6.87465614085778,6.945057415313974,-0.07040127445619326,162.93519519206072,126.63950268391582,36.295692508144896,-0.002981196241378159,-0.03353738359151204,0.04210232161310756,1,0.02764681544688921,150.44349670410156,159.13150024414062,0
2020-07-17,148.09849548339844,151.1999969482422,147.42250061035156,150.4499969482422,95226000.0,145.55732345581055,132.55922973632812,57.80927674651244,6.2244287964232115,6.800931691535822,-0.5765028951126103,162.87609961636375,128.23854729525735,34.6375523211064,-0.01264375276193297,-0.03956875217638134,0.02479670697771663,1,0.028174179299556693,149.9949951171875,160.0,1
2020-07-20,159.8419952392578,160.0679931640625,149.7010040283203,150.00999450683594,151964000.0,146.86189804077148,133.38845962524414,68.8992361846802,6.580861156135057,6.756917584455669,-0.17605642832061186,164.35654060916687,129.3672554723761,34.989285136790784,0.07929519957328535,0.06247194954290114,0.04573044517245095,1,0.03322623607850176,148.09849548339844,155.1999969482422,0
2020-07-21,156.9145050048828,162.0290069580078,155.28599548339844,161.62449645996094,122426000.0,147.92307357788087,134.14713973999022,64.35776526053294,6.551589725176996,6.715852012599935,-0.16426228742293958,165.15128612662912,130.69486102913262,34.45642509749649,-0.018314900474015072,0.04613160513981995,0.04605488082192344,1,0.033202354084244025,159.8419952392578,154.1999969482422,0
2020-07-22,154.99549865722656,157.5,153.26300048828125,156.25,82084000.0,148.76182327270507,134.83804977416992,61.49624787457872,6.3009111492551995,6.632863839930988,-0.3319526906757888,165.64889449281026,131.8747520525999,33.77414244021037,-0.012229630062539742,0.046570379741644796,0.006101713113106921,1,0.03262649476756294,156.9145050048828,150.44349670410156,0
2020-07-23,149.32749938964844,154.9134979248047,148.5,154.9134979248047,113138000.0,149.39219818115234,135.4676496887207,53.87661890513381,5.580557210600745,6.42240251406494,-0.8418453034641953,165.3498479617292,133.43454840057547,31.915299561153745,-0.036568799201794455,-0.06578055931966353,-0.06160942892796728,1,0.03248573308777241,154.99549865722656,149.9949951171875,1
2020-07-24,150.44549560546875,151.57899475097656,144.39999389648438,146.5,112648000.0,150.02802276611328,136.1086395263672,55.05943961710918,5.041766133878809,6.146275238027714,-1.1045091041489048,165.06282778188162,134.99321775034494,30.069610031536683,0.007486874288995304,-0.04122633149314503,-0.059715652465820335,1,0.03257063882692717,149.32749938964844,148.09849548339844,1
2020-07-27,152.760498046875,154.89999389648438,150.7884979248047,153.10000610351562,83410000.0,150.93387298583986,136.77499954223632,57.490414428781996,4.7468529080250335,5.866390772027178,-1.1195378640021447,164.2349872399679,137.63275873171182,26.602228508256076,0.015387648743417026,-0.014419777540083834,-0.015718421065309296,1,0.031961158257342755,150.44549560546875,159.8419952392578,0
2020-07-28,150.01649475097656,153.85450744628906,149.78799438476562,152.7135009765625,62534000.0,151.73374786376954,137.36554946899415,53.77713608957014,4.242805497691563,5.541673717160055,-1.298868219468492,162.5645443748088,140.90295135273027,21.661593022078534,-0.017962780502695397,0.004613988475962394,-0.027130364980939903,1,0.032378514619488895,152.760498046875,156.9145050048828,1
2020-07-29,151.67649841308594,151.95799255371094,149.8385009765625,151.54949951171875,59482000.0,152.42052307128907,137.97281936645507,55.643632416159704,3.9319674427246127,5.219732462272967,-1.2877650195483543,161.21666753581542,143.62437860676272,17.5922889290527,0.011065474265779418,0.008182383943520666,0.00819577938559557,1,0.031624508709721985,150.01649475097656,154.99549865722656,1
2020-07-30,152.593994140625,154.60000610351562,150.25,150.6999969482422,122566000.0,152.8534729003906,138.57536926269532,56.6847289800849,3.7168151506570553,4.919148999949785,-1.2023338492927298,160.741917932195,144.96502786858622,15.77689006360879,0.006049030252796905,-0.0010899670292964236,0.017327238294897462,1,0.03161908262911489,151.67649841308594,149.32749938964844,1
2020-07-31,158.23399353027344,162.34100341796875,157.5500030517578,162.1999969482422,161710000.0,153.53942260742187,139.2421090698242,62.509930737222376,3.9558061534745264,4.726480430654734,-0.7706742771802073,160.76641571447152,146.31242950037222,14.453986214099302,0.036960821567137314,0.05477730160898453,0.0684375490364868,1,0.03290412963571325,152.593994140625,150.44549560546875,0
2020-08-03,155.59449768066406,159.1999969482422,155.1999969482422,159.02549743652344,101494000.0,153.67654724121093,139.90725906372072,58.5419998433956,3.8874113311721032,4.558666610758207,-0.671255279586104,160.9500866016497,146.40300788077215,14.54707872087755,-0.01668096589563972,0.025831287698293126,-0.026573101469585136,1,0.02155000283675911,158.23399353027344,152.760498046875,1
2020-08-04,156.94149780273438,158.36199951171875,155.0605010986328,155.0605010986328,93886000.0,154.02332229614257,140.609208984375,59.93953394676475,3.89697766154282,4.42632882091513,-0.5293511593723101,161.22476348924442,146.8218811030407,14.402882386203714,0.008657119256458845,0.028490660373585053,0.00017202232419966101,1,0.021029621841881556,155.59449768066406,150.01649475097656,1
2020-08-05,160.25149536132812,160.67950439453125,156.36500549316406,157.18850708007812,78330000.0,154.33312225341797,141.39237884521484,63.220519916200516,4.124108037173556,4.365884664166816,-0.24177662699325975,162.02952869521613,146.6367158116198,15.39281288359632,0.021090645909052075,0.012750116369076414,0.0339106409517429,1,0.021473513580710302,156.94149780273438,151.67649841308594,1
2020-08-06,161.25,162.37350463867188,158.27149963378906,159.71800231933594,78812000.0,154.43904724121094,142.20698883056642,64.17374804249994,4.334713595670934,4.35965045046764,-0.024936854796706598,162.4486380540464,146.4294564283755,16.01918162567091,0.0062308600392182445,0.03634770125961051,0.07984129285686037,1,0.01620912554568301,160.25149536132812,152.593994140625,0
2020-08-07,158.3730010986328,162.04049682617188,157.0334930419922,161.20050048828125,78722000.0,154.3576972961426,142.97334884643556,59.39702309597515,4.220815319220264,4.331883424218165,-0.11106810499790054,162.17034302010677,146.5450515721784,15.625291447928362,-0.017841853651889505,0.009121254199432549,0.0526935383559326,1,0.018133199395683603,161.25,158.23399353027344,0
2020-08-10,157.4080047607422,158.62550354003906,155.0760040283203,158.5155029296875,63346000.0,154.46809768676758,143.67913894653321,57.84182585973286,4.006498553517247,4.266806450077982,-0.26030789656073505,162.3869146191198,146.54928075441535,15.837633864704458,-0.006093187166982039,-0.01774392553513815,0.0304234849538203,1,0.018077083949319298,158.3730010986328,155.59449768066406,0
2020-08-11,154.0334930419922,157.96099853515625,153.64999389648438,155.66000366210938,74362000.0,154.45977249145508,144.28876876831055,52.65033717093929,3.523736636402191,4.118192487342824,-0.5944558509406335,162.38004931811037,146.5394956647998,15.840553653310565,-0.021437993092404684,-0.04475353152252903,0.026777044068945433,1,0.018555093965073436,157.4080047607422,156.94149780273438,1
2020-08-12,158.11199951171875,158.71949768066406,155.0709991455078,155.39999389648438,70442000.0,154.84319763183595,144.97859878540038,57.603216286570266,3.4306987657471666,3.980693743023693,-0.5499949772765262,162.6907694766323,146.9956257870396,15.695143689592726,0.026478049605839216,-0.0016480181918855363,0.04242912492023598,1,0.01990868313761086,154.0334930419922,160.25149536132812,0
2020-08-13,158.05099487304688,160.87600708007812,157.75,159.14950561523438,62980000.0,155.2459976196289,145.66121871948243,57.50632096497337,3.313843098009471,3.8473236140208487,-0.5334805160113776,162.88094173482133,147.61105350443646,15.269888230384879,-0.0003858318082136103,0.004084862858671157,0.03576156953721843,1,0.019951299197575562,158.11199951171875,161.25,0
2020-08-14,157.4010009765625,158.91200256347656,156.0,158.90899658203125,55034000.0,155.71112289428712,146.34863876342774,56.41739043921224,3.1326735535038495,3.704393601917449,-0.5717200484135994,162.649311137179,148.77293465139522,13.876376485783794,-0.004112558082955964,0.021862179893903155,-0.005264308478390101,1,0.016221923235732225,158.05099487304688,158.3730010986328,1
2020-08-17,159.12049865722656,159.74850463867188,157.70899963378906,158.656005859375,53824000.0,155.67504806518554,147.0480487060547,58.64816836588803,3.0921995253144985,3.581954786596859,-0.48975526128236035,162.53399826715665,148.81609786321442,13.717900403942224,0.010924312234330102,0.0063783846173741665,0.022661476010540804,1,0.015477046256506706,157.4010009765625,157.4080047607422,1
2020-08-18,165.62449645996094,166.0,160.29100036621094,160.60000610351562,106920000.0,156.11054763793945,147.83647857666017,65.78252127921871,3.5440877948963703,3.5743813882567617,-0.03029359336039139,164.2208874787002,148.0002077971787,16.220679681521517,0.04087466955935781,0.04791808867130132,0.05532633993426361,1,0.019710015455138008,159.12049865722656,154.0334930419922,0
2020-08-19,163.0240020751953,165.7949981689453,162.8000030517578,165.15049743652344,83702000.0,156.5119728088379,148.4960986328125,61.23358608439082,3.6502960005430225,3.5895643107140143,0.06073168982900823,165.1400402208736,147.8839053968022,17.25613482407141,-0.015701145907449088,0.03572404917215288,0.01730097249711071,1,0.019924216138586918,165.62449645996094,158.11199951171875,1
2020-08-20,164.86849975585938,165.63099670410156,161.89999389648438,162.60000610351562,66650000.0,157.28902282714844,149.14601867675782,63.17853064431714,3.8390481589739807,3.639461080366008,0.19958707860797276,165.98794788739914,148.59009776689774,17.397850120501403,0.011314270642265756,0.036123573940118225,0.022440308563469014,1,0.020111144761567813,163.0240020751953,158.05099487304688,0
2020-08-21,164.23599243164062,165.72000122070312,163.76950073242188,164.75,71518000.0,157.97854766845703,149.8727784729004,62.02926516227707,3.892724642889874,3.6901137928707817,0.2026108500190924,166.58405889947082,149.37303643744323,17.211022462027586,-0.0038364352508537536,-0.008383446036051678,0.03702014416811106,1,0.019001801472118454,164.86849975585938,157.4010009765625,1
2020-08-24,165.3730010986328,169.01600646972656,162.8780059814453,165.50750732421875,93326000.0,158.60917282104492,150.63521850585937,63.32093637751689,3.9811188798730655,3.7483148102712383,0.2328040696018272,167.43833196279493,149.7800136792949,17.658318283500023,0.006923017605080961,0.014408915212092532,0.05060096117727486,1,0.01869191503912574,164.23599243164062,159.12049865722656,1
2020-08-25,167.32449340820312,167.8699951171875,163.35000610351562,164.74949645996094,79856000.0,159.47457275390624,151.4090283203125,65.49076796171451,4.160679348017936,3.830787717820578,0.32989163019735823,168.15690667281214,150.79223883500035,17.364667837811794,0.011800549645987202,0.014896682240577386,0.08628643098152411,1,0.01624251326571439,165.3730010986328,165.62449645996094,1
2020-08-26,172.09249877929688,172.58700561523438,167.22850036621094,167.5554962158203,130174000.0,160.4953727722168,152.23560821533204,70.13880467656271,4.634299182030446,3.991490010662552,0.6428091713678943,170.02927073272102,150.96147481171258,19.06779592100844,0.0284955613728457,0.04783669055323747,0.08842149432524216,1,0.01650208496103255,167.32449340820312,163.0240020751953,0
2020-08-27,170.0,172.64999389648438,168.89999389648438,172.50250244140625,85296000.0,161.36567306518555,152.99462829589845,65.94117521940287,4.7856333467171055,4.150318677873463,0.6353146688436428,171.03245902606255,151.69888710430854,19.333571921754015,-0.01215915158498826,0.02797916752207641,0.07560221393450295,1,0.0176001998533606,172.09249877929688,164.86849975585938,1
2020-08-28,170.08999633789062,171.6685028076172,169.3249969482422,171.14999389648438,57940000.0,161.9584732055664,153.7424481201172,66.03532461027505,4.856842062850717,4.291623354868914,0.5652187079818027,172.2201681318016,151.6967782793312,20.523389852470416,0.0005293902228860059,0.016527783072026514,0.08061572215298396,1,0.017320280979976073,170.0,164.23599243164062,1
2020-08-31,172.54800415039062,174.75,170.25,170.44949340820312,83718000.0,162.80614852905273,154.51839813232422,68.58925577315713,5.053364135316087,4.443971510958349,0.6093926243577386,173.61150669863218,152.00079035947329,21.6107163391589,0.014451219151166761,0.0026468636014049807,0.08438576805926967,1,0.017423932725327048,170.08999633789062,165.3730010986328,1
2020-09-01,174.95599365234375,175.69349670410156,173.35000610351562,174.47900390625,68644000.0,163.7068733215332,155.3036981201172,70.89792487338184,5.3418365553770855,4.623544519842096,0.7182920355349891,175.37544076751354,152.03830587555288,23.33713489196066,0.01395547583299983,0.02915290383731617,0.05634128641495173,1,0.013454009643849034,172.54800415039062,167.32449340820312,1
2020-09-02,176.57249450683594,177.6125030517578,174.33450317382812,177.35000610351562,78630000.0,164.5229232788086,156.07073791503908,72.36627276193373,5.635923715550945,4.826020358983866,0.8099033565670783,177.337314814792,151.70853174282522,25.62878307196678,0.009239471142122424,0.03811216596223321,0.08310734774742756,1,0.011192906569337947,174.95599365234375,172.09249877929688,0
2020-09-03,168.39999389648438,174.42050170898438,165.14999389648438,174.25,163222000.0,164.88042297363282,156.7043377685547,56.77093573289903,5.150169462262568,4.890850179639607,0.2593192826229611,177.70856922581518,152.05227672145045,25.65629250436473,-0.04628410915968095,-0.02403974635540207,0.021420065966843316,1,0.020384555635738447,176.57249450683594,170.0,0
2020-09-04,164.7310028076172,169.0749969482422,155.55650329589844,165.89999389648438,175636000.0,165.19832305908204,157.24437774658202,51.414001166529395,4.4182183283832615,4.796323809388338,-0.37810548100507635,177.67599318596962,152.72065293219447,24.955340253775148,-0.021787358799564616,-0.05844321552678389,0.003014018843540578,1,0.021731966364458413,168.39999389648438,170.08999633789062,0
2020-09-08,157.49200439453125,162.54249572753906,156.5,157.1999969482422,121884000.0,165.2025230407715,157.70134796142577,42.82728116531224,3.2169323150021683,4.480445510511104,-1.2635131955089358,177.66975364223504,152.73529243930795,24.934461202927082,-0.04394435952982134,-0.10806037579973138,-0.04765588488897976,1,0.025663357594924767,164.7310028076172,172.54800415039062,1
2020-09-09,163.4304962158203,165.15899658203125,159.25,160.14950561523438,103774000.0,165.6723731994629,158.28957794189452,50.17828923069935,2.712819460461702,4.126920300501224,-1.4141008400395219,177.084094006358,154.2606523925678,22.82344161379018,0.03770662418145765,-0.029510082308665697,-0.02327212898163722,1,0.028635048556989513,157.49200439453125,174.95599365234375,0
2020-09-10,158.7554931640625,167.4945068359375,158.52749633789062,165.36099243164062,106614000.0,165.70454788208008,158.70586791992187,45.2462034934546,1.9140092089241136,3.6843380821858025,-1.7703288732616889,177.03415629362163,154.37493947053852,22.659216823083113,-0.02860545100214451,-0.03627434752238623,-0.07749905260158174,1,0.027555656494275115,163.4304962158203,176.57249450683594,0
2020-09-11,155.81100463867188,160.86700439453125,154.19900512695312,160.4344940185547,101880000.0,165.59254837036133,158.94338806152345,42.41820175921585,1.0314606769598242,3.153762601140607,-2.122301924180783,177.26177782417676,153.9233189165459,23.338458907630866,-0.018547317429499666,-0.010673556173990462,-0.08346467859604778,1,0.02774418305299457,158.7554931640625,168.39999389648438,0
2020-09-14,155.14849853515625,159.3695068359375,154.8000030517578,158.64700317382812,90592000.0,165.47992324829102,159.1560580444336,41.785372564364486,0.2754012470553846,2.5780903303235627,-2.302689083268178,177.5013842254097,153.45846227117232,24.042921954237386,-0.004251985314208007,-0.05067596239643768,-0.0878446594416552,1,0.02761546564191974,155.81100463867188,164.7310028076172,1
2020-09-15,157.80650329589844,158.75100708007812,155.4459991455078,156.80799865722656,80430000.0,165.41422348022462,159.25514801025392,45.31060628833685,-0.1080569150846884,2.0408608812419127,-2.148917796326601,177.58739384433107,153.24105311611817,24.34634072821291,0.017132004407634627,-0.005977682089925218,-0.08543420091746579,1,0.02787809341039211,155.14849853515625,157.49200439453125,0
2020-09-16,153.90499877929688,159.36199951171875,153.70750427246094,158.99949645996094,90244000.0,164.8282485961914,159.33312805175783,41.35224085587939,-0.7184868107913189,1.4889913428352664,-2.2074781536265853,177.99245074264817,151.66404644973463,26.328404292913547,-0.024723344317983953,-0.012232806429783638,-0.12032165594096456,1,0.027082266519268493,157.80650329589844,163.4304962158203,0
2020-09-17,150.43649291992188,151.47149658203125,148.62750244140625,150.46249389648438,128982000.0,164.19887313842773,159.26074798583986,38.16051731150348,-1.4652458938074346,0.8981438955067261,-2.363389789314161,178.7757462418343,149.62200003502116,29.15374620681314,-0.02253666798925036,-0.03037093919517786,-0.1480185328972753,1,0.026106910803030355,153.90499877929688,158.7554931640625,0
2020-09-18,147.74549865722656,151.88999938964844,145.27699279785156,151.58700561523438,177852000.0,163.34272308349608,159.03302795410156,35.84869429422908,-2.2482818015272983,0.2688587560999212,-2.5171405576272194,179.57867960625612,147.10676656073605,32.47191304552007,-0.01788790878106783,-0.06375532331393707,-0.12265140135310304,1,0.023842830644306055,150.43649291992188,155.81100463867188,1
2020-09-21,148.02349853515625,148.10000610351562,143.5500030517578,145.3249969482422,122358000.0,162.53209838867187,158.79349792480468,36.27817636945013,-2.813973399347333,-0.34770767498952965,-2.466265724357803,180.07501652541137,144.98918025193237,35.085836273479,0.001881613182508124,-0.03821513460114978,-0.10142295006831814,1,0.024019567591689436,147.74549865722656,155.14849853515625,1
2020-09-22,156.44949340820312,156.69949340820312,150.00999450683594,151.69200134277344,138976000.0,162.0859230041504,158.8184878540039,47.70576558894822,-2.552951859056151,-0.7887565118028539,-1.764195347253297,179.7704687400613,144.40137726823951,35.369091471821775,0.05692335984779917,0.03997035806652316,-0.006619453415022569,1,0.029016728517798674,148.02349853515625,157.80650329589844,0
2020-09-23,149.9929962158203,156.35000610351562,149.61900329589844,156.02149963378906,113054000.0,161.21934814453124,158.73434783935548,41.555974598067316,-2.8344025438721587,-1.1978857182167149,-1.6365168256554439,179.48129222565709,142.9574040634054,36.523888162251694,-0.04126889165142078,0.015211952844722543,-0.08222149666764111,1,0.028263451849817565,156.44949340820312,153.90499877929688,1
2020-09-24,150.989501953125,153.46499633789062,148.25,148.88949584960938,110588000.0,160.16419830322266,158.74526794433595,42.781972946464414,-2.9431181208077533,-1.5469321987349227,-1.3961859220728305,178.22880753083726,142.09958907560807,36.12921845522919,0.006643681788120581,0.020037382221879563,-0.04891793698698599,1,0.027625055232091605,149.9929962158203,150.43649291992188,1
2020-09-25,154.75650024414062,155.07699584960938,149.9499969482422,152.7429962158203,92304000.0,159.4020233154297,158.840498046875,47.283851167158076,-2.694253046806665,-1.7763963683492712,-0.9178566784573938,177.02321806363915,141.78082856722023,35.24238949641892,0.02494874307344297,-0.010821340019588233,-0.006767842855366135,1,0.02860309012785944,150.989501953125,147.74549865722656,1
2020-09-28,158.70249938964844,158.7519989013672,155.85850524902344,157.4425048828125,84484000.0,158.83264846801757,159.052578125,51.58138653753002,-2.153788990932725,-1.8518748928659619,-0.30191409806676295,175.75780922842512,141.90748770761002,33.8503215208151,0.025498115680328004,0.05806606570680328,0.02290709151585424,0,0.02967505129665113,154.75650024414062,148.02349853515625,0
2020-09-29,157.24400329589844,159.41299438476562,156.6269989013672,158.76950073242188,69916000.0,158.06744842529298,159.0006182861328,49.960200250440664,-1.8221511541690063,-1.8459301451265708,0.023778990957564528,173.78372994293818,142.35116690764778,31.4325630352904,-0.009190126805558863,0.04142341859446064,-0.003564491882474985,0,0.029415104805845034,158.70249938964844,156.44949340820312,1
2020-09-30,157.43649291992188,160.6439971923828,156.69949340820312,157.0570068359375,97922000.0,157.19147338867188,159.01105804443358,50.18273943327956,-1.526200387219319,-1.7819841935451204,0.25578380632580133,170.865068551447,143.51787822589677,27.34719032555023,0.0012241460404771587,0.017317480503586946,0.02294593527588562,0,0.028104300809595324,157.24400329589844,149.9929962158203,1
2020-10-01,161.06300354003906,161.1999969482422,158.60000610351562,160.39999389648438,99438000.0,156.41599884033204,159.13240814208984,54.30578782980717,-0.9876432367255177,-1.6231160021812001,0.6354727654556824,167.01952253771773,145.81247514294634,21.207047394771394,0.023034752317315554,0.01487376795872053,0.07063785132091405,0,0.02725306414555037,157.43649291992188,150.989501953125,0
2020-10-02,156.25,159.7899932861328,156.14999389648438,157.68150329589844,112262000.0,155.80849914550782,159.2708581542969,48.5614242870612,-0.9383848600542422,-1.4861697737558086,0.5477849137015665,164.87716910895867,146.73982918205698,18.13733992690169,-0.02988273802333874,-0.006321406699547949,0.05756183044536667,0,0.02870432102525736,161.06300354003906,154.75650024414062,1
2020-10-05,159.9600067138672,160.12649536132812,157.04249572753906,157.29200744628906,75506000.0,155.5699493408203,159.46114837646485,52.71359581951371,-0.5931433187063817,-1.3075644827459232,0.7144211640395415,163.90889049462922,147.23100818701138,16.677882307617836,0.0237440429687501,0.016028772917527245,0.08063927887690059,0,0.029185907821693065,156.25,158.70249938964844,0
2020-10-06,154.9980010986328,159.10000610351562,154.5,158.25,101738000.0,155.44524917602538,159.5058984375,47.22313942372619,-0.7117249713590468,-1.188396580468548,0.4766716091095011,163.73996465485513,147.15053369719564,16.589430957659488,-0.03102028886576813,-0.03765608679896826,-0.00927770539840056,0,0.025930455773007347,159.9600067138672,157.24400329589844,1
2020-10-07,159.7845001220703,160.0,156.6195068359375,156.75,86188000.0,155.2629493713379,159.70125854492187,52.37609302899085,-0.41469101676588593,-1.0336554677280156,0.6189644509621297,162.98838513230444,147.53751361037135,15.450871521933095,0.030881037106998743,0.02262080078125006,0.06527974074310317,0,0.023266351296123575,154.9980010986328,157.43649291992188,0
2020-10-08,159.52749633789062,161.6645050048828,158.74949645996094,161.24949645996094,63482000.0,155.3015495300293,159.85827850341798,52.08205263334014,-0.19774800929249636,-0.8664739760409119,0.6687259667484156,163.10373496393072,147.49936409612786,15.604370867802857,-0.0016084400175445657,-0.0027038657028205515,0.056546940511243315,0,0.02341006183027205,159.7845001220703,161.06300354003906,1
2020-10-09,164.33250427246094,164.44949340820312,159.89149475097656,160.5,98158000.0,155.72762451171874,160.09304870605467,56.948393596538175,0.3577805982867801,-0.6216230611753736,0.9794036594621537,164.46877190753142,146.98647711590607,17.48229479162535,0.030120249141207367,0.0602233777704535,0.06187787920516041,0,0.02393228441873922,159.52749633789062,156.25,1
2020-10-12,172.14649963378906,174.81199645996094,166.9774932861328,167.4969940185547,167284000.0,156.5775245666504,160.371298828125,63.44917084800653,1.4122851988803404,-0.21484140916423078,1.6271266080445712,167.86323021837256,145.29181891492823,22.571411303444336,0.04754990740220588,0.07736670016349878,0.08471196292336103,0,0.026749924125773775,164.33250427246094,159.9600067138672,1
2020-10-13,172.18150329589844,174.61900329589844,171.21099853515625,173.39950561523438,114894000.0,157.2962745666504,160.70303894042968,63.475776991387896,2.2251619137144303,0.27315925541150143,1.9520026583029289,170.4756333712543,144.1169157620465,26.358717609207815,0.00020333647320058823,0.07932179247147286,0.0949956735195232,0,0.026219952793198602,172.14649963378906,154.9980010986328,0
2020-10-14,168.1855010986328,173.24400329589844,167.0,172.35000610351562,116254000.0,158.0102996826172,160.92791900634765,58.261839666402835,2.517903758161964,0.722108155961594,1.79579560220037,171.90530136075142,144.11529800448295,27.79000335626847,-0.023208080547411636,0.023446346437851817,0.06827520087212746,0,0.0281372121486093,172.18150329589844,159.7845001220703,0
2020-10-15,166.9324951171875,167.79400634765625,164.0,164.60049438476562,104468000.0,158.83509979248046,161.06153900146484,56.68940789311454,2.6186109510678364,1.1014087149828424,1.517202236084994,172.79212294389907,144.87807664106185,27.91404630283722,-0.007450142689235051,-0.03028818202922179,0.036442208627317285,0,0.027854681304293822,168.1855010986328,159.52749633789062,0
2020-10-16,163.635498046875,169.98300170898438,158.0,168.1614990234375,129488000.0,159.62959976196288,161.10924896240235,52.66191859653565,2.4046625643900086,1.3620594848642757,1.0426030795257328,172.7553945362064,146.50380498771935,26.25158954848706,-0.019750480983333984,-0.049633700980859174,0.04726718749999992,0,0.026646009851124083,166.9324951171875,164.33250427246094,0
2020-10-19,160.36050415039062,166.4499969482422,159.63699340820312,164.98049926757812,104472000.0,160.2464500427246,161.1489990234375,48.942339356780586,1.948382548163437,1.479324097524108,0.46905845063932894,172.24357463521275,148.24932545023646,23.994249184976297,-0.020013957457728493,-0.04652599003556912,0.00250373480691235,0,0.026808488171366177,163.635498046875,172.14649963378906,1
2020-10-20,160.85049438476562,163.3000030517578,159.60049438476562,161.11399841308594,90194000.0,160.46650009155275,161.21784881591796,49.51685930983404,1.6077819553074448,1.5050156690807754,0.10276628622666939,172.33776406672698,148.59523611637852,23.74252795034846,0.003055554339711275,-0.036433893401954354,0.037758508139782876,0,0.024404802046583983,160.36050415039062,172.18150329589844,0
2020-10-21,159.2469940185547,161.69400024414062,158.0,160.625,91854000.0,160.92919998168946,161.32211883544923,47.62811185938042,1.1946927783543515,1.4429510909354908,-0.24825831258113928,171.811714669957,150.04668529342192,21.765029376535097,-0.009968886774915697,-0.026818777592275134,-0.003363943956422477,0,0.022765011098035498,160.85049438476562,168.1855010986328,0
2020-10-22,158.82000732421875,159.9375,156.0970001220703,159.49349975585938,84240000.0,161.32072525024415,161.33627899169923,47.112777064758944,0.8233710626366246,1.3190350852757176,-0.4956640226390929,171.26789455362626,151.37355594686204,19.894338606764222,-0.0026812857408547996,-0.009606460358388191,-0.00443490326064766,0,0.02277539826670632,159.2469940185547,166.9324951171875,1
2020-10-23,160.22000122070312,160.26649475097656,157.0,159.5500030517578,69334000.0,161.59390029907226,161.37965911865234,49.058989058738476,0.6347467692709188,1.1821774220747578,-0.5474306528038391,171.09506798586895,152.09273261227557,19.002335373593382,0.008814971867029398,-0.003919746510410604,-0.025025499793633887,1,0.020505871619781107,158.82000732421875,163.635498046875,1
2020-10-26,160.3520050048828,164.1490020751953,157.6649932861328,159.93699645996094,118024000.0,161.67637557983397,161.43867919921874,49.248629987809224,0.49026083822926125,1.0437941053056585,-0.5535332670763973,171.1040688112361,152.24868234843186,18.855386462804233,0.0008238907949942309,0.006938975477297715,-0.06851428669184056,1,0.010988042518273825,160.22000122070312,160.36050415039062,1
2020-10-27,164.31649780273438,164.58299255371094,160.56500244140625,161.2469940185547,85820000.0,162.03000030517578,161.5425991821289,54.702723064151236,0.687728427831729,0.9725809698108727,-0.28485254197914367,171.29531530994618,152.76468530040538,18.5306300095408,0.024723687101579017,0.03460830011986449,-0.0456785737295361,1,0.01483940632629075,160.3520050048828,160.85049438476562,0
2020-10-28,158.13900756835938,163.2010040283203,158.12350463867188,162.46499633789062,111766000.0,162.06512603759765,161.39288940429688,46.345019526607096,0.34181089753789706,0.8464269553562777,-0.5046160578183806,171.26561677153276,152.86463530366254,18.400981467870224,-0.037595069983728635,-0.012988351245093233,-0.05973459938369863,1,0.01733519456362318,164.31649780273438,159.2469940185547,1
2020-10-29,160.55050659179688,162.8625030517578,158.1999969482422,160.06350708007812,131930000.0,162.03950119018555,161.3434194946289,49.58328372436737,0.2592679010572283,0.7289951444964679,-0.46972724343923955,171.25385779968917,152.82514458068192,18.42871321900725,0.015249235849637444,0.001237911474247122,-0.03823095390091924,1,0.018567208454878265,158.13900756835938,158.82000732421875,0
2020-10-30,151.8074951171875,158.35000610351562,150.9499969482422,157.8874969482422,167728000.0,161.81737594604493,161.08219940185546,40.127403939313375,-0.5058053665367197,0.4820350422898304,-0.9878404088265501,171.76434202018567,151.8704098719042,19.893932148281465,-0.0544564552314909,-0.0761274908656111,-0.07228262248023498,1,0.02426347084217276,160.55050659179688,160.22000122070312,0
2020-11-02,150.2239990234375,153.98550415039062,147.50599670410156,153.08700561523438,145148000.0,161.33057556152343,160.80195953369142,38.68831669819482,-1.2257763572694387,0.1404727623779766,-1.3662491196474154,172.47443257889526,150.1867185441516,22.287714034743658,-0.010430948040659138,-0.05005095622280553,-0.06321073371936281,1,0.023887688296639755,151.8074951171875,160.3520050048828,1
2020-11-03,152.42050170898438,153.7449951171875,149.0489959716797,150.92649841308594,97958000.0,161.20170059204102,160.54290954589842,41.80594342909794,-1.6006676445261405,-0.20775531900284683,-1.3929123255232936,172.68981173088886,149.71358945319318,22.976222277695683,0.014621516534147005,-0.05063830102687383,-0.05240887016247597,1,0.024655773107634688,150.2239990234375,164.31649780273438,1
2020-11-04,162.05799865722656,162.24249267578125,156.9864959716797,157.99949645996094,136780000.0,161.31537551879882,160.43757965087892,53.07949493541426,-1.107341487451265,-0.3876725526925305,-0.7196689347587346,172.79012899865612,149.84062203894152,22.949506959714597,0.06322966294024535,0.0675230398349318,0.017651853688015917,1,0.03262433440569586,152.42050170898438,158.13900756835938,1
2020-11-05,166.10000610351562,168.33999633789062,164.44400024414062,165.99850463867188,115786000.0,161.64400100708008,160.31772979736328,56.85464090334081,-0.3857737733729323,-0.38729279682861084,0.0015190234556785587,173.27057505753197,150.01742695662819,23.253148100903786,0.024941733698923496,0.10568222909311054,0.04583804586052764,1,0.03332421232619309,162.05799865722656,160.55050659179688,0
2020-11-06,165.56849670410156,166.10000610351562,161.60000610351562,165.23199462890625,92946000.0,161.7058006286621,160.2290997314453,56.214146681704584,0.14155372885338124,-0.2815234916922124,0.42307722054559366,173.4018115174791,150.0097897398451,23.392021777634,-0.003199936061909714,0.08626132867755931,0.033382195997058384,1,0.0333876064724826,166.10000610351562,151.8074951171875,0
2020-11-09,157.18699645996094,164.4499969482422,155.60549926757812,161.55149841308594,143808000.0,160.95782546997071,159.97103973388673,47.18670932866799,-0.11552079718399,-0.24832295279056793,0.13280215560657793,171.76713083336622,150.1485201065752,21.61861072679102,-0.05062255447737596,-0.030057153843843443,-0.019737879453552765,1,0.03759420802669951,165.56849670410156,150.2239990234375,0
2020-11-10,151.75100708007812,155.6999969482422,150.9739990234375,154.75100708007812,131820000.0,159.9363006591797,159.55509979248046,42.42776586660488,-0.7492561650138043,-0.34850959523521524,-0.4007465697785891,170.15520191458546,149.71739940377392,20.437802510811537,-0.03458294580536425,-0.08638770918825267,-0.07647126667549475,1,0.03770104632421938,157.18699645996094,152.42050170898438,1
2020-11-11,156.8695068359375,156.95750427246094,152.5,153.08900451660156,87338000.0,159.37050094604493,159.19337005615233,47.76929400146048,-0.8289205762077358,-0.4445917914297194,-0.38432878477801646,168.9317042646132,149.80929762747667,19.12240663713652,0.03372959332756431,-0.052540127145749294,-0.008027751988219034,1,0.03807453995367075,151.75100708007812,162.05799865722656,0
2020-11-12,155.51400756835938,158.79400634765625,154.30250549316406,157.99749755859375,87240000.0,158.79957656860353,158.7722003173828,46.53789041626663,-0.9900203205544074,-0.553677497254657,-0.4363428232997504,167.8356458127783,149.76350732442876,18.072138488349538,-0.008640935353967705,-0.010643303385644343,-0.031370184562811154,1,0.037748907300022304,156.8695068359375,166.10000610351562,1
2020-11-13,156.4405059814453,157.08599853515625,154.26950073242188,156.10000610351562,75124000.0,158.43982696533203,158.53301055908204,47.53344306429021,-1.0310470808014998,-0.6491514139640255,-0.3818956668374742,167.24713550855586,149.6325184221082,17.61461708644765,0.005957652481424658,0.03090258833598747,0.030518986303550877,0,0.03306031778572595,155.51400756835938,165.56849670410156,1
2020-11-16,156.55299377441406,157.13499450683594,153.63450622558594,154.66000366210938,76174000.0,158.24945144653321,158.36945037841798,47.66087842982401,-1.0424673444528025,-0.727814600061781,-0.31465274439102153,167.04706135781825,149.45184153524818,17.595219822570073,0.0007190451875813686,-0.0020176837927747826,0.042130383907494906,0,0.03272458358751918,156.4405059814453,157.18699645996094,1
2020-11-17,156.7830047607422,159.46249389648438,156.76300048828125,159.177001953125,68894000.0,158.04607696533202,158.3552703857422,47.93932703677023,-1.0211864199773402,-0.7864889640448929,-0.23469745593244729,166.78160807316246,149.31054585750158,17.47106221566088,0.001469221257177411,0.008160018587553886,0.028621497783068106,0,0.03254152911304064,156.55299377441406,151.75100708007812,0
2020-11-18,155.2729949951172,157.0,155.2550048828125,156.6999969482422,58336000.0,157.84737701416014,158.19212036132814,46.20156168141989,-1.1133324984013484,-0.851857670916184,-0.2614748274851644,166.64516840873483,149.04958561958546,17.595582789149375,-0.00963120822903818,-0.0074629711723548375,-0.04186774931400039,0,0.024889419600838424,156.7830047607422,156.8695068359375,1
2020-11-19,155.8509979248047,156.25,154.04600524902344,155.2655029296875,60206000.0,157.69892654418945,158.13403045654297,46.993629262872915,-1.1267306737340164,-0.9068322714797505,-0.21989840225426582,166.52620739414482,148.87164569423408,17.654561699910744,0.003722494885254779,-0.004484078091926635,-0.0617038398681552,0,0.022980496470116723,155.2729949951172,155.51400756835938,0
2020-11-20,154.97000122070312,156.64450073242188,154.90249633789062,155.8509979248047,67488000.0,157.43642654418946,158.1172103881836,45.88473602700664,-1.1946665234103193,-0.9643991218658643,-0.23026740154445502,166.2604565409262,148.6123965474527,17.64805999347351,-0.005652814007175211,-0.011563775951390798,-0.0640127542037161,0,0.022959088902498547,155.8509979248047,156.4405059814453,0
2020-11-23,154.91949462890625,156.9875030517578,153.2729949951172,155.8350067138672,94178000.0,157.16480102539063,158.1126303100586,45.81798695763275,-1.238307199016191,-1.0191807372959296,-0.2191264617202613,165.94746880884924,148.38213324193202,17.565335566917213,-0.00032591205652088284,-0.0022766377773678625,-0.01442550517613761,0,0.016890693142164747,154.97000122070312,156.55299377441406,1
2020-11-24,155.9029998779297,156.71249389648438,154.31300354003906,155.02499389648438,72042000.0,156.7441261291504,158.07456024169923,47.42195142507776,-1.179930589394786,-1.051330707715701,-0.12859988167908498,164.89988844725582,148.58836381104499,16.311524636210834,0.006348492495275249,0.0003336645502269864,0.027360561736902156,0,0.012260128329579822,154.91949462890625,156.7830047607422,1
2020-11-25,159.2534942626953,159.89999389648438,157.01300048828125,157.093505859375,75808000.0,156.7998504638672,158.18153015136718,52.57285568839359,-0.8534715216543418,-1.0117588705034293,0.15828734884908746,165.00803449101653,148.59166643671784,16.416368054298687,0.02149089105013391,0.02764078859295993,0.015197264751084516,0,0.009004830695076647,155.9029998779297,155.2729949951172,1
2020-11-27,159.76699829101562,160.8094940185547,159.50250244140625,160.56300354003906,47858000.0,156.76067504882812,158.36814025878905,53.327529788760934,-0.5470092922862193,-0.9188089548599874,0.37179966257376806,164.90410523141156,148.61724486624468,16.286860365166888,0.003224444340751864,0.031290469115724084,0.02734795912700516,0,0.008264750270941045,159.2534942626953,155.8509979248047,0
2020-11-30,158.40199279785156,161.41949462890625,156.27749633789062,160.4239959716797,81278000.0,157.09039993286132,158.58127014160155,51.00418579169093,-0.4095591599876798,-0.8169589958855259,0.4073998358978461,164.93339474642698,149.24740511929565,15.685989627131335,-0.008543726224847115,0.016029152241320288,0.012538228536788987,0,0.00888487938396245,159.76699829101562,154.97000122070312,1
2020-12-01,161.00399780273438,162.44749450683594,157.85899353027344,159.4250030517578,90740000.0,157.62939987182617,158.84088012695312,55.02650982565894,-0.08963561822477573,-0.671494320353376,0.5818587021286002,164.97679677661014,150.2820029670422,14.694793809567955,0.01642659261366375,0.01099193175097013,0.028431292950769294,0,0.010082084662031622,158.40199279785156,154.91949462890625,0
2020-12-02,160.17649841308594,161.60000610351562,158.66299438476562,161.08250427246094,62586000.0,158.01719970703124,158.9154202270508,53.52166429624145,0.09602687051460634,-0.5179900821797796,0.6140169526943859,165.03529806836065,150.99910134570183,14.036196722658815,-0.005139620139509304,0.0025631083168027313,0.021644524912138197,0,0.010394621048119286,161.00399780273438,155.9029998779297,0
2020-12-03,159.3365020751953,161.4320068359375,159.0655059814453,160.2729949951172,57840000.0,157.8811248779297,159.10229034423827,51.968023737205954,0.17338635615661246,-0.37971479451250123,0.5531011506691137,164.6827526014517,151.07949715440768,13.603255447044035,-0.005244192164348127,0.005899605559485321,0.026170082442255493,0,0.009922016770683982,160.17649841308594,159.2534942626953,0
2020-12-04,158.12899780273438,159.91050720214844,157.93800354003906,159.91050720214844,58272000.0,157.48257446289062,159.24508026123047,49.73310132950296,0.13569459974070242,-0.2766329156618605,0.4123275154025629,163.15082431918532,151.81432460659593,11.336499712589386,-0.007578327983446487,-0.017856699456137215,0.014616524168993728,0,0.01041515102817867,159.3365020751953,159.76699829101562,0
2020-12-07,157.89999389648438,159.03799438476562,157.08450317382812,157.82400512695312,55026000.0,157.09914932250976,159.30795013427735,49.300076559532776,0.08634952626968584,-0.2040364272755512,0.29038595354523705,161.40024420390998,152.79805444110954,8.602189762800435,-0.00144820943300783,-0.014212475232980748,0.018906837792486364,0,0.010176414770940268,158.12899780273438,158.40199279785156,1
2020-12-08,158.864501953125,159.2064971923828,156.00100708007812,157.94500732421875,65726000.0,157.18302459716796,159.31119018554688,51.226273925847224,0.12364562962102355,-0.13850001589623628,0.26214564551725983,161.5525814957772,152.81346769855872,8.739113797218465,0.006108347649924184,-0.0029622849499204573,0.025464886350608174,0,0.010221869249068186,157.89999389648438,161.00399780273438,0
2020-12-09,155.2100067138672,158.72149658203125,154.39999389648438,158.39450073242188,82016000.0,157.35597457885743,159.27051025390625,44.350820231544056,-0.14006952934218475,-0.13881391858542597,-0.0012556107567587849,161.07761101433692,153.63433814337793,7.443272870958992,-0.02300385041546993,-0.01845955599180249,-0.004445027771146859,0,0.012882561994723693,158.864501953125,160.17649841308594,0
2020-12-10,155.07449340820312,157.10499572753906,153.8000030517578,154.44949340820312,60604000.0,157.2662239074707,159.22327026367188,44.11437641498908,-0.35589791440230556,-0.1822307177488019,-0.17366719665350366,161.11486758015084,153.41758023479056,7.69728734536028,-0.0008730964486967085,-0.01789424064280576,-0.02624118782347562,0,0.01035990758601968,155.2100067138672,159.3365020751953,1
2020-12-11,155.8209991455078,155.93350219726562,153.64100646972656,154.83299255371094,61294000.0,157.2815734863281,159.11843017578124,45.82770030644737,-0.46138809556867955,-0.23806219331277745,-0.2233259022559021,161.10450406164398,153.45864291101225,7.645861150631731,0.004813852496939441,-0.019157853203198405,-0.02469846205860471,0,0.010470914076231656,155.07449340820312,158.12899780273438,1
2020-12-14,157.84849548339844,159.52349853515625,156.3000030517578,157.14999389648438,83116000.0,157.3519729614258,159.1504000854492,50.28562723984228,-0.37704151430810384,-0.2658580575118427,-0.11118345679626113,161.16219277659488,153.5417531462567,7.620439630338183,0.013011701561464806,0.016999475906185335,-0.003494257267075418,0,0.011265240717030512,155.8209991455078,157.89999389648438,1
2020-12-15,158.25599670410156,159.4250030517578,156.52450561523438,159.05050659179688,66390000.0,157.43712310791017,159.11631988525392,51.15563605122284,-0.2741540211924871,-0.26751725024797157,-0.006636770944515535,161.24823201311486,153.62601420270548,7.622217810409381,0.0025815971159888207,0.02051596768737296,-0.01706790599075514,0,0.009728022704339959,157.84849548339844,158.864501953125,1
2020-12-16,162.04800415039062,162.35000610351562,158.1840057373047,158.80050659179688,88552000.0,157.70037307739258,159.25731994628907,58.44357629771055,0.11207642093759773,-0.1915985160108577,0.30367493694845543,161.99150574100963,153.40924041377554,8.582265327234097,0.023961224378619583,0.03996255343651045,0.01168402203722918,0,0.012527140273042038,158.25599670410156,155.2100067138672,0
2020-12-17,161.8040008544922,163.17550659179688,161.0500030517578,162.5,69486000.0,158.02692337036132,159.2977099609375,57.8454801986426,0.39393674463238426,-0.0744914638822093,0.46842820851459355,162.51878250407682,153.5350642366458,8.983718267431016,-0.0015057469987226346,0.02505887280699337,0.015486086032768576,0,0.012367129475061165,162.04800415039062,155.07449340820312,0
2020-12-18,160.08250427246094,162.4709930419922,158.5800018310547,162.19949340820312,119914000.0,158.23849868774414,159.3088101196289,53.67218935190082,0.47295081226957336,0.03499699134814723,0.43795382092142615,162.69898008301212,153.77801729247616,8.920962790535953,-0.01063939440891426,0.011541474613277813,0.012353878775375193,0,0.012654285179722639,161.8040008544922,155.8209991455078,1
2020-12-21,160.3090057373047,161.34849548339844,158.3000030517578,160.00050354003906,76736000.0,158.5054489135742,159.22834014892578,54.14098490031918,0.5475351608928349,0.1375046252570848,0.41003053563575015,162.78699411773752,154.2239037094109,8.563090408326616,0.0014149045573290664,-0.010731378162930238,0.015256567029379386,0,0.012617516603245013,160.08250427246094,157.84849548339844,1
2020-12-22,160.3260040283203,161.10000610351562,159.00399780273438,160.14199829101562,47388000.0,158.77577438354493,158.99193023681642,54.17845892358393,0.6010864639591205,0.23022099299749194,0.37086547096162853,162.79204086564664,154.75950790144321,8.032532964203426,0.00010603453584812073,-0.009134488754088399,0.009199676814059643,0,0.012520928578158778,160.3090057373047,158.25599670410156,0
2020-12-23,159.2635040283203,160.50650024414062,159.20849609375,160.25,41876000.0,158.94379959106445,158.73357025146484,51.35367342150365,0.5514347901340386,0.2944637524248013,0.25697103770923735,162.74043967712234,155.14715950500656,7.593280172115783,-0.006627122071927394,-0.0051161133932955405,0.026116211192013017,1,0.009812498746563307,160.3260040283203,162.04800415039062,0
2020-12-24,158.63450622558594,160.10000610351562,158.4499969482422,159.69500732421875,29038000.0,158.912850189209,158.5425503540039,49.70158259874204,0.4560732860343535,0.32678565914671176,0.12928762688764173,162.70897911225933,155.11672126615866,7.592257846100665,-0.003949415822362745,-0.010445448800691315,0.022956791533806697,1,0.009981106351336215,159.2635040283203,161.8040008544922,1
2020-12-28,164.197998046875,165.1999969482422,158.63450622558594,159.6999969482422,113736000.0,159.13440017700196,158.48786041259766,61.49963372862022,0.8199737539105456,0.42542327809947855,0.39455047581106706,163.5677850003135,154.70101535369042,8.866769646623084,0.03507113271672124,0.02415075484492668,0.053760397810981964,1,0.014420915761427473,158.63450622558594,160.08250427246094,1
2020-12-29,166.10000610351562,167.53250122070312,164.06100463867188,165.4969940185547,97458000.0,159.51930084228516,158.53715057373046,64.56016762709447,1.2474636662645082,0.5898313557324846,0.6576323105320236,164.8727068584506,154.1658948261197,10.706812032330902,0.011583625131030173,0.04292572938731554,0.052274876582431684,1,0.014343393092094788,164.197998046875,160.3090057373047,0
2020-12-30,164.29249572753906,167.10499572753906,164.12350463867188,167.0500030517578,64186000.0,159.6837257385254,158.61579040527343,59.703015247474866,1.4239866882159333,0.7566624222291743,0.667324265986759,165.39919830494992,153.96825317210087,11.430945132849047,-0.010882060864285004,0.035666827076747065,0.03814388806210123,1,0.015221466773179117,166.10000610351562,160.3260040283203,0
2020-12-31,162.84649658203125,164.14599609375,162.05999755859375,163.75,59144000.0,159.81722564697264,158.65571044921876,56.06880302604319,1.430710073428287,0.8914719524689969,0.53923812095929,165.69492899566904,153.93952229827624,11.7554066973928,-0.008801370623195415,-0.00823092535183001,0.004927505499540574,1,0.013879288911474564,164.29249572753906,159.2635040283203,0
2021-01-04,159.3314971923828,163.60000610351562,157.2010040283203,163.5,88228000.0,159.81697540283204,158.65740051269532,48.36221560838544,1.1392744829141463,0.9410324585580269,0.19824202435611948,165.69476102333707,153.93918978232702,11.755571241010045,-0.021584740620304466,-0.04074960061659838,-0.015280856153444877,1,0.015564213275029964,162.84649658203125,158.63450622558594,1
2021-01-05,160.92550659179688,161.16900634765625,158.2530059814453,158.30050659179688,53110000.0,159.95680084228516,158.69951049804686,51.61041744312937,1.0251160152803607,0.9578491699024937,0.06726684537786698,165.80026503659982,154.1133366479705,11.686928388629326,0.010004358381754175,-0.020493870525443603,0.005266049048690213,1,0.015576165836436355,159.3314971923828,164.197998046875,0
2021-01-06,156.91900634765625,159.87550354003906,156.55799865722656,157.32400512695312,87896000.0,159.90775146484376,158.63349060058593,44.10134607835383,0.6043865295357875,0.8871566418291525,-0.282770112293365,165.83531407863273,153.98018885105478,11.855125227577958,-0.024896614147709384,-0.03639924934700156,-0.02114665594772369,1,0.017529343114762768,160.92550659179688,166.10000610351562,1
2021-01-07,158.10800170898438,160.427001953125,157.75,157.85000610351562,70290000.0,159.86992645263672,158.58861053466796,46.585113028172586,0.36271620309503305,0.7822685540823288,-0.4195523509872957,165.83318240406106,153.90667050121237,11.926511902848688,0.0075771277744003385,-0.007678930437220122,-0.013834326706877453,1,0.017786291536728577,156.91900634765625,164.29249572753906,1
2021-01-08,159.13499450683594,159.53199768066406,157.11000061035156,159.0,70754000.0,160.06617584228516,158.48498046875,48.705205056279,0.2511651881555963,0.6760478808969823,-0.424882692741386,165.64931302930512,154.4830386552652,11.166274374039915,0.006495514374673217,-0.011126341143065321,-0.000806898744746487,1,0.017829569774419095,158.10800170898438,162.84649658203125,0
2021-01-11,155.7104949951172,157.81900024414062,155.5,157.40049743652344,73668000.0,160.09797592163085,158.43641021728516,42.6292508265638,-0.11227406024639208,0.5183834926683074,-0.6306575529146995,165.57322827132506,154.62272357193663,10.950504699388432,-0.021519462280005563,-0.007701497611204533,-0.018432378301796892,1,0.01908993580653013,159.13499450683594,159.3314971923828,1
2021-01-12,156.04150390625,157.10699462890625,154.3000030517578,156.0,70292000.0,160.10900115966797,158.3462301635742,43.36470153636987,-0.36933516439978575,0.3408397612546888,-0.7101749256544745,165.550544051436,154.66745826789995,10.883085783536046,0.002125797051401035,-0.013070165838525938,-0.04967474779014358,1,0.014275561460140432,155.7104949951172,160.92550659179688,1
2021-01-13,158.29449462890625,159.49749755859375,156.10400390625,156.4219970703125,66424000.0,160.13130111694335,158.4759701538086,48.22934597691301,-0.3868016109815926,0.19531148680743252,-0.5821130977890251,165.53915739259634,154.72344484129036,10.815712551305978,0.014438406874172749,-0.005281678492743969,-0.04699284279222049,1,0.014666994767027153,156.04150390625,156.91900634765625,0
2021-01-14,156.37350463867188,158.89999389648438,156.0294952392578,158.37600708007812,61418000.0,160.03717651367188,158.5989602661133,44.703556576201734,-0.5493195200774323,0.04638528543045954,-0.5957048055078918,165.63452635807258,154.43982666927118,11.194699688801393,-0.012135545173177387,0.004257963752382077,-0.048200564814597224,1,0.014730875215945597,158.29449462890625,158.10800170898438,0
2021-01-15,155.21249389648438,157.12750244140625,154.7584991455078,156.1510009765625,84880000.0,159.69540100097657,158.6548001098633,42.67309418830542,-0.7630045562662815,-0.11549268290888867,-0.6475118733573928,165.58691270772044,153.8038892942327,11.78302341348774,-0.007424600125642833,-0.005312753267641468,-0.046878519622934434,1,0.01469602297377747,156.37350463867188,159.13499450683594,1
2021-01-19,156.03799438476562,157.25,154.8000030517578,155.35000610351562,66102000.0,159.40710067749023,158.53440002441405,44.59986249898323,-0.8558745079899381,-0.2635690479250986,-0.5923054600648395,165.4207125578349,153.39348879714558,12.02722376068931,0.005318518294228358,-0.01425507721813446,-0.020670757920767446,1,0.013687885054297175,155.21249389648438,155.7104949951172,1
2021-01-20,163.16900634765625,163.99000549316406,158.75,159.09950256347656,106196000.0,159.56142578125,158.47578002929689,57.79591410942312,-0.3500266553720053,-0.28086056941447995,-0.06916608595752533,165.79098561705268,153.3318659454473,12.459119671605379,0.04570048462239673,0.04345686134416793,0.013941231588291636,1,0.02024887331690703,156.03799438476562,156.04150390625,1
2021-01-21,165.34950256347656,167.42750549316406,164.47850036621094,164.64999389648438,98722000.0,159.8134506225586,158.47140014648437,60.86551322552839,0.22422451310202973,-0.17984355291117804,0.40406806601320777,166.53222588852415,153.09467535659306,13.437550531931095,0.013363421550624865,0.06531051987189151,0.05372514402202144,1,0.018204174802061997,163.16900634765625,158.29449462890625,0
2021-01-22,164.6114959716797,166.0955047607422,164.1580047607422,165.2154998779297,56438000.0,160.02772521972656,158.61989013671874,59.2936140996858,0.612708811414393,-0.021333080046063824,0.6340418914604569,167.06405894534512,152.991391494108,14.072667451237123,-0.00446331304512726,0.05494496145453609,0.04113323925670587,1,0.018440385518020692,165.34950256347656,156.37350463867188,1
2021-01-25,164.6999969482422,168.1945037841797,162.15750122070312,166.4250030517578,74996000.0,160.29954986572267,158.87886993408202,59.42892798762271,0.9171543217676401,0.16636440031667699,0.7507899214509631,167.6114344080778,152.98766532336754,14.623769084710261,0.0005376354551673845,0.009382851773479084,0.034970324777729545,1,0.018453858897015746,164.6114959716797,155.21249389648438,1
2021-01-26,166.30650329589844,166.89999389648438,164.14349365234375,164.8179931640625,59104000.0,160.6831497192383,159.06760986328126,61.9044839828076,1.27338245793419,0.38776801184017956,0.8856144460940103,168.39919041431054,152.96710902416604,15.432081390144504,0.009754137082109926,0.005787744853084753,0.06804941632941008,1,0.016242445326652064,164.6999969482422,156.03799438476562,0
2021-01-27,161.62899780273438,167.3260040283203,160.35400390625,167.07449340820312,93204000.0,160.55469970703126,159.18990966796875,51.96269613306035,1.1648327536762508,0.5431809602073938,0.621651793468857,168.11640456451013,152.9929948495524,15.123409714957745,-0.02812581228312927,-0.018118407534905234,0.03580774189308866,1,0.01965268323598177,166.30650329589844,163.16900634765625,1
2021-01-28,161.88099670410156,165.08399963378906,161.4344940185547,161.7519989013672,62984000.0,160.34374923706054,159.2987194824219,52.406163960535835,1.0866147182136956,0.6518677118086542,0.4347470064050414,167.49938394595992,153.18811452816115,14.31126941779877,0.0015591193708615059,-0.017115970226924238,0.022657149786562414,1,0.01928914363648159,161.62899780273438,165.34950256347656,0
2021-01-29,160.30999755859375,161.84950256347656,159.2274932861328,161.5,85872000.0,160.14462432861328,159.37385955810547,49.347640135979056,0.8876278387285765,0.6990197371926388,0.18860810153593777,167.0675004098743,153.22174824735225,13.845752162522047,-0.009704654514695155,-0.03605695278575782,0.025173656681915624,1,0.01909987889244261,161.88099670410156,164.6114959716797,1
2021-02-01,167.1439971923828,167.51300048828125,161.75149536132812,162.1179962158203,83204000.0,160.35949935913087,159.58107940673827,60.22303089374472,1.2667733844060365,0.8125704666353184,0.4542029177707181,167.84814072349013,152.8708579947716,14.977282728718535,0.042629902924745666,0.0341213486727141,0.0768720545387016,1,0.02243372604680589,160.30999755859375,164.6999969482422,1
2021-02-02,169.0,171.38699340820312,168.05650329589844,169.0,141972000.0,160.84292449951172,159.85561950683595,62.57328722824107,1.6974457779585919,0.989545528899973,0.7079002490586188,169.20146758982284,152.4843814092006,16.717086180622232,0.011104214562255077,0.04397676960755992,0.0830695476851111,1,0.022441322478196676,167.1439971923828,166.30650329589844,0
2021-02-03,165.62649536132812,171.6999969482422,165.43099975585938,171.25050354003906,141776000.0,161.07797393798828,160.0511294555664,56.0865054035121,1.746411576341245,1.1409187383882275,0.6054928379530176,169.6930418840979,152.46290599187864,17.230135892219266,-0.019961565909300982,0.033163856800578984,0.015061003732754319,1,0.019700020695610027,169.0,161.62899780273438,1
2021-02-04,166.5500030517578,167.35000610351562,163.8874969482422,166.5,73414000.0,161.55952377319335,160.2827294921875,57.38879631818585,1.8385430965175544,1.280443610014093,0.5580994865034614,170.26705229636474,152.85199525002196,17.41505704634278,0.005575845147329783,-0.0035537868580545195,0.007260381613911404,1,0.01933695785817921,165.62649536132812,161.88099670410156,1
2021-02-05,167.6074981689453,168.85000610351562,165.135498046875,165.9499969482422,72416000.0,162.0344985961914,160.5364895629883,58.89213713274355,1.9741324382374046,1.4191813756587555,0.5549510625786491,170.97047345058223,153.0985237418006,17.871949708781642,0.006349415177487883,-0.008239655805057366,0.018200443289702273,1,0.019306605905262755,166.5500030517578,160.30999755859375,0
2021-02-08,166.14700317382812,168.25,165.1999969482422,167.9250030517578,65148000.0,162.385099029541,160.74136962890626,55.95593346507058,1.941359444951729,1.5236169895173501,0.41774245543437893,171.38849160846502,153.381706450617,18.006785157848014,-0.008713780773966562,0.003142660305432754,0.008785708879160747,1,0.01960235717425005,167.6074981689453,167.1439971923828,0
2021-02-09,165.25,166.89999389648438,164.89199829101562,165.62449645996094,44070000.0,162.86207427978516,160.86129974365235,54.16959782406333,1.822003035263549,1.5832941986665898,0.23870883659695918,171.39920026478035,154.32494829478998,17.07425196999037,-0.00539885256244832,-0.007805482005027731,-0.006352747938056735,1,0.019439465858370784,166.14700317382812,169.0,0
2021-02-10,164.32899475097656,165.8975067138672,162.6999969482422,165.6999969482422,63032000.0,163.27644882202148,160.95253967285157,52.322630150701464,1.6342561071212458,1.593486580357521,0.040769526763724695,171.23396288913796,155.318934754905,15.915028134232955,-0.005573405440383872,-0.019560601129336552,0.01670490434852212,1,0.01703366861784383,165.25,165.62649536132812,0
2021-02-11,163.10650634765625,164.60000610351562,162.4029998779297,164.60000610351562,46028000.0,163.51704940795898,161.04662994384765,49.891022966208105,1.3710164918488772,1.5489925626557925,-0.17797607080691535,171.14150205277235,155.8925967631456,15.248905289626748,-0.007439273910078148,-0.018300040133681028,0.00757043549586478,1,0.017282878879713942,164.32899475097656,166.5500030517578,1
2021-02-12,163.885498046875,164.0124969482422,161.66549682617188,162.5,46706000.0,163.89264907836915,161.10425994873046,51.43969004507379,1.2112922964381312,1.4814525094122604,-0.2701602129741292,170.77662192761068,157.00867622912762,13.76794569848306,0.004775969497859078,-0.008257197900907731,0.022303665041067733,1,0.016899242108483016,163.10650634765625,167.6074981689453,0
2021-02-16,163.44749450683594,165.4149932861328,162.67950439453125,162.70249938964844,51494000.0,164.3043991088867,161.16967987060548,50.49472014950201,1.0374079031481074,1.39264358815943,-0.3552356850113225,169.93303513911292,158.6757630786605,11.257272060452408,-0.0026726192693009576,-0.005364240470626891,-0.02211567718637364,1,0.00922804167054229,163.885498046875,166.14700317382812,1
2021-02-17,165.4320068359375,166.04550170898438,162.97500610351562,163.17999267578125,65950000.0,164.77409973144532,161.29158996582032,54.56712300488442,1.0476600554201525,1.3236468816115745,-0.275986826191422,168.9438334502887,160.60436601260193,8.339467437686778,0.012141589169594624,0.014257558084927124,-0.02111238558616868,1,0.009398419991869718,163.44749450683594,165.25,1
2021-02-18,166.4114990234375,166.89999389648438,163.69700622558594,164.12100219726562,60548000.0,164.93622436523438,161.45723999023437,56.470457734497415,1.1218893514404726,1.2832953755773542,-0.16140602413688154,169.09585079469667,160.7765979357721,8.319252858924585,0.005920814274298136,0.015413206212059105,0.004739601960403794,1,0.007248367937141578,165.4320068359375,164.32899475097656,0
2021-02-19,162.4949951171875,166.6750030517578,162.28750610351562,166.4114990234375,86104000.0,164.79349899291992,161.54914001464843,47.84026018380132,0.854833481425743,1.197602996747032,-0.3427695153212891,169.08054578290805,160.5064522029318,8.57409357997625,-0.023535055745747435,-0.005827555769651771,-0.0243470901247006,1,0.010218855623468847,166.4114990234375,163.10650634765625,0
2021-02-22,159.03700256347656,161.61599731445312,158.61300659179688,160.406494140625,70314000.0,164.51477432250977,161.55259002685546,41.77040550497645,0.3600087244922179,1.0300841422960691,-0.6700754178038513,169.48356146027862,159.5459871847409,9.937574275537713,-0.021280609604111933,-0.03865639059074588,-0.05113432095281234,1,0.011267485398248943,162.4949951171875,163.885498046875,1
2021-02-23,159.72500610351562,160.2364959716797,154.67999267578125,156.35150146484375,93544000.0,164.26602478027343,161.64289001464843,43.311506078488826,0.02310632012301994,0.8286885778614593,-0.8055822577384394,169.65331117655188,158.87873838399497,10.77457279255691,0.004326059526709614,-0.04018047406075076,-0.03865250018138222,1,0.011563425330619633,159.03700256347656,163.44749450683594,0
2021-02-24,157.97650146484375,158.56149291992188,156.2689971923828,158.33749389648438,60226000.0,163.8495246887207,161.70093017578125,40.38613911481505,-0.3805937265004502,0.5868321169890776,-0.9674258434895278,169.79997640291808,157.8990729745233,11.90090342839477,-0.010946968676518232,-0.027806971218314214,-0.044015119728630814,1,0.011775888367818177,159.72500610351562,165.4320068359375,0
2021-02-25,152.85800170898438,158.91299438476562,152.38800048828125,156.83700561523438,90676000.0,163.4109748840332,161.64167022705078,33.29633709297363,-1.100859057211295,0.24929388214900303,-1.350152939360298,171.01460161282293,155.8073481552435,15.20725345757944,-0.03240038681954516,-0.03885259879710046,-0.06980504602596327,1,0.014746746984369773,157.97650146484375,166.4114990234375,1
2021-02-26,154.64649963378906,156.1219940185547,151.8350067138672,154.75999450683594,85518000.0,163.04925003051758,161.5776303100586,37.429672391746095,-1.5099519000093267,-0.10255527428266292,-1.4073966257266637,171.5455314870359,154.55296857399927,16.992562913036636,0.011700387973209825,-0.03179531241611133,-0.051867990451803014,1,0.015896640633843637,152.85800170898438,162.4949951171875,1
2021-03-01,157.3070068359375,157.47799682617188,154.89950561523438,156.39450073242188,54582000.0,162.89910049438475,161.55865051269532,43.08003429846047,-1.6010246137109618,-0.4022491421683227,-1.198775471542639,171.6849180212701,154.1132829674994,17.571635053770706,0.017203798394717307,-0.004237938064828195,-0.04014077687981821,1,0.017195675306868535,154.64649963378906,159.03700256347656,0
2021-03-02,154.72650146484375,158.17599487304688,154.3560028076172,157.17349243164062,51916000.0,162.27822570800782,161.41222045898436,39.36671711175817,-1.8599848650036108,-0.6937962867353804,-1.1661885782682304,171.51960509630734,153.0368463197083,18.48275877659904,-0.016404262105025436,0.012223761497397234,-0.05335654161176173,1,0.017624869796486115,157.3070068359375,159.72500610351562,0
2021-03-03,150.25,155.38900756835938,149.75,154.0590057373047,79774000.0,161.34072570800782,161.18114044189454,33.90674142742341,-2.3987773740095406,-1.0347925041902126,-1.363984869819328,171.42966325408008,151.25178816193556,20.177875092144518,-0.02893170479822993,-0.028429351095564437,-0.09177188336350062,1,0.01788548507664358,154.72650146484375,157.97650146484375,0
2021-03-04,148.8784942626953,152.906494140625,147.27149963378906,150.60000610351562,109632000.0,160.50332565307616,160.95706024169922,32.42299979137016,-2.9029796279272944,-1.408429928937629,-1.4945496989896654,171.74474832174187,149.26190298441045,22.482845337331412,-0.009128157985388907,-0.05358002000529227,-0.10535933432264089,0,0.017064151470869364,150.25,152.85800170898438,1
2021-03-05,150.0229949951172,150.4499969482422,144.0500030517578,150.25,107772000.0,159.67697525024414,160.75134002685547,34.97995219284783,-3.1736282911975593,-1.761469601389615,-1.4121586898079443,171.43678682568336,147.91716367480493,23.51962315087843,0.007687481916645478,-0.030398841990202152,-0.0767531339231452,0,0.017357390348278372,148.8784942626953,154.64649963378906,0
2021-03-08,147.59750366210938,153.22950744628906,147.5655059814453,150.75,83700000.0,158.67647552490234,160.49677001953125,32.19934815087255,-3.5429947486298943,-2.117774630837671,-1.4252201177922235,170.96033719398267,146.39261385582202,24.567723338160647,-0.016167463748385735,-0.01765388577631033,-0.07192979443133896,0,0.016988108564520918,150.0229949951172,157.3070068359375,1
2021-03-09,153.1425018310547,154.54800415039062,150.25750732421875,150.89950561523438,80600000.0,158.02625045776367,160.37434997558594,43.2965991366559,-3.3496723784558355,-2.3641541803613038,-0.9855181980945318,170.03313611773086,146.01936479779647,24.013771319934392,0.03756837366056898,0.028640856353877142,-0.04121148236610428,0,0.022023396745198855,147.59750366210938,154.72650146484375,0
2021-03-10,152.8820037841797,155.822998046875,151.50250244140625,154.92250061035156,60250000.0,157.40785064697266,160.25929992675782,42.9410156376558,-3.180816549398287,-2.5274866541687007,-0.6533298952295863,169.13353925044174,145.68216204350358,23.45137720693816,-0.0017010173123747085,0.01905713713524748,-0.032248452354781354,0,0.021892188711953642,153.1425018310547,150.25,1
2021-03-11,155.67950439453125,156.58900451660156,154.14649963378906,155.20050048828125,55528000.0,156.9753761291504,160.08893005371092,47.890449686820226,-2.789111032936006,-2.579811529922162,-0.20929950301384403,168.27850071500055,145.67225154330023,22.606249171700313,0.018298429776605563,0.05475702862105147,0.01845832507295575,0,0.02014233874352504,152.8820037841797,148.8784942626953,0
2021-03-12,154.47450256347656,154.94900512695312,152.27499389648438,153.75,48438000.0,156.5437759399414,159.85641998291015,46.037984696035636,-2.5465600076102817,-2.5731612254597858,0.02660121784950409,167.53232601158376,145.55522586829906,21.9771001432847,-0.0077402727850476305,0.008697786156656395,-0.0011121950430161842,0,0.020041332655043473,155.67950439453125,150.0229949951172,0
2021-03-15,154.08399963378906,154.11199951171875,151.60450744628906,153.72850036621094,58272000.0,156.0537010192871,159.65225006103515,45.4247664478868,-2.3586577570012537,-2.5302605317680795,0.17160277476682584,166.55215148408183,145.55525055449237,20.996900929589458,-0.0025279442445658162,0.007862245521756739,-0.020488643621004443,0,0.019116847849327063,154.47450256347656,147.59750366210938,1
2021-03-16,154.59300231933594,156.44549560546875,153.79299926757812,155.24850463867188,50776000.0,155.6109764099121,159.48718017578125,46.426447983473125,-2.1439574004747612,-2.452999905509416,0.3090425050346548,165.55715826798544,145.66479455183875,19.89236371614669,0.0033034103914528767,-0.006979095157200965,-0.0008628072388630059,0,0.01846056126470662,154.08399963378906,153.1425018310547,1
2021-03-17,156.7864990234375,158.65249633789062,153.51100158691406,153.66099548339844,62372000.0,155.1787010192871,159.43628021240235,50.6316268864057,-1.776332513404867,-2.3176664270885063,0.5413339136836393,164.07616854986603,146.28123348870818,17.794935061157844,0.014188848597238346,0.014966848389823317,0.0435041532341931,0,0.015775405855101156,154.59300231933594,152.8820037841797,0
2021-03-18,151.39950561523438,155.8314971923828,151.25,155.0500030517578,72992000.0,154.42810134887696,159.2457601928711,41.92746795796467,-1.89779587930758,-2.233692317532321,0.3358964382247409,161.81272336877893,147.043479328975,14.769244039803937,-0.03435878370750434,-0.017422276322881736,0.01693334799645907,0,0.01970404089770666,156.7864990234375,155.67950439453125,1
2021-03-19,153.7480010986328,153.864501953125,150.8314971923828,151.4615020751953,92508000.0,153.99075164794922,159.18234008789062,46.264514433455474,-1.783987812557882,-2.143751416537433,0.35976360397955087,160.38176843633664,147.5997348595618,12.782033576774836,0.015511909856343209,-0.005465973284855652,0.024829567651524886,0,0.020112496283498375,151.39950561523438,154.47450256347656,1
2021-03-22,155.5435028076172,156.32899475097656,153.00250244140625,153.3925018310547,58044000.0,153.81607666015626,159.13105010986328,49.377301292976014,-1.5312606972930496,-2.0212532726885564,0.4899925753955068,159.8254300160745,147.806723304238,12.0187067118365,0.01167821172408301,-0.007927954406549365,0.05383559307140007,0,0.019122934084084567,153.7480010986328,154.08399963378906,1
2021-03-23,156.875,159.10000610351562,156.04249572753906,156.35000610351562,76346000.0,153.67357635498047,159.08585021972655,51.61567210985287,-1.2095885580516779,-1.858920329761181,0.6493317717095031,159.23409929575442,148.11305341420652,11.1210458815479,0.008560288075996736,0.03616586700541147,0.024372712501869565,0,0.015575974540183309,155.5435028076172,154.59300231933594,0
2021-03-24,154.35350036621094,158.0155029296875,154.25750732421875,157.552001953125,59180000.0,153.49242630004883,159.05871032714845,47.34619074399888,-1.144927011677055,-1.716121666144356,0.571194654467301,158.7056384036619,148.27921419643576,10.426424207226148,-0.016073304438495972,0.003938257819623203,0.009625047720518642,0,0.016635885455273024,156.875,156.7864990234375,0
2021-03-25,152.31300354003906,155.48899841308594,151.85699462890625,153.64950561523438,71270000.0,153.46517639160157,158.9841403198242,44.16265036796125,-1.2439933302898396,-1.6216959989734527,0.37770266868361313,158.6970325540197,148.23332022918345,10.463712324836251,-0.013219634289670767,-0.020769104522313286,-0.021624560455695052,0,0.015985054441068697,154.35350036621094,151.39950561523438,1
2021-03-26,152.60150146484375,152.83299255371094,149.8000030517578,152.2030029296875,66258000.0,153.3629264831543,158.87028045654296,44.7285219066668,-1.284418750240917,-1.5542405492269458,0.26982179898602876,158.57834407759853,148.14750888871006,10.430835188888466,0.0018941122432061253,-0.027241424925298796,-0.012124985467185212,0,0.015895261166474956,152.31300354003906,153.7480010986328,1
2021-03-29,153.7864990234375,154.5625,151.42250061035156,152.77200317382812,54920000.0,153.1869010925293,158.81854034423827,47.099942801168474,-1.2069241173205398,-1.4847772628456648,0.27785314552512497,158.08602037107255,148.28778181398604,9.798238557086506,0.007765307334585803,-0.003673394781642192,-0.001930769003002486,0,0.01612445272582744,152.60150146484375,155.5435028076172,0
2021-03-30,152.76449584960938,153.64999389648438,151.6999969482422,153.50050354003906,46752000.0,153.08880081176758,158.7695803833008,45.29494462021749,-1.2139821467929437,-1.4306182396351206,0.21663609284217689,157.93900559317785,148.23859603035731,9.70040956282054,-0.006645597502498379,0.00296424007850149,-0.01182787346318237,0,0.01619959988590385,153.7864990234375,156.875,1
2021-03-31,154.70399475097656,155.9665069580078,153.125,153.2030029296875,61878000.0,153.3115005493164,158.742900390625,49.26830314646192,-1.0509595265064604,-1.3546864970093886,0.3037269705029282,158.0270193979343,148.5959817006985,9.431037697235809,0.01269600564306872,0.013777671031743877,-0.01328242090634113,0,0.016049545948709523,152.76449584960938,154.35350036621094,1
2021-04-01,158.0500030517578,158.1219940185547,155.77749633789062,155.89700317382812,58806000.0,153.77007598876952,158.64052032470704,55.30025048422119,-0.6443404635244576,-1.2126172903124024,0.5682768267879448,158.45572690648373,149.0844250710553,9.371301835428426,0.02162845443110406,0.02772352615732898,0.04392681078777727,0,0.01259899370625121,154.70399475097656,152.31300354003906,1
2021-04-05,161.3365020751953,161.79800415039062,158.06199645996094,158.64999389648438,66698000.0,154.33575134277345,158.56026031494142,60.293986856659885,-0.056250501044672774,-0.9813439324588565,0.9250934314141838,159.7503065089747,148.9211961765722,10.829110332402479,0.02079404593469847,0.05611255532846293,0.04935674559888614,0,0.013213325172370963,158.0500030517578,152.60150146484375,0
2021-04-06,161.1909942626953,162.36549377441406,160.8520050048828,161.1875,50756000.0,155.01542587280272,158.49185028076172,59.97452074501258,0.3935373135881264,-0.70636768324946,1.0999049968375862,160.2868253566008,149.74402638900466,10.542798967596127,-0.0009018902147276409,0.041931687169169285,0.036308115434838806,0,0.01309544241800752,161.3365020751953,153.7864990234375,1
2021-04-07,163.96949768066406,165.1804962158203,161.1824951171875,161.69000244140625,66924000.0,155.5567756652832,158.47724029541016,63.907135888605495,0.9630974146502069,-0.37247466366952664,1.3355720783197336,162.0335746911406,149.0799766394258,12.953598051714778,0.01723733655641202,0.03745330284471904,0.0452238895978585,0,0.013729105408541343,161.1909942626953,152.76449584960938,1
2021-04-08,164.96499633789062,166.22500610351562,164.60000610351562,165.5449981689453,56242000.0,156.16092529296876,158.45041015625,65.2254557058304,1.4777714902508308,-0.0024254328854551588,1.480196923136286,163.69491366915594,148.62693691678157,15.067976752374364,0.006071242952548017,0.02249022518787558,0.06874800990261587,0,0.011670430523204225,163.96949768066406,154.70399475097656,1
2021-04-09,168.61000061035156,168.61000061035156,164.44500732421875,165.23500061035156,86830000.0,156.80745010375978,158.59003021240235,69.60336702651907,2.154935035715397,0.42904666083471527,1.7258883748806817,166.08314660396573,147.53175360355382,18.551393000411906,0.02209562242522667,0.0460261839167353,0.10699675465350822,0,0.0102146482082279,164.96499633789062,158.0500030517578,1
2021-04-12,168.96949768066406,169.7519989013672,167.5574951171875,167.760498046875,65636000.0,157.53219985961914,158.7318002319336,70.00445921698758,2.689596439785646,0.8811566166249014,1.8084398231607446,168.135597812016,146.9288019072223,21.206795904793694,0.0021321218730274705,0.030493476352154714,0.10725973243186715,0,0.01019323497482832,168.61000061035156,161.3365020751953,1
2021-04-13,170.0,171.60000610351562,169.781494140625,170.04249572753906,66316000.0,158.3279998779297,158.92560028076173,71.17847512699885,3.160045343778762,1.3369343620556737,1.8231109817230884,170.10127676114848,146.55472299471091,23.54655376643757,0.006098747605224553,0.03052164867628271,0.10542863697086635,0,0.010252501149837496,168.96949768066406,161.1909942626953,0
2021-04-14,166.64999389648438,170.2064971923828,166.3000030517578,170.20199584960938,62904000.0,158.93084945678712,158.91572021484376,62.60064567794138,3.2253818005438575,1.7146238497533104,1.510757950790547,171.10530688397665,146.75639202959758,24.348914854379075,-0.01970591825597423,-0.011624498587107235,0.09089479836037762,1,0.013070249795803906,170.0,163.96949768066406,1
2021-04-15,168.95449829101562,169.85000610351562,167.60000610351562,168.5500030517578,64672000.0,159.53924942016602,158.91481018066406,65.66592920464203,3.4236499528375646,2.0564290703701613,1.3672208824674033,172.41992762509284,146.6585712152392,25.761356409853647,0.013828409714570444,-8.876980670668999e-05,0.09211464489315713,1,0.013112452368477932,166.64999389648438,164.96499633789062,1
2021-04-16,169.9720001220703,170.33999633789062,167.7794952392578,169.0,63720000.0,160.4678741455078,159.0017202758789,66.95379463694104,3.6211405321508323,2.369371362726296,1.2517691694245365,173.54380115266275,147.39194713835286,26.15185401430989,0.006022342354579324,-0.0001647051642922337,0.07543180537875926,1,0.012338774438589092,168.95449829101562,168.61000061035156,0
2021-04-19,168.60049438476562,171.79649353027344,168.00799560546875,169.51649475097656,54508000.0,161.21049880981445,159.04273010253905,63.49645700147928,3.6251951946522922,2.6205361291114952,1.004659065540797,174.36232245394345,148.05867516568546,26.30364728825799,-0.00806900981526193,0.011704173775684668,0.0450238614085281,1,0.012224280604221475,169.9720001220703,168.96949768066406,0
2021-04-20,166.7344970703125,169.14950561523438,165.8000030517578,168.67999267578125,52460000.0,161.77004852294922,159.0252700805664,59.030245779778475,3.4382046721582924,2.784069837720855,0.6541348344374374,174.86195534583055,148.6781417000679,26.183813645762655,-0.011067567276491497,-0.013139639625807886,0.03439089654464733,1,0.013112096375823987,168.60049438476562,170.0,1
2021-04-21,168.1009979248047,168.14300537109375,165.1905059814453,165.8000030517578,44224000.0,162.33134841918945,159.06434997558594,61.183473733415795,3.361528921592196,2.8995616544951233,0.4619672670970729,175.4980366141113,149.1646602242676,26.333376389843693,0.008195669633476843,-0.011007708304437869,0.0251967609987247,1,0.012346202224189695,166.7344970703125,166.64999389648438,0
2021-04-22,165.45199584960938,168.64349365234375,165.07249450683594,168.58399963378906,51612000.0,162.8862731933594,159.06838989257812,55.13418035343888,3.051830901086447,2.9300155038133884,0.12181539727305868,175.58857173213016,150.1839746545886,25.404597077541553,-0.015758395892332966,-0.018674313777342855,0.002952138468946819,1,0.013529585379040915,168.1009979248047,168.95449829101562,1
2021-04-23,167.04400634765625,168.75,165.4250030517578,165.9550018310547,63856000.0,163.62282333374023,159.1226901245117,57.83251919442179,2.901409290550532,2.924294261160817,-0.022884970610284938,175.4666785546968,151.77896811278364,23.68771044191317,0.00962218974677076,0.0018563001825184777,-0.0092876712948613,1,0.011764676371116682,165.45199584960938,169.9720001220703,1
2021-04-26,170.4499969482422,171.42250061035156,166.5469970703125,167.39999389648438,97614000.0,164.51524810791017,159.26955993652345,62.96446127449159,3.022196061937507,2.9438746213161555,0.07832144062135127,175.56601149103074,153.4644847247896,22.101526766241136,0.020389780364207244,0.013973736339675247,0.008761932111416515,1,0.013561813042060587,167.04400634765625,168.60049438476562,1
2021-04-27,170.8715057373047,173.0,169.90049743652344,172.17349243164062,76542000.0,165.3694984436035,159.40928009033203,63.55559110228184,3.116013224266311,2.9783023419061867,0.1377108823601243,175.58025686951493,155.15874001769208,20.421516851822844,0.0024729175512423485,0.032755784297830326,0.0051265043370865016,1,0.01345709543435975,170.4499969482422,166.7344970703125,1
2021-04-28,172.9250030517578,174.49400329589844,171.25,171.74000549316406,92638000.0,166.37752380371094,159.59883026123046,66.37165131934762,3.317818328391809,3.046205539203311,0.27161278918849785,175.31256935612365,157.44247825129824,17.870091104825406,0.012017786731569835,0.03520627188419967,0.03765382169273401,1,0.011774163940864463,170.8715057373047,168.1009979248047,1
2021-04-29,173.5655059814453,175.72250366210938,171.75,175.2550048828125,153648000.0,167.3205993652344,159.76150024414062,67.22239724688598,3.4892120957769635,3.1348068505180415,0.3544052452589219,175.02492506014093,159.61627367032784,15.408651389813087,0.0037039347600635875,0.018278140739123483,0.027291417139349905,1,0.01123569605219828,172.9250030517578,165.45199584960938,0
2021-04-30,173.37100219726562,177.6999969482422,173.125,176.25599670410156,140186000.0,168.08664932250977,159.9006903076172,66.67080059015453,3.5682158897677994,3.221488658367993,0.34672723139980643,174.95265164915602,161.22064699586352,13.732004653292506,-0.001120636171800582,0.01462793020507247,0.019997423533018477,1,0.011231807675295474,173.5655059814453,167.04400634765625,0
2021-05-03,169.32449340820312,174.33250427246094,168.63499450683594,174.2364959716797,117510000.0,168.48604888916014,160.0372802734375,56.31731292282113,3.266651598299603,3.230521246354315,0.03613035194528802,174.62587477579254,162.34622300252775,12.279651773264789,-0.023340170719312603,-0.020821220644865468,0.004294169041908269,1,0.013556388283402939,173.37100219726562,170.4499969482422,0
2021-05-04,165.593505859375,168.3990020751953,163.60650634765625,167.8094940185547,108788000.0,168.70617446899413,160.16841033935546,48.793455293496194,2.6955278435584376,3.12352256579514,-0.42799472223670243,174.04784438296136,163.3645045550269,10.683339827934446,-0.022034541333801894,-0.045930786056778694,-0.006843162218891918,1,0.01496738607880518,169.32449340820312,170.8715057373047,0
2021-05-05,163.52699279785156,167.73500061035156,163.21800231933594,166.9429931640625,74226000.0,168.6840492248535,160.24445007324218,45.192144270135884,2.052497901533627,2.909317632942838,-0.8568197314092107,174.1070596914844,163.2610387582226,10.846020933261798,-0.012479432999494278,-0.05678002246427183,-0.027209863019368785,1,0.01504744033381544,165.593505859375,172.9250030517578,1
2021-05-06,165.31849670410156,165.72000122070312,162.36000061035156,163.5,88954000.0,168.70172424316405,160.39128997802734,48.72532810644562,1.6682212169525599,2.6610983497447824,-0.9928771327922226,174.0782389855303,163.3252095007978,10.753029484732508,0.010955401769447537,-0.023658695936234153,-0.0008068754010629453,1,0.014831967381006242,163.52699279785156,173.5655059814453,0
2021-05-07,164.58050537109375,166.54449462890625,164.45350646972656,165.95449829101562,94206000.0,168.50024948120117,160.62574005126953,47.37060499346101,1.2892675689416535,2.386732193584157,-1.0974646246425035,174.16944244046692,162.8310565219354,11.338385918531515,-0.0044640578502762596,-0.0061173926056103944,-0.014747616693504106,1,0.014483369083697888,165.31849670410156,173.37100219726562,0
2021-05-10,159.52450561523438,164.14999389648438,159.5,164.11599731445312,116772000.0,168.0279998779297,160.72330017089843,39.30735607131026,0.5743464389051383,2.0242550426483534,-1.4499086037432152,174.90669356737223,161.14930618848715,13.757387378885085,-0.03072052637375966,-0.02447600309977549,-0.06409792624593225,1,0.014954064696041856,164.58050537109375,169.32449340820312,1
2021-05-11,161.19549560546875,161.89999389648438,156.36849975585938,156.81399536132812,92396000.0,167.58777465820313,160.80106994628906,42.77427681126981,0.14097613466265102,1.6475992610512131,-1.506623126388562,175.0107188131321,160.16483050327417,14.845888309857912,0.010474816917876772,-0.024939744679704168,-0.0566274060153229,1,0.015683889476598066,159.52450561523438,165.593505859375,0
2021-05-12,157.5970001220703,160.39700317382812,156.65499877929688,159.25,98728000.0,167.13512496948243,160.8584799194336,37.770556394068116,-0.4872250383871801,1.2206344011635346,-1.7078594395507147,175.74138789710418,158.5288620418607,17.212525855243484,-0.022323796765424953,-0.0424321533906894,-0.08863959901217822,1,0.015122847760368447,161.19549560546875,163.52699279785156,1
2021-05-13,158.07350158691406,160.19200134277344,156.64999389648438,159.27349853515625,67018000.0,166.59107513427733,161.01494995117187,38.79161169768949,-0.9358415096678812,0.7893392189972515,-1.7251807286651326,176.00618960492986,157.1759606636248,18.83022894130505,0.0030235440044839024,-0.009095806457598887,-0.08925739193931426,1,0.015060066798260179,157.5970001220703,165.31849670410156,1
2021-05-14,161.14500427246094,161.4429931640625,159.14999389648438,159.2779998779297,66500000.0,166.14972534179688,161.2602801513672,45.050386588534565,-1.031636633224025,0.42514404855299615,-1.4567806817770212,175.715865041277,156.58358564231676,19.132279398960236,0.019430851184491837,-0.0003132304213474546,-0.0705192781367997,1,0.017491536064045472,158.07350158691406,164.58050537109375,1
2021-05-17,163.51950073242188,164.6374969482422,161.72950744628906,162.29649353027344,74478000.0,165.8956756591797,161.53021026611327,49.361272064338905,-0.9055147288540581,0.15901229307158526,-1.0645270219256435,175.45785251927674,156.33349879908263,19.124353720194108,0.0147351540352203,0.03758003392046905,-0.03428324254180237,1,0.017717792715342073,161.14500427246094,159.52450561523438,0
2021-05-18,161.61399841308594,165.60000610351562,161.51849365234375,164.62899780273438,56568000.0,165.63965072631837,161.81054016113282,46.22711151138375,-0.9483878978689688,-0.06246774511652556,-0.8859201527524433,175.37098460070462,155.9083168519321,19.462667748772503,-0.011653058569779051,0.022397788311314004,-0.024031784493218744,1,0.016780049427926366,163.51950073242188,161.19549560546875,0
2021-05-19,161.58999633789062,161.7375030517578,159.1999969482422,159.75,53594000.0,165.31410064697266,161.97949005126952,46.18732995706823,-0.973084843718226,-0.24459116483686566,-0.7284936788813603,175.12955894931255,155.49864234463277,19.630916604679783,-0.000148514828115065,0.0027614387888643677,-0.011845117596918087,1,0.01639778255716017,161.61399841308594,157.5970001220703,1
2021-05-20,162.38400268554688,162.98399353027344,161.8090057373047,162.22000122070312,52664000.0,165.16070098876952,162.16953002929688,47.78804780563455,-0.9180054790438703,-0.37927402767826657,-0.5387314513656037,175.058296033009,155.26310594453005,19.795190088478932,0.004913709794237331,-0.006944113954537423,-0.017750548650385167,1,0.016012292514668864,161.58999633789062,158.07350158691406,0
2021-05-21,160.1540069580078,162.83450317382812,159.85049438476562,162.5,82098000.0,164.81620101928712,162.25902008056642,43.843475177453286,-1.0422819268201522,-0.5118756075066437,-0.5304063193135085,174.90538810013913,154.7270139384351,20.178374161704028,-0.013732853548741542,-0.009033818044315578,-0.02689564236727271,1,0.016453966520452713,162.38400268554688,161.14500427246094,1
2021-05-24,162.24949645996094,162.8975067138672,160.52499389648438,160.77499389648438,48456000.0,164.40617599487305,162.4145199584961,48.172656333729066,-0.9606101016819935,-0.6016225063417138,-0.3589875953402797,174.20866940292996,154.60368258681615,19.604986816113808,0.013084215261017773,0.004081317761102543,0.01708195762285647,1,0.013743475625192327,160.1540069580078,163.51950073242188,1
2021-05-25,162.95249938964844,163.99099731445312,160.68800354003906,163.33349609375,65222000.0,164.01022567749024,162.59188995361328,49.5770539403494,-0.8295950750410555,-0.6472170200815821,-0.18237805495947335,173.36566836068266,154.65478299429782,18.710885366384844,0.004332851226203749,0.0035009403309416154,0.010899831769989543,1,0.013445767325342608,162.24949645996094,161.61399841308594,1
2021-05-26,163.25799560546875,164.7864990234375,162.92550659179688,163.72950744628906,47680000.0,163.5268753051758,162.76518981933594,50.208476262053146,-0.693123830968716,-0.6563983822590089,-0.036725448709707065,171.94164305945947,155.11210755089212,16.829535508567346,0.0018747562447005706,0.019381273727823833,0.03592070584474061,1,0.010631517844950792,162.95249938964844,161.58999633789062,0
2021-05-27,161.5054931640625,163.01800537109375,161.5019989013672,162.8000030517578,51224000.0,162.92387466430665,162.85956970214843,46.60315081188543,-0.7181038335772598,-0.6687394725226592,-0.049364361054600625,169.9960916609883,155.851657667625,14.144433993363293,-0.010734558114025683,-0.004585550723616771,0.021711365552697703,1,0.011561900254806322,163.25799560546875,162.38400268554688,0
2021-05-28,161.15350341796875,162.39950561523438,160.98500061035156,162.10000610351562,46596000.0,162.3129997253418,163.05464965820312,45.890387686859476,-0.7575704953256093,-0.6865056770832492,-0.0710648182423601,167.54003795132806,157.08596149935553,10.454076451972526,-0.0021794289420000723,-0.011040002322259324,5.274222149287411e-05,0,0.009883307029595223,161.5054931640625,160.1540069580078,0
2021-06-01,160.9324951171875,162.5489959716797,160.4530029296875,162.1750030517578,48600000.0,161.893399810791,163.19833953857423,45.42065948477431,-0.7974886788622939,-0.7087022774390581,-0.0887864014232358,166.0366620670842,157.75013755449783,8.286524512586368,-0.0013714148069622345,-0.014244328307821963,-0.01582077736078502,0,0.008429560704823431,161.15350341796875,162.24949645996094,1
2021-06-02,161.69949340820312,161.75,160.39999389648438,161.15499877929688,40290000.0,161.6986991882324,163.32145935058594,47.43169337956523,-0.7584903700551422,-0.718659895962275,-0.03983047409286722,165.47816367135223,157.9192347051126,7.558928966239648,0.004765962837133042,0.0012011990449363186,0.0005290073629553582,0,0.00782271576465553,160.9324951171875,162.95249938964844,0
2021-06-03,159.35049438476562,160.7220001220703,159.20150756835938,160.2115020751953,47966000.0,161.48987426757813,163.37096923828125,42.292155720666514,-0.9066769120895231,-0.7562632991877246,-0.15041361290179844,165.30356041675577,157.6761881184005,7.627372298355283,-0.014526941142032901,-0.011188146673590027,-0.013859162100864908,0,0.009088479408037189,161.69949340820312,163.25799560546875,1
2021-06-04,160.31100463867188,161.0500030517578,159.9405059814453,160.60000610351562,44994000.0,161.23949966430663,163.49011932373048,44.92030946214412,-0.9358230781913051,-0.7921752549884408,-0.1436478232028643,164.65120437671615,157.82779495189712,6.823409424819033,0.006027657821926935,-0.003861808505877362,-0.012766023823721828,0,0.009180245869027524,159.35049438476562,161.5054931640625,0
2021-06-07,159.90049743652344,160.39999389648438,158.61000061035156,159.8665008544922,44316000.0,161.00549926757813,163.64186920166014,43.99805065760911,-0.98074075632627,-0.8298883552560067,-0.15085240107026332,164.09529309057763,157.91570544457863,6.179587645998993,-0.0025606925929613222,-0.011125551068599804,-0.0015829108887100984,0,0.008109095465554059,160.31100463867188,161.15350341796875,1
2021-06-08,163.20550537109375,163.97650146484375,160.90049743652344,161.1304931640625,68334000.0,161.1895492553711,163.85394927978516,52.46058282251618,-0.7411087799554537,-0.8121324401958961,0.07102366024044249,164.34243130328602,158.0366672074562,6.305764095829829,0.020669153552085318,0.02419202401104492,0.005892214965170783,0,0.009684088987079993,159.90049743652344,160.9324951171875,1
2021-06-09,164.0574951171875,164.87899780273438,163.53500366210938,163.64349365234375,49110000.0,161.33264923095703,164.05936920166016,54.374619400890495,-0.47695225143004905,-0.7450964024427268,0.26814415101267774,164.72437009468675,157.94092836722731,6.783441727459433,0.005220349302289318,0.023370139105296728,0.006781091003071005,0,0.009725774010251412,163.20550537109375,161.69949340820312,1
2021-06-10,167.4824981689453,167.5500030517578,164.0574951171875,164.10049438476562,69530000.0,161.8269241333008,164.35372924804688,61.146878620969964,0.008662961673735481,-0.5943445296194344,0.6030074912931699,165.7384012507312,157.9154470158704,7.822954234860788,0.02087684594544914,0.04741699277972389,0.025876236859391222,0,0.011643933826467345,164.0574951171875,159.35049438476562,0
2021-06-11,167.3415069580078,168.32899475097656,166.67250061035156,167.4824981689453,56348000.0,162.29032440185546,164.6064794921875,60.74714680308049,0.37778483589195844,-0.39991865651715586,0.7777034924091143,166.4980770785656,158.08257172514533,8.415505353420258,-0.0008418265339896758,0.025342292084508333,0.03613507924474679,0,0.01077089707022696,167.4824981689453,160.31100463867188,1
2021-06-14,169.19349670410156,169.25,166.77499389648438,167.3415069580078,51394000.0,162.6927490234375,164.82934936523438,64.06980187297972,0.8104147189605442,-0.15785198142161583,0.96826670038216,167.82361700178967,157.56188104508533,10.261735956704342,0.011067127216432215,0.03130610755238816,0.04989027924065814,0,0.010794587222277779,167.3415069580078,159.90049743652344,0
2021-06-15,169.156494140625,169.84950256347656,168.15550231933594,169.1999969482422,48524000.0,162.97459869384767,164.98574920654298,63.95332088449191,1.1371824887345099,0.10115491260960932,1.0360275761249005,168.82501284797127,157.12418453972407,11.700828308247196,-0.0002186996793457352,0.00999505016930824,0.05110216564683823,0,0.010725723902477322,169.19349670410156,163.20550537109375,1
2021-06-16,170.7624969482422,171.3175048828125,168.02650451660156,169.60000610351562,84056000.0,163.43202362060546,165.1771792602539,66.7765466577443,1.508351962655297,0.3825943226187469,1.12575764003655,170.15142989941094,156.71261734179998,13.438812557610959,0.0094941835711142,0.02044316471401708,0.05604843496423273,0,0.01081575384347267,169.156494140625,164.0574951171875,1
2021-06-17,174.46200561523438,174.86000061035156,170.0500030517578,170.15899658203125,102730000.0,164.07562408447265,165.3870294189453,72.18154732314571,2.0770825613828663,0.7214919703715708,1.3555905910112955,172.26995274334425,155.88129542560105,16.388657317743196,0.02166464377780497,0.031138956365130088,0.09483190679020237,0,0.009312832034415755,170.7624969482422,167.4824981689453,0
2021-06-18,174.34500122070312,175.35000610351562,173.6855010986328,173.99949645996094,104954000.0,164.67367401123047,165.57462951660156,71.78378818989097,2.489665072373384,1.0751265907719336,1.4145384816014506,173.96001193701102,155.38733608544993,18.572675851561087,-0.0006706583139327593,0.030672822266963884,0.08754231572350735,0,0.009790207570939373,174.46200561523438,167.3415069580078,0
2021-06-21,172.697998046875,174.10000610351562,171.6999969482422,173.8209991455078,65542000.0,165.30087356567384,165.65638946533204,66.24959698830042,2.653156358315613,1.3907325442806697,1.262423814034943,174.96808785619316,155.6336592751545,19.33442858103865,-0.009446804682075038,0.011334462386196398,0.08003415133484415,0,0.010838347160469075,174.34500122070312,169.19349670410156,1
2021-06-22,175.27200317382812,176.18899536132812,172.80450439453125,172.9029998779297,66902000.0,165.95199890136718,165.78243957519533,70.12593597046133,2.9563461638869057,1.703855268201917,1.2524908956849887,176.42967421662496,155.4743235861094,20.955350630515568,0.01490466106187549,0.0046428307168504546,0.0739343796969214,1,0.010211932039948796,172.697998046875,169.156494140625,0
2021-06-23,175.1909942626953,176.0500030517578,174.16000366210938,175.25,56266000.0,166.56392364501954,165.88625946044922,69.85401529459565,3.1537352304534068,1.993831260652215,1.1599039698011917,177.6795109006509,155.44833638938817,22.231174511262736,-0.0004621896804161141,0.00485240778954843,0.06786339836259891,1,0.010488987004859182,175.27200317382812,170.7624969482422,0
2021-06-24,172.45399475097656,176.2429962158203,171.54249572753906,175.3820037841797,76640000.0,167.02372360229492,166.00233947753907,61.21702574400399,3.054108638019926,2.2058867361257573,0.8482219018941688,178.31369134010626,155.73375586448358,22.579935475622676,-0.015622946391951387,-0.0014128901241357017,0.029683678213447307,1,0.011302203894944964,175.1909942626953,174.46200561523438,0
2021-06-25,170.072998046875,173.24099731445312,169.70899963378906,173.1999969482422,78820000.0,167.45209884643555,166.02470947265624,54.86207739142215,2.7513118995979085,2.3149717688201874,0.43634013077772105,178.52001606764014,156.38418162523095,22.13583444240919,-0.013806561613952328,-0.029662496193399224,0.016322854613425974,1,0.012473114072676235,172.45399475097656,174.34500122070312,1
2021-06-28,172.1945037841797,172.39999389648438,170.67550659179688,170.8000030517578,44856000.0,168.0041488647461,166.06915954589843,58.95103074411614,2.6519609308802217,2.3823696012321944,0.26959132964802723,178.85971770147583,157.14858002801637,21.71113767345946,0.012474089136242261,-0.01710413535311328,0.017737130200261353,1,0.012597947391010824,170.072998046875,172.697998046875,1
2021-06-29,172.40699768066406,172.80149841308594,171.15150451660156,171.9409942626953,41968000.0,168.57787399291993,166.1452896118164,59.34825586415585,2.560851155896387,2.418065912165033,0.1427852437313537,179.08511391938393,158.07063406645594,21.01447985292799,0.0012340341405479016,-0.0002725194645700757,0.019215954767523247,1,0.012580048773433364,172.1945037841797,175.27200317382812,0
2021-06-30,172.00799560546875,173.5800018310547,171.75,172.05299377441406,48080000.0,169.0932991027832,166.25075958251952,58.20921432201342,2.428456139230832,2.420143957578193,0.008312181652638806,179.20419232042238,158.982405885144,20.221786435278375,-0.0023143032508132766,0.011377453098465606,0.007293748214539653,1,0.01234802734800143,172.40699768066406,175.1909942626953,0
2021-07-01,171.64849853515625,172.85000610351562,170.4709930419922,171.73049926757812,40742000.0,169.70819931030275,166.32170959472657,57.1450345796091,2.268375307012292,2.389790227465013,-0.12141492045272129,178.82077922330356,160.59561939730193,18.22515982600163,-0.0020900020900020966,-0.003170863395894341,-0.016126761068442352,1,0.009936664618436009,172.00799560546875,172.45399475097656,1
2021-07-02,175.5489959716797,175.58599853515625,171.8459930419922,172.58200073242188,63388000.0,170.47009887695313,166.52364959716797,64.68818281133073,2.428256213378404,2.3974834246476915,0.03077278873071254,178.8294455296995,162.11075222420675,16.718693305492764,0.022723749230608936,0.01822430837079647,0.006905817445562512,1,0.012577556807003903,171.64849853515625,170.072998046875,1
2021-07-06,183.78700256347656,184.2740020751953,176.4499969482422,176.5054931640625,134896000.0,171.66442413330077,166.85850952148436,74.78355234442162,3.183009515280048,2.554588642774163,0.6284208725058851,180.4563360429086,162.87251222369295,17.583823819215638,0.04692710742205475,0.06847941525360879,0.06421038252911138,1,0.018658469348834122,175.5489959716797,172.1945037841797,1
2021-07-07,184.82899475097656,186.7100067138672,183.94549560546875,185.86900329589844,106562000.0,172.74559860229493,167.14608947753905,75.72874721811203,3.821188721011822,2.8079086584216952,1.0132800625901268,182.38782265492486,163.103374549665,19.284448105259855,0.005669564076709488,0.07678771634067472,0.05452662949067899,1,0.018417570439039067,183.78700256347656,172.40699768066406,1
2021-07-08,186.57049560546875,187.9994964599609,181.05599975585935,182.1779937744141,103612000.0,173.871248626709,167.46006927490234,77.26272734748004,4.4165635090971875,3.1296396285567942,1.2869238805403933,184.40847120988275,163.33402604353523,21.074445166347516,0.009422227593882448,0.06278303998712187,0.06495483053033024,1,0.018328656482961957,184.82899475097656,172.00799560546875,0
2021-07-09,185.9669952392578,187.3999938964844,184.6699981689453,186.12600708007807,74964000.0,174.79547348022462,167.72090911865234,75.48235231200988,4.7845515502173726,3.4606220128889102,1.3239295373284623,186.14071407655422,163.450232883895,22.690481192659206,-0.003234704202571881,0.011861517111517728,0.07835713233430175,1,0.017043730464814586,186.57049560546875,171.64849853515625,0
2021-07-12,185.9275054931641,187.864501953125,184.8394927978516,187.1999969482422,51432000.0,175.72477340698242,167.9681491088867,75.35998265632958,5.015186285877064,3.771534867486541,1.243651418390523,187.51172359512154,163.9378232188433,23.57390037627823,-0.00021234814297510507,0.005943389692010026,0.09322177904995432,1,0.01562041894060835,185.9669952392578,175.5489959716797,0
2021-07-13,183.8679962158203,188.6540069580078,183.5659942626953,185.10499572753903,76918000.0,176.45849838256837,168.17808898925782,69.07089709271315,4.974438557664172,4.012115605522068,0.9623229521421042,188.35428275550632,164.5627140096304,23.791568745875907,-0.011076947823728478,-0.014485138075439719,0.06779247987073744,1,0.016780776565162987,185.9275054931641,183.78700256347656,1
2021-07-14,184.08399963378903,185.88299560546875,183.04150390625,185.4425048828125,65932000.0,177.20487365722656,168.47327911376954,69.35971299149105,4.903055982775072,4.190303680972669,0.7127523018024036,189.04747397647876,165.36227333797436,23.685200638504398,0.0011747744165069296,-0.010125428993710384,0.06772928077289153,1,0.01678293351503444,183.8679962158203,184.82899475097656,0
2021-07-15,181.55999755859372,184.7700042724609,181.04600524902344,184.7100067138672,63706000.0,177.74474868774413,168.7926089477539,62.06641134404157,4.58990928724495,4.270224802227125,0.31968448501782465,189.34534778582548,166.1441495896628,23.201198196162693,-0.013711143174944485,-0.023490380957813417,0.05553231359682953,1,0.01781804708427559,184.08399963378903,186.57049560546875,0
2021-07-16,178.68150329589844,182.3029937744141,178.5229949951172,181.66549682617188,80874000.0,177.95572357177736,169.09569915771485,54.96762354956479,4.062636302130329,4.228707102207766,-0.1660708000774367,189.46294214321293,166.44850500034178,23.014437142871145,-0.01585423166667721,-0.02820769805874257,0.0409732961299496,1,0.018969054747147177,181.55999755859372,185.9669952392578,0
2021-07-19,177.47950744628906,177.510498046875,174.95799255371094,176.62899780273438,75692000.0,178.11244888305663,169.3389193725586,52.278722572773546,3.507347128614356,4.084435107489084,-0.5770879788747285,189.50348576028316,166.7214120058301,22.78207375445305,-0.006727030092302577,-0.035877600446745705,0.01099699524867015,1,0.018033759628760065,178.68150329589844,185.9275054931641,1
2021-07-20,178.6595001220703,179.60000610351562,175.89999389648438,178.36599731445312,65114000.0,178.4105239868164,169.6204992675781,54.62533982924891,3.126452210353733,3.8928385280620144,-0.7663863177082813,189.5279393118164,167.2931086618164,22.234830649999992,0.0066486136498793424,-0.015975421213515695,-0.027899157012669096,1,0.008859839910900065,177.47950744628906,183.8679962158203,1
2021-07-21,179.25999450683594,179.32249450683594,177.1820068359375,178.81900024414062,46380000.0,178.60992355346679,170.01520904541016,55.81605800222245,2.840303866793505,3.682331595808313,-0.8420277290148079,189.6377130062079,167.58213410072568,22.055578905482207,0.003361110852517335,0.003237555092535205,-0.030130555282431914,1,0.008642333456782843,178.6595001220703,184.08399963378903,1
2021-07-22,181.9015045166016,182.00100708007807,179.11349487304688,179.3614959716797,65308000.0,178.9454490661621,170.4293292236328,60.701457001282144,2.794464181116041,3.5047581128698586,-0.7102939317538177,189.9450361622137,167.94586197011049,21.999174192103226,0.01473563589596627,0.02491553607478192,-0.025025345372616914,1,0.009602372283615213,179.25999450683594,181.55999755859372,1
2021-07-23,182.83200073242188,183.3054962158203,181.1020050048828,182.0,48726000.0,179.46434936523437,170.93402923583983,62.28348501639853,2.800931770167864,3.36399284432946,-0.5630610741615962,190.1651506038234,168.76354812664533,21.401602477178074,0.005115384934792244,0.023354484970016465,-0.016857800508109366,1,0.009889155954153564,181.9015045166016,178.68150329589844,1
2021-07-26,184.99099731445312,185.60400390625,182.3625030517578,183.6584930419922,58002000.0,180.2102493286133,171.47237915039062,65.73067556784865,2.9463071667645977,3.280455708816488,-0.3341485420518904,190.24772668700692,170.17277197021966,20.07495471678726,0.01180863619816197,0.03197033907863167,-0.005036953387971943,1,0.010774905603856392,182.83200073242188,177.47950744628906,0
2021-07-27,181.3195037841797,184.9250030517578,179.3074951171875,184.9250030517578,82638000.0,180.66649932861327,171.875869140625,56.30604654023967,2.7337464446831063,3.171113855989812,-0.43736741130670564,190.01069267170513,171.3223059855214,18.68838668618372,-0.019846876786293155,-0.003199537760660953,-0.013860445994360315,1,0.012020624709756305,184.99099731445312,178.6595001220703,1
2021-07-28,181.51600646972656,182.92100524902344,180.0500030517578,181.68899536132807,59988000.0,181.1219497680664,172.2357992553711,56.664187111725454,2.5517318886835483,3.0472374625285594,-0.49550557384501115,189.66505621735962,172.57884331877318,17.08621289858644,0.0010837371680696428,-0.007197833297362899,-0.013950116083805031,1,0.012018551668720606,181.3195037841797,179.25999450683594,0
2021-07-29,179.99600219726562,181.8975067138672,179.00050354003906,181.3874969482422,110400000.0,181.52135009765624,172.6034393310547,53.042451289741805,2.2587944240581805,2.889548854834484,-0.6307544307763036,189.00381658950914,174.03888360580333,14.964932983705808,-0.008373940689987869,-0.02700128757453457,-0.008614206776596633,1,0.011516066327383135,181.51600646972656,181.9015045166016,0
2021-07-30,166.37950134277344,168.40699768066406,165.3489990234375,167.3975067138672,199312000.0,181.2579002380371,172.69922943115233,32.81082919826102,0.9173271750724155,2.4951045188820706,-1.5777773438096552,190.3171584105193,172.1986420655549,18.118516344964405,-0.07564890713277761,-0.08239600335101838,-0.06884877128413658,1,0.026270349199402857,179.99600219726562,182.83200073242188,1
2021-08-02,166.57400512695312,167.9459991455078,165.85000610351562,167.65499877929688,67078000.0,180.80915069580078,172.78302947998046,33.20276310532272,-0.128617828387263,1.970360049428204,-2.098977877815467,191.66593159859298,169.9523697930086,21.71356180558439,0.0011690369463182027,-0.08231781666739946,-0.06144654375174152,1,0.02639065434156031,166.37950134277344,184.99099731445312,1
2021-08-03,168.31199645996094,169.5500030517578,164.98849487304688,167.03599548339844,83146000.0,180.035400390625,172.94618927001954,36.75300299948824,-0.8079814959474731,1.4146917403530688,-2.222673236300542,192.07438647259656,167.99641430865344,24.077972163943116,0.01043374884144277,-0.06491258469451822,-0.05791745557912886,1,0.02661830612013495,166.57400512695312,181.3195037841797,0
2021-08-04,167.73599243164062,169.44400024414062,167.2779998779297,168.96749877929688,43678000.0,179.1807502746582,173.05591918945314,36.06878682786216,-1.3769877506148305,0.8563558421594888,-2.233343592774319,192.12968291209992,166.2318176372165,25.89786527488343,-0.0034222398904129037,0.00815299407631076,-0.06428652475918628,1,0.02645001021623675,168.31199645996094,181.51600646972656,1
2021-08-05,168.79949951171875,169.4499969482422,167.04600524902344,167.81100463867188,48670000.0,178.2922004699707,173.17285919189453,38.350847382353926,-1.7222600320646109,0.3406326673146689,-2.0628926993792795,191.52659428673172,165.0578066532097,26.468787633522027,0.006340362999381677,0.013360394276823007,-0.07202801889792543,1,0.025834411016699206,167.73599243164062,179.99600219726562,0
2021-08-06,167.2469940185547,168.75,166.45199584960938,168.75,52752000.0,177.35620040893554,173.25263916015626,36.31307936959837,-2.0969922003809245,-0.14689230622444982,-1.9500998941564747,190.9305739635728,163.78182685429826,27.148747109274552,-0.009197334693852421,-0.006327549216966211,-0.08524222593109476,1,0.02547432832130059,168.79949951171875,166.37950134277344,0
2021-08-09,167.093505859375,167.74400329589844,166.42599487304688,167.1804962158203,42964000.0,176.41450042724608,173.3643994140625,36.10880246085532,-2.37893250221137,-0.593300345421834,-1.7856321567895361,190.0924954445325,162.73650540995968,27.355990034572812,-0.0009177334401756498,-0.0038303441196585464,-0.09674790511375775,1,0.02464788159181285,167.2469940185547,166.57400512695312,0
2021-08-10,166.03399658203125,167.89999389648438,165.75,167.25050354003906,48252000.0,175.52280044555664,173.46200927734375,34.65939098590799,-2.657234817767403,-1.006087239890948,-1.651147577876455,189.4636427581853,161.58195813292798,27.88168462525732,-0.006340816609805455,-0.016383359771131922,-0.08430150581231688,1,0.024407362982595958,167.093505859375,168.31199645996094,0
2021-08-11,164.60549926757812,166.88499450683594,163.88949584960938,166.57249450683594,58944000.0,174.5488754272461,173.53546936035156,32.750604804979574,-2.9589502659483458,-1.3966598451024277,-1.562290420845918,188.6815196000268,160.41623125446537,28.26528834556143,-0.008603643493863333,-0.015793974453636617,-0.09316262257548502,1,0.02417642665842891,166.03399658203125,167.73599243164062,1
2021-08-12,165.1750030517578,165.72549438476562,163.48350524902344,164.5,46282000.0,173.7296257019043,173.60497955322265,34.30398320840604,-3.116186280845625,-1.7405651322510673,-1.3756211485945575,188.04010021600746,159.41915118780113,28.620949028206326,0.003459810192938395,-0.011481612033634514,-0.08234071293019507,1,0.024522423889478208,164.60549926757812,168.79949951171875,0
2021-08-13,164.69850158691406,165.30349731445312,164.14999389648438,165.2834930419922,41134000.0,173.03047561645508,173.71193969726562,33.60456100408901,-3.241876309304274,-2.040827367661709,-1.2010489416425654,187.66749920958196,158.3934520233282,29.274047186253767,-0.0028848279463596915,-0.008043503274086206,-0.010103406623368838,0,0.006430557607778672,165.1750030517578,167.2469940185547,1
2021-08-16,164.94949340820312,165.0,160.55650329589844,164.14999389648438,66394000.0,172.4039749145508,173.80470947265624,34.36369597037418,-3.2833848038707174,-2.2893388549035105,-0.9940459489672069,187.29605754235166,157.5118922867499,29.78416525560175,0.0015239472057770875,0.0020898095273584882,-0.00975249239827003,0,0.0064448002408730685,164.69850158691406,167.093505859375,0
2021-08-17,162.09800720214844,164.02450561523438,161.28399658203125,163.875,67758000.0,171.57590026855468,173.84865966796875,30.146583035367627,-3.5059571986280105,-2.5326625236484106,-0.9732946749795999,186.82213158941937,156.32966894768998,30.49246264172939,-0.01728702615047184,-0.018628701636198564,-0.03691946734938001,0,0.006941668083380417,164.94949340820312,166.03399658203125,0
2021-08-18,160.06100463867188,162.7050018310547,160.0,162.09950256347656,56086000.0,170.61595077514647,173.7857696533203,27.545955321954608,-3.802879282790684,-2.7867058754768657,-1.0161734073138184,186.21951000984026,155.01239154045268,31.20711846938758,-0.012566487390164305,-0.028157493259250432,-0.045756356055165814,0,0.007477773840559015,162.09800720214844,164.60549926757812,0
2021-08-19,159.3874969482422,161.64999389648438,159.1230010986328,159.7010040283203,75658000.0,169.49025039672853,173.69236968994142,26.7250477733174,-4.045899998875029,-3.0385447001564985,-1.0073552987185308,184.9222025039976,154.05829828945946,30.863904214538138,-0.0042078187123096855,-0.033719390978646846,-0.05575847434798309,0,0.006425559427096024,160.06100463867188,165.1750030517578,1
2021-08-20,159.99749755859375,160.3905029296875,158.78799438476562,160.19349670410156,67168000.0,168.3485252380371,173.54266967773438,28.79480998697977,-4.141532704965783,-3.259142301118356,-0.8823904038474275,183.02343618748682,153.67361428858737,29.34982189889945,0.003827154714335368,-0.012958269381653786,-0.04334604937148623,0,0.0069379715914276805,159.3874969482422,164.69850158691406,1
2021-08-23,163.2935028076172,164.0449981689453,160.50050354003906,160.59500122070312,65362000.0,167.2636505126953,173.46170959472656,38.846290289587266,-3.9063324667391157,-3.388580334242508,-0.5177521324966077,179.92704159435624,154.60025943103437,25.326782163321866,0.02060035500127988,0.02019541346902387,-0.02274177582314829,0,0.010539854493851619,159.99749755859375,164.94949340820312,1
2021-08-24,165.28900146484375,165.77450561523438,163.72900390625,164.0,51036000.0,166.4621253967285,173.3836196899414,44.00037686309225,-3.5183570884438495,-3.414535685082776,-0.10382140336107337,177.37350244893983,155.5507483445172,21.822754104422643,0.012220318769066596,0.03702614464494647,-0.00448700346027886,0,0.011342760389095919,163.2935028076172,162.09800720214844,0
2021-08-25,164.95899963378906,166.0500030517578,164.3074951171875,165.49349975585938,33606000.0,165.63427505493163,173.2996697998047,43.34970114113718,-3.2006174698813368,-3.3717520420424885,0.1711345721611517,174.08677851613885,157.18177159372442,16.90500692241443,-0.0019965141547840792,0.03100987297240909,0.002147561094762107,0,0.010998482345608634,165.28900146484375,160.06100463867188,1
2021-08-26,165.8000030517578,166.60000610351562,164.8000030517578,164.9499969482422,41976000.0,164.92447509765626,173.200419921875,45.5592245330912,-2.8481133083789416,-3.267024295309779,0.4189109869308374,170.23326052333914,159.61568967197337,10.61757085136577,0.005098257262930783,0.015349663036462902,0.003783865527183572,0,0.011063312177264095,164.95899963378906,159.3874969482422,1
2021-08-27,167.48150634765625,167.61599731445312,165.6875,166.6614990234375,48048000.0,164.97957534790038,173.06080993652344,49.777002137736304,-2.4053406874905647,-3.0946875737459365,0.6893468862553718,170.3698740440335,159.58927665176725,10.780597392266259,0.01014175672465778,0.013264674983706204,0.01689757182929541,0,0.011391329805837208,165.8000030517578,159.99749755859375,1
2021-08-30,171.07850646972656,172.25,167.76100158691406,167.8715057373047,63844000.0,165.20480041503907,172.9954800415039,57.38320006678913,-1.7440875908744715,-2.824567577171644,1.0804799862971723,171.18672030849754,159.2228805215806,11.963839786916935,0.021476998866989616,0.03709713837694739,0.037156907456247,0,0.012986041076546138,167.48150634765625,163.2935028076172,1
2021-08-31,173.5395050048828,173.62899780273438,169.7794952392578,171.24000549316406,87128000.0,165.46617584228517,173.01231018066406,61.66136232832269,-1.0098171894007066,-2.4616174996174562,1.4518003102167496,172.35621385550095,158.57613782906938,13.780076026431573,0.01438520002272603,0.04667974554083054,0.07058382764981164,0,0.011000989676706653,171.07850646972656,165.28900146484375,1
2021-09-01,173.9499969482422,176.35000610351562,173.76199340820312,174.82000732421875,72598000.0,165.77687606811523,172.98587005615235,62.34045562562084,-0.39028042707320765,-2.0473500851086066,1.657069658035399,173.55190764000926,158.0018444962212,15.550063143788066,0.0023654092095504176,0.0386221185947464,0.08677311716819402,0,0.008873056890166217,173.5395050048828,164.95899963378906,0
2021-09-02,173.156005859375,175.59800720214844,172.75,174.73800659179688,58474000.0,165.99470138549805,172.94517028808593,60.12214229785905,0.036220942898523845,-1.6306358795071807,1.6668568224057045,174.3208280520378,157.6685747189583,16.6522533330795,-0.004564478889317991,0.01214354411035301,0.08638387059685027,0,0.008929861306444435,173.9499969482422,165.8000030517578,1
2021-09-03,173.90249633789062,174.1334991455078,171.82200622558594,172.60000610351562,51514000.0,166.32747650146484,172.97414031982422,61.50891843124168,0.4295107616138125,-1.218606551282982,1.6481173128967945,175.33161027379924,157.32334272913045,18.008267544668797,0.004311086264728647,0.0020916927992713497,0.08690760162798572,0,0.008903868145276482,173.156005859375,167.48150634765625,1
2021-09-07,175.46449279785156,176.4044952392578,173.8470001220703,173.89999389648438,54758000.0,166.74602584838868,173.08197021484375,64.30603035984596,0.8573528071384828,-0.8034146795986891,1.6607674867371718,176.592514762286,156.89953693449138,19.692977827794607,0.008982024369138308,0.008706501156536373,0.0745344412421205,0,0.00782865494674842,173.90249633789062,171.07850646972656,1
2021-09-08,176.27499389648438,177.281494140625,174.7834930419922,175.58250427246094,61068000.0,167.25807571411133,173.16358001708986,65.69891711166625,1.2474416448947352,-0.39324341470000423,1.6406850595947393,177.93344048299167,156.58271094523099,21.350729537760685,0.004619174430729789,0.018012589408203272,0.06646535664369235,0,0.007658752799562152,175.46449279785156,173.5395050048828,0
2021-09-09,174.20799255371094,177.49949645996094,174.01849365234375,176.30099487304688,54384000.0,167.73820037841796,173.1995999145508,59.339243899471874,1.3739619474751805,-0.039802342264967316,1.413764289740148,178.75157273342708,156.72482802340883,22.02674471001825,-0.011726004336084506,0.0017567097784882968,0.05606843482595525,0,0.00929806586027456,176.27499389648438,173.9499969482422,0
2021-09-10,173.45750427246094,175.42250061035156,173.14549255371094,175.0915069580078,47946000.0,168.15232543945314,173.22859008789064,57.17517093033863,1.3975618436139996,0.2476704949108261,1.1498913487031734,179.37001074725052,156.93464013165575,22.435370615594763,-0.004308001431212238,-0.011438146221998458,0.04618516935921102,0,0.009806133070573524,174.20799255371094,173.156005859375,0
2021-09-13,172.85850524902344,174.8979949951172,171.89999389648438,174.13999938964844,51380000.0,168.5603256225586,173.25279022216796,55.43737245177396,1.3523417621537703,0.46860474835941496,0.8837370137943554,179.83926408795702,157.28138715716017,22.55787693079685,-0.0034532897607970625,-0.01938158426184511,0.0321050306904076,0,0.009889627647085458,173.45750427246094,173.90249633789062,0
2021-09-14,172.5,174.3404998779297,171.885498046875,173.77749633789062,38738000.0,168.93785095214844,173.19181030273438,54.37219276269618,1.2729029119462894,0.6294643810767899,0.6434385308694994,180.2135299291469,157.66217197515,22.5513579539969,-0.002073980962099431,-0.009804329460856076,0.008309012976595032,0,0.007593557167169578,172.85850524902344,175.46449279785156,1
2021-09-15,173.7895050048828,174.27099609375,170.10049438476562,172.12600708007812,59150000.0,169.52242584228514,172.9918603515625,57.53290521160656,1.2990249765670114,0.7633765001748343,0.5356484763921772,180.52810810592567,158.51674357864462,22.011364527281046,0.007475391332653958,0.0019140176945033893,0.001440594174755505,0,0.00645436926658301,172.5,176.27499389648438,1
2021-09-16,174.41200256347656,174.62750244140625,172.3070068359375,172.9980010986328,51672000.0,170.2399757385254,172.7835205078125,59.00909500879516,1.3543452030771448,0.8815702407552966,0.47277496232184824,180.53285796547624,159.94709351157456,20.585764453901675,0.0035819053548502566,0.00898710371361311,0.0026559679410160797,0,0.006511706675333981,173.7895050048828,174.20799255371094,0
2021-09-17,173.12600708007812,174.87049865722656,172.60650634765625,174.42050170898438,92332000.0,170.9269012451172,172.51463073730469,54.773208607956704,1.2796665932276596,0.9611895112497693,0.3184770819778904,179.99147702855188,161.8623254616825,18.129151566869382,-0.007373319866162298,0.003629026551177583,-0.0001732471198326868,0,0.006798373213856781,174.41200256347656,173.45750427246094,0
2021-09-20,167.7864990234375,170.9499969482422,165.25050354003906,169.8000030517578,93382000.0,171.31635131835938,172.1510208129883,41.46421342466844,0.7806309531494264,0.9250777996297007,-0.14444684648027428,179.03916822215976,163.593534414559,15.445633807600757,-0.03084174438431353,-0.0345418210453885,-0.035169117426410046,0,0.011667916380465014,173.12600708007812,172.85850524902344,0
2021-09-21,167.18150329589844,168.98500061035156,166.6195068359375,168.75,55618000.0,171.51075134277343,171.77610076904296,40.2702336247225,0.3324907673796247,0.8065603931796855,-0.47406962580006085,178.5844285647113,164.43707412083558,14.147354443875713,-0.0036057473697842513,-0.0414564316750311,-0.047206072122499165,0,0.010818352834898683,167.7864990234375,172.5,1
2021-09-22,169.00250244140625,169.4499969482422,167.05250549316406,167.5500030517578,48228000.0,171.69642639160156,171.47879089355467,45.36942635121642,0.12285960475281854,0.6698202354943121,-0.5469606307414936,178.28545035169392,165.1074024315092,13.178047920184724,0.01089234819407503,-0.023817938784694404,-0.04125651230683813,1,0.01157850092663194,167.18150329589844,173.7895050048828,1
2021-09-23,170.8000030517578,171.447998046875,169.00250244140625,169.00250244140625,47588000.0,171.9884765625,171.21311096191405,49.91474646762307,0.10060891799631122,0.5559779719947119,-0.45536905399840066,177.8328066896275,166.14414643537253,11.688660254254955,0.01063594079605279,0.017960348692294792,-0.01956276202943097,1,0.012099015376490769,169.00250244140625,174.41200256347656,1
2021-09-24,171.2760009765625,171.46299743652344,169.6699981689453,170.10049438476562,42324000.0,172.26227645874025,171.00743103027344,51.07559344990371,0.1200008478097061,0.4687825471577108,-0.3487816993480047,177.39047424310905,167.13407867437144,10.256395568737616,0.0027868730462519142,0.024491331875495348,-0.01257658643855386,1,0.012150492337662494,170.8000030517578,173.12600708007812,0
2021-09-27,170.2899932861328,170.77850341796875,166.98049926757812,168.5749969482422,72690000.0,172.40270080566407,170.83960083007813,48.564604053249525,0.055170540047384975,0.3860601457356457,-0.3308896056882607,177.13834903355774,167.6670525777704,9.471296455787353,-0.005756835077931344,0.007618176217082606,-0.014859043002774852,1,0.01221964813971714,171.2760009765625,167.7864990234375,0
2021-09-28,165.79800415039062,168.45950317382812,164.5050048828125,167.885498046875,88616000.0,172.13867568969727,170.60597076416016,39.12718675361213,-0.35458647589456405,0.23793082140960375,-0.5925172973041678,177.6632781681275,166.61407321126703,11.049204956860478,-0.0263784679831095,-0.029285707330177435,-0.03885214985280794,1,0.014556098370246474,170.2899932861328,167.18150329589844,0
2021-09-29,165.05599975585938,167.56500244140625,164.89349365234375,166.10549926757812,51246000.0,171.7145004272461,170.33390075683593,37.81979732981662,-0.7307715372259622,0.044190349682490554,-0.7749618869084528,177.99478139661937,165.4342194578728,12.56056193874656,-0.004475351789266391,-0.036315661185680526,-0.05025335246094442,1,0.014002240287472491,165.79800415039062,169.00250244140625,0
2021-09-30,164.2519989013672,166.3925018310547,163.69949340820312,165.8000030517578,56848000.0,171.22960052490234,170.03374084472657,36.40051565170499,-1.081312362419709,-0.18091019273794937,-0.9004021696817596,178.20381834905814,164.25538270074654,13.948435648311602,-0.0048710792439015105,-0.0354571297364501,-0.058252892649470533,1,0.013674320500504614,165.05599975585938,170.8000030517578,0
2021-10-01,164.16299438476562,165.45849609375,162.7969970703125,164.45050048828125,56712000.0,170.7799499511719,169.67897064208984,36.23838748105103,-1.3507300374722888,-0.4148741616848173,-0.9358558757874715,178.33482577214832,163.22507413019545,15.109751641952869,-0.0005418778291703674,-0.009861456258194345,-0.05177161332651037,1,0.013762824623517697,164.2519989013672,171.2760009765625,0
2021-10-04,159.48899841308594,163.99949645996094,158.8125,163.96949768066406,90462000.0,170.05927505493165,169.21211059570314,28.946928912177142,-1.9192737061235619,-0.7157540705725662,-1.2035196355509956,178.92187724535688,161.1966728645064,17.72520438085047,-0.028471678341373097,-0.03372795506378323,-0.049452731051933485,1,0.013284586847613472,164.16299438476562,170.2899932861328,1
2021-10-05,161.0500030517578,163.0364990234375,160.1230010986328,160.22500610351562,65384000.0,169.33855056762695,168.7332907104492,33.74189049079067,-2.218317250772543,-1.0162667066125617,-1.2020505441599814,178.65831789707713,160.01878323817678,18.639534658900345,0.00978753803838428,-0.01949441024174181,-0.036675709473005136,1,0.014089152624144924,159.48899841308594,165.79800415039062,1
2021-10-06,163.10049438476562,163.2169952392578,159.93099975585938,160.67649841308594,50660000.0,168.67982559204103,168.36891052246094,39.51595380549403,-2.2637586993513423,-1.2657651051603178,-0.9979935941910245,177.80573423055262,159.55391695352944,18.25181727702318,0.012732016728672857,-0.006472225996985159,-0.03492260748438847,1,0.014310255135459759,161.0500030517578,165.05599975585938,1
2021-10-07,165.1215057373047,166.28750610351562,164.1529998779297,164.57699584960938,48182000.0,168.2255012512207,168.0410205078125,44.636988365410424,-2.1123428751082827,-1.4350806591499108,-0.6772622159583719,177.10676062691263,159.34424187552875,17.76251875138388,0.012391203105561077,0.03531596147861071,-0.03324647080206644,1,0.014511647007372312,163.10049438476562,164.2519989013672,0
2021-10-08,164.43099975585938,166.07150268554688,164.41000366210938,165.85000610351562,39964000.0,167.77417602539063,167.7297204589844,43.28842297404055,-2.024723058336747,-1.553009138987278,-0.4717139193494688,176.4613428510732,159.08700919970806,17.374333651365134,-0.004181805261295635,0.020993459422754546,-0.03996474218031165,1,0.014354420180584212,165.1215057373047,164.16299438476562,0
2021-10-11,162.31500244140625,164.62950134277344,161.90499877929688,163.75,40684000.0,167.24700088500975,167.64843048095702,39.36372973905932,-2.1017987932631286,-1.6627670698424482,-0.4390317234206804,175.91565980411914,158.57834196590036,17.33731783821878,-0.01286860335091844,-0.00481599976948166,-0.046831823120260796,0,0.014626022053888372,164.43099975585938,159.48899841308594,1
2021-10-12,162.3665008544922,163.37649536132812,161.81399536132812,162.85000610351562,36392000.0,166.74032592773438,167.5642803955078,39.50747683166031,-2.134125506554568,-1.7570387571848722,-0.3770867493696959,175.30559449186552,158.17505736360323,17.13053712826229,0.0003172745113595443,-0.016684712693908588,-0.020696891458270028,0,0.012510372062244098,162.31500244140625,161.0500030517578,1
2021-10-13,164.21400451660156,164.41900634765625,163.05450439453125,163.48550415039062,48402000.0,166.2615509033203,167.48232055664062,44.58305279572472,-1.9877529754715795,-1.8031816008422137,-0.1845713746293658,174.24811451490012,158.2749872917405,15.973127223159622,0.011378601203982708,-0.001319673538323074,-0.005101270117434331,0,0.013152472262831314,162.3665008544922,163.10049438476562,1
2021-10-14,164.9929962158203,165.6300048828125,164.53900146484375,165.12249755859375,42190000.0,165.7906005859375,167.42746063232423,46.61690588796272,-1.7882793984692,-1.8002011603676111,0.011921761898411098,172.85699254097125,158.72420863090377,14.132783910067474,0.004743759227551214,0.01649874462701484,0.004511344272273288,0,0.013143407556589676,164.21400451660156,165.1215057373047,1
2021-10-15,170.4510040283203,170.52099609375,165.1999969482422,165.5709991455078,103598000.0,165.6568504333496,167.46049072265626,58.194042611698144,-1.176220794424978,-1.6754050871790847,0.4991842927541066,172.2481001791258,159.0656006875734,13.182499491552392,0.03308023939004423,0.04979169429212016,0.038303453632289486,0,0.016667194021925402,164.9929962158203,164.43099975585938,1
2021-10-18,172.33700561523438,172.45849609375,169.2550048828125,169.41799926757812,63482000.0,165.88437576293944,167.56229095458986,61.315962803013676,-0.5328332054692453,-1.446890710837117,0.9140575053678717,173.04365758000284,158.72509394587604,14.318563634126804,0.011064772529006062,0.04946594611430721,0.08055732577159547,0,0.012238267308022532,170.4510040283203,162.31500244140625,0
2021-10-19,172.20750427246094,172.7344970703125,171.10000610351562,171.71449279785156,47722000.0,166.13567581176758,167.66457092285157,60.979232286490884,-0.03301302829817132,-1.1641151743293279,1.1311021460311566,173.79482668769393,158.47652493584124,15.318301751852687,-0.0007514424560826072,0.04372614730387481,0.06927973305978363,0,0.012503263978540508,172.33700561523438,162.3665008544922,0
2021-10-20,170.7530059814453,173.14300537109375,170.01849365234375,172.63299560546875,42796000.0,166.22320098876952,167.75895111083983,57.18097722904333,0.2429318397554141,-0.8827057715123795,1.1256376112677935,174.04957678527,158.39682519226903,15.652751593000971,-0.008446195751808605,0.0017717816028517408,0.04691899693833457,0,0.013161359271660322,172.20750427246094,164.21400451660156,1
2021-10-21,171.75050354003906,172.01400756835938,170.14999389648438,170.71249389648438,37628000.0,166.2707260131836,167.90185119628907,59.06414638694554,0.5359319622520786,-0.5989782247594879,1.1349101870115665,174.2182989049642,158.323153121403,15.89514578356119,0.005841756945129006,-0.003403227722923008,0.04014618067546327,0,0.012894853979541007,170.7530059814453,164.9929962158203,0
2021-10-22,166.77749633789062,171.49200439453125,166.56500244140625,171.0500030517578,62782000.0,166.04580078125,167.93390106201173,47.7816405189128,0.3626758487974371,-0.40664741004810295,0.7693232588455401,173.66172864139412,158.42987292110587,15.231855720288252,-0.028954833317208384,-0.031531773005542996,0.014270402694839923,0,0.016516280959629915,171.75050354003906,170.4510040283203,0
2021-10-25,166.01849365234375,167.38999938964844,164.88499450683594,166.75,44520000.0,165.83222579956055,167.9603009033203,46.32710053545056,0.16225359868192868,-0.2928672083020966,0.4551208069840253,173.19547339908223,158.46897820003886,14.72649519904337,-0.004550989805058192,-0.0277272561141092,0.022816690726258804,0,0.01590825433055457,166.77749633789062,172.33700561523438,1
2021-10-26,168.80349731445312,170.80599975585938,167.19900512695312,167.47549438476562,53966000.0,165.98250045776368,168.03738098144532,52.09019990036312,0.2255441096864672,-0.18918494470438385,0.41472905439085106,173.45863194263322,158.50636897289414,14.952262969739081,0.01677526160393561,-0.017158646786144205,0.039644855472555696,0,0.01651191095759817,166.01849365234375,172.20750427246094,1
2021-10-27,169.62449645996094,171.85000610351562,168.57249450683594,169.39999389648438,54044000.0,166.21092529296874,168.18791076660156,53.66951755809387,0.3380531984662696,-0.08373731607025318,0.4217905145365228,173.8375219535758,158.5843286323617,15.253193321214098,0.004863638245470758,0.017070649125840776,0.032947810750284745,0,0.01631659762392634,168.80349731445312,170.7530059814453,1
2021-10-28,172.32850646972656,173.9499969482422,169.3000030517578,170.10499572753906,114174000.0,166.61475067138673,168.43326080322265,58.5194922193156,0.6380533890475135,0.060620824953300165,0.5774325640942134,174.62912265226376,158.6003786905097,16.02874396175406,0.01594115275917063,0.038007891040118036,0.04445952508378581,0,0.016798700162443156,169.62449645996094,171.75050354003906,0
2021-10-29,168.6215057373047,168.74099731445312,163.66600036621094,165.00100708007812,129722000.0,166.83767623901366,168.61794097900392,50.68593266278824,0.5701098515712886,0.16251863027689784,0.40759122129439074,174.81480394353113,158.8605485344962,15.954255409034943,-0.021511245053778105,-0.0010781268163503333,-0.010733279639183912,0,0.015275277186343054,172.32850646972656,166.77749633789062,0
2021-11-01,165.90550231933594,168.79299926757812,164.6009979248047,168.08999633789062,72178000.0,167.15850143432618,168.73610107421874,45.843851938497416,0.2937195156300447,0.1887588073475272,0.10496070828251752,174.41081331922467,159.9061895494277,14.504623769796979,-0.01610709978002456,-0.021924864734987448,-0.0373193399347882,0,0.01531273607723635,168.6215057373047,166.01849365234375,0
2021-11-02,165.6374969482422,166.55599975585938,164.17750549316406,165.75050354003906,52552000.0,167.38787612915038,168.78298095703124,45.38313209559943,0.05244780384376213,0.1614966066467742,-0.10904880280301207,174.12475352930446,160.6509987289963,13.473754800308143,-0.0016154097805501921,-0.038827061514978056,-0.038151690032182994,0,0.01529674306769449,165.90550231933594,168.80349731445312,1
2021-11-03,169.1999969482422,169.74600219726562,164.87600708007812,165.4499969482422,67944000.0,167.6928512573242,168.86120086669922,52.25230275523163,0.14700759883919545,0.15859880508525845,-0.011591206246062996,174.17312175458503,161.2125807600634,12.960540994521637,0.021507811127532195,0.0034307083690661155,-0.009095061163209461,0,0.017106441306052822,165.6374969482422,169.62449645996094,1
2021-11-04,173.85000610351562,174.93150329589844,168.25,168.5,107060000.0,168.12927627563477,169.03902099609374,59.42552157412292,0.5903585093122388,0.24495074593065452,0.34540776338158424,175.02070472948745,161.23784782178208,13.782856907705366,0.02748232410840923,0.04788571610414749,0.012224142114303227,0,0.019269423063887098,169.1999969482422,172.32850646972656,1
2021-11-05,175.94949340820312,178.3125,173.8489990234375,173.85000610351562,99940000.0,168.70520095825196,169.24201080322266,62.18762378953805,1.0984659476999354,0.4156537862845107,0.6828121614154248,176.16581343519636,161.24458848130757,14.921224953888782,0.01207642928374364,0.06225641325154285,0.05499541168150213,0,0.01621864437627596,173.85000610351562,168.6215057373047,0
2021-11-08,174.44900512695312,178.9499969482422,174.39300537109375,176.16200256347656,61480000.0,169.3119010925293,169.38136077880858,59.09151668524747,1.3643406197535626,0.6053911529783211,0.7589494667752414,176.56584678905534,162.05795539600325,14.507891393052091,-0.008527948857282919,0.03102250752591096,0.050780556365386254,0,0.01653773226450365,175.94949340820312,165.90550231933594,1
2021-11-09,178.81149291992188,179.68850708007812,175.07150268554688,175.7624969482422,85898000.0,170.13415069580077,169.5360205078125,64.6084517834662,1.905103669721825,0.865333656327022,1.0397700133948031,177.7706474457468,162.49765394585475,15.272993499892038,0.025007238016599764,0.028538893541666166,0.05928784512577656,1,0.017368133725775604,174.44900512695312,165.6374969482422,0
2021-11-10,174.1024932861328,180.2725067138672,173.1544952392578,178.19349670410156,80548000.0,170.62857513427736,169.5472802734375,55.852450017302495,1.931421146406393,1.0785511543428963,0.8528699920634968,177.9414530176223,163.3156972509324,14.625755766689906,-0.026334994227121156,-0.010497331286912326,0.026399470121515556,1,0.02015573622357889,178.81149291992188,169.1999969482422,0
2021-11-11,173.625,177.16200256347656,173.37350463867188,175.64999389648438,45288000.0,171.06017532348633,169.54078033447266,55.0379297555262,1.8919391221639899,1.2412287479071151,0.6507103742568747,178.00112846332007,164.1192221836526,13.881906279667476,-0.0027425987825921982,-0.004723472778497495,0.0075233840113457795,1,0.01966129904642669,174.1024932861328,173.85000610351562,1
2021-11-12,176.25750732421875,177.0364990234375,172.3524932861328,174.25,53788000.0,171.35050048828126,169.60281036376952,58.62078235059668,2.0494459367588718,1.4028721856774666,0.6465737510814051,178.64213334628445,164.05886763027806,14.583265716006395,0.015162029225161966,-0.01428311767883339,0.045284861818338795,1,0.01839090587125323,173.625,175.94949340820312,1
2021-11-15,177.28399658203125,179.69400024414062,176.29049682617188,176.85000610351562,58594000.0,171.59785003662108,169.67044036865235,59.96058212370564,2.2313783854349936,1.568573425628972,0.6628049598060215,179.32894434761386,163.8667557256283,15.462188621985547,0.0058238044631160335,0.018273737703857762,0.06858418861114024,1,0.01689526732218542,176.25750732421875,174.44900512695312,0
2021-11-16,177.03500366210938,178.8249969482422,176.25750732421875,176.9499969482422,44342000.0,171.8392250061035,169.7018505859375,59.457680703840595,2.328626556621259,1.7205840518274296,0.6080425047938296,179.92470359390958,163.75374641829742,16.17095717561216,-0.001404486161877938,0.01964004988975887,0.06880994294081022,1,0.016883744149552998,177.28399658203125,178.81149291992188,1
2021-11-17,177.4499969482422,179.3625030517578,177.2675018310547,178.23599243164062,51206000.0,172.17407455444337,169.72535064697266,60.0589584942828,2.4113859664829533,1.8587444347585342,0.5526415317244191,180.59943182385393,163.7487172850328,16.850714538821137,0.0023441312596286235,0.0067656103965541,0.048758866127661005,1,0.01609881941546093,177.03500366210938,174.1024932861328,1
2021-11-18,184.8029937744141,185.2100067138672,178.0500030517578,178.3175048828125,114070000.0,172.82669906616212,169.93725067138672,68.86883684543423,3.0353096273913422,2.094057473285096,0.9412521541062464,182.88378650518175,162.7696116271425,20.11417487803925,0.04143700734081501,0.042412159796407334,0.06300251530837864,1,0.01867376195756066,177.4499969482422,173.625,0
2021-11-19,183.82850646972656,188.1074981689453,183.78599548339844,185.63450622558597,98734000.0,173.67924957275392,170.14467071533204,66.76695364992989,3.4118114043400283,2.3576082594960823,1.054203144843946,184.40897560795196,162.94952353755588,21.459452070396082,-0.005273114275827551,0.038373782964318925,0.04477997014315993,1,0.018880620811625906,184.8029937744141,176.25750732421875,0
2021-11-22,178.6284942626953,185.67300415039065,178.375,183.81900024414065,96844000.0,174.30974960327148,170.26007049560548,56.80420493621286,3.2530945987749362,2.5367055273518533,0.716389071423083,184.63924465299388,163.9802545535491,20.658990099444793,-0.02828730052206352,0.006641292390649367,0.02395822855338503,1,0.021282433140528537,183.82850646972656,177.28399658203125,1
2021-11-23,179.0019989013672,181.0525054931641,176.385498046875,179.2519989013672,73804000.0,174.81967468261718,170.3901104736328,57.29709644981584,3.1214667638954836,2.6536577746605796,0.467808989234904,185.0176181751812,164.62173119005314,20.395886985128072,0.0020909577736383245,-0.0313901563744583,0.0010654012129445167,1,0.019779077748248622,178.6284942626953,177.03500366210938,1
2021-11-24,179.02049255371094,180.6820068359375,176.84249877929688,178.1334991455078,46560000.0,175.2894744873047,170.49473022460938,57.32306301364933,2.984242549132489,2.719774729554962,0.26446781957752696,185.35161157918432,165.22733739542505,20.12427418375927,0.00010331533981333685,-0.026154887554436068,0.028247724514177452,1,0.01745661449544976,179.0019989013672,177.4499969482422,0
2021-11-26,175.22799682617188,181.6750030517578,175.20750427246094,180.10499572753906,59826000.0,175.43444900512696,170.51105010986328,50.53650762212035,2.5401869661482976,2.6838571768736292,-0.1436702107253316,185.4048964370554,165.46400157319852,19.940894863856897,-0.021184701669844985,-0.019036702126160154,0.009232523116900593,1,0.019025594588785832,179.02049255371094,184.8029937744141,1
2021-11-29,178.07850646972656,179.8000030517578,176.5749969482422,177.3820037841797,65312000.0,175.90729904174805,170.61010009765624,54.862080605178626,2.390723253425506,2.6252303921840046,-0.2345071387584987,185.4273012552681,166.387296828228,19.040004427040117,0.016267432688752415,-0.005159117983645989,0.010331469979081076,1,0.01911947536476484,175.22799682617188,183.82850646972656,0
2021-11-30,175.35350036621094,179.2884979248047,174.60049438476562,178.1750030517578,80022000.0,176.37969894409179,170.76144012451172,50.330786677143806,2.028997940289031,2.50598390180501,-0.47698596151597883,184.7338563841814,168.02554150400218,16.708314880179216,-0.015302274022490625,-0.020483644834123127,-0.010889286416368993,1,0.01970886125424503,178.07850646972656,178.6284942626953,0
2021-12-01,172.18600463867188,177.99400329589844,172.0800018310547,177.25,74916000.0,176.70712432861328,170.8615301513672,45.61463852316241,1.469794711671426,2.2987460637782933,-0.8289513521068672,183.76414570066706,169.6501029565595,14.114042744107564,-0.0180634873037836,-0.01736019496084118,-0.027390058028819775,1,0.02044459997160419,175.35350036621094,179.0019989013672,0
2021-12-02,171.8679962158203,174.63499450683594,171.1875,173.0,64726000.0,176.84052429199218,170.91884002685546,45.15714237608399,0.9895545334481142,2.0369077577122576,-1.0473532242641435,183.40881237353116,170.2722362104532,13.136576163077962,-0.0018468889124809706,-0.03487512545463789,-0.03145675304829676,1,0.020375126187266876,172.18600463867188,179.02049255371094,0
2021-12-03,169.489501953125,173.49349975585938,166.92999267578125,172.75,80712000.0,176.62249908447265,170.89263000488282,41.78179506770871,0.41228357475674215,1.7119829211211546,-1.2996993463644124,183.8315998908017,169.4133982781436,14.418201612658095,-0.013839076006382012,-0.033441011447387536,-0.08286387308195886,1,0.013220154910119459,171.8679962158203,175.22799682617188,1
2021-12-06,171.36849975585938,173.69549560546875,166.9344940185547,169.64999389648438,68860000.0,176.39344940185546,170.89447998046876,45.26264025423347,0.10519893241320233,1.390626123379564,-1.2854271909663617,183.95596180636372,168.8309369973472,15.125024809016509,0.011086219388703134,-0.004747800987240591,-0.06778060135041752,1,0.014607811474260329,169.489501953125,178.07850646972656,1
2021-12-07,176.1645050048828,177.49949645996094,173.33450317382812,174.60000610351562,66410000.0,176.47922439575194,171.01197021484376,52.988824632383206,0.2459940167394734,1.161699702051546,-0.9157056853120726,183.99031452101144,168.96813427049244,15.022180250519,0.027986504263362688,0.024998888005113074,-0.013793931746347798,1,0.01620424677368002,171.36849975585938,175.35350036621094,0
2021-12-08,176.1580047607422,177.17999267578125,174.75050354003906,176.15049743652344,45254000.0,176.34654998779297,171.21917022705077,52.97790995896563,0.3529816671292849,0.9999560950670939,-0.646974427937809,183.7815218097085,168.91157816587744,14.86994364383105,-3.689871657430732e-05,0.03934463627995943,-0.015888057999799643,1,0.016169138626573182,176.1645050048828,172.18600463867188,0
2021-12-09,174.17100524902344,176.96949768066406,174.13949584960938,175.75,46062000.0,176.3499755859375,171.40147033691406,49.613716259998924,0.27427423368362724,0.8548197227904006,-0.5805454891067734,183.78087054817533,168.91908062369967,14.861789924475659,-0.011279643604146683,0.016353679335214144,-0.027089006602037613,1,0.016443405904505555,176.1580047607422,171.8679962158203,0
2021-12-10,172.21200561523438,175.927001953125,170.5,175.41700744628906,60690000.0,176.27932586669922,171.5606704711914,46.47990604751699,0.05320975824659513,0.6944977298816396,-0.6412879716350445,183.83827388314933,168.72037785024912,15.117896032900205,-0.011247564604614624,-0.022436411861395555,-0.017211811271970356,1,0.015468275419063555,174.17100524902344,169.489501953125,0
2021-12-13,169.5675048828125,172.10000610351562,169.1300048828125,172.0,62170000.0,175.9448257446289,171.66876068115235,42.57080566822887,-0.3315526072405248,0.48928766245720673,-0.8208402696977315,184.0503637750698,167.839287714188,16.211076060881794,-0.015356076499860039,-0.0374124348585857,-0.047793536433106465,1,0.014612187389115357,172.21200561523438,171.36849975585938,0
2021-12-14,169.0915069580078,169.49899291992188,166.44000244140625,167.5500030517578,55976000.0,175.53520126342772,171.86081085205078,41.88792243016618,-0.6671975701309236,0.2579906159395807,-0.9251881860705043,184.14121647793826,166.9291860489172,17.21203042902107,-0.0028071293797337082,-0.029163857002221127,-0.0357106838194019,1,0.014139987251668545,169.5675048828125,176.1645050048828,1
2021-12-15,173.31500244140625,173.60000610351562,165.19500732421875,168.59800720214844,75794000.0,175.34920120239258,172.10611083984375,49.61148703039781,-0.5856468606698684,0.08926312061769093,-0.6749099812875593,183.97828509909965,166.7201173056855,17.258167793414145,0.024977573145925636,0.0064048776520044814,0.00655684998965822,1,0.01569343440395154,169.0915069580078,176.1580047607422,0
2021-12-16,168.87100219726562,174.16600036621094,168.16050720214844,173.36849975585938,60876000.0,174.92025146484374,172.22152099609374,43.11775653446899,-0.8695869583663978,-0.10250689517912683,-0.767080063187271,183.93334423613405,165.90715869355344,18.026185542580606,-0.025641174633125208,-0.0041075245285246975,-0.017437766684562206,1,0.017796193313043985,173.31500244140625,174.17100524902344,1
2021-12-17,170.0175018310547,170.89849853515625,165.61349487304688,167.7104949951172,85542000.0,174.18097686767578,172.31944091796876,45.11375438941621,-0.9906786657367093,-0.2801412492906433,-0.7105374164460659,182.20116422625182,166.16078950909974,16.040374717152076,0.00678920370502567,0.005476294402396276,0.00311523647096279,1,0.017413342460821768,168.87100219726562,172.21200561523438,0
2021-12-20,167.07899475097656,167.87449645996094,165.60000610351562,166.85000610351562,57372000.0,173.34350128173827,172.3724008178711,41.13010861339001,-1.3086721218793969,-0.4858474238083941,-0.8228246980710028,180.62296612135322,166.06403644212332,14.558929679229891,-0.017283556389377508,-0.035980772596636235,-0.025030883802996895,1,0.0177942607224039,170.0175018310547,169.5675048828125,1
2021-12-21,170.41700744628906,170.7165069580078,165.6475067138672,167.85049438476562,55956000.0,172.93292694091798,172.53444091796874,46.86944908082576,-1.2766184366456628,-0.6440016263758479,-0.6326168102698149,179.89302509150906,165.9728287903269,13.920196301182159,0.019978649621920752,0.0091549480307902,-0.03262574125493922,1,0.016401000357583184,167.07899475097656,169.0915069580078,1
2021-12-22,171.03700256347656,172.0500030517578,168.50050354003906,169.27000427246094,55036000.0,172.53467712402343,172.70785095214845,47.88572221780018,-1.1874984922949636,-0.7527009995596711,-0.43479749273529256,178.9503402663656,166.11901398168126,12.831326284684337,0.0036381058820253998,0.005996445786122351,-0.029070505221837517,0,0.016520258925463868,170.41700744628906,173.31500244140625,1
2021-12-23,171.06849670410156,171.97500610351562,170.14999389648438,170.42799377441406,36788000.0,172.13707733154297,172.84494079589842,47.940196914946064,-1.1016300746222214,-0.8224868145721812,-0.2791432600500402,177.84191456175765,166.4322401013283,11.409674460429358,0.0001841364158221559,0.02387793845103725,-0.017813002459772354,0,0.01626400427486831,171.03700256347656,168.87100219726562,0
2021-12-27,169.66949462890625,172.9429931640625,169.2154998779297,171.03700256347656,58688000.0,171.8591522216797,172.93847076416014,45.65712324878491,-1.1334013650694317,-0.8846697246716314,-0.24873164039780027,177.47548862283017,166.24281582052922,11.232672802300954,-0.008178022851368039,-0.004386374509119384,-0.014763842841530761,0,0.016091352293080882,171.06849670410156,170.0175018310547,1
2021-12-28,170.66099548339844,172.17599487304688,169.135498046875,170.1824951171875,54638000.0,171.48827667236327,172.9426705932617,47.563095505511534,-1.066283061613376,-0.9209923920599804,-0.14529066955339565,176.3405011457283,166.63605219899824,9.704448946730054,0.005843719029521299,-0.002198396104016065,0.00644870372623374,0,0.015426750196926202,169.66949462890625,167.07899475097656,0
2021-12-29,169.2010040283203,171.21200561523438,168.60049438476562,170.83999633789062,35754000.0,171.18065185546874,172.87995056152343,45.05710654590055,-1.1180126771270977,-0.9603964490734039,-0.1576162280536938,175.78759038522858,166.5737133257089,9.213877059519689,-0.0085549217086347,-0.010916636971513571,0.0006475610294234269,0,0.01567903062204643,170.66099548339844,170.41700744628906,0
2021-12-30,168.64450073242188,170.88800048828125,168.5240020751953,169.6999969482422,37584000.0,171.00357666015626,172.80869049072265,44.10325283445539,-1.190194118275059,-1.006355982913735,-0.1838381353613241,175.7134307744419,166.29372254587062,9.419708228571267,-0.0032890070546229833,-0.006041120701904545,-0.026948052062390593,0,0.01303602168418885,169.2010040283203,171.03700256347656,0
2021-12-31,166.7169952392578,169.35000610351562,166.55850219726562,168.95599365234375,47830000.0,170.74602661132812,172.7279702758789,40.875542370539854,-1.3869441856573417,-1.0824736234624563,-0.30447056219488533,175.79012311012778,165.70193011252846,10.088192997599322,-0.011429400216389607,-0.023110144371121355,-0.012755339460185255,0,0.010841092767136982,168.64450073242188,171.06849670410156,1
2022-01-03,170.4044952392578,170.70350646972656,166.16050720214844,167.5500030517578,63520000.0,170.79177627563476,172.70105010986327,48.62229575406481,-1.2311279229436423,-1.1122044833586937,-0.11892343958494855,175.80596566718685,165.77758688408267,10.028378783104188,0.022118320898886212,0.007112790008835024,0.002276197473997099,0,0.012974784354842102,166.7169952392578,169.66949462890625,0
2022-01-04,167.52200317382812,171.39999389648438,166.34950256347656,170.43800354003906,70726000.0,170.5994514465332,172.71594024658202,43.79205616990142,-1.324962093581803,-1.1547560054033155,-0.17020608817848748,175.80194134346993,165.39696154959648,10.404979793873451,-0.016915587005979504,-0.006655998587079659,0.0026514908322967656,0,0.012919772270266012,170.4044952392578,170.66099548339844,0
2022-01-05,164.35699462890625,167.12649536132812,164.35699462890625,166.88299560546875,64302000.0,170.0090759277344,172.68271026611328,39.18859622531169,-1.635858924946433,-1.2509765893119391,-0.3848823356344939,175.23128018623171,164.78687166923706,10.444408516994656,-0.018893091563845,-0.014155729036291032,-0.03555990630391026,0,0.012180984788516862,167.52200317382812,169.2010040283203,0
2022-01-06,163.25399780273438,164.8000030517578,161.93699645996094,163.45050048828125,51958000.0,169.36387557983397,172.5717202758789,37.701194762857014,-1.9487851473347462,-1.3905383009165007,-0.5582468464182455,174.57642143555896,164.151329724109,10.425091711449966,-0.006710981961323137,-0.04196190614856565,-0.04550480097342502,0,0.01193989712167989,164.35699462890625,168.64450073242188,0
2022-01-07,162.5540008544922,165.24349975585938,162.031005859375,163.83900451660156,46606000.0,168.78302536010742,172.43031036376954,36.74794196991297,-2.227587099238491,-1.5579480605808986,-0.6696390386575923,174.3033755311291,163.26267518908574,11.040700342043351,-0.004287778294336242,-0.029655819684659135,-0.04977243626766048,0,0.01182472302797601,163.25399780273438,166.7169952392578,0
2022-01-10,161.48599243164062,161.6614990234375,156.30450439453125,160.5854949951172,87798000.0,168.24672470092773,172.21346008300782,35.28215359240437,-2.505833322077308,-1.7475251128801808,-0.7583082091971272,174.38036548078824,162.11308392106721,12.267281559721027,-0.006570176170610398,-0.017468086489096035,-0.048232018461328185,0,0.011788031618730939,162.5540008544922,170.4044952392578,1
2022-01-11,165.36199951171875,166.35000610351562,160.70150756835938,161.5,62806000.0,168.03644943237305,172.1482699584961,44.01062926204672,-2.3860788484311115,-1.875235859990367,-0.5108429884407446,174.26221221999867,161.81068664474742,12.451525575251253,0.024002125643924677,0.01291240482534195,-0.031049836294873567,0,0.014668265059536566,161.48599243164062,167.52200317382812,0
2022-01-12,165.20700073242188,166.8780059814453,164.41700744628906,166.5749969482422,50030000.0,167.84222412109375,172.13429992675782,43.75648216841254,-2.2774269116045502,-1.9556740703132038,-0.3217528412913464,174.16581132411935,161.51863691806815,12.647174406051192,-0.0009373300985386912,0.01632072950517216,-0.02360508035300979,0,0.014548099925609827,165.36199951171875,164.35699462890625,0
2022-01-13,161.21400451660156,166.22149658203125,161.09100341796875,165.25050354003906,52188000.0,167.2371742248535,172.045830078125,37.71435863751564,-2.484876779893,-2.061514612229163,-0.4233621676638366,173.66522308301612,160.8091253666909,12.856097716325223,-0.024169655027437842,-0.0016842817816177247,-0.04406011570818924,0,0.016120698046883406,165.20700073242188,163.25399780273438,1
2022-01-14,162.13800048828125,162.25,159.80050659179688,160.14999389648438,45974000.0,166.9005241394043,171.9045901489258,39.786396476229335,-2.5453819635189916,-2.158288082487129,-0.3870938810318627,173.64833228674044,160.15271599206815,13.495616294672288,0.005731487003565627,-0.01949661368970701,-0.02746567465665506,0,0.016200029307747096,161.21400451660156,162.5540008544922,0
2022-01-18,158.91749572753906,159.7344970703125,157.6645050048828,159.10499572753906,67292000.0,166.34552383422852,171.60593994140626,35.36986170448395,-2.8206854704815214,-2.2907675600860076,-0.5299179103955138,173.76869377551066,158.92235389294638,14.84633988256428,-0.019862738846190164,-0.03807045087072092,-0.06741019065013709,0,0.014404560891003618,162.13800048828125,161.48599243164062,0
2022-01-19,156.2989959716797,159.25,156.25,158.76199340820312,53242000.0,165.80652389526367,171.21292999267578,32.23651528501698,-3.213117708934078,-2.475237589855622,-0.7378801190784561,174.4100299678941,157.20301782263323,17.207012145260876,-0.016477101806013472,-0.030487478799744894,-0.06699422756127715,0,0.014371183219309726,158.91749572753906,165.36199951171875,0
2022-01-20,151.66749572753906,158.0,151.3509979248047,156.76600646972656,71974000.0,164.86904830932616,170.7572998046875,27.582181735232936,-3.8534265453290573,-2.7508753809503093,-1.102551164378748,175.17613260293507,154.56196401571725,20.61416858721782,-0.02963230963415675,-0.06457773457924787,-0.07720692952568398,0,0.015712486870026448,156.2989959716797,165.20700073242188,0
2022-01-21,142.64300537109375,150.89999389648438,142.07049560546875,149.9499969482422,163972000.0,163.44934844970703,170.03393005371095,21.168751936150386,-5.031081684382542,-3.206916641636756,-1.8241650427457863,177.2103244642243,149.68837243518976,27.521952029034537,-0.05950180896147472,-0.10240842445911436,-0.12625107322973872,0,0.02262125138851044,151.66749572753906,161.21400451660156,1
2022-01-24,144.54400634765625,144.94500732421875,135.3520050048828,139.0,155624000.0,162.12312393188478,169.4427603149414,25.118596830181332,-5.744764901358167,-3.7144862935810385,-2.030278607777128,177.68593482709434,146.5603130366752,31.12562179041913,0.01332698348311534,-0.07520835019409444,-0.1107939171731449,0,0.024031636649466732,142.64300537109375,162.13800048828125,0
2022-01-25,139.98599243164062,143.60000610351562,138.14500427246094,142.24249267578125,90824000.0,160.6389488220215,168.76998016357422,22.24109390822632,-6.602053262359021,-4.291999687336635,-2.310053575022386,178.52779886906333,142.75009877497965,35.777700094083684,-0.031533745543573244,-0.07702047983230043,-0.1331384826402282,0,0.024758717005391652,144.54400634765625,158.91749572753906,0
2022-01-26,138.87249755859375,145.18499755859375,137.31849670410156,144.75,95602000.0,159.04952392578124,168.02227996826173,21.590397667203675,-7.287306660282411,-4.891061081925791,-2.39624557835662,178.6600635987853,139.43898425277717,39.22107934600814,-0.007954330670553511,-0.026433177026036536,-0.1601909872361441,0,0.02111676328854549,139.98599243164062,156.2989959716797,1
2022-01-27,139.6374969482422,144.24349975585938,139.35000610351562,140.8000030517578,77516000.0,157.57134857177735,167.26934997558592,23.25169922852804,-7.680114281016444,-5.448871721743922,-2.2312425592725216,178.32196555967963,136.82073158387507,41.50123397580455,0.005508645722495764,-0.033944744741701394,-0.1547725197529215,0,0.021753765267529288,138.87249755859375,151.66749572753906,1
2022-01-28,143.97799682617188,143.9980010986328,137.92950439453125,140.86050415039062,74392000.0,156.33802337646483,166.6082098388672,32.0488023100836,-7.554096167044264,-5.86991661080399,-1.6841795562402737,177.2410529131239,135.43499383980577,41.806059073318124,0.031084056738273746,0.02851717036246093,-0.10691383631410722,0,0.026149881099012038,139.6374969482422,142.64300537109375,1
2022-01-31,149.57350158691406,150.36050415039062,144.30050659179688,144.75,78308000.0,155.48084869384766,166.05067993164062,41.37747095465823,-6.922912408322588,-6.08051577030771,-0.8423966380148782,176.0138657562984,134.94783163139692,41.06603412490148,0.03886361030218932,0.07705632300452647,-0.07749262272588164,0,0.03026997638180449,143.97799682617188,144.54400634765625,1
2022-02-01,151.19349670410156,151.70799255371094,147.62750244140625,150.0,59220000.0,154.52029876708986,165.37848999023439,43.78373700059408,-6.220271250023416,-6.1084668662508514,-0.11180438377256419,173.93800710803586,135.10259042614385,38.83541668189201,0.010830762802234384,0.0827571390809354,-0.04860383048497152,0,0.03044603533210978,149.57350158691406,139.98599243164062,0
2022-02-02,150.6125030517578,155.0749969482422,148.86349487304688,155.05050659179688,87330000.0,153.67482376098633,164.714169921875,43.10044983910955,-5.645229707952922,-6.015819434591267,0.3705897266383449,172.20677981653466,135.142867705438,37.06391211109667,-0.0038427158906232384,0.04608000091566722,-0.036382146184433806,0,0.030156801382693856,151.19349670410156,138.87249755859375,0
2022-02-03,138.8455047607422,144.24749755859375,138.33299255371094,141.7375030517578,225532000.0,152.3992492675781,163.91851013183594,32.155294832475676,-6.069043409512034,-6.026464229575421,-0.04257917993661309,171.32238377546955,133.47611475968668,37.846269015782866,-0.0781276325178123,-0.07172391307519177,-0.08454013765632917,0,0.03779615654999847,150.6125030517578,139.6374969482422,1
2022-02-04,157.63949584960938,161.1999969482422,150.60800170898438,155.60650634765625,253456000.0,152.11852416992187,163.4912600708008,52.78054065258587,-4.832692537154259,-5.787709891091189,0.9550173539369302,170.54938733412928,133.68766100571446,36.86172632841482,0.13535901735711864,0.04263410322550554,0.1051330237995296,0,0.05478412762225737,138.8455047607422,143.97799682617188,1
2022-02-07,157.9355010986328,162.6909942626953,157.25,158.52000427246094,102624000.0,151.8875991821289,163.0695602416992,53.02277493805459,-3.785355195217903,-5.387238951916532,1.601883756698629,169.90067834613575,133.87452001812204,36.02615832801371,0.0018777353189827206,0.048621448408957546,0.09264648939346154,0,0.05485784265870794,157.63949584960938,149.57350158691406,1
2022-02-08,161.4134979248047,161.79249572753906,155.55050659179688,156.75050354003906,76040000.0,151.88397445678712,162.79327026367187,55.88630960674315,-2.6442067594738035,-4.838632513427986,2.1944257539541825,169.88935385270463,133.8785950608696,36.01075879183503,0.022021627828944013,0.1625403228066442,0.15306892583290255,0,0.0529097482439958,157.9355010986328,151.19349670410156,0
2022-02-09,161.1894989013672,163.83450317382812,160.25,162.87350463867188,68786000.0,151.67534942626952,162.4554901123047,55.651026960546794,-1.7378800523191558,-4.21848202120622,2.480601968887064,169.1397908642016,134.21090798833745,34.92888287586413,-0.0013877341505965646,0.0225197564393671,0.16070137525507766,0,0.05262544354348109,161.4134979248047,150.6125030517578,0
2022-02-10,159.0034942626953,160.7165069580078,157.75,158.35000610351562,68268000.0,151.36517410278321,162.12848999023439,53.29302338007844,-1.1823722608832838,-3.611260069141633,2.428887808258349,168.06071553599907,134.66963266956736,33.3910828664317,-0.013561706274733853,0.006762210881235076,0.1386876572388811,0,0.05339656324839889,161.1894989013672,138.8455047607422,0
2022-02-11,153.2935028076172,159.0,152.73399353027344,158.13450622558594,77100000.0,150.969149017334,161.75063995361327,47.617488170512836,-1.189168924854215,-3.1268418402841496,1.9376729154299346,167.07683533442352,134.86146270024446,32.21537263417906,-0.03591110674363196,-0.050305552023723776,0.06470090004580453,0,0.05522974255335054,159.0034942626953,157.63949584960938,1
2022-02-14,155.16700744628906,158.44850158691406,151.64999389648438,151.75100708007812,83230000.0,150.62059936523437,161.41662017822264,49.51718384894954,-1.0314888023749802,-2.707771232702316,1.6762824303273356,166.03317103552132,135.20802769494742,30.825143340573902,0.012221683270054351,-0.03736280276398973,0.037396369009417896,0,0.05418746971668218,153.2935028076172,157.9355010986328,1
2022-02-15,156.510498046875,158.0070037841797,154.6374969482422,157.60549926757812,56440000.0,150.50024948120117,161.15704010009765,50.89252322776305,-0.7890223473673075,-2.324021455635314,1.5349991082680066,165.68774145848357,135.31275750391876,30.37498395456481,0.008658352201907249,-0.015678876916387363,0.03516686536577196,0,0.054165615084337045,155.16700744628906,161.4134979248047,1
2022-02-16,158.10049438476562,158.83399963378906,154.7344970703125,155.79049682617188,52704000.0,150.59032440185547,160.8916799926758,52.5404433475036,-0.46322672919771435,-1.9518625103477942,1.4886357811500799,165.93487102081292,135.24577778289802,30.689093237914904,0.010159039538768955,0.03135809078080243,0.04971693040938696,0,0.05410029960328168,156.510498046875,161.1894989013672,0
2022-02-17,154.65249633789062,160.3489990234375,154.5,158.14599609375,64032000.0,150.73957443237305,160.46143981933594,48.722139723966755,-0.47774879016373006,-1.6570397663109815,1.1792909761472514,166.1808890528815,135.2982598118646,30.8826292410169,-0.021808901106176726,-0.003315853781458933,0.11384590091257873,0,0.046792130013296934,158.10049438476562,159.0034942626953,0
2022-02-18,152.60150146484375,155.49949645996094,150.89300537109375,155.49949645996094,63604000.0,151.23749923706055,159.99030975341796,46.554816939010294,-0.6472941692244376,-1.4550906468936726,0.807796477669235,166.23833085091022,136.23666762321088,30.00166322769934,-0.013261957754408193,-0.02497593855244462,-0.03195896026952505,0,0.01778552853437077,154.65249633789062,153.2935028076172,0
2022-02-22,150.19749450683594,152.9824981689453,148.48550415039062,150.47850036621094,66128000.0,151.52017364501953,159.51083953857423,44.07972168966539,-0.9645249310165127,-1.3569775037182408,0.39245257270172806,166.21578803772488,136.82455925231417,29.391228785410703,-0.015753494788264932,-0.04998719269464358,-0.048994725935395556,0,0.01810830711205611,152.60150146484375,155.16700744628906,0
2022-02-23,144.82699584960938,151.76300048828125,144.6510009765625,151.65049743652344,64244000.0,151.76222381591796,158.96313934326173,39.08102470513022,-1.6304916608486906,-1.4116803351443308,-0.2188113257043598,165.83627752427589,137.68817010756004,28.148107416715845,-0.03575624663287669,-0.06353276358898285,-0.10275783802741345,0,0.01779214970512233,150.19749450683594,156.510498046875,1
2022-02-24,151.35800170898438,151.74899291992188,139.5,139.83749389648438,100786000.0,152.3864990234375,158.59894927978516,46.958450397447464,-1.6126874443186523,-1.451881756979195,-0.16080568733945722,165.16631827691074,139.60667976996424,25.5596385069465,0.04509522427819257,-0.0081486731383561,-0.06099340998881553,0,0.02506393789747551,144.82699584960938,158.10049438476562,1
2022-02-25,153.7884979248047,153.99000549316406,149.2135009765625,150.5500030517578,62396000.0,153.09404907226562,158.29288909912108,49.57184141895103,-1.3864743293158028,-1.4388002714465167,0.05232594213071384,164.46097395396865,141.7271241905626,22.733849763406056,0.01605793012842116,0.023908544078978133,-0.03279799832118624,0,0.025809064465674703,151.35800170898438,154.65249633789062,0
2022-02-28,153.56300354003906,154.4499969482422,150.85000610351562,152.4250030517578,57684000.0,153.57329940795898,157.89784912109374,49.32900377993599,-1.2114297105989635,-1.393326159277006,0.18189644867804255,164.14267780392427,143.0039210119937,21.138756791930575,-0.0014662630028149382,0.060320298982803555,0.0017580701561767942,0,0.0230882366519678,153.7884979248047,152.60150146484375,0
2022-03-01,151.14199829101562,154.0989990234375,149.9770050048828,152.7324981689453,44874000.0,153.65172424316407,157.54326904296875,46.68476419506338,-1.2536096478728211,-1.365382856996169,0.11177320912334787,164.12405571043502,143.17939277589312,20.944662934541896,-0.015765550251120253,-0.0014271027334521458,-0.025939851657361457,0,0.02319400789481706,153.56300354003906,150.19749450683594,1
2022-03-02,152.05250549316406,152.99949645996094,148.75,150.8489990234375,47334000.0,153.69467468261718,157.18396911621093,47.817671175065904,-1.1997374042792899,-1.3322537664527931,0.13251636217350327,164.13331784131867,143.25603152391568,20.87728631740299,0.0060241839623909055,-0.011288181203833902,-0.028483664733951364,0,0.023069284936622095,151.14199829101562,144.82699584960938,0
2022-03-03,147.89849853515625,153.9290008544922,146.8560028076172,153.531494140625,65198000.0,153.5589744567871,156.80035919189453,43.29731740091169,-1.4752313593187978,-1.3608492850259941,-0.11438207429280367,164.22250051450405,142.89544839907015,21.3270521154339,-0.027319556126581324,-0.036887172523985434,-0.06452855121870149,0,0.02379065593850335,152.05250549316406,151.35800170898438,0
2022-03-04,145.64100646972656,147.85000610351562,143.8070068359375,147.15899658203125,60934000.0,153.89874954223632,156.30483917236327,41.027441395689685,-1.8543472853319827,-1.459548885087192,-0.3947984002447906,162.98118340427888,144.81631568019375,18.164867724085127,-0.0152637929917393,-0.03639618295040137,-0.05826928165760359,0,0.02340642634956276,147.89849853515625,153.7884979248047,0
2022-03-07,137.4530029296875,146.09449768066406,137.41650390625,145.44349670410156,86934000.0,152.88942489624023,155.6331591796875,34.05401874621158,-2.7834173412675796,-1.7243225763232695,-1.05909476494431,164.2784344947928,141.50041529768765,22.778019197105152,-0.05622045424233624,-0.09601619201291567,-0.09926834526360251,0,0.028358456508366263,145.64100646972656,153.56300354003906,0
2022-03-08,136.01449584960938,140.69949340820312,133.57249450683594,136.68350219726562,91662000.0,151.79337463378906,154.93207916259766,32.993026108625585,-3.59435407704936,-2.0983288764684875,-1.4960252005808723,165.08864837983654,138.49810088774157,26.59054749209497,-0.010465446730283379,-0.08035242279840982,-0.09442899632777202,0,0.02828923099799774,137.4530029296875,151.14199829101562,1
2022-03-09,139.2790069580078,140.25,136.8280029296875,139.5,82656000.0,150.68665008544923,154.3242694091797,37.73418496633953,-3.9283252308859176,-2.464328147351974,-1.4639970835339438,164.27625906866894,137.09704110222953,27.17921796643941,0.024001199930983708,-0.04368274887636936,-0.038307698499544074,0,0.02843965494699256,136.01449584960938,152.05250549316406,1
2022-03-10,146.8175048828125,148.67449951171875,143.97799682617188,145.68499755859375,135062000.0,149.9680503845215,153.84739959716796,47.05111206597649,-3.543854645378758,-2.680233446957331,-0.863621198421427,162.7564834576514,137.17961731139158,25.576866146259817,0.05412515560997311,0.06812875494553805,-0.029998393047642624,0,0.03024146713037455,139.2790069580078,147.89849853515625,0
2022-03-11,145.52450561523438,149.6750030517578,145.36900329589844,149.57449340820312,68900000.0,149.29410095214843,153.37386962890625,45.78564598566591,-3.305390684969069,-2.805264894559679,-0.5001257904093901,161.51491753388896,137.0732843704079,24.44163316348107,-0.008806846762653975,0.06991908991921103,-0.05373608833614474,0,0.029548534141819065,146.8175048828125,145.64100646972656,0
2022-03-14,141.85299682617188,147.4499969482422,140.88400268554688,145.9810028076172,74086000.0,148.72207565307616,152.83803955078125,42.30615919439789,-3.373775568847151,-2.9189670294171735,-0.45480853942997745,161.20864720958633,136.235504096566,24.973143113020342,-0.025229488143872714,0.0184808172055686,-0.07625538993064818,0,0.030171395696019055,145.52450561523438,137.4530029296875,1
2022-03-15,147.3665008544922,147.98500061035156,142.0,142.85000610351562,75584000.0,148.33205032348633,152.45102966308593,48.620700810433135,-2.949082201320408,-2.9249900637978206,-0.024092137522587542,160.4714933769398,136.19260727003285,24.278886106906953,0.038867730338306705,0.0037393086888235505,-0.024979803623172425,0,0.033291837508450384,141.85299682617188,136.01449584960938,1
2022-03-16,153.10400390625,153.14999389648438,147.35350036621094,148.5,84958000.0,148.16172561645507,152.10501983642578,54.23419641632994,-2.1250449069490287,-2.7650010324280623,0.6399561254790336,159.9272235825893,136.39622765032084,23.530995932268468,0.038933563723705156,0.052083999591489905,0.006915363937447294,0,0.03571472690042775,147.3665008544922,139.2790069580078,1
2022-03-17,157.23899841308594,157.49850463867188,152.13999938964844,152.6405029296875,72934000.0,148.1186508178711,151.89935974121093,57.811653297558884,-1.1253574944950913,-2.437072324841468,1.3117148303463768,159.74375606457394,136.49354557116826,23.25021049340569,0.027007748989816838,0.10846440985500094,0.06315479853035422,0,0.035008960214283145,153.10400390625,146.8175048828125,1
2022-03-18,161.25050354003906,161.593994140625,156.01100158691406,156.81300354003906,102962000.0,148.44855117797852,151.83722991943358,60.99694383876044,-0.009295921966611331,-1.9515170442664969,1.9422211222998855,161.12366927344289,135.77343308251415,25.35023619092874,0.025512151358369817,0.09421410296805344,0.10717789892201224,0,0.03453867337964102,157.23899841308594,145.52450561523438,1
2022-03-21,161.4915008544922,163.08399963378906,159.55299377441406,161.12100219726562,66538000.0,148.89305114746094,151.80197998046876,61.18653952205665,0.8844420864034532,-1.384325218132507,2.2687673045359604,162.69314556301725,135.09295673190462,27.600188831112632,0.0014945523217748669,0.05478300197412267,0.174885214672984,0,0.02582246696371782,161.25050354003906,141.85299682617188,1
2022-03-22,164.88900756835938,166.16700744628906,161.69900512695312,161.8054962158203,64086000.0,149.62762680053712,151.8486801147461,63.85414220971436,1.8456112372422808,-0.7383379270575494,2.5839491642998302,165.09106788543772,134.1641857156365,30.926882169801218,0.02103830044237709,0.048652110688061745,0.2122899587899545,0,0.024019982643580726,161.4915008544922,147.3665008544922,0
2022-03-23,163.4080047607422,166.3699951171875,162.68699645996094,163.7050018310547,55812000.0,150.55667724609376,151.88712036132813,61.85834095552311,2.4594887099443667,-0.09877259965716623,2.5582613096015328,166.9589948599085,134.154359632279,32.80463522762949,-0.008981816492546923,0.0133798107499703,0.17324217288546007,0,0.02557695462831794,164.88900756835938,153.10400390625,1
2022-03-24,163.64950561523438,164.11849975585938,160.0500030517578,163.74949645996094,56798000.0,151.17125244140624,151.85287048339845,62.06654925681071,2.931683507890426,0.5073186218523522,2.4243648860380738,168.54022532938882,133.80227955342366,34.73794577596516,0.0014779010051912955,0.013362961823524033,0.1146457348247194,0,0.02213474818739876,163.4080047607422,157.23899841308594,1
2022-03-25,164.77349853515625,165.36849975585938,162.25,164.0,49032000.0,151.72050247192382,151.84420043945312,63.0767959303754,3.357890451370281,1.077432987755938,2.2804574636143427,170.0537711868664,133.38723375698123,36.66653742988518,0.006868294014676479,-0.0007005259774836015,0.13227320607304494,0,0.02109658665864018,163.64950561523438,161.25050354003906,1
2022-03-28,168.99049377441406,169.03750610351562,164.89999389648438,164.97500610351562,59854000.0,152.49187698364258,151.99973022460938,66.66390081735743,3.9899451931101737,1.6599354288267851,2.3300097642833886,172.30854232131716,132.675211645968,39.63333067534916,0.025592678900108856,0.03416288585033289,0.1913071810636242,1,0.016583097128392253,164.77349853515625,161.4915008544922,1
2022-03-29,169.31500244140625,170.8314971923828,167.86849975585938,170.38400268554688,66154000.0,153.4005271911621,152.14327026367187,66.93014787749082,4.465562047474265,2.2210607525562813,2.2445012949179834,174.51063661398277,132.29041776834143,42.22021884564134,0.00192027764251268,0.034619700223796235,0.1489382014205911,1,0.015439491381381088,168.99049377441406,164.88900756835938,0
2022-03-30,166.30099487304688,168.95050048828125,165.5,168.50950622558594,56168000.0,154.11295166015626,152.29094024658204,61.97887933090721,4.546873086922034,2.686223219429432,1.8606498674926018,175.9424616438914,132.28344167642112,43.65901996747027,-0.01780118433038691,0.00927027921037138,0.08619624980466067,1,0.015716058393585246,169.31500244140625,163.4080047607422,0
2022-03-31,162.99749755859375,166.4949951171875,162.95350646972656,166.44500732421875,59966000.0,154.86790161132814,152.4249102783203,57.0015574987406,4.295235248448421,3.00802562523323,1.2872096232151908,176.82947837736702,132.90632484528925,43.92315353207778,-0.019864567358571672,-0.035463510887306926,0.03662258856660694,1,0.01652303062332156,166.30099487304688,163.64950561523438,1
2022-04-01,163.55999755859375,165.82699584960938,162.3195037841797,164.14950561523438,57090000.0,155.76385116577148,152.6627603149414,57.625564102192264,4.094006340830077,3.2252217683525997,0.8687845724774776,177.6083776938211,133.91932463772187,43.689053056099226,0.003450973226124532,-0.033989928829869065,0.014322398800951541,1,0.014658518580344233,162.99749755859375,164.77349853515625,1
2022-04-04,168.34649658203125,168.39450073242188,163.20550537109375,164.125,49882000.0,157.30852584838868,153.17683013916016,62.59943749225804,4.271522003787055,3.434481815439491,0.8370401883475642,178.09906264385106,136.5179890529263,41.581073590924746,0.029264484561530857,0.012299996825310133,0.042448027860708226,1,0.017083175158172162,163.55999755859375,168.99049377441406,0
2022-04-05,164.05499267578125,168.11050415039062,163.26600646972656,167.7415008544922,53728000.0,158.71055068969727,153.56704986572265,56.22691637128179,4.019580721516434,3.5515015966548797,0.4680791248615539,177.2253973224331,140.19570405696143,37.02969326547168,-0.025492089193307588,0.006487799708749353,-0.0050580381608056335,1,0.01830932212026387,168.34649658203125,169.31500244140625,0
2022-04-06,158.75599670410156,162.1999969482422,157.25450134277344,161.65049743652344,79056000.0,159.68440017700195,153.94244995117188,49.52316354497255,3.353671710925198,3.511935619508944,-0.15826390858374584,175.91675826961344,143.45204208439046,32.46471618522298,-0.032300120131985244,-0.029371490133283995,-0.028468666901918183,1,0.020839880887480462,164.05499267578125,166.30099487304688,0
2022-04-07,157.7845001220703,160.07899475097656,154.51150512695312,158.39999389648438,68136000.0,160.23274993896484,154.3206900024414,48.38420041341399,2.716231343252389,3.352794764257633,-0.6365634210052442,175.3951120419622,145.0703878359675,30.3247242059947,-0.0061194323502751224,-0.06273962734243377,-0.03583882194519794,1,0.020809582929440924,158.75599670410156,162.99749755859375,0
2022-04-08,154.4604949951172,157.36849975585938,154.2310028076172,156.75,46002000.0,160.67954940795897,154.6171499633789,44.60427795091926,1.9206952462788252,3.0663748606618717,-1.1456796143830466,174.55384220761118,146.80525660830676,27.74858559930442,-0.021066740550443774,-0.05848342390667427,-0.06258896989942031,1,0.02114316892268196,157.7845001220703,163.55999755859375,0
2022-04-11,151.1219940185547,154.13650512695312,150.5345001220703,152.71299743652344,52112000.0,161.14299926757812,154.76002990722657,41.128908251140565,1.0092045482828098,2.6549407981860593,-1.6457362499032495,172.93360629954662,149.3523922356096,23.58121406393701,-0.021613947156313595,-0.04808638945321586,-0.10573671546111996,1,0.018328321029885537,154.4604949951172,168.34649658203125,0
2022-04-12,150.78750610351562,155.0989990234375,150.38299560546875,153.6925048828125,55178000.0,161.3140495300293,154.78430999755858,40.78602248392226,0.2568899563650575,2.1753306298218593,-1.9184406734568018,172.37706211441173,150.2510369456469,22.12602516876484,-0.002213363562407644,-0.04434525579598403,-0.10942619419860511,1,0.018049995660388615,151.1219940185547,164.05499267578125,1
2022-04-13,155.54100036621094,156.02499389648438,149.60000610351562,150.01849365234375,53390000.0,161.43589935302734,154.8712600708008,47.48629084376116,0.043738294691650026,1.7490121627958175,-1.7052738681041675,172.18371342963894,150.68808527641573,21.49562815322321,0.03152445706895657,0.006995350954481339,-0.06470192505492856,1,0.022330959657146755,150.78750610351562,158.75599670410156,0
2022-04-14,151.7064971923828,155.89700317382812,151.4720001220703,155.38999938964844,51598000.0,161.15927429199218,154.8931399536133,43.23621712562197,-0.4296456056107445,1.3132806091145053,-1.7429262147252498,172.58813598109379,149.73041260289057,22.857723378203218,-0.024652684274885983,0.0038677571562242274,-0.06927100437325484,1,0.022699013749363492,155.54100036621094,157.7845001220703,1
2022-04-18,152.78500366210938,154.0395050048828,150.25050354003906,151.52349853515625,46514000.0,160.7359992980957,155.17192993164062,44.73445579600268,-0.7095994774294354,0.908704591805717,-1.6183040692351525,172.732925979048,148.7390726171434,23.9938533619046,0.007109164667870926,0.013247102563142432,-0.0658779289393443,1,0.022913224404926328,151.7064971923828,154.4604949951172,1
2022-04-19,158.11549377441406,158.6490020751953,151.55050659179688,152.0294952392578,54926000.0,160.56719894409179,155.18144989013672,51.54218909965382,-0.4956256702952828,0.6278385393855171,-1.1234642096808,172.61176323134117,148.5226346568424,24.089128574498773,0.03488883060861969,0.01655186350956761,-0.06077348216529033,1,0.02393636592099551,152.78500366210938,151.1219940185547,0
2022-04-20,153.9980010986328,157.6024932861328,153.60350036621094,157.6024932861328,59630000.0,160.02264862060548,155.1026998901367,46.75153980745601,-0.6507951725140515,0.3721117970056035,-1.022906969519655,172.22021619615285,147.8250810450581,24.395135151094735,-0.026041044919075107,0.015104850145897686,-0.06130256332414019,1,0.023986629056634495,158.11549377441406,150.78750610351562,0
2022-04-21,148.29600524902344,156.73800659179688,147.58949279785156,154.71400451660156,63970000.0,159.26704864501954,154.8403500366211,41.06000654895814,-1.2198103184091167,0.053727373922659444,-1.273537692331776,172.3707746487699,146.1633226412692,26.207452007500706,-0.037026427673936824,-0.029381145436325307,-0.06588722109549061,1,0.0246000815705265,153.9980010986328,155.54100036621094,0
2022-04-22,144.35000610351562,149.61500549316406,143.69749450683594,148.25,73078000.0,158.30207366943358,154.50356018066407,37.64453934800259,-1.966499491975327,-0.35031799925693785,-1.616181492718389,172.74663576681766,143.8575115720495,28.889124194768158,-0.026608937569704394,-0.08705970137586816,-0.0851445738216432,1,0.025403090904267837,148.29600524902344,151.7064971923828,1
2022-04-25,146.07400512695312,146.22149658203125,142.30650329589844,144.0229949951172,61874000.0,157.36709899902343,154.24497039794923,39.99307516510402,-2.3915751390025264,-0.7585694272060556,-1.633005711796471,172.42292603526857,142.31127196277828,30.111654072490296,0.011943186356370372,-0.051455187178725215,-0.054295370919465014,1,0.025741265158501413,144.35000610351562,152.78500366210938,0
2022-04-26,139.39100646972656,144.8560028076172,138.92950439453125,144.8000030517578,77530000.0,155.88712463378906,153.9669204711914,34.55924582775887,-3.2304738990561077,-1.252950321576066,-1.9775235774800417,171.8722411664196,139.90200810115851,31.970233065261084,-0.0457507730510871,-0.06004881091937242,-0.07762594468802342,1,0.028434855182165063,146.07400512695312,158.11549377441406,0
2022-04-27,138.16700744628906,141.94850158691406,135.7834930419922,140.19149780273438,71336000.0,154.3297248840332,153.6269204711914,33.657270883112076,-3.9485571927164074,-1.7920716958041343,-2.156485496912273,170.8391435529054,137.820306215161,33.0188373377444,-0.008781047317448887,-0.04283337995006831,-0.08369724377935261,1,0.028370264957395277,139.39100646972656,153.9980010986328,1
2022-04-28,144.59649658203125,145.9375,140.3000030517578,142.17799377441406,117316000.0,153.24449996948243,153.38864044189452,42.19214553135793,-3.9532665408216303,-2.224310664807634,-1.7289558760139965,169.3110782588776,137.17792168008728,32.133156578790306,0.04653418536434306,-0.010114794508699676,-0.07036410823134465,0,0.030989792782901624,138.16700744628906,148.29600524902344,0
2022-04-29,124.28150177001952,130.76100158691406,121.625,129.8489990234375,272662000.0,151.3087001800537,152.71226058959962,29.345900798391156,-5.532474117180556,-2.885943355282218,-2.6465307618983376,171.10497546547114,131.51242489463627,39.592550570834874,-0.14049437774923412,-0.10839655356809974,-0.18077667028054156,0,0.05254406755768581,144.59649658203125,144.35000610351562,1
2022-05-02,124.5,124.66799926757812,118.375,122.4010009765625,148788000.0,149.35570030212403,152.1092106628418,29.594196346019615,-6.689266814019675,-3.6466080470297095,-3.042658766989965,171.49973120574614,127.21166939850191,44.28806180724423,0.0017580913238786078,-0.09891657711123236,-0.18512944977677837,0,0.052281753655639876,124.28150177001952,146.07400512695312,0
2022-05-03,124.25350189208984,126.22049713134766,122.8249969482422,124.05349731445312,79134000.0,147.15105056762695,151.5422506713867,29.46837967928103,-7.539018584379107,-4.425090154499589,-3.1139284298795182,170.0597866128053,124.2423145224486,45.817472090356716,-0.0019799044812061073,-0.14068801921767582,-0.21415985918897784,0,0.049276197221413506,124.5,139.39100646972656,1
2022-05-04,125.92849731445312,126.0,119.18299865722656,123.5999984741211,110746000.0,145.24472579956054,151.05687072753906,31.59649281139326,-7.985245908268439,-5.137121305253359,-2.84812460301508,168.5514757287092,121.93797587041188,46.61349985829732,0.01348046853293483,0.013252137453901636,-0.1822718709589074,0,0.05054216121943436,124.25350189208984,138.16700744628906,0
2022-05-05,116.40699768066406,123.4990005493164,115.07250213623048,123.0,144392000.0,143.12727584838868,150.48847076416016,26.67026400621073,-9.00340408542678,-5.910377861288044,-3.093026224138736,168.72185026168373,117.53270143509364,51.189148826590085,-0.07561036490424522,-0.06500403469346139,-0.2150361873525205,0,0.053484395261529274,125.92849731445312,144.59649658203125,0
2022-05-06,114.77249908447266,119.05049896240234,113.0814971923828,114.8499984741211,124260000.0,140.9766757965088,149.75676071166993,25.92308231818558,-9.828890817820508,-6.694080452594537,-3.1348103652259702,168.44326905904526,113.51008253397234,54.93318652507293,-0.014041240035030156,-0.07630370704441902,-0.2049013215685802,0,0.053526087056523536,116.40699768066406,124.28150177001952,0
2022-05-09,108.78900146484376,114.0,107.95700073242188,111.3125,128124000.0,138.6931011199951,148.8567707824707,23.344725973287268,-10.840945579890601,-7.52345347805375,-3.3174921018368506,168.76636984783488,108.61983239215532,60.146537455679564,-0.05213354825727923,-0.13610498191533826,-0.2552473565005965,0,0.05293721605054653,114.77249908447266,124.5,1
2022-05-10,108.85900115966795,112.64250183105467,107.1709976196289,111.25,105434000.0,136.57995147705077,147.9626907348633,23.44066165793612,-11.504738416912375,-8.319710465825477,-3.185027951086898,168.73052090707404,104.4293820470275,64.30113886004654,0.0006434445934941913,-0.06484143282951349,-0.21903855982767195,0,0.05321193417307893,108.78900146484376,124.25350189208984,0
2022-05-11,105.37200164794922,110.15599822998048,104.42849731445312,108.10350036621094,109704000.0,134.30917625427247,147.04729080200195,21.965881778221103,-12.17186110307037,-9.090140593274455,-3.0817205097959146,168.4771398903974,100.14121261814753,68.33592727224988,-0.03203225709010693,-0.08190548704184497,-0.23735771950542206,0,0.05302622779756225,108.85900115966795,125.92849731445312,1
2022-05-12,106.93049621582033,110.78050231933594,102.40550231933594,102.75,132026000.0,131.87865104675294,146.14485061645507,24.259512634976915,-12.431500551448636,-9.758412584909292,-2.6730879665393434,166.57130561522794,97.18599647827793,69.38530913695001,0.014790404884573505,-0.017083576685130497,-0.2604904078353141,0,0.049042830231188876,105.37200164794922,116.40699768066406,1
2022-05-13,113.05500030517578,113.18399810791016,107.8000030517578,109.06900024414062,93684000.0,129.9460762023926,145.44798065185546,32.63866350459051,-12.004687820953706,-10.207667632118175,-1.7970201888355302,164.30998412603438,95.5821682787508,68.72781584728358,0.05727556035084902,0.03854526590183749,-0.09033123437483204,0,0.03737898868726279,106.93049621582033,114.77249908447266,0
2022-05-16,110.8105010986328,113.99250030517578,110.35399627685548,113.0999984741211,74566000.0,127.84735107421875,144.7513705444336,31.273207981287968,-11.712533193071323,-10.508640744308806,-1.2038924487625167,161.49508955005544,94.19961259838206,67.29547695167338,-0.01985316173972207,0.05161237677588937,-0.10995581446881286,0,0.03732640529764554,113.05500030517578,108.78900146484376,1
2022-05-17,115.36849975585938,115.8000030517578,111.27649688720705,113.2750015258789,76448000.0,125.71000137329102,144.30968048095704,37.03410354971534,-10.986559922865396,-10.604224580020125,-0.3823353428452716,156.72305512656308,94.69694762001897,62.02610750654411,0.04113327357999652,0.07891110430282144,-0.07150705614677011,0,0.040804867908272285,110.8105010986328,108.85900115966795,0
2022-05-18,107.1125030517578,112.85299682617188,106.2490005493164,111.4394989013672,108380000.0,123.36572647094727,143.731640625,31.8296432269118,-10.951172511802014,-10.673614166376503,-0.2775583454255113,152.50261386311738,94.22883907877714,58.27377478434023,-0.07156196640827228,-0.05256288742096382,-0.149418079814852,0,0.04481199790255958,115.36849975585938,105.37200164794922,1
2022-05-19,107.31900024414062,110.03399658203124,106.19300079345705,106.28050231933594,88142000.0,121.31687622070312,143.09244049072265,32.08671708405015,-10.782174934946283,-10.69532632009046,-0.08684861485582296,148.87341413897934,93.76033830242689,55.113075836552454,0.0019278532990965047,-0.03150875431367628,-0.07807088592263389,0,0.039589993314665756,107.1125030517578,106.93049621582033,1
2022-05-20,107.59100341796876,109.89800262451172,105.0094985961914,109.56849670410156,99500000.0,119.47892608642579,142.3079104614258,32.44808079939578,-10.50519737870043,-10.657300531812455,0.1521031531120247,145.5063239904941,93.45152818235748,52.05479580813663,0.0025345295167618076,-0.067414383946651,-0.06257157179454897,0,0.0396273327151044,107.31900024414062,113.05500030517578,0
2022-05-23,107.55699920654295,108.81900024414062,103.9499969482422,108.46099853515624,107798000.0,117.55307579040527,141.54856033325194,32.42485282967387,-10.171187408436921,-10.560077907137348,0.3888904987004267,140.99570078159266,94.11045079921789,46.88524998237477,-0.00031605069518414464,0.00414980643828633,-0.01132469497570432,0,0.03611739444635549,107.59100341796876,110.8105010986328,0
2022-05-24,104.0999984741211,105.4000015258789,101.26000213623048,104.0250015258789,102934000.0,115.788525390625,140.79350036621094,30.068272938879502,-10.069359855877366,-10.461934296885353,0.3925744410079872,137.64990980718466,93.92714097406534,43.72276883311932,-0.03214110432537587,-0.029994705156557555,-0.04371712614344714,0,0.037460437646678044,107.55699920654295,115.36849975585938,1
2022-05-25,106.7750015258789,108.1750030517578,103.6500015258789,103.65550231933594,93120000.0,114.21892509460449,139.98167037963867,34.06174887400434,-9.661439337852855,-10.301835305078853,0.6403959672259987,133.81879700542214,94.61905318378683,39.19974382163531,0.025696475417555487,-0.007584294840339623,0.013314731199822516,0,0.03707662522245967,104.0999984741211,107.1125030517578,1
2022-05-26,111.07749938964844,112.66549682617188,107.45349884033205,107.97000122070312,93002000.0,112.54297523498535,139.14114028930663,39.996897379413646,-8.888522414793869,-10.019172727021857,1.1306503122279885,126.33913732412574,98.74681314584495,27.59232417828079,0.04029499229486544,0.032731483855783505,0.038782230706739806,0,0.0388909753053374,106.7750015258789,107.31900024414062,1
2022-05-27,115.14649963378906,115.18699645996094,112.62799835205078,113.5500030517578,93660000.0,112.08622512817382,138.2992903137207,45.035692098937716,-7.857074408137677,-9.586753063245022,1.7296786551073442,124.86498377546964,99.307466480878,25.557517294591634,0.036632083603781895,0.1061143258557693,0.018499839219561887,0,0.036235537689477564,111.07749938964844,107.59100341796876,1
2022-05-31,120.20950317382812,121.99449920654295,115.6750030517578,116.27999877929688,144634000.0,111.87170028686523,137.47847030639647,50.595095873422714,-6.555534241231385,-8.980509298842295,2.4249750576109097,123.93361376953493,99.80978680419554,24.12382696533939,0.04397010379074828,0.12582066453722418,0.08482049970001704,0,0.03747329234537904,115.14649963378906,107.55699920654295,1
2022-06-01,121.68399810791016,125.1790008544922,120.62249755859376,122.25599670410156,127528000.0,111.74322509765625,136.68232025146483,52.11415387463766,-5.343478568814149,-8.253103152836665,2.9096245840225166,123.31984674967492,100.16660344563758,23.153243304037346,0.012266042992872705,0.09548737391949391,0.05474196479468407,0,0.03578089575534613,120.20950317382812,104.0999984741211,1
2022-06-02,125.51100158691406,125.61000061035156,120.04499816894533,121.68399810791016,100560000.0,111.7223503112793,135.89476013183594,55.90385672438343,-4.027679931771118,-7.408018508623557,3.3803385768524388,123.19764421452503,100.24705640803357,22.950587806491455,0.03145034300738625,0.09001143748258245,0.17176798236398172,0,0.02382230746603932,121.68399810791016,106.7750015258789,0
2022-06-03,122.3499984741211,124.4000015258789,121.04650115966795,124.1999969482422,97604000.0,112.01950035095214,135.0736000061035,52.22726009002152,-3.2030438697890276,-6.5670235808566515,3.363979711067624,124.24772076445029,99.791279937454,24.4564408269963,-0.025185068024527135,0.01780637340458613,0.1400590594003519,0,0.026966541414874017,125.51100158691406,111.07749938964844,1
2022-06-06,124.79000091552734,128.99000549316406,123.80999755859376,125.25,135269000.0,112.52037544250489,134.29640991210937,54.70364144556956,-2.325815491203244,-5.718781962925971,3.392966471722727,125.92288295342804,99.11786793158173,26.805015021846316,0.01994280728922404,0.025525154136230466,0.15985534990080952,0,0.026739500759272204,122.3499984741211,115.14649963378906,0
2022-06-07,123.0,124.0999984741211,120.62999725341795,122.01000213623048,85156700.0,113.23092536926269,133.46093994140625,52.55150306223072,-1.7548153759863538,-4.925988645538047,3.1711732695516934,127.2590242642544,99.20282647427098,28.05619778998343,-0.014344105316090427,-0.02000622698541088,0.1435796917669827,0,0.02798640341102244,124.79000091552734,120.20950317382812,0
2022-06-08,121.18000030517578,123.75,120.75,122.61000061035156,64926600.0,113.84697532653809,132.5047300720215,50.381176878671866,-1.4326378781700555,-4.227318492064449,2.7946806138943936,128.13278306067397,99.5611675924022,28.571615468271773,-0.014796745486375773,-0.009562715026864343,0.16407302671863833,0,0.025219556404647354,123.0,121.68399810791016,0
2022-06-09,116.1500015258789,121.3000030517578,116.0999984741211,119.98999786376952,67029800.0,114.38587532043456,131.44143005371095,44.86623723206534,-1.5651467169397222,-3.694884137039504,2.1297374200997816,128.15607502731703,100.6156756135521,27.54039941376493,-0.04150848957443054,-0.06923631161359645,0.0878014503959319,0,0.030606902129598344,121.18000030517578,125.51100158691406,0
2022-06-10,109.6500015258789,114.5,109.0500030517578,113.41999816894533,87266000.0,114.5218505859375,130.3084101867676,38.93502962482228,-2.1696462719080927,-3.3898365640132218,1.220190292105129,128.04640630791965,100.99729486395536,27.049111443964293,-0.05596211721574329,-0.10853657296033414,-0.012851368383456463,0,0.034513435612324436,116.1500015258789,122.3499984741211,0
2022-06-13,103.66999816894533,106.54000091552734,101.86000061035156,104.19000244140624,99277700.0,114.05260047912597,129.12186019897462,34.42600268433549,-3.0955690255343455,-3.330983056317447,0.2354140307831014,128.37583457805874,99.7293663801932,28.646468197865545,-0.05453719355874531,-0.14449580864939626,-0.09966869597724204,0,0.035565920983742436,109.6500015258789,124.79000091552734,0
2022-06-14,102.30999755859376,104.87999725341795,101.43000030517578,104.19000244140624,69728800.0,113.62757530212403,127.89686019897461,33.47648186827341,-3.8942200176566217,-3.443630448585282,-0.45058956907133974,128.79029116834494,98.46485943590312,30.325431732441814,-0.013118555361940287,-0.11915629604362521,-0.1489025837612098,0,0.030129806142846393,103.66999816894533,123.0,1
2022-06-15,107.66999816894533,109.05999755859376,103.52999877929688,103.86000061035156,85011100.0,113.24265022277832,126.6833302307129,40.447961218629075,-4.047986757466191,-3.564501710361464,-0.4834850471047272,128.59868045984615,97.88661998571048,30.71206047413567,0.052389802934770247,-0.018057485904058757,-0.1151671555576036,0,0.03629155370365384,102.30999755859376,121.18000030517578,0
2022-06-16,103.66000366210938,104.58000183105467,102.01000213623048,104.47000122070312,82186300.0,113.0700252532959,125.47543045043945,37.298710910633545,-4.442213972876942,-3.7400441628645598,-0.7021698100123825,128.77155859482187,97.36849191176991,31.40306668305196,-0.037243378610853695,-9.640693558865543e-05,-0.1740962756135228,0,0.03364950558758451,107.66999816894533,116.1500015258789,1
2022-06-17,106.22000122070312,106.9800033569336,102.51000213623048,102.8000030517578,99772100.0,113.01507530212402,124.42471054077149,40.48452832086599,-4.496241598819452,-3.8912836500555383,-0.6049579487639138,128.80417848769952,97.2259721165485,31.578206371151012,0.02469609751257895,0.0382172197772761,-0.13183487907300395,0,0.036142692887785606,103.66000366210938,109.6500015258789,1
2022-06-21,108.68000030517578,111.62999725341795,103.55999755859376,108.1999969482422,70901200.0,113.06952514648438,123.4426205444336,43.457556737437194,-4.291092471678937,-3.9712454143802183,-0.31984705729871843,128.79079685546148,97.34825343750728,31.442543417954198,0.023159471438541024,0.009380534535216256,-0.1290968867069463,0,0.03648557661945139,106.22000122070312,103.66999816894533,1
2022-06-22,108.9499969482422,112.12999725341795,107.0199966430664,107.43000030517578,60040100.0,113.13917503356933,122.53241058349609,43.789447478636454,-4.059923566105681,-3.988981044725311,-0.07094252138037005,128.77424758817926,97.50410247895938,31.270145109219882,0.0024843268523027096,0.05103215415056428,-0.11422766708746179,0,0.0368098298591862,108.68000030517578,102.30999755859376,1
2022-06-23,112.44000244140624,113.0,107.93000030517578,110.38999938964844,64345300.0,113.5561752319336,121.75877075195312,48.035449263573945,-3.5541363948644715,-3.902012114753143,0.3478757198886715,128.63982077982172,98.47252968404547,30.16729109577625,0.032033093996523876,0.05855772123160907,-0.07212409507970807,0,0.03923484198947389,108.9499969482422,107.66999816894533,1
2022-06-24,116.45999908447266,116.70999908447266,111.43000030517578,112.37999725341795,69867600.0,114.04042510986328,121.07222061157226,52.487447128150706,-2.7966779228512166,-3.680945276372758,0.8842673535215413,128.84136921705468,99.23948100267188,29.601888214382797,0.03575237064906056,0.0715862969953116,0.002668941493941146,0,0.03923912839429936,112.44000244140624,103.66000366210938,0
2022-06-27,113.22000122070312,117.9800033569336,112.6999969482422,117.08999633789062,62133200.0,114.14755020141601,120.22580062866211,48.854523493250774,-2.4298179476104735,-3.430719810620301,1.0009018630098274,128.89207042521855,99.40302997761349,29.489040447605063,-0.027820692849391482,0.03919233035398273,0.032558136298626916,0,0.03553728273999967,116.45999908447266,106.22000122070312,0
2022-06-28,107.4000015258789,114.8499984741211,107.04000091552734,113.5,74942900.0,113.76022529602051,119.33967071533203,43.08558704392898,-2.578975287990616,-3.2603709060943644,0.6813956181037484,128.78377670481942,98.7366738872216,30.047102817597818,-0.05140434227234392,-0.04482391325234747,0.03597958351320685,0,0.034975426596659386,113.22000122070312,108.68000030517578,1
2022-06-29,108.91999816894533,110.98999786376952,106.91000366210938,107.37999725341795,66375300.0,113.19575004577636,118.46237060546875,44.915069010933884,-2.54519312687016,-3.117335350249524,0.5721422233793638,128.05507339509376,98.33642669645897,29.718646698634785,0.014152668728781848,-0.0647432678585056,0.06460757275031659,0,0.0345448522776603,107.4000015258789,108.9499969482422,0
2022-06-30,106.20999908447266,108.18000030517578,102.5199966430664,108.11000061035156,97679400.0,112.42205009460449,117.42426071166992,42.30411237889802,-2.7059028349887484,-3.035048847197369,0.3291460122086205,127.04241658137909,97.80168360782989,29.2407329735492,-0.024880638358708018,-0.061914874232916306,-0.013559943431797783,0,0.03174790247599566,108.91999816894533,112.44000244140624,1
2022-07-01,109.55999755859376,109.75,105.8499984741211,106.29000091552734,73021200.0,111.62449989318847,116.53550064086915,46.448314067812234,-2.533742154411158,-2.934787508640127,0.40104535422896914,124.98806639403907,98.26093339233788,26.72713300170119,0.03154127203651269,0.020111694618499598,0.056916782636011076,0,0.030424410900740436,106.20999908447266,116.45999908447266,1
2022-07-05,113.5,114.08000183105467,106.31999969482422,107.5999984741211,76583700.0,111.18199996948242,115.83958053588867,50.91401937929203,-2.0556816867876364,-2.758966344269629,0.7032846574819924,123.65188052468216,98.71211941428268,24.939761110399473,0.035962053023039564,0.042049227947567935,0.06853698640212347,0,0.031388137609179335,109.55999755859376,113.22000122070312,1
2022-07-06,114.33000183105467,115.4800033569336,112.01000213623048,113.20999908447266,66958900.0,110.65900001525878,115.23918045043945,51.825405114990374,-1.5914953431604317,-2.5254721440477894,0.9339768008873577,121.58375403752659,99.73424599299098,21.84950804453561,0.007312791463036872,0.07645233797736761,0.05198750009213815,0,0.030883110929749907,113.5,107.4000015258789,1
2022-07-07,116.33000183105467,116.98999786376952,113.48999786376952,113.8499984741211,57872300.0,110.32550010681152,114.64430038452149,54.039835142710196,-1.0501357252968404,-2.2304048602976,1.1802691350007595,120.06600101208298,100.58499920154006,19.48100181054292,0.01749322109655349,0.06179266541914852,0.0677375409777976,0,0.031083608215344758,114.33000183105467,108.91999816894533,0
2022-07-08,115.54000091552734,116.58000183105467,113.69000244140624,114.5999984741211,45719700.0,110.0435001373291,114.1672802734375,53.00342862245066,-0.677046231909614,-1.9197331346200028,1.2426869027103888,118.78612164234708,101.30087863231113,17.48524301003596,-0.006791033294013427,0.01797357634825847,0.02757024552482168,0,0.030017814800169334,116.33000183105467,106.20999908447266,0
2022-07-11,111.75,114.3000030517578,110.87000274658205,114.08000183105467,53487600.0,109.82350006103516,113.63894012451172,48.225003424389016,-0.6793602775667154,-1.6716585632093455,0.9922982856426301,118.15202857214156,101.49497154992876,16.657057022212797,-0.03280250030721621,-0.02256627123007604,-0.04044306303880629,0,0.029565019876612923,115.54000091552734,109.55999755859376,0
2022-07-12,109.22000122070312,113.2300033569336,108.33999633789062,112.16000366210938,54280300.0,109.80200004577637,112.93141021728516,45.28974474194627,-0.8752545432811019,-1.5123777592236969,0.637123215942595,118.13442826205305,101.46957182949969,16.664856432553364,-0.022639810105564928,-0.06111923406205522,-0.035329446713241786,0,0.02913814569955786,111.75,113.5,1
2022-07-13,110.4000015258789,111.77999877929688,106.01000213623048,107.02999877929688,61353800.0,110.13850021362305,112.65378021240234,46.91271702894386,-0.9246274673648855,-1.3948277008519347,0.4702002334870492,117.98245726845896,102.29454315878714,15.687914109671823,0.010803884746268588,-0.04448675219767695,0.027932960496998893,0,0.0238687343725729,109.22000122070312,114.33000183105467,1
2022-07-14,110.62999725341795,111.18000030517578,107.58000183105467,110.23999786376952,51163100.0,110.55450019836425,112.3763801574707,47.24123513850524,-0.9344256550643024,-1.3027472916944083,0.36832163663010586,117.52778216835208,103.58121822837643,13.946563939975647,0.002083294604711794,-0.010022395942568596,0.015699587892209266,0,0.023545951206922863,110.4000015258789,116.33000183105467,1
2022-07-15,113.5500030517578,115.58999633789062,111.58999633789062,112.5,84317800.0,110.84850044250489,112.16231018066406,51.356888525714666,-0.6985186369547876,-1.1819015607464842,0.4833829237916967,117.80633443995927,103.8906664450505,13.915667994908773,0.02639434033114041,0.039644770029849674,0.06910840815889063,0,0.02265434159563477,110.62999725341795,115.54000091552734,1
2022-07-18,113.76000213623048,117.23999786376952,113.1500015258789,115.0,59115400.0,111.35350036621094,111.91894027709961,51.649012962132076,-0.4889788110483124,-1.04331701080685,0.5543381997585375,117.57859678912058,105.1284039433013,12.450192845819288,0.0018493974357443044,0.03043478771659225,0.03833520145334535,0,0.020952993275695973,113.5500030517578,111.75,1
2022-07-19,118.20999908447266,118.9499969482422,114.02999877929688,115.6999969482422,60990000.0,111.95300025939942,111.95500030517579,57.476750452876054,0.035748487866925416,-0.8275039110720949,0.8632523989390203,118.39085527688081,105.51514524191802,12.875710034962793,0.03911741266419089,0.0685166954645342,0.04149778929050796,0,0.02150484844577096,113.76000213623048,109.22000122070312,1
2022-07-20,122.7699966430664,123.4800033569336,118.31999969482422,118.62000274658205,71268300.0,112.65750007629394,112.11495025634765,62.46877748118816,0.8102127183251753,-0.4999605851926409,1.3101733035178162,120.44978303258327,104.86521712000462,15.584565912578654,0.03857539627705431,0.08119765163815984,0.07382134765014259,1,0.02410909602766782,118.20999908447266,110.4000015258789,1
2022-07-21,124.62999725341795,124.8499984741211,121.26000213623048,123.1999969482422,60239900.0,113.44150009155274,112.43177017211914,64.30929022038347,1.5561296117512882,-0.0887425458038551,1.6448721575551433,122.61646992352064,104.26653025958484,18.3499396639358,0.01515028639903937,0.09555199466478892,0.07134870877434785,1,0.02401138773764915,122.7699966430664,110.62999725341795,0
2022-07-22,122.41999816894533,125.5,121.3499984741211,125.01000213623048,51463800.0,113.94049987792968,112.70299011230469,60.51218491677179,1.9465075401841574,0.31830747139374743,1.62820006879041,123.89570727440332,103.98529248145604,19.91041479294728,-0.01773248120979176,0.03561457674544277,0.05954645316688234,1,0.024949418288281268,124.62999725341795,113.5500030517578,0
2022-07-25,121.13999938964844,123.63999938964844,120.02999877929688,122.6999969482422,50221300.0,114.17449989318848,113.01835006713867,58.362785715205845,2.1280686066741765,0.6802596984498332,1.4478089082243433,124.5660403791671,103.78295940720986,20.783080971957247,-0.010455798059483934,-0.013276837158812671,0.08402684017582485,1,0.021893456698424688,122.41999816894533,113.76000213623048,0
2022-07-26,114.80999755859376,118.1500015258789,114.52999877929688,115.79000091552734,67075100.0,114.25399971008301,113.17594009399414,49.07857197564913,1.7411084003736903,0.8924294388346047,0.8486789615390856,124.6394409959206,103.86855842424542,20.770882571675173,-0.052253606265046604,-0.07879322724252791,0.051181068260517826,1,0.027761974339767792,121.13999938964844,118.20999908447266,1
2022-07-27,120.97000122070312,121.9000015258789,117.16000366210938,117.30999755859376,61582000.0,114.93249969482422,113.33424011230468,56.35481611928963,1.9094890619262088,1.0958413634529256,0.8136476984732832,125.21070084194726,104.65429854770117,20.556402294246084,0.05365389594199388,-0.011844445106437118,0.09574274953561934,1,0.03172131916090187,114.80999755859376,122.7699966430664,1
2022-07-28,122.27999877929688,122.83999633789062,118.08000183105467,121.56999969482422,82245500.0,115.60049972534179,113.56363006591796,57.737848937596574,2.1241519032933383,1.3015034714210083,0.8226484318723299,125.96503716302624,105.23596228765734,20.729074875368894,0.010829110898360028,0.009410594315603538,0.10530599127822882,1,0.03161025028047497,120.97000122070312,124.62999725341795,1
2022-07-29,134.9499969482422,137.64999389648438,132.41000366210938,134.89999389648438,148892900.0,117.03749961853028,113.95526000976562,68.22527129470322,3.2788402864650124,1.6969708344298091,1.5818694520352032,129.54382080518,104.53117843188056,25.01264237329943,0.10361464095050721,0.17542025797335192,0.18846317323945772,1,0.0432207563195471,122.27999877929688,122.41999816894533,1
2022-08-01,135.38999938964844,138.8300018310547,133.50999450683594,134.9600067138672,76846900.0,118.32899971008301,114.52080993652343,68.51745114618313,4.181244880726325,2.1938256436891126,1.9874192370372126,132.67878792581044,103.97921149435558,28.699576431454858,0.0032604850044939404,0.1192030918693372,0.19013710308756404,1,0.04316358225158956,134.9499969482422,121.13999938964844,0
2022-08-02,134.16000366210938,137.44000244140625,134.08999633789062,134.72000122070312,61922400.0,119.36199989318848,115.05763000488281,66.67182408206813,4.742488195620524,2.7035581540753952,2.038930041545129,135.0816803577802,103.64231942859676,31.439360929183422,-0.009084834427092181,0.09715411352149839,0.13492940276768706,1,0.043281241411583446,135.38999938964844,114.80999755859376,1
2022-08-03,139.52000427246094,140.49000549316406,136.0500030517578,136.2100067138672,71827800.0,120.62150001525879,115.69621002197266,70.41209366946825,5.555741688222426,3.2739948609048017,2.2817468273176242,138.4250900714912,102.81790995902637,35.607180112464846,0.039952299225118226,0.0338644492594653,0.1364340481175741,1,0.04337177571689644,134.16000366210938,120.97000122070312,1
2022-08-04,142.57000732421875,143.55999755859375,139.5500030517578,140.5800018310547,70585000.0,121.93350028991699,116.39647018432618,72.31597843187343,6.372897896660746,3.893775468055991,2.4791224286047546,142.00204391651968,101.8649566633143,40.13708725320538,0.021860686341448332,0.05303204052691113,0.1439461643758384,1,0.04344866378595557,139.52000427246094,122.27999877929688,0
2022-08-05,140.8000030517578,142.86000061035156,139.60000610351562,140.10000610351562,50686900.0,123.19650039672851,117.1304702758789,69.52024078464598,6.799297458213417,4.474879866087476,2.3244175921259407,144.62963793317144,101.76336286028558,42.866275072885855,-0.012414983387324718,0.04949313661597454,0.15013890832972576,1,0.04304284048385456,142.57000732421875,134.9499969482422,0
2022-08-08,139.41000366210938,144.22999572753906,138.2899932861328,142.0500030517578,52229000.0,124.57950057983399,117.78317031860351,67.31920990009803,6.945003175261775,4.968904527922335,1.9760986473394393,146.44499142708102,102.71400973258694,43.730981694494076,-0.009872154542052702,-0.00078842178170202,0.15081727228423714,1,0.043005023713667455,140.8000030517578,135.38999938964844,0
2022-08-09,137.8300018310547,138.9499969482422,136.2100067138672,138.0500030517578,40434700.0,126.01000061035157,118.31822036743164,64.80750933065178,6.8539747086455804,5.345918564066984,1.508056144578596,147.40735281128744,104.6126484094157,42.79470440187174,-0.011333489631663474,-0.03324686294211099,0.200505223952405,1,0.03749306220397687,139.41000366210938,134.16000366210938,1
2022-08-10,142.69000244140625,144.60000610351562,141.00999450683594,142.89999389648438,54773800.0,127.62450065612794,118.86909042358398,68.67860073846593,7.092240491938483,5.695182949641285,1.3970575422971985,148.93952628484817,106.3094750274077,42.63005125744047,0.0352608325167747,0.01342329082872018,0.17954865670436893,1,0.0360292660089431,137.8300018310547,139.52000427246094,0
2022-08-11,140.63999938964844,144.49000549316406,139.75999450683594,143.86000061035156,44867300.0,129.12500076293946,119.27770034790039,65.41022532668559,7.034559702732139,5.963058300259457,1.0715014024726823,149.65406132464926,108.59594020122968,41.05812112341958,-0.014366830308238487,0.008822865613863806,0.15014720963065686,1,0.037380522103030805,142.69000244140625,142.57000732421875,1
2022-08-12,143.5500030517578,143.57000732421875,140.1199951171875,142.0500030517578,47643500.0,130.62500076293946,119.71502044677734,67.75598402467074,7.14133932294979,6.198714504797524,0.9426248181522663,150.76308297084026,110.48691855503866,40.2761644158016,0.020691152408548463,0.04150040734755578,0.0637273530788891,1,0.02112432835832317,140.63999938964844,140.8000030517578,0
2022-08-15,143.17999267578125,143.75999450683594,141.49000549316406,142.8000030517578,39014600.0,132.096000289917,120.06840026855468,67.1325737570885,7.114099288023027,6.381791461442625,0.7323078265804019,151.3710340182721,112.82096656156189,38.55006745671021,-0.0025775713556979163,0.003433949302623418,0.05753743497489383,1,0.021300528144129974,143.5500030517578,139.41000366210938,1
2022-08-16,144.77999877929688,146.57000732421875,142.0,143.91000366210938,59102900.0,133.42450027465821,120.5170002746582,68.48297828257842,7.13932083828368,6.533297336810836,0.6060235014728441,152.34749776532013,114.5015027839963,37.84599498132383,0.0111747882760318,0.029436855856195043,0.07915917432392616,1,0.02068072347386899,143.17999267578125,137.8300018310547,0
2022-08-17,142.10000610351562,143.3800048828125,140.77999877929688,142.69000244140625,48149800.0,134.39100074768066,120.86320037841797,63.75769908299639,6.86393294098076,6.5994244576448216,0.26450848333593857,153.01068205871218,115.77131943664916,37.23936262206301,-0.01851079360669594,-0.010100988627073648,0.01849198503475069,1,0.018768492133364244,144.77999877929688,142.69000244140625,1
2022-08-18,142.3000030517578,142.77000427246094,140.3800048828125,141.32000732421875,37458700.0,135.27450103759764,121.24920043945312,63.95756255773112,6.585905906874075,6.596720747490673,-0.010814840616598431,153.63274895839393,116.91625311680136,36.716495841592575,0.0014074379989574837,-0.006146037638206203,-0.001893836421337336,1,0.017429272759670104,142.10000610351562,140.63999938964844,0
2022-08-19,138.22999572753906,141.11000061035156,137.91000366210938,140.47000122070312,47792800.0,136.06500091552735,121.59020034790039,57.06127094449787,5.968352450791571,6.471047088150853,-0.5026946373592827,153.47835922074268,118.65164261031202,34.82671661043065,-0.02860159688639219,-0.04524107685442558,-0.018252892532069187,1,0.01935051378886482,142.3000030517578,143.5500030517578,0
2022-08-22,133.22000122070312,136.32000732421875,132.85000610351562,135.72000122070312,50461500.0,136.66900100708008,121.93160034179688,49.925040277044154,5.016841178947516,6.180205906310187,-1.163364727362671,152.75730276850422,120.58069924565596,32.176603522848254,-0.036243902638259384,-0.06249123505556842,-0.044401422271023505,1,0.022181987388606415,138.22999572753906,143.17999267578125,1
2022-08-23,133.6199951171875,134.99000549316406,132.9499969482422,133.41000366210938,36252100.0,137.60950088500977,122.41100021362304,50.45776618913137,4.246091505524902,5.793383026153131,-1.547291520628229,150.32136048603724,124.89764128398231,25.423719202054926,0.003002506326521548,-0.060997946229229494,-0.030544922425725596,1,0.02214085280894949,133.22000122070312,144.77999877929688,1
2022-08-24,133.8000030517578,135.47000122070312,132.10000610351562,132.75,38627000.0,138.2510009765625,123.01360031127929,50.71189173843252,3.6081989014070928,5.356346201203923,-1.7481472997968304,148.61792674937502,127.88407520374996,20.733851545625058,0.001347163157822573,-0.03204798388703611,-0.06230288904297265,1,0.01782735945712189,133.6199951171875,142.10000610351562,1
2022-08-25,137.27999877929688,137.4199981689453,134.27999877929688,135.25999450683594,37496300.0,139.0010009765625,123.71300033569337,55.46765330281819,3.3449129146067094,4.9540595438844806,-1.6091466292777712,146.37644244100466,131.62555951212033,14.750882928884323,0.026008936084948253,0.030475885913464396,-0.023890789426431636,1,0.020203143326838254,133.8000030517578,142.3000030517578,0
2022-08-26,130.75,137.8300018310547,130.5,136.5500030517578,53322700.0,138.7910011291504,124.17460037231446,46.41710228961855,2.5796044705928978,4.479168529226165,-1.899564058633267,146.82557726901697,130.75642498928383,16.069152279733146,-0.04756700784791723,-0.021478784778209636,-0.08916755680696642,1,0.02294346855256708,137.27999877929688,138.22999572753906,0
2022-08-29,129.7899932861328,131.9499969482422,128.77000427246094,129.89999389648438,48101600.0,138.5110008239746,124.69720016479492,45.24818903300627,1.8740249037141439,3.958139804123761,-2.084114900409617,147.35017945862796,129.67182218932123,17.67835726930673,-0.007342307563037775,-0.02997017693694526,-0.09351864837686463,1,0.022843236629434063,130.75,133.22000122070312,0
2022-08-30,128.72999572753906,132.07000732421875,126.8499984741211,131.25,49203000.0,138.2395004272461,125.14740005493164,43.9326405911184,1.2153057807877872,3.4095729994565667,-2.1942672186687795,147.89266601954816,128.58633483494404,19.30633118460412,-0.008167020675137082,-0.062281491315450355,-0.11085787530793179,1,0.021684567451114217,129.7899932861328,133.6199951171875,0
2022-08-31,126.7699966430664,130.58999633789062,126.73999786376952,129.4499969482422,53648700.0,137.60200004577638,125.50919998168945,41.52835497913183,0.5290124580153588,2.8334608911683254,-2.3044484331529667,148.44358408125973,126.76041601029303,21.6831680709667,-0.015225659516225343,-0.030439796228937666,-0.10788183534124385,1,0.021590675016320237,128.72999572753906,133.8000030517578,1
2022-09-01,127.81999969482422,128.02000427246094,123.66000366210938,126.0,56636100.0,136.86449966430663,125.88660003662109,43.31798560093001,0.06905055446759434,2.2805788238281792,-2.211528269360585,148.24718845286833,125.48181087574494,22.765377577123388,0.008282741023605045,-0.015178316459001473,-0.10175687312998072,1,0.02213711667734276,126.7699966430664,137.27999877929688,0
2022-09-02,127.51000213623048,131.3800048828125,126.38999938964844,129.5,57429800.0,136.19999961853028,126.18800003051757,42.900508246313585,-0.31683450916239053,1.7610961572300654,-2.077930666392456,148.12489166130905,124.27510757575153,23.849784085557516,-0.002425266463259801,-0.009477150872363338,-0.07755186227769573,1,0.021283523762280366,127.81999969482422,130.75,0
2022-09-06,126.11000061035156,128.6199951171875,124.73999786376952,127.91999816894533,43888600.0,135.53499946594238,126.38100006103515,40.97968161227033,-0.7272364954478974,1.263429626694473,-1.9906661221423703,148.13400499118958,122.93599394069517,25.198011050494415,-0.010979542799969266,-0.005206247930834351,-0.05337036890258362,1,0.018902636763929004,127.51000213623048,129.7899932861328,1
2022-09-07,129.47999572753906,129.82000732421875,125.4000015258789,126.12000274658205,47900300.0,135.1174991607666,126.70619995117187,47.11761551076629,-0.771657398483427,0.8564122216588931,-1.6280696201423202,147.93611535320966,122.29888296832358,25.637232384886076,0.026722663554652915,0.012986981979957513,-0.030983382285095673,1,0.021386268724750118,126.11000061035156,128.72999572753906,1
2022-09-08,129.82000732421875,130.27999877929688,127.0999984741211,127.72000122070312,43988500.0,134.47399940490723,127.15460006713867,47.708497727026526,-0.7705428515711787,0.5310212070128788,-1.3015640585840575,146.9961667936062,121.95183201620827,25.04433477739792,0.0026259778181887405,0.018116266561742256,-0.029745856776994817,1,0.021418515417421784,129.47999572753906,126.7699966430664,1
2022-09-09,133.27000427246094,133.69000244140625,130.75999450683594,130.91000366210938,49387600.0,134.10549964904786,127.64160018920899,53.398348334814834,-0.48567508416965666,0.32768194877637175,-0.8133570329460285,146.3099053094537,121.901093988642,24.408811320811708,0.02657523304266962,0.056775859388281225,-0.029210333205806238,1,0.021503746968389047,129.82000732421875,127.81999969482422,1
2022-09-12,136.4499969482422,136.49000549316406,134.0,134.10000610351562,53826900.0,133.75049934387206,128.24640014648438,57.9411070892173,-0.003278698716769668,0.2614898192777435,-0.2647685179945132,145.22669301901854,122.27430566872559,22.952387350292952,0.023861278411006825,0.05383071864915645,0.04359462293110661,1,0.01616271033254815,133.27000427246094,127.51000213623048,0
2022-09-13,126.81999969482422,131.39999389648438,126.2699966430664,131.00999450683594,72694000.0,132.93249969482423,128.59160018920898,43.964415178832546,-0.39350035769479064,0.13049178388323668,-0.5239921415780273,143.92567138200747,121.93932800764098,21.986343374366484,-0.0705752837581286,-0.023108977508391026,-0.0228830706906733,1,0.028739751752671985,136.4499969482422,126.11000061035156,1
2022-09-14,128.5500030517578,128.83999633789062,126.33000183105467,127.36000061035156,45316800.0,132.12099990844726,128.89260025024413,46.462906574924226,-0.5567392773359359,-0.006954428360597828,-0.5497848489753381,141.81555016024893,122.42644965664559,19.389100503603345,0.01364140798846103,-0.035416831015127936,-0.0013982186106974437,1,0.029039798023587162,126.81999969482422,129.47999572753906,0
2022-09-15,126.27999877929688,130.3699951171875,125.5,127.37999725341795,52887200.0,131.32999954223632,129.131600189209,43.708999826181014,-0.85937137255209,-0.17743781719889626,-0.6819335553531937,140.18375152527875,122.4762475591939,17.707503966084857,-0.0176585314552421,-0.07453278414365205,-0.003865251058964403,1,0.029193641098114516,128.5500030517578,129.82000732421875,0
2022-09-16,123.52999877929688,123.87000274658205,120.6999969482422,122.77999877929688,115667800.0,130.3914993286133,129.27560012817383,40.571695047453645,-1.3060561038747096,-0.40316147453405893,-0.9028946293406507,138.32658600450614,122.45641265272045,15.870173351785695,-0.021777003694830932,-0.025942287678948905,-0.033562829962211715,1,0.02978836144758596,126.27999877929688,133.27000427246094,1
2022-09-19,124.66000366210938,124.70999908447266,121.8000030517578,122.16000366210938,47279700.0,129.7129997253418,129.45800018310547,42.40119182549583,-1.5509961038162317,-0.6327284003904935,-0.9182677034257382,137.15650407901882,122.26949537166479,14.887008707354028,0.009147615105472573,-0.030260593522368207,-0.022351175800908507,1,0.030036892261355475,123.52999877929688,136.4499969482422,0
2022-09-20,122.19000244140624,124.4000015258789,121.13999938964844,123.3499984741211,47698400.0,129.16149978637696,129.6668002319336,39.536130031457915,-1.922262627315746,-0.8906352457755441,-1.031627381540202,137.10180419248266,121.22119538027125,15.880608812211406,-0.019813903001303257,-0.03238831467712355,-0.031083959638198322,0,0.030462419154605368,124.66000366210938,126.81999969482422,0
2022-09-21,118.54000091552734,123.76000213623048,118.4499969482422,122.48999786376952,58498900.0,128.40750007629396,129.85320022583008,35.69751567095891,-2.482403043776486,-1.2089888053757325,-1.2734142384007536,137.31603437437684,119.49896577821107,17.817068596165768,-0.02987152347123634,-0.040395028843842495,-0.08449177612758363,0,0.029629383490100036,122.19000244140624,128.5500030517578,0
2022-09-22,117.30999755859376,118.79000091552734,116.26000213623048,117.08000183105467,55229200.0,127.58299980163574,129.99140014648438,34.48251316942054,-2.9910899279523733,-1.5654090298910606,-1.4256808980613127,137.353254418915,117.81274518435649,19.5405092345585,-0.010376272544574183,-0.05896041944165009,-0.09636426636752438,0,0.029376738100724303,118.54000091552734,126.27999877929688,0
2022-09-23,113.77999877929688,116.0500030517578,112.05999755859376,116.0,65126700.0,126.40799980163574,130.05440017700195,31.200408676380675,-3.6371426323879064,-1.9797557503904297,-1.6573868819974766,136.85948701142792,115.95651259184356,20.902974419584353,-0.0300912015408894,-0.06882726486679802,-0.1462445026513104,0,0.026972143945951838,117.30999755859376,123.52999877929688,1
2022-09-26,115.1500015258789,117.33999633789062,113.12999725341795,113.3000030517578,62723300.0,125.62799987792968,130.08640014648438,33.83266805610161,-3.9925723938862916,-2.3823190790896023,-1.6102533147966893,136.95839692584428,114.2976028300151,22.66079409582919,0.012040804722097675,-0.028597936253300538,-0.15610110589040715,0,0.025267890667173887,113.77999877929688,124.66000366210938,0
2022-09-27,114.41000366210938,118.31999969482422,113.0500030517578,117.1999969482422,60094700.0,124.85900039672852,130.09940017700194,33.09609921212433,-4.284574772866506,-2.762770217844983,-1.521804555021523,137.0128765870098,112.70512420644725,24.307752380562548,-0.006426381710496365,-0.02472077364962777,-0.09785519683470967,0,0.01672095742206768,115.1500015258789,122.19000244140624,1
2022-09-28,118.01000213623048,118.6999969482422,113.8000030517578,114.37999725341795,55763800.0,124.32300071716308,130.09540023803712,39.945876678761735,-4.177345137119204,-3.0456852016998273,-1.1316599354193766,136.6903916419676,111.95560979235856,24.73478184960905,0.0314657666190894,0.037177038164138976,-0.08199144819377124,0,0.020136371027730585,114.41000366210938,118.54000091552734,0
2022-09-29,114.8000030517578,116.06999969482422,113.05999755859376,115.5999984741211,58969700.0,123.72450103759766,129.93600036621095,36.3702019096053,-4.301796544487431,-3.296907470257348,-1.0048890742300824,136.70369553941333,110.745306535782,25.958389003631325,-0.027201076403397306,-0.003039500386306515,-0.09090905795464088,0,0.020841025880714657,118.01000213623048,117.30999755859376,0
2022-09-30,113.0,116.91999816894533,112.83999633789062,114.08000183105467,59479600.0,122.98350105285644,129.7034004211426,34.50501935526353,-4.4938678729704264,-3.5362995507999644,-0.9575683221704621,136.61843884725917,109.34856325845371,27.269875588805462,-0.015679468675155572,-0.012324129158089892,-0.0852424421869391,0,0.020521861422630332,114.8000030517578,113.77999877929688,1
2022-10-03,115.87999725341795,116.91000366210938,112.4499969482422,113.58000183105467,50941900.0,122.40200080871583,129.57260040283202,39.82258293430026,-4.363395567401312,-3.7017187541202343,-0.661676813281078,136.2060969165984,108.59790470083327,27.60819221576513,0.02548670135768094,-0.01804935890394832,-0.07043162322126673,0,0.022640138022348155,113.0,115.1500015258789,1
2022-10-04,121.08999633789062,123.0,119.79000091552734,119.88999938964844,62812600.0,122.15100059509277,129.57160034179688,48.04112314941014,-3.7958359073832213,-3.7205421847728317,-0.07529372261038958,135.8584979438873,108.44350324629822,27.41499469758908,0.04496029692750958,0.054790880826866895,-0.00900242312412669,0,0.027356359075637614,115.87999725341795,114.41000366210938,0
2022-10-05,120.9499969482422,121.75,117.69000244140624,118.58000183105467,48217500.0,121.72450065612793,129.69440032958985,47.8520044577255,-3.3190773113024363,-3.640249210078753,0.3211718987763166,135.01786451924121,108.43113679301466,26.586727726226556,-0.001156159830559167,0.07035395529417876,0.02033065643750276,0,0.02537408263078298,121.08999633789062,118.01000213623048,0
2022-10-06,120.3000030517578,121.52999877929688,119.5,120.7699966430664,42253800.0,121.24850044250488,129.68100036621092,46.92831897119445,-2.959575618807122,-3.504114491824427,0.5445388730173049,134.0197811545556,108.47721973045415,25.54256142410145,-0.005374071210291542,0.038142957396467114,0.02548807054292701,0,0.025144636906925946,120.9499969482422,114.8000030517578,0
2022-10-07,114.55999755859376,118.16999816894533,113.87999725341795,118.0,54678000.0,120.31300010681153,129.52660034179686,39.64966291880043,-3.102079567232053,-3.423707506905952,0.321627939673899,132.13031244137198,108.49568777225106,23.634624669120925,-0.04771409266460669,-0.05392682283246164,0.006855324201662905,0,0.028144763736236967,120.3000030517578,113.0,0
2022-10-10,113.66999816894533,116.25,112.43000030517578,115.0999984741211,42339700.0,119.17400016784669,129.10100036621094,38.64871081618497,-3.249373728081295,-3.388840751141021,0.13946702305972591,128.72412838195643,109.62387195373694,19.100256428219495,-0.007768849586377025,-0.06019015264971184,-0.01285282967713175,0,0.027981133735820975,114.55999755859376,115.87999725341795,0
2022-10-11,112.20999908447266,115.4800033569336,110.38999938964844,112.70999908447266,56432200.0,118.4435001373291,128.63740036010742,36.99862351625793,-3.4442123995526686,-3.3999150808233507,-0.04429731872931786,127.7750395704627,109.1119607041955,18.6630788662672,-0.01284419027000161,-0.06724857657571714,-0.019229127761712705,0,0.02819372610699396,113.66999816894533,121.08999633789062,1
2022-10-12,112.9000015258789,113.83000183105467,111.4000015258789,112.48999786376952,45728700.0,117.66100006103515,128.2122003173828,38.33851195002833,-3.5025705667807188,-3.4204461780148243,-0.08212438876589445,126.04826408774161,109.27373603432869,16.774528053412922,0.006149206372302096,-0.0144901891418584,-0.04330141952249611,0,0.02594325759767334,112.20999908447266,120.9499969482422,0
2022-10-13,112.52999877929688,113.44000244140624,105.3499984741211,107.87999725341795,86868100.0,116.97350006103515,127.67240020751953,37.87336360381813,-3.5378933320937733,-3.443935608830614,-0.09395772326315921,124.64576047783824,109.30123964423207,15.344520833606168,-0.00327726077574253,-0.010029026198752011,-0.019773555854676106,0,0.024648492914086953,112.9000015258789,120.3000030517578,0
2022-10-14,106.9000015258789,114.95999908447266,106.5999984741211,114.0999984741211,67737300.0,116.14200019836426,126.95900009155274,31.592394089621678,-3.974366580607793,-3.55002180318605,-0.4243447774217426,124.37580559294338,107.90819480378514,16.467610789158243,-0.05003107895219994,-0.04732196419141166,-0.0539822873816026,0,0.02884614589821712,112.52999877929688,114.55999755859376,1
2022-10-17,113.79000091552734,114.19000244140624,110.08999633789062,110.11000061035156,62782000.0,115.59850006103515,126.41880004882813,43.86234346885492,-3.721411293168373,-3.584299701182515,-0.1371115919858581,122.89295584624013,108.30404427583018,14.588911570409948,0.06445275295885255,0.007883076861114446,-0.01803586803095958,0,0.03534519179577682,106.9000015258789,113.66999816894533,1
2022-10-18,116.36000061035156,119.5199966430664,114.79000091552734,119.05999755859376,65607400.0,115.30699996948242,125.95779998779297,47.635249509032526,-3.275803484981509,-3.522600457942314,0.24679697296080505,121.96249333061223,108.6515066083526,13.310986722259628,0.022585461588422673,0.034035384987130435,-0.03906182071672082,0,0.03270364350585792,113.79000091552734,112.20999908447266,0
2022-10-19,115.06999969482422,116.58999633789062,113.22000122070312,114.70999908447266,47198100.0,115.13349990844726,125.50259994506835,45.96533673497461,-2.9922555204329484,-3.4165314704404413,0.42427595000749285,121.62163967250429,108.64536014439024,12.976279528114048,-0.01108629175628062,0.07642654866536636,-0.04861510873732555,0,0.03277532151325529,116.36000061035156,112.9000015258789,1
2022-10-20,115.25,118.23999786376952,113.51000213623048,113.83000183105467,48795100.0,115.03050003051757,124.95379989624024,46.24849152026533,-2.721643780041177,-3.2775539323605885,0.5559101523194117,121.4421150960507,108.61888496498445,12.823230131066254,0.0015642678860967596,0.012830644808206726,-0.041978411667912274,0,0.032827944569143924,115.06999969482422,112.52999877929688,1
2022-10-21,119.31999969482422,119.58999633789062,114.5,114.79000091552734,55660500.0,115.30750007629395,124.52739990234375,52.33113157492996,-2.1539378108589062,-3.052830708060252,0.8988928972013457,121.95348400986526,108.66151614272263,13.291967867142631,0.03531453097461368,0.025438286945224764,0.04155029886235706,0,0.030931272099392705,115.25,106.9000015258789,1
2022-10-24,119.81999969482422,120.38999938964844,116.56999969482422,119.9800033569336,49531500.0,115.5409999847412,124.05279983520508,53.03427321733494,-1.6447215921450749,-2.771208884877217,1.126487292732142,122.47054419912354,108.61145577035887,13.859088428764665,0.004190412347291339,0.04127922145300622,0.054103999515670465,0,0.030633716145044752,119.31999969482422,113.79000091552734,1
2022-10-25,120.5999984741211,121.31999969482422,118.9499969482422,119.6500015258789,50934600.0,115.85049972534179,123.60119995117188,54.169981035392006,-1.1647976253781138,-2.4499266329773963,1.2851290075992825,123.09606976972762,108.60492968095596,14.491140088771658,0.006509754475742646,0.04642081105528062,0.0747705147322244,0,0.029935232559123094,119.81999969482422,116.36000061035156,0
2022-10-26,115.66000366210938,119.3499984741211,114.76000213623048,116.0,68802300.0,115.73299980163574,123.01880004882813,46.50058389011812,-1.1695884327111656,-2.19385899292415,1.0242705602129845,122.91057794174066,108.55542166153083,14.355156280209826,-0.040961814879887926,-0.030673785133051745,0.024446431345688024,0,0.03366958125654248,120.5999984741211,115.06999969482422,0
2022-10-27,110.95999908447266,114.12000274658205,109.7699966430664,113.91999816894533,129605400.0,115.54099960327149,122.39599990844727,40.60960127854758,-1.5349424112284709,-2.0620756765850143,0.5271332653565435,123.00775138934118,108.0742478172018,14.933503572139387,-0.04063638620803933,-0.07394425499013146,-0.013951832505600836,0,0.03639658473572506,115.66000366210938,115.25,0
2022-10-28,103.41000366210938,103.95999908447266,97.66000366210938,97.91000366210938,223133400.0,115.06149978637696,121.61819992065429,33.309477200006796,-2.4059750216943314,-2.130855545606878,-0.2751194760874536,124.17048318988031,105.9525163828736,18.217966807006718,-0.06804249715805744,-0.14253727221812884,-0.03264731350751804,0,0.0394228658411614,110.95999908447266,119.31999969482422,0
2022-10-31,102.44000244140624,104.87000274658205,100.73999786376952,103.55999755859376,99251400.0,114.38950004577637,120.90240005493165,32.50110763474174,-3.138368474603226,-2.3323581314061475,-0.8060103431970784,125.0146445372616,103.76435555429114,21.25028898297046,-0.009380148789788323,-0.11430054298912373,-0.09974513035241861,0,0.031606273367358786,103.41000366210938,119.81999969482422,0
2022-11-01,96.79000091552734,104.58000183105467,96.05999755859376,103.98999786376952,153370000.0,113.1745002746582,120.17380004882813,28.207110886078794,-4.127128498466874,-2.691312204818293,-1.435816293648581,125.82194829806069,100.52705225125571,25.29489604680498,-0.05515425020719411,-0.12770366155246493,-0.16818493977459847,0,0.03225634664402122,102.44000244140624,120.5999984741211,0
2022-11-02,92.12000274658205,97.73999786376952,92.01000213623048,97.31999969482422,135761800.0,111.73300056457519,119.34380020141602,25.238948633817003,-5.227300695900226,-3.1985099030346795,-2.0287907928655464,126.8397195788336,96.62628155031679,30.213438028516805,-0.04824876665742572,-0.10917706716670506,-0.1994437908152219,0,0.033517086910982916,96.79000091552734,115.66000366210938,0
2022-11-03,89.30000305175781,93.5,89.0199966430664,92.47000122070312,136683300.0,110.1830005645752,118.45380020141602,23.62246510979574,-6.254645832554502,-3.809737088938644,-2.4449087436158576,127.63499553749128,92.73100559165911,34.903989945832166,-0.030612240672440283,-0.12827019793526706,-0.22516266332531187,0,0.03259020621189817,92.12000274658205,110.95999908447266,1
2022-11-04,90.9800033569336,92.44000244140624,88.04000091552734,91.48999786376952,129101300.0,109.00400085449219,117.52780029296875,26.637011821195642,-6.8542507348473265,-4.418639818120381,-2.4356109167269455,128.211587040252,89.79641466873238,38.41517237151962,0.01881299269611514,-0.0600268364876283,-0.23751254115298104,0,0.029483384677128865,89.30000305175781,103.41000366210938,0
2022-11-07,90.52999877929688,92.0999984741211,89.04000091552734,91.9499969482422,77495700.0,107.84700088500976,116.72340026855468,26.3371525683891,-7.281813337026733,-4.991274521901651,-2.290538815125082,128.52259557326545,87.17140619675408,41.35118937651137,-0.00494619214148917,-0.017260138079448373,-0.24445001660931032,0,0.028558801465948077,90.9800033569336,102.44000244140624,0
2022-11-08,89.9800033569336,91.72000122070312,88.2300033569336,90.79000091552734,88703400.0,106.73550109863281,115.9272004699707,25.952614017514975,-7.577688932688844,-5.50855740405909,-2.069131528629754,128.7031422575855,84.76785993968011,43.935282317905404,-0.006075283660437414,0.0076147847921310685,-0.2538971434875936,0,0.027147445049493124,90.52999877929688,96.79000091552734,0
2022-11-09,86.13999938964844,89.4800033569336,85.87000274658203,89.47000122070312,90796200.0,105.39750099182129,115.0754005432129,23.38534101013869,-8.02946997018259,-6.01273991728379,-2.016730052898799,128.9060314854666,81.88897049817598,47.01706098729062,-0.042676192754212194,-0.05319854680920166,-0.25523087789882026,0,0.02723997020933822,89.9800033569336,92.12000274658205,1
2022-11-10,96.62999725341795,98.69000244140624,91.6500015258789,92.94000244140624,173414900.0,104.60250091552734,114.47260055541992,40.655607695052666,-7.455116594810804,-6.301215252789193,-1.1539013420216104,128.167776744771,81.0372250862837,47.130551658487306,0.12177847617944271,0.06738096273470928,-0.12914565563528368,0,0.054303925167505485,86.13999938964844,89.30000305175781,1
2022-11-11,100.79000091552734,101.19000244140624,96.66000366210938,97.87999725341795,111590500.0,104.29700088500977,113.93200057983398,45.86698353947093,-6.58831389639046,-6.358634981509447,-0.22967891488101255,127.89361575394459,80.70038601607494,47.19322973786964,0.04305085149903842,0.12013777678705506,-0.02533606666471888,0,0.05301663478602769,96.62999725341795,90.9800033569336,0
2022-11-14,98.48999786376952,100.12000274658205,97.29000091552734,98.7699966430664,99533100.0,103.53200073242188,113.35160049438477,43.58791100768571,-6.017590499803745,-6.290426085168307,0.2728355853645619,126.83822692288123,80.22577454196252,46.61245238091871,-0.022819754250081536,0.14337123939665597,-0.03855920034652527,0,0.053411826824726207,100.79000091552734,90.52999877929688,1
2022-11-15,98.94000244140624,103.79000091552734,97.33999633789062,103.20999908447266,111336300.0,102.6610008239746,112.80820053100587,44.17240505021285,-5.465968208537674,-6.125534509842181,0.6595663013045066,125.2762918759619,80.0457097719873,45.2305821039746,0.004569038353104293,0.023905673741562383,0.022213054091767992,0,0.0501318295699555,98.48999786376952,89.9800033569336,0
2022-11-16,97.12000274658205,98.48999786376952,95.54000091552734,96.8499984741211,87958800.0,101.7635009765625,112.16100067138672,42.26506337554223,-5.116680426551213,-5.923763693183988,0.807083266632775,123.75379990143071,79.77320205169428,43.98059784973643,-0.018394983322362668,-0.03641232399651573,0.05427702834263659,0,0.04754421648028665,98.94000244140624,86.13999938964844,0
2022-11-17,94.8499984741211,96.97000122070312,94.02999877929688,95.37000274658205,82617900.0,100.74350090026856,111.46160049438477,39.94812796373984,-4.965795121355839,-5.732169978818358,0.7663748574625187,122.01775337528905,79.46924842524807,42.54850495004098,-0.023373189953300733,-0.03695806141333502,0.06215000260578418,0,0.04697194265750901,97.12000274658205,96.62999725341795,0
2022-11-18,94.13999938964844,95.98999786376952,92.4800033569336,95.9499969482422,72428200.0,99.48450088500977,110.67900039672851,39.223861220294374,-4.847627984464339,-5.555261579947554,0.7076335954832151,119.1303014328254,79.83870033719413,39.29160109563128,-0.007485493894513584,-0.04851428070865904,0.03473286344382198,0,0.046972807505340435,94.8499984741211,100.79000091552734,0
2022-11-21,92.45999908447266,95.0199966430664,90.58999633789062,93.97000122070312,84330300.0,98.11650085449219,109.79920043945313,37.491756464401625,-4.833820388914205,-5.410973341740884,0.5771529528266788,115.59889215462394,80.63410955436044,34.964782600263504,-0.017845764989037338,-0.04798191443907662,0.02131890347067089,0,0.04743173230245432,94.13999938964844,98.48999786376952,1
2022-11-22,93.1999969482422,93.3499984741211,90.87000274658205,92.62000274658205,62192000.0,96.74650077819824,109.12680038452149,38.774274668221196,-4.708885031314509,-5.27055567965561,0.5616706483411011,110.95421958961904,82.53878196677744,28.41543762284161,0.008003437930963697,-0.01739590461173368,0.03578565760367347,0,0.04733888067749112,92.45999908447266,98.94000244140624,1
2022-11-23,94.12999725341795,94.58000183105467,92.83000183105467,93.23999786376952,59414700.0,95.67000045776368,108.43840026855469,40.42852749812366,-4.483150638123362,-5.11307467134916,0.629924033225798,106.94160025264239,84.39840066288497,22.54319958975742,0.009978544373689502,-0.00010624746436516119,0.09275595449713547,0,0.044344527779541724,93.1999969482422,97.12000274658205,0
2022-11-25,93.41000366210938,94.43000030517578,93.06999969482422,93.79000091552734,35088600.0,94.79250068664551,107.78100036621093,39.53786857361478,-4.312638557999662,-4.952987448679261,0.6403488906795989,103.63747915157008,85.94752222172094,17.68995692984913,-0.007648928209040617,0.010274763000687193,-0.0333229192055543,0,0.020477974294291223,94.12999725341795,94.8499984741211,1
2022-11-28,93.9499969482422,96.4000015258789,93.43000030517578,93.93000030517578,74943100.0,94.31950035095215,107.18940032958984,40.59490895561308,-4.086823206781034,-4.779754600299616,0.6929313935185819,102.23331218711134,86.40568851479297,15.827623672318367,0.00578089353348199,0.00804721056392843,-0.06786391412991244,0,0.01323710574603304,93.41000366210938,94.13999938964844,0
2022-11-29,92.41999816894533,94.41000366210938,91.44000244140624,94.04000091552734,65567300.0,93.8185001373291,106.54460021972656,38.539035518664456,-3.985380048399449,-4.620879689919583,0.6354996415201342,100.8297428081833,86.8072574664749,14.022485341708403,-0.016285245651894598,-0.018166356468373723,-0.061630620636423994,0,0.012506317016393223,93.9499969482422,92.45999908447266,1
2022-11-30,96.54000091552734,96.54000091552734,91.52999877929688,92.47000122070312,102805800.0,93.80600013732911,106.03160018920899,46.4095529964428,-3.5318231661976682,-4.4030683851752,0.8712452189775322,100.79686908988334,86.81513118477487,13.981737905108474,0.04457912603558567,0.0335081589841284,-0.024257140354329465,0,0.020318993250438185,92.41999816894533,93.1999969482422,0
2022-12-01,95.5,97.2300033569336,94.91999816894533,96.98999786376952,68488000.0,93.975,105.57080017089844,44.848308627458415,-3.21918667150959,-4.166292042442079,0.9471053709324888,100.95808059269551,86.99191940730448,13.96616118539103,-0.010772746070691896,0.01649817032577139,-0.0166804231957155,0,0.019782743138876027,96.54000091552734,94.12999725341795,0
2022-12-02,94.12999725341795,95.36000061035156,93.77999877929688,94.4800033569336,72496400.0,94.21649971008301,105.10720016479492,42.80546502622024,-3.0468456292846184,-3.942402759810587,0.8955571305259684,100.8620855879947,87.57091383217133,13.29117175582337,-0.014345578498241363,0.01850247909923919,-0.007590946044132907,0,0.01885842060585614,95.5,93.41000366210938,0
2022-12-05,91.01000213623048,94.05999755859376,90.81999969482422,93.0500030517578,71535500.0,94.21799964904785,104.65180023193359,38.50403864838238,-3.1259872080659505,-3.7791196494616597,0.6531324413957091,100.86067578678528,87.57532351131043,13.28535227547485,-0.03314559872755318,-0.05728194247828544,-0.03324832455609861,0,0.021464461150401046,94.12999725341795,93.9499969482422,0
2022-12-06,88.25,91.04000091552734,87.9000015258789,90.5,75503600.0,94.103999710083,104.11380020141601,35.140040702104,-3.3725400432427364,-3.697803728217875,0.32526368497513847,101.06649180743437,87.14150761273163,13.924984194702745,-0.03032636052572668,-0.0759162303664922,-0.045533194096469165,0,0.022737674319962414,91.01000213623048,92.41999816894533,1
2022-12-07,88.45999908447266,89.88999938964844,87.4800033569336,88.33999633789062,68086900.0,94.02799949645996,103.59480010986329,35.601061810660454,-3.510522650466143,-3.6603475126675287,0.14982486220138558,101.1989597880818,86.85703920483812,14.341920583243677,0.0023795930251859776,-0.06023582635066327,-0.05085834784309984,0,0.022464208882918835,88.25,96.54000091552734,1
2022-12-08,90.3499984741211,90.86000061035156,87.87999725341797,89.23999786376953,73305900.0,94.23849945068359,103.04160003662109,39.7517268623056,-3.427853543555628,-3.6138487188451487,0.1859951752895208,100.68108121176031,87.79591768960687,12.885163522153448,0.021365582288144003,-0.007251990403444264,-0.04015721756710877,0,0.023568212276026176,88.45999908447266,95.5,0
2022-12-09,89.08999633789062,90.3000030517578,88.62999725341797,88.9000015258789,67398500.0,93.86149940490722,102.52739990234375,37.993625076052304,-3.42453343312782,-3.5759856617016834,0.1514522285738633,100.57684810192119,87.14615070789326,13.43069739402793,-0.01394579034322141,0.009518372100743688,-0.04624780167920184,0,0.023764528718791006,90.3499984741211,94.12999725341795,1
2022-12-12,90.5500030517578,90.58000183105467,87.87000274658203,89.20999908447266,61999800.0,93.34949951171875,102.0783999633789,41.236738674439565,-3.2664384129328425,-3.5140762119479154,0.24763779901507288,99.40257373419756,87.29642528923993,12.106148444957626,0.01638799835988114,0.02362654294501354,-0.03618939869000193,0,0.024498376011658426,89.08999633789062,91.01000213623048,1
2022-12-13,92.48999786376952,96.25,90.5199966430664,95.2300033569336,100212000.0,93.04949951171875,101.61059997558594,45.32856061200569,-2.9505930028426093,-3.4013795701268545,0.45078656728424527,98.63004711011041,87.46895191332709,11.161095196783322,0.02142456926150338,0.023685660495737393,0.0007574085285766419,0,0.025189024814456097,90.5500030517578,88.25,0
2022-12-14,91.58000183105467,93.45999908447266,89.87000274658203,92.5,70298000.0,92.68149948120117,101.02040008544923,43.788305740355206,-2.7421030573435274,-3.269524267570189,0.5274212102266618,97.58997125374245,87.7730277086599,9.816943545082552,-0.009838858835905628,0.02794932759588664,-0.05137765731753696,0,0.019896804033483845,92.48999786376952,88.45999908447266,0
2022-12-15,88.44999694824219,89.97000122070312,87.47000122070312,89.88999938964844,84802900.0,92.24799919128418,100.37040008544922,38.892975125582836,-2.7971941954550203,-3.1750582531471556,0.37786405769213527,97.0420022812216,87.45399610134676,9.588006179874839,-0.03417782070573294,-0.02319167347035056,-0.073822021484375,0,0.02191488811514441,91.58000183105467,90.3499984741211,0
2022-12-16,87.86000061035156,89.3499984741211,86.7300033569336,88.2699966430664,146144100.0,91.8984992980957,99.7216000366211,38.02992049314598,-2.855545146052677,-3.11115563172826,0.2556104856755832,96.89756832949048,86.89943026670092,9.998138062789565,-0.006670394101153776,-0.05005943734843177,-0.06660997371737121,0,0.021779456408243473,88.44999694824219,89.08999633789062,0
2022-12-19,84.91999816894531,87.62999725341797,84.51000213623047,87.51000213623047,83531500.0,91.43749923706055,99.12880004882813,33.98310638295689,-3.103249987048457,-3.1095745027922996,0.006324515743842518,97.17122734583727,85.70377112828383,11.467456217553433,-0.033462353983410575,-0.07272334056506824,-0.066915765567934,0,0.021822452889859914,87.86000061035156,90.5500030517578,1
2022-12-20,85.19000244140625,86.61000061035156,84.33000183105469,85.33000183105469,74348300.0,91.07399940490723,98.55920013427735,34.670655560660194,-3.2404172568397343,-3.1357430536017867,-0.10467420323794752,97.39414588803751,84.75385292177694,12.640292966260574,0.0031795134041781026,-0.036856920512315816,-0.034674193298512734,0,0.02030927019886157,84.91999816894531,92.48999786376952,1
2022-12-21,86.7699966430664,87.2300033569336,85.20999908447266,86.18000030517578,59267200.0,90.75249938964843,98.05040008544921,38.69429549399153,-3.18491723552566,-3.1455778899865616,-0.039339345539098236,97.25878230487055,84.24621647442632,13.012565830444231,0.018546709195681466,-0.012406145683053094,-0.019104707878104588,0,0.02142749766789362,85.19000244140625,91.58000183105467,0
2022-12-22,83.79000091552734,85.68000030517578,82.25,85.5199966430664,81431300.0,90.23549957275391,97.46820007324219,34.39188696430806,-3.3428594166299916,-3.1850341953152475,-0.1578252213147442,97.21234275335561,83.2586563921522,13.95368636120341,-0.034343619255829294,-0.013306609488731747,-0.07260650436505234,0,0.02199329649206422,86.7699966430664,88.44999694824219,1
2022-12-23,85.25,85.77999877929688,82.93000030517578,83.25,57433700.0,89.82749938964844,96.92260009765624,38.02756082127923,-3.3120408632736797,-3.210435528906934,-0.10160533436674557,96.96654905500098,82.6884497242959,14.27809933070509,0.01742450254827599,0.0007042793388227775,-0.04310244130358598,0,0.023145538743885866,83.79000091552734,87.86000061035156,0
2022-12-27,83.04000091552734,85.3499984741211,83.0,84.97000122070312,57284000.0,89.2819995880127,96.44540008544922,34.87698125606539,-3.426447440878121,-3.2536379113011717,-0.1728095295769494,96.73792205764364,81.82607711838175,14.911844939261897,-0.025923742926365456,-0.042987159984373635,-0.08293762433047946,0,0.02283868560959641,85.25,84.91999816894531,0
2022-12-28,81.81999969482422,83.4800033569336,81.69000244140625,82.80000305175781,58228600.0,88.75199966430664,95.80600006103515,33.239776735639865,-3.574356424517404,-3.3177816139444185,-0.2565748105729857,96.72909573111158,80.77490359750169,15.954192133609894,-0.01469172937442731,-0.02351117316121254,-0.11536380598323037,0,0.02031758184277144,83.04000091552734,85.19000244140625,1
2022-12-29,84.18000030517578,84.55000305175781,82.55000305175781,82.87000274658203,54995900.0,88.13399963378906,95.16240005493164,39.1867850292287,-3.461243967858991,-3.3464740847273333,-0.11476988313165748,95.49310341334879,80.77489585422933,14.718207559119463,0.02884381103830358,-0.012551316068319274,-0.08080368396945758,0,0.02410353163080897,81.81999969482422,86.7699966430664,0
2022-12-30,84.0,84.05000305175781,82.47000122070312,83.12000274658203,62401200.0,87.55899963378906,94.54100006103516,38.902142302288475,-3.347537720259055,-3.3466868118336777,-0.0008509084253773835,94.29697460804941,80.8210246595287,13.475949948520707,-0.002138278742257471,0.011560682489023755,-0.050310877351936734,0,0.02231945157327369,84.18000030517578,83.79000091552734,1
2023-01-03,85.81999969482422,86.95999908447266,84.20999908447266,85.45999908447266,76706000.0,87.14349975585938,93.95240005493164,43.38040888550448,-3.0751178899852647,-3.292373027463995,0.21725513747873038,93.19981615889101,81.08718335282775,12.11263280606326,0.021666663033621747,0.04888780267562187,-0.023218767372589766,0,0.02382135087312157,84.0,85.25,0
2023-01-04,85.13999938964844,86.9800033569336,83.36000061035156,86.55000305175781,68885100.0,86.84999961853028,93.26880004882813,42.13767815535906,-2.8808845100983405,-3.210075323990864,0.3291908138925237,92.69356305732163,81.00643617973893,11.687126877582699,-0.007923564525679994,0.011404123081401707,0.0025906880057326998,0,0.021322096486135155,85.81999969482422,83.04000091552734,0
2023-01-05,83.12000274658203,85.41999816894531,83.06999969482422,85.33000183105469,67930800.0,86.59349975585937,92.53480010986328,38.600159646456724,-2.857016101256633,-3.139463479444018,0.28244737818738486,92.61634294361575,80.57065656810299,12.045686375512759,-0.023725589118479662,-0.0104761577787853,-0.02429862232071145,0,0.022600544153457053,85.13999938964844,81.81999969482422,1
2023-01-06,86.08000183105469,86.4000015258789,81.43000030517578,83.02999877929688,83303400.0,86.47449989318848,91.84440017700196,45.782897780351455,-2.5696319097987157,-3.0254971655149574,0.4558652557162417,92.43889158640023,80.51010819997673,11.928783386423504,0.035611152390083056,0.0030296217333376507,-0.00795199768014343,0,0.024873240882051412,83.12000274658203,84.18000030517578,1
2023-01-09,87.36000061035156,89.4800033569336,87.08000183105469,87.45999908447266,65266100.0,86.325,91.2784001159668,48.58396808865547,-2.213081635979819,-2.86301405960793,0.649932423628111,92.03792323173144,80.61207676826857,11.425846463462875,0.01486987397850048,0.026074715017827987,0.04260651218303835,0,0.022157820552851593,86.08000183105469,84.0,1
2023-01-10,89.87000274658203,90.19000244140624,87.29000091552734,87.56999969482422,67756600.0,86.36400032043457,90.85660018920899,53.6417905471581,-1.7082847366676503,-2.6320681950198743,0.923783458352224,92.16191164233541,80.56608899853373,11.595822643801682,0.028731709234134817,0.0812078895206434,0.05419358060506774,0,0.023161991372724518,87.36000061035156,85.81999969482422,1
2023-01-11,95.08999633789062,95.26000213623048,90.93000030517578,90.93000030517578,103126200.0,86.59099998474122,90.69020004272461,62.01130021924868,-0.8769112129805876,-2.281036798612017,1.4041255856314292,93.30916475142027,79.87283521806216,13.436329533358105,0.058083825879343465,0.10467000830831119,0.14511073325518353,0,0.02559253136157667,89.87000274658203,85.13999938964844,1
2023-01-12,95.2699966430664,97.19000244140624,93.5,96.93000030517578,85254800.0,86.72999992370606,90.54679992675781,62.26429628667003,-0.2011979012689551,-1.8650690191434045,1.6638711178744494,94.02121486387941,79.43878498353271,14.582429880346695,0.0018929468094222024,0.0905448257492063,0.1643851991983447,0,0.024020566665973832,95.08999633789062,83.12000274658203,1
2023-01-13,98.12000274658205,98.37000274658205,94.12000274658205,94.18000030517578,85549400.0,87.05699996948242,90.5733999633789,66.11248447870626,0.5578508828456137,-1.380485038745601,1.9383359215912146,95.65793179951248,78.45606813945236,17.201863660060127,0.029915043601747238,0.09179926280033168,0.1655975575061761,0,0.02408852776976819,95.2699966430664,86.08000183105469,0
2023-01-17,96.0500030517578,98.88999938964844,95.7300033569336,98.68000030517578,72755000.0,87.4370002746582,90.65199996948242,61.2285794765008,0.9810617678742233,-0.9081756774216362,1.8892374452958594,96.8807897782466,77.99321077106981,18.887579007176782,-0.02109661268732843,0.010095769805857469,0.14345241728283087,0,0.026293424851955138,98.12000274658205,87.36000061035156,0
2023-01-18,95.45999908447266,99.31999969482422,95.37999725341795,97.25,79570400.0,87.81700019836425,90.77519989013672,59.8709868202657,1.254391212966496,-0.4756622993440098,1.7300535123105059,97.88901472097481,77.7449856757537,20.144029045221117,-0.00614267515397382,0.0019943575952678927,0.11232812192878416,0,0.02683432551312023,96.0500030517578,89.87000274658203,0
2023-01-19,93.68000030517578,95.44000244140624,92.86000061035156,94.73999786376952,69002700.0,88.25500030517578,90.82919982910157,55.847794624944825,1.3122489529328618,-0.11808004888863549,1.4303290018214974,98.54453528340557,77.965465326946,20.579069956459563,-0.01864654092151996,-0.045250737027327737,0.10030539084741474,0,0.027869757749280747,95.45999908447266,95.08999633789062,1
2023-01-20,97.25,97.3499984741211,93.1999969482422,93.86000061035156,67481500.0,88.85800018310547,90.96359985351563,61.443840766511045,1.6274109875029552,0.23101815838968265,1.3963928291132726,99.7540203821542,77.96197998405675,21.79204039809744,0.03810845093076898,0.012493460802865064,0.16999514901963853,0,0.026388346941724244,93.68000030517578,95.2699966430664,1
2023-01-23,97.5199966430664,97.77999877929688,95.86000061035156,97.55999755859376,76501100.0,89.39550018310547,91.11439971923828,61.83778731701858,1.8773250090488744,0.5602795285215211,1.3170454805273533,100.87163698761904,77.9193633785919,22.952273609027145,0.002776315095798454,0.02157969388592651,0.1328995651564282,0,0.025729954631578074,97.25,98.12000274658205,0
2023-01-24,96.31999969482422,98.08999633789062,96.0,96.93000030517578,66929500.0,90.02200012207031,91.31799972534179,58.954632687247305,1.9560063234025904,0.839424887497735,1.1165814359048554,101.57349879330839,78.47050145083223,23.102997342476158,-0.012305137300550828,0.02818103523749227,0.10256409136758826,0,0.02690123160401822,97.5199966430664,96.0500030517578,1
2023-01-25,97.18000030517578,97.23999786376952,91.5199966430664,92.55999755859376,94261600.0,90.61850013732911,91.32899978637695,60.3803325922229,2.0639645947516243,1.0843328289485128,0.9796317658031115,102.35335713560826,78.88364313904995,23.469713996558312,0.008928577793566816,-0.0007197912064187406,0.08133968326680363,0,0.02609673969313543,96.31999969482422,95.45999908447266,1
2023-01-26,99.22000122070312,99.48999786376952,96.91999816894533,98.23999786376952,68523600.0,91.4275001525879,91.29759979248047,63.60934786233838,2.2877614377052993,1.3250185506998702,0.9627428870054291,103.19182668485462,79.66317362032117,23.528653064533444,0.02099198301215366,0.017432369115627733,0.04343259061801863,1,0.02017537767836793,97.18000030517578,93.68000030517578,1
2023-01-27,102.23999786376952,103.48999786376952,99.52999877929688,99.52999877929688,87775600.0,92.44850006103516,91.37259979248047,67.79397852302085,2.67794090228449,1.5956030210167942,1.082337881267696,104.2447208052937,80.65227931677663,23.592441488517068,0.03043737760442844,0.061461775204546765,0.07316050662640983,1,0.021733698589085557,99.22000122070312,97.25,0
2023-01-30,100.5500030517578,101.73999786376952,99.01000213623048,101.08999633789062,70691900.0,93.26700019836426,91.4047998046875,63.40035748008497,2.8183048179933508,1.8401433804121057,0.9781614375812451,104.92565820206495,81.60834219466356,23.317316007401388,-0.01652968356145279,0.03467794542085967,0.02476559556823288,1,0.02132181116507968,102.23999786376952,97.5199966430664,1
2023-01-31,103.12999725341795,103.3499984741211,101.13999938964844,101.16000366210938,66527300.0,94.22350006103514,91.52499969482422,66.92451811859587,3.1019706162681473,2.0925088275833144,1.009461788684833,105.82285444584473,82.62414567622555,23.198708769619174,0.025658817736008643,0.039407337075288984,0.07371154582728123,1,0.020651250965253644,100.5500030517578,96.31999969482422,1
2023-02-01,105.1500015258789,106.23999786376952,101.23999786376952,102.52999877929688,80450100.0,95.19000015258788,91.73099975585937,69.40823256397391,3.450005749286376,2.364008211923927,1.085997537362449,107.04590398181081,83.33409632336496,23.71180765844585,0.019586971068148662,0.02846247772801047,0.10150851177812759,1,0.020387638552550116,103.12999725341795,97.18000030517578,1
2023-02-02,112.91000366210938,114.0,108.87999725341795,110.25,158154200.0,96.57850036621093,92.10639984130859,76.65932103983296,4.302398052412656,2.7516861800216725,1.5507118723909832,109.82425161117,83.33274912125187,26.491502489918133,0.07379935352944922,0.12292392078784231,0.20527330587413695,1,0.026149927639091946,105.1500015258789,99.22000122070312,0
2023-02-03,103.38999938964844,108.77999877929688,102.5199966430664,105.26000213623048,144374800.0,97.59200019836425,92.32499984741212,58.377991731831166,4.161766062444457,3.033702156506229,1.1280639059382276,109.60841690876441,85.57558348796408,24.03283342080033,-0.08431497620839845,0.0025211106676517048,0.0631362405105238,1,0.040824893253952874,112.91000366210938,102.23999786376952,0
2023-02-06,102.18000030517578,103.9499969482422,100.6500015258789,102.93000030517578,81945200.0,98.3970001220703,92.50459991455078,56.53265853556174,3.9076326269565413,3.2084882505962917,0.6991443763602496,109.32892121415432,87.46507902998627,21.86384218416805,-0.011703250716856073,-0.028245374965326753,0.047785108926587494,1,0.04124216191615858,103.38999938964844,100.5500030517578,0
2023-02-07,102.11000061035156,102.41000366210938,98.08000183105467,101.16999816894533,119501300.0,99.1345001220703,92.66419998168945,56.42154514309029,3.6584097872924843,3.2984725579355305,0.3599372293569538,108.91843985228188,89.35056039185874,19.567879460423143,-0.0006850625818668465,-0.09565142769880275,0.06011213594136322,1,0.040847981695012144,102.18000030517578,103.12999725341795,0
2023-02-08,100.0500030517578,102.66999816894533,98.77999877929688,102.04000091552734,75878300.0,99.64350013732908,92.79699996948243,53.11310033891456,3.2571281585249494,3.2902036780534143,-0.03307551952846488,108.45772723793452,90.82927303672365,17.62845420121087,-0.02017429777965285,-0.03230482984435579,0.029532853854386865,1,0.04169299383175813,102.11000061035156,105.1500015258789,0
2023-02-09,98.23999786376952,101.77999877929688,97.56999969482422,101.31999969482422,64622500.0,99.80100021362304,92.88279998779296,50.32103071608696,2.7612275721749455,3.184408456877721,-0.4231808847027754,108.39393095004786,91.20806947719822,17.185861472849638,-0.01809100582487666,-0.03855942874964635,-0.009877074630887273,1,0.041724445798751994,100.0500030517578,112.91000366210938,0
2023-02-10,97.61000061035156,98.81999969482422,96.2300033569336,97.55999755859376,52740100.0,99.9180004119873,92.9866000366211,49.348634521381875,2.2909782997229513,3.005722425446767,-0.7147441257238158,108.32263006690685,91.51337075706773,16.80925930983912,-0.006412838631079554,-0.04407012019490486,-0.04528557658605614,1,0.040321492588137685,98.23999786376952,103.38999938964844,1
2023-02-13,99.54000091552734,99.68000030517578,96.91000366210938,97.8499984741211,52841500.0,99.98900032043456,93.0466000366211,52.38425655916677,2.0504015060526655,2.814658241567947,-0.7642567355152816,108.35557986593938,91.62242077492974,16.73315909100964,0.019772567289289666,-0.0050974724705067365,-0.010044774794393141,1,0.040689239606462556,97.61000061035156,102.18000030517578,1
2023-02-14,99.6999969482422,100.91999816894533,97.5199966430664,98.41000366210938,56202900.0,100.17150001525877,93.13059997558594,52.637667952721095,1.8513122315013106,2.62198903955462,-0.7706768080533095,108.34340269640443,91.99959733411312,16.343805362291306,0.0016073541414836079,0.01486155452178739,-0.03325899734824311,1,0.03968564965036734,99.54000091552734,102.11000061035156,1
2023-02-15,101.16000366210938,101.16999816894533,98.4499969482422,99.08999633789062,47957600.0,100.45650024414061,93.27120010375977,54.99162855026134,1.790700802899181,2.4557313922235324,-0.6650305893243513,108.34388717493543,92.5691133133458,15.774773861589637,0.014643999584324163,0.03636925550209802,-0.037945770859428296,1,0.039407556331570275,99.6999969482422,100.0500030517578,0
2023-02-16,98.1500015258789,100.62999725341795,98.0999984741211,99.20999908447266,56339200.0,100.68000030517577,93.41400009155274,49.52649998828941,1.4826922391053614,2.261123561599898,-0.7784313224945367,108.02103977311577,93.33896083723576,14.682078935880014,-0.02975486385196624,-0.013964229223064173,-0.13072359983620896,1,0.0292302414895527,101.16000366210938,98.23999786376952,0
2023-02-17,97.1999969482422,97.94000244140624,95.6500015258789,97.8000030517578,60029400.0,100.67750015258788,93.59300003051757,47.9082064811833,1.1486943696650371,2.038637723212926,-0.8899433535478889,108.02324311848001,93.33175718669575,14.691485931784257,-0.009679109147911924,-0.025075226444568832,-0.05987041762209344,1,0.015398873259630153,98.1500015258789,97.61000061035156,0
2023-02-21,94.58000183105467,95.61000061035156,94.2699966430664,95.33999633789062,56580400.0,100.53050041198729,93.71540008544922,43.670176110580606,0.6649221336080728,1.7638946052919553,-1.0989724716838825,108.23215189070916,92.82884893326542,15.403302957443742,-0.02695468312187954,-0.0650454882646403,-0.07437853250560367,1,0.01671986593350786,97.1999969482422,99.54000091552734,1
2023-02-22,95.79000091552734,97.01000213623048,94.8000030517578,95.0999984741211,59534100.0,100.50400047302244,93.82420013427735,46.04407667626396,0.3748449852181466,1.4860846812771937,-1.1112396960590472,108.26682407980235,92.74117686624254,15.525647213559807,0.012793392483054333,-0.02404483518759104,-0.061894032485036665,1,0.017842393598724613,94.58000183105467,99.6999969482422,1
2023-02-23,95.81999969482422,96.43000030517578,93.66999816894533,96.12000274658205,48467000.0,100.43600044250488,93.95880020141601,46.1047193153673,0.14569789140678324,1.2180073233031117,-1.0723094318963284,108.33670367501786,92.5352972099919,15.801406465025963,0.000313172345862478,-0.014197503052935434,-0.042278892832670056,1,0.01722836201366281,95.79000091552734,101.16000366210938,0
2023-02-24,93.5,94.13999938964844,92.31999969482422,93.52999877929688,57053800.0,100.15000038146971,94.01780014038086,42.158400918348704,-0.2205648830058351,0.9302928820413224,-1.1508577650471574,108.60102499596428,91.69897576697514,16.902049228989142,-0.024212061179431754,-0.011418923769782152,-0.04824916497191423,1,0.01787429961710794,95.81999969482422,98.1500015258789,1
2023-02-27,93.76000213623048,94.77999877929688,93.13999938964844,94.27999877929688,47470300.0,99.72600059509276,94.04320022583008,42.74982260874612,-0.48426842607419474,0.6473806204182191,-1.1316490464924138,108.55739410795525,90.89460708223027,17.66278702572498,0.0027807715104863906,-0.021192178305614817,-0.03944266417423614,1,0.018017321545654646,93.5,97.1999969482422,1
2023-02-28,94.2300033569336,94.69000244140624,92.91999816894533,93.13999938964844,43959300.0,99.41000061035156,94.09620025634766,43.867150902335915,-0.6478620627118516,0.3883320837922049,-1.0361941465040565,108.54780606550631,90.27219515519681,18.275610910309496,0.005012811540044737,-0.016593574858636884,-0.05334536377089216,1,0.01639713494177063,93.76000213623048,94.58000183105467,0
2023-03-01,92.16999816894533,94.68000030517578,91.58999633789062,93.87000274658205,52299500.0,98.86200065612793,94.17060028076172,40.166938124824064,-0.9329815700855875,0.12406935301664646,-1.057050923102234,108.3495780498764,89.37442326237947,18.975154787496933,-0.021861457228067538,-0.014224618513953735,-0.07552656980727857,1,0.016961320737924005,94.2300033569336,95.79000091552734,0
2023-03-02,92.12999725341795,92.2300033569336,90.38999938964844,91.41000366210938,55509400.0,98.21100044250488,94.25600021362305,40.0962124790888,-1.1489244871288946,-0.13052941501246176,-1.0183950721164328,107.67012845015117,88.7518724348586,18.91825601529257,-0.0004339906295109941,-0.01738486396837091,-0.08926459155589883,1,0.015348654678115626,92.16999816894533,95.81999969482422,1
2023-03-03,94.9000015258789,94.94000244140624,92.66000366210938,92.73999786376952,55759600.0,97.31050033569336,94.45560028076171,47.049263129991,-1.0840483749051941,-0.32123320699100827,-0.7628151679141859,104.03448014907453,90.5865205223122,13.447959626762326,0.030066258059702644,0.007110242439527736,-0.03311258226667557,1,0.01789370803460665,92.12999725341795,93.5,0
2023-03-06,93.75,96.5500030517578,93.73999786376952,95.19000244140624,52112400.0,96.82850036621093,94.6268002319336,44.72810732375717,-1.1126036978780576,-0.47950730516841816,-0.6330963927096394,103.1075113892239,90.54948934319796,12.55802204602594,-0.012118034851298809,0.017142257377054104,-0.035493796878196204,1,0.018007823695049777,94.9000015258789,93.76000213623048,0
2023-03-07,93.5500030517578,95.08999633789062,92.77999877929688,94.05999755859376,49100700.0,96.39700050354004,94.76240036010742,44.318613582213764,-1.138251030005705,-0.6112560501358755,-0.5269949798698295,102.3217966612154,90.47220434586468,11.84959231535072,-0.0021333007812501803,0.015413066760806338,-0.010890238521423679,1,0.016009559413034082,93.75,94.2300033569336,1
2023-03-08,93.91999816894533,94.16999816894533,92.18000030517578,93.5999984741211,44899100.0,95.98750038146973,94.96500030517578,45.316047093274896,-1.1158582919254627,-0.7121764984937929,-0.40368179343166977,101.38489625162167,90.59010451131779,10.794791740303879,0.003955051898638873,-0.010326694849065232,-0.019521899245319774,1,0.015396984082503453,93.5500030517578,92.16999816894533,0
2023-03-09,92.25,96.20999908447266,92.18000030517578,93.68000030517578,56218700.0,95.59750022888184,95.10500030517578,41.686333951028,-1.2188170172550912,-0.8135046022460526,-0.4053124150090386,100.89055964042598,90.3044408173377,10.58611882308827,-0.017781071140368865,-0.016000000000000014,-0.037257354479172,1,0.016157249309783146,93.91999816894533,92.12999725341795,0
2023-03-10,90.7300033569336,93.56999969482422,90.25,92.66999816894533,69827500.0,95.22200050354004,95.25880035400391,38.65173958944331,-1.4068463260940973,-0.9321729470156617,-0.47467337907843565,100.77127290348726,89.67272810359283,11.098544799894427,-0.0164769283801236,-0.030144303611235657,-0.029625632546164793,0,0.0152228153599787,92.25,94.9000015258789,1
2023-03-13,92.43000030517578,94.0199966430664,88.12000274658203,89.97000122070312,72397100.0,94.96300048828125,95.47100036621094,43.5971065520631,-1.4025180072210617,-1.0262419590567418,-0.3762760481643199,100.52579153744946,89.40020943911304,11.125582098336423,0.01873687738723384,-0.01586454315181418,-0.014185172789589418,0,0.01665332222696575,90.7300033569336,93.75,1
2023-03-14,94.87999725341795,95.06999969482422,92.70999908447266,93.83000183105467,60912700.0,94.73000030517578,95.68500030517578,49.869077683888676,-1.187702411010946,-1.0585340494475826,-0.12916836156336342,99.8816096887174,89.57839092163415,10.303218767083251,0.0265065123894086,0.02850945532160387,0.006897950475733827,0,0.018806902172794678,92.43000030517578,93.5500030517578,1
2023-03-15,96.1999969482422,96.66999816894533,93.06999969482422,93.22000122070312,70731800.0,94.55500030517578,95.92900024414062,52.90749505192552,-0.9005654023018366,-1.0269403200184333,0.1263749177165967,99.2356609359309,89.87433967442067,9.361321261510227,0.013912307472971452,0.060288696009296316,0.04372354192640859,0,0.017353898931029264,94.87999725341795,93.91999816894533,1
2023-03-16,100.04000091552734,100.98999786376952,95.61000061035156,95.75,84446900.0,94.49900016784667,96.2134002685547,60.42254867872022,-0.3590125530477053,-0.8933547666242877,0.5343422135765824,98.879396536769,90.11860379892435,8.760792737844639,0.039916882423095545,0.08233258233501739,0.08585698358756799,0,0.02050419089711555,96.1999969482422,92.25,0
2023-03-17,98.9499969482422,100.66000366210938,97.45999908447266,99.79000091552734,87300200.0,94.53899993896485,96.48960021972657,57.612103531615816,-0.01757958246908231,-0.7181997297932466,0.7006201473241643,99.06423857429199,90.01376130363771,9.050477270654284,-0.010895681300578275,0.04289628807591095,0.04267645265799991,0,0.01978690371335077,100.04000091552734,90.7300033569336,0
2023-03-20,97.70999908447266,98.4800033569336,95.6999969482422,98.41000366210938,62388900.0,94.56450004577637,96.78140014648437,54.50612179903593,0.15120801027578068,-0.5443181817794412,0.6955261920552219,99.15471243567224,89.9742876558805,9.180424779791736,-0.012531560404374309,0.01569648840054394,0.04223999023437508,0,0.019825567043688947,98.9499969482422,92.43000030517578,1
2023-03-21,100.61000061035156,100.8499984741211,98.0,98.13999938964844,58597300.0,94.86599998474121,97.0720001220703,59.94493980013609,0.5130649865958503,-0.33284154810438293,0.8459065347002332,100.15901503155125,89.57298493793117,10.586030093620082,0.029679680207260972,0.005697717808954339,0.07546763579139304,0,0.021180918712391607,97.70999908447266,94.87999725341795,0
2023-03-22,98.6999969482422,102.0999984741211,98.61000061035156,100.4499969482422,57475400.0,95.01149978637696,97.29880004882813,55.25921345310215,0.6383593056915089,-0.13860137734520458,0.7769606830367135,100.5523010385301,89.47069853422381,11.08160250430629,-0.018984232685839375,-0.0025265286276943133,0.05089436618917431,0,0.022788910461596677,100.61000061035156,96.1999969482422,1
2023-03-23,98.70999908447266,101.05999755859376,97.62000274658205,100.43000030517578,57559300.0,95.15599975585938,97.47559997558594,55.27892768453053,0.7300475117968972,0.03512840048321578,0.6949191113136814,100.91985285446899,89.39214665724978,11.527706197219203,0.0001013387693993284,0.010234367100295128,0.07002709034658716,0,0.02144658101444483,98.6999969482422,100.04000091552734,0
2023-03-24,98.12999725341795,98.3000030517578,96.4000015258789,98.06999969482422,56095400.0,95.38749961853027,97.53639999389648,53.79856473243782,0.7472954188118877,0.17756180414895018,0.5697336146629375,101.23797814438618,89.53702109267437,11.70095705171181,-0.00587581639584811,-0.02464967042926791,0.08156060423995193,0,0.020393513270221042,98.70999908447266,98.9499969482422,0
2023-03-27,98.04000091552734,99.33999633789062,97.08000183105467,99.06999969482422,46721300.0,95.60149955749512,97.5918000793457,53.55889105993335,0.7451133541193968,0.2910721141430395,0.4540412399763573,101.51101037490882,89.69198874008141,11.819021634827408,-0.0009171134251455548,-0.006686890102549414,0.060694586084918845,0,0.020195959259640302,98.12999725341795,97.70999908447266,0
2023-03-28,97.23999786376952,98.44000244140624,96.29000091552734,98.11000061035156,38720100.0,95.75199928283692,97.57419998168945,51.368130610997234,0.6710945317372676,0.36707659766188516,0.30401793407538247,101.66744114343533,89.83655742223851,11.830883721196813,-0.008159965772002842,-0.014892120700408129,0.02487353160485628,0,0.0192556698924114,98.04000091552734,100.61000061035156,1
2023-03-29,100.25,100.41999816894533,98.55999755859376,98.69000244140624,49783300.0,96.15599937438965,97.6581999206543,58.28234780729415,0.8455689064735026,0.4627750594242087,0.38279384704929387,102.14096752840335,90.17103122037595,11.9699363080274,0.0309543624265336,0.021604023294805597,0.042099825158381066,0,0.021037394989839767,97.23999786376952,98.6999969482422,1
2023-03-30,102.0,103.04000091552734,101.01000213623048,101.5500030517578,53633400.0,96.64949951171874,97.78899993896485,61.69241369898048,1.1122303806232736,0.5926661236640217,0.5195642569592519,102.8490482299076,90.4499507935299,12.399097436377701,0.0174563591022443,0.040391667151091104,0.0195921538038335,0,0.017759257684065784,100.25,98.70999908447266,1
2023-03-31,103.29000091552734,103.48999786376952,101.9499969482422,102.16000366210938,56750300.0,97.06899948120117,97.98119995117187,64.02672888731334,1.4113842538525034,0.7564097497017181,0.6549745041507853,103.84672672194493,90.29127224045742,13.555454481487516,0.012647067799287592,0.06221722732073398,0.04386057707061153,0,0.01740453561281369,102.0,98.12999725341795,0
2023-04-03,102.41000366210938,103.29000091552734,101.43000030517578,102.3000030517578,41135700.0,97.50199966430664,98.08440002441407,61.28330529271209,1.5594807069206524,0.917023941145505,0.6424567657751474,104.47980329700486,90.52419603160841,13.955607265396452,-0.008519675143944028,0.021546171193110863,0.04810157222060196,0,0.017011742706966506,103.29000091552734,98.04000091552734,1
2023-04-04,103.9499969482422,104.1999969482422,102.11000061035156,102.75,48662500.0,98.02199935913086,98.21300003051758,64.17615546305774,1.7805872988801354,1.089736612692431,0.6908506861877044,105.28834804025242,90.7556506780093,14.532697362243113,0.015037527888524194,0.01911761713962945,0.033197458678347225,0,0.015166052777634925,102.41000366210938,97.23999786376952,0
2023-04-05,101.0999984741211,103.91000366210938,100.75,103.91000366210938,45175400.0,98.38099937438965,98.30860000610352,55.85805836367406,1.7061770604697273,1.2130247022478904,0.4931523582218369,105.5093815238913,91.25261722488798,14.256764299003322,-0.027417013542964774,-0.021202463181283937,0.02431612563410157,1,0.016703848292122243,103.9499969482422,100.25,1
2023-04-06,102.05999755859376,102.37999725341795,99.8000030517578,100.75,43808000.0,98.87149925231935,98.40619995117187,57.840309073951175,1.7050159509554703,1.3114229519894065,0.3935929989660638,105.58273210556331,92.1602663990754,13.422465706487912,0.009495540049077267,-0.003417694473192512,0.03393778244546719,1,0.016815828833849817,101.0999984741211,102.0,1
2023-04-10,102.16999816894533,102.1999969482422,99.56999969482422,100.95999908447266,37261200.0,99.44349899291993,98.46519989013672,58.07264351307923,1.6934508460255557,1.3878285307966365,0.30562231522891925,105.1576165569147,93.72938142892515,11.428235127989552,0.0010778033801970288,-0.01712360588315509,0.041169887176234043,1,0.016527721365149368,102.05999755859376,103.29000091552734,0
2023-04-11,99.91999816894533,101.0,99.01000213623048,100.8000030517578,60417800.0,99.81799888610841,98.41879989624023,51.786234783355106,1.4856041017525428,1.4073836449878177,0.07822045676472511,104.54004466940134,95.09595310281549,9.444091566585854,-0.02202212039075757,-0.01167161545979467,0.019175818399245204,1,0.01848093936905045,102.16999816894533,102.41000366210938,0
2023-04-12,97.83000183105467,100.51000213623048,97.70999908447266,100.4000015258789,56735000.0,99.96549911499025,98.36439987182617,46.726350641880416,1.1391078950772737,1.353728495005709,-0.21462059992843519,104.22276884366892,95.70822938631159,8.51453945735733,-0.020916697119598426,-0.041446167242073506,0.006067502882010967,1,0.019666626304063444,99.91999816894533,103.9499969482422,1
2023-04-13,102.4000015258789,102.56999969482422,98.70999908447266,98.9499969482422,67925100.0,100.27549934387208,98.3497999572754,56.69095711714232,1.2192136017412878,1.3268255163528249,-0.10761191461153707,104.28667174845219,96.26432693929198,8.022344809160217,0.04671368301429957,0.0022511829407421136,0.021446399260637516,1,0.022743943654844077,97.83000183105467,101.0999984741211,1
2023-04-14,102.51000213623048,103.1999969482422,101.11000061035156,102.06999969482422,51450500.0,100.39899940490724,98.29699996948243,56.89992969013968,1.2768552883950832,1.3168314707612767,-0.03997618236619349,104.52404530075174,96.27395350906275,8.250091791688988,0.001074224694457504,0.025920776768890263,0.005000020943436212,1,0.02211671758828865,102.4000015258789,102.05999755859376,1
2023-04-17,102.73999786376952,103.7300033569336,101.58999633789062,103.16000366210938,39919500.0,100.5884994506836,98.09359985351563,57.363168549610215,1.3258123341138912,1.3186276434317998,0.007184690682091377,104.77759191879906,96.39940698256814,8.378184936230923,0.0022436418178333195,0.05018906205474738,-0.005324843129855594,1,0.0217345717208299,102.51000213623048,102.16999816894533,0
2023-04-18,102.3000030517578,104.1999969482422,101.5199966430664,103.9499969482422,39790500.0,100.81799964904785,98.07179992675782,56.12048404272847,1.3139607201534602,1.317694258776132,-0.0037335386226717837,104.85117586462137,96.78482343347433,8.066352431147038,-0.004282604839014548,-0.000976547584287224,-0.0010741197775415712,1,0.02159790318050807,102.73999786376952,99.91999816894533,1
2023-04-19,104.3000030517578,105.12000274658205,101.38999938964844,101.58000183105467,58398900.0,101.00249977111817,98.11419998168945,60.32759007361293,1.4492455158237192,1.3440045101856495,0.1052410056380697,105.30907219300654,96.69592734922979,8.613144843776752,0.019550341547772243,0.017461719619793703,0.0033670621817321056,1,0.021988306735056657,102.3000030517578,97.83000183105467,0
2023-04-20,103.80999755859376,105.25,103.20999908447266,103.52999877929688,57696900.0,101.25799980163575,98.14819992065429,58.83910887779853,1.4996335014004671,1.375130308428613,0.12450319297185408,105.59407520204772,96.92192440122378,8.672150800823943,-0.004698039106680318,0.01041463614047422,0.02680513477125679,1,0.019846822461149553,104.3000030517578,102.4000015258789,1
2023-04-21,106.95999908447266,108.1500015258789,105.08000183105467,106.0999984741211,86774200.0,101.67049980163574,98.2863998413086,64.84419123585022,1.773303600410756,1.4547649668250417,0.3185386335857143,106.50009838862209,96.84090121464939,9.6591971739727,0.030343912917452087,0.04555225702541943,0.048010990036186696,1,0.02163961279302213,103.80999755859376,102.51000213623048,0
2023-04-24,106.20999908447266,109.2300033569336,105.06999969482422,107.66000366210938,69575600.0,102.07449989318847,98.44579986572266,62.50594259374565,1.9076798477788088,1.5453479430157953,0.3623319047630136,107.00263719895734,97.1463625874196,9.856274611537742,-0.007011967150520215,0.018312521350234645,0.03954194957356183,1,0.021947748698489075,106.95999908447266,102.73999786376952,0
2023-04-25,102.56999969482422,105.4499969482422,102.4499969482422,104.91000366210938,65026800.0,102.30099983215332,98.54499984741211,52.59358196961022,1.700850120499453,1.576448378512527,0.1244017419869261,106.86991611784313,97.73208354646351,9.137832571379619,-0.03427172037496595,-0.0119448790379717,0.026521232730591704,1,0.023828875474423243,106.20999908447266,102.3000030517578,1
2023-04-26,104.9800033569336,106.62000274658205,104.0999984741211,105.04000091552734,73803800.0,102.68800010681153,98.65379989624023,57.409405479643716,1.7116721349018462,1.603493129790391,0.10817900511145528,106.76090852312294,98.61509169050012,8.145816832622813,0.023496184744855597,-0.018511553332899222,0.07308597967959218,1,0.023027331987540398,102.56999969482422,104.3000030517578,1
2023-04-27,109.81999969482422,110.86000061035156,106.8000030517578,108.16000366210938,149961200.0,103.16650009155273,98.85619995117187,65.08131272091316,2.086741259921766,1.700142755816666,0.3865985041050999,108.1320865369378,98.20091364616766,9.931172890770142,0.046103983455159314,0.03398927258704143,0.07246091853885472,1,0.02291194482451363,104.9800033569336,103.80999755859376,0
2023-04-28,105.4499969482422,109.4800033569336,104.33000183105467,107.7300033569336,130715900.0,103.33899993896485,98.94199981689454,55.38126496597373,2.008214101621178,1.7617570249775683,0.2464570766436096,108.36978030023556,98.30821957769413,10.06156072254143,-0.039792412663683274,0.028078358798740544,0.028680077560671702,1,0.027351309329846092,109.81999969482422,106.95999908447266,0
2023-05-01,102.0500030517578,105.2300033569336,101.81999969482422,104.9499969482422,74728100.0,103.27700004577636,99.01999984741211,49.23296975071504,1.6525797596248566,1.739921571907026,-0.08734181228216942,108.33913373726573,98.214866354287,10.12426738297873,-0.0322427121373291,-0.02791008012462859,-0.0067159317340713676,1,0.02956535029092001,105.4499969482422,106.20999908447266,1
2023-05-02,103.62999725341795,103.9000015258789,101.1500015258789,101.47000122070312,73469400.0,103.3379997253418,99.14859985351562,51.905072504087144,1.481155470619143,1.6881683516494495,-0.20701288103030646,108.38625670441347,98.28974274627014,10.096513958143333,0.015482549283793778,-0.05636498323263062,0.013000920449506292,1,0.02992654028543815,102.0500030517578,102.56999969482422,1
2023-05-03,103.6500015258789,105.95999908447266,103.27999877929688,103.73999786376952,65051900.0,103.32299995422363,99.32999984741211,51.9395639224542,1.3315652092797166,1.616847723175503,-0.2852825138957864,108.36567379443494,98.28032611401233,10.085347680422615,0.00019303553981608879,-0.017069658363734086,-0.00623203745791201,1,0.029262018704858752,103.62999725341795,104.9800033569336,1
2023-05-04,104.0,105.38999938964844,103.30999755859376,104.04000091552734,45345500.0,103.46800003051757,99.49419982910156,52.58032835245824,1.2271104359746658,1.5389002657353354,-0.3117898297606696,108.41246947288845,98.5235305881467,9.888938884741748,0.0033767339022539034,0.019108249778818642,0.0018302903947087223,1,0.029236722643463855,103.6500015258789,109.81999969482422,1
2023-05-05,105.66000366210938,105.76000213623048,103.5500030517578,104.2699966430664,56951700.0,103.64800033569335,99.69099990844727,55.603657687816884,1.263710430664915,1.4838622987212515,-0.22015186805633657,108.63625247638149,98.65974819500522,9.976504281376265,0.015961573674128537,0.019588984488026373,-0.012154033596584068,1,0.02793392714390583,104.0,105.4499969482422,1
2023-05-08,105.83000183105467,106.0999984741211,104.6999969482422,105.04000091552734,49430900.0,103.83100051879883,99.93759994506836,55.91365001217938,1.2915454892051628,1.4453989368180338,-0.153853447612871,108.85733428956884,98.80466674802882,10.052667541540018,0.0016089169321718,0.021032322943395965,-0.003577791702227162,1,0.027856250183133292,105.66000366210938,102.0500030517578,1
2023-05-09,106.62000274658205,106.79000091552734,105.16000366210938,105.4800033569336,44089400.0,104.16600074768067,100.1947999572754,57.402185197143,1.36165513244309,1.4286501759430452,-0.06699504349995511,108.99421463803226,99.33778685732908,9.656427780703183,0.007464810562779034,0.02519233410175037,0.03948525946970616,1,0.02514715560477396,105.83000183105467,103.62999725341795,1
2023-05-10,110.19000244140624,110.66999816894533,108.0500030517578,108.0999984741211,78627600.0,104.78400077819825,100.51399993896484,63.41387593783866,1.685853203143182,1.4800907813830726,0.2057624217601095,109.36796151614212,100.20004004025438,9.167921475887738,0.033483395262233095,0.042873354365795535,0.049628490358859745,1,0.026177404919853903,106.62000274658205,103.6500015258789,1
2023-05-11,112.18000030517578,113.27999877929688,110.48999786376952,111.02999877929688,74924800.0,105.27300071716309,100.91419998168945,66.27132019595021,2.079388806606147,1.5999503864276876,0.4794384201784594,110.73740220308812,99.80859923123805,10.928802971850075,0.01805969525073503,0.060001874366950814,0.021489716052719876,1,0.022555798830331434,110.19000244140624,104.0,0
2023-05-12,110.26000213623048,112.63999938964844,109.31999969482422,112.16000366210938,49852700.0,105.66050071716309,101.2768000793457,61.29700281181287,2.2108554362227437,1.7221313963866989,0.48872403983604484,111.37943969205078,99.9415617422754,11.437877949775384,-0.01711533396079612,0.034139929618085985,0.04561408560636715,1,0.01864860530573796,112.18000030517578,105.66000366210938,1
2023-05-15,111.1999969482422,112.29000091552734,109.25,111.1500015258789,53011100.0,106.08350067138672,101.60279998779296,62.770353425830656,2.363646764245516,1.8504344699584625,0.5132122942870534,112.1185552253149,100.04844611745852,12.070109107856382,0.008525256609829501,0.009165935969309258,0.08966186793589515,1,0.013414463996716385,110.26000213623048,105.83000183105467,1
2023-05-16,113.4000015258789,114.79000091552734,111.0500030517578,111.0500030517578,71472900.0,106.63850059509278,101.99580001831055,66.02979012592168,2.63191786488116,2.006731148943002,0.6251867159381579,113.19845866743172,100.07854252275384,13.119916144677887,0.0197842143706235,0.010875389707472038,0.09427776253403986,1,0.01372144324320002,111.1999969482422,106.62000274658205,1
2023-05-17,115.5,115.83000183105467,114.22000122070312,114.88999938964844,65655200.0,107.19850044250488,102.43479995727539,68.83461773709465,2.9796296554528823,2.2013108502449783,0.778318805207904,114.70783934703151,99.68916153797825,15.018677809053258,0.018518504813616277,0.04752401380597915,0.11432704582413766,1,0.013617959636216623,113.4000015258789,110.19000244140624,1
2023-05-18,118.1500015258789,118.5999984741211,116.33999633789062,116.69000244140624,73174100.0,107.91550064086914,102.91940002441406,71.97879211515816,3.4294936626039316,2.446947412716769,0.9825462498871627,116.6347034990549,99.19629778268339,17.438405716371506,0.022943736154795724,0.0625000428810405,0.13605770697960495,1,0.01381058961909542,115.5,112.18000030517578,0
2023-05-19,116.25,118.30999755859376,115.6999969482422,118.16000366210938,55056300.0,108.3800006866455,103.39940002441406,66.77699347262815,3.5913015959130803,2.6758182493560314,0.9154833465570489,117.80717611625886,98.95282525703215,18.854350859226713,-0.01608126535201726,0.025132261338380202,0.10022710553518843,1,0.01648555651589704,118.1500015258789,110.26000213623048,0
2023-05-22,115.01000213623048,116.7699966430664,114.25,116.7699966430664,70741100.0,108.8200008392334,103.885,63.549164621291844,3.578230470815697,2.856300693647965,0.7219297771677322,118.6152465481072,99.02475513035961,19.590491417747586,-0.010666648290490466,-0.004242405746922251,0.0867428909226573,1,0.017577445021648354,116.25,111.1999969482422,0
2023-05-23,114.98999786376952,117.13999938964844,113.77999877929688,114.2699966430664,67576300.0,109.44100074768066,104.33619995117188,63.495841516567104,3.5256162231976163,2.9901637995578954,0.5354524236397209,119.14695483512509,99.73504666023624,19.41190817488885,-0.00017393506729324049,-0.026745692943704658,0.07850304728542867,1,0.01779170180370527,115.01000213623048,113.4000015258789,1
2023-05-24,116.75,117.33999633789062,115.0199966430664,115.3499984741211,63487900.0,110.02950057983398,104.77360000610352,66.18427561210828,3.5846153024759246,3.1090541001415013,0.47556120233442334,120.00569278968202,100.05330836998594,19.952384419696074,0.015305697616549097,0.004301075268817289,0.059533509513098215,1,0.0156699694078581,114.98999786376952,115.5,0
2023-05-25,115.0,116.87000274658205,114.30999755859376,116.62999725341795,66496700.0,110.28850059509277,105.14960006713868,61.34638993693629,3.4503881958993787,3.177320919293077,0.2730672766063016,120.49577651716066,100.08122467302488,20.414551844135786,-0.01498929336188437,-8.696753364667575e-05,0.02513816800813573,1,0.01629544162606147,116.75,118.1500015258789,1
2023-05-26,120.11000061035156,121.5,116.0199966430664,116.04000091552734,96779900.0,111.02150077819825,105.55100006103515,68.57079061063803,3.7135392215338356,3.284564579741229,0.4289746417926068,121.82193936546525,100.22106219093124,21.60087717453402,0.04443478791610045,0.04452563563526457,0.08933428517397468,1,0.019355903789446453,115.0,116.25,1
2023-05-30,121.66000366210938,122.91999816894533,119.86000061035156,122.37000274658205,64314800.0,112.00200080871582,106.0052001953125,70.37923170337113,4.00103910931891,3.4278594856567652,0.5731796236621447,122.92637478936295,101.07762682806869,21.848747961294265,0.01290486257498391,0.04205570588530505,0.0940648111594442,1,0.01939949846306515,120.11000061035156,115.01000213623048,0
2023-05-31,120.58000183105467,122.04000091552734,119.16999816894533,121.4499969482422,72800800.0,112.84950103759766,106.46260025024414,67.46627348857763,4.094538429643947,3.561195274454202,0.533343155189745,123.67388332570481,102.02511874949052,21.64876457621429,-0.00887721353399129,0.04852175505264933,0.06331569848821594,1,0.019775310986182095,121.66000366210938,114.98999786376952,1
2023-06-01,122.7699966430664,123.48999786376952,119.93000030517578,120.69000244140624,54375100.0,113.80550079345703,106.90580017089843,70.16306412653337,4.295831917128666,3.7081226029890955,0.5877093141395706,124.58829255369608,103.02270903321798,21.5655835204781,0.01816217265513198,0.022146332688350645,0.06294369387936283,1,0.019751218401211832,120.58000183105467,116.75,1
2023-06-02,124.25,126.38999938964844,124.0199966430664,124.91999816894533,61264400.0,114.81800079345703,107.41680023193359,71.8606500989836,4.522648086313623,3.871027699654001,0.651620386659622,125.53041960144242,104.10558198547164,21.424837615970773,0.01205508998453797,0.021288807002537213,0.051629271225908324,1,0.019018019846951104,122.7699966430664,115.0,1
2023-06-05,125.3000030517578,125.8000030517578,123.02999877929688,123.36000061035156,47950100.0,115.80000076293945,107.9486003112793,73.03291071467042,4.732573840244754,4.0433369277721525,0.6892369124726017,126.5749398780564,105.0250616478225,21.5498782302339,0.00845072878678299,0.03914414620192441,0.07784948861727137,1,0.017487438328923223,124.25,120.11000061035156,1
2023-06-06,126.61000061035156,127.4000015258789,125.0,125.06999969482422,45695200.0,116.8390007019043,108.51820037841797,74.46231864308822,4.94761434910717,4.224192412039156,0.7234219370680135,127.57549328755148,106.10250811625711,21.47298517129437,0.01045488848114906,0.031278032681301804,0.10086077957272588,1,0.016260386517850063,125.3000030517578,121.66000366210938,0
2023-06-07,121.2300033569336,127.37000274658205,120.62999725341795,127.01000213623048,95663300.0,117.56950073242187,108.98200042724609,60.321079421917986,4.630536740688456,4.305461277769016,0.3250754629194397,127.37298730019114,107.7660141646526,19.60697313553854,-0.04249267220189956,-0.02430580799248616,0.054265637090946894,1,0.02317386989048339,126.61000061035156,120.58000183105467,1
2023-06-08,124.25,125.62999725341795,122.26000213623048,123.01000213623048,62159300.0,118.27250061035156,109.5222004699707,64.40729266474085,4.570255876665556,4.358420197548324,0.21183567911723156,127.87280938967523,108.67219183102789,19.200617558647338,0.024911297199049942,-0.008379912419667512,0.06423982869379019,1,0.02381383439692154,121.2300033569336,122.7699966430664,0
2023-06-09,123.43000030517578,125.8000030517578,123.19000244140624,124.08000183105467,51396000.0,118.83500061035156,109.98580047607422,62.52449654265475,4.405531510374857,4.367842460113631,0.03768905026122571,128.25819286590217,109.41180835480093,18.84638451110125,-0.006599595129369917,-0.02511650177589353,0.07330435047978945,1,0.02310996600452859,124.25,124.25,1
2023-06-12,126.56999969482422,126.77999877929688,123.52999877929688,124.0199966430664,51338000.0,119.65050048828125,110.4772004699707,66.55616556756436,4.4767527529352975,4.389624518677964,0.0871282342573334,128.7826587481112,110.51834222845129,18.264316519659914,0.025439515368102628,0.044048471418154156,0.053784023408920856,1,0.020336443478396818,123.43000030517578,125.3000030517578,1
2023-06-13,126.66000366210938,128.41000366210938,125.18000030517578,128.1199951171875,50564800.0,120.4235008239746,110.94460052490234,66.66686117300063,4.488715550018966,4.409442724946165,0.07927282507280164,129.17282201703827,111.67417963091096,17.498642386127315,0.0007111003199982147,0.019396407743335065,0.04109814112686272,1,0.02020431764903209,126.56999969482422,126.61000061035156,0
2023-06-14,126.41999816894533,126.9499969482422,124.12000274658205,126.6999969482422,52422500.0,121.07450065612792,111.42480041503906,66.0391497952348,4.427788920928748,4.413111964142681,0.014676956786066953,129.5704470905823,112.57855422167357,16.99189286890872,-0.001894879884926537,0.02422423929658013,0.048432544776978004,1,0.019818308420078614,126.66000366210938,121.2300033569336,1
2023-06-15,127.11000061035156,127.69000244140624,124.31999969482422,125.20999908447266,60458500.0,121.65500068664551,111.88800048828125,67.00112366041586,4.384638179264513,4.407417207167048,-0.022779027902534388,130.13460121390196,113.17540015938906,16.959201054512903,0.005458016543269828,0.004266421085797223,0.03535068897902649,1,0.01927484521463652,126.41999816894533,124.25,0
2023-06-16,125.48999786376952,127.9000015258789,125.3000030517578,127.70999908447266,84247100.0,122.02200050354004,112.37580047607422,62.523209255647224,4.171632243141943,4.360260214362027,-0.18862797122008423,130.49839752620016,113.54560348087993,16.952794045320232,-0.012744888197649185,-0.009237373792133186,0.009979862082652113,1,0.01966465402073963,127.11000061035156,123.43000030517578,1
2023-06-20,125.77999877929688,127.25,124.5,124.97000122070312,56930100.0,122.49850044250488,112.85020050048828,62.99993053995144,3.9803412580379387,4.28427642309721,-0.3039351650592712,130.69010650993593,114.30689437507382,16.383212134862106,0.002310948445805039,-0.005062485357681834,0.0038307718742895958,1,0.019507271161078792,125.48999786376952,126.56999969482422,0
2023-06-21,124.83000183105467,126.7300033569336,123.8499984741211,125.63999938964844,52137700.0,122.9895004272461,113.30340057373047,60.29419602424774,3.709326156936669,4.169286369865102,-0.4599602129284328,130.4734662470677,115.50553460742451,14.967931639643197,-0.007552845901271921,-0.017937210041294005,-0.014058911387062722,1,0.019322173830991638,125.77999877929688,126.66000366210938,1
2023-06-22,130.14999389648438,130.3300018310547,125.13999938964844,125.30999755859376,90354600.0,123.74750022888183,113.90800048828125,68.4627082689517,3.879107696541908,4.111250635200463,-0.23214293865855495,130.90065440638475,116.5943460513789,14.30630835500584,0.04261789623803569,0.03713440204034191,0.0735790670011609,1,0.017821298366729355,124.83000183105467,126.41999816894533,0
2023-06-23,129.3300018310547,130.83999633789062,128.27999877929688,129.11000061035156,71927800.0,124.37650032043457,114.53800048828126,66.20200550611978,3.902508593331774,4.069502226826725,-0.16699363349495133,131.16066667772915,117.59233396313998,13.568332714589175,-0.006300361919969633,0.02822390750684378,0.04088532660808597,1,0.017106332592494087,130.14999389648438,127.11000061035156,0
2023-06-26,127.33000183105467,131.49000549316406,127.0999984741211,129.3300018310547,59989300.0,124.99300041198731,115.03660049438477,60.91825980196777,3.716825437331451,3.9989668689276705,-0.2821414315962194,130.34701818322566,119.63898264074895,10.708035542476708,-0.015464315871677181,0.02002723674861029,0.03159686880204404,1,0.01793460688902818,129.3300018310547,125.48999786376952,1
2023-06-27,129.17999267578125,130.08999633789062,127.5500030517578,128.6300048828125,46801000.0,125.44650001525879,115.57000030517578,63.79661390184586,3.6765678134081696,3.9344870578237705,-0.2579192444156009,130.60210882168766,120.29089120882993,10.311217612857732,0.014529104045574393,-0.007452948645350066,0.020620944830924026,1,0.01672644605017257,127.33000183105467,125.77999877929688,0
2023-06-28,129.0399932861328,131.47999572753906,128.44000244140625,128.94000244140625,52149500.0,125.81549949645996,116.09600021362304,63.41597754754898,3.5919606887851074,3.865981784016038,-0.27402109523093054,130.89002287777384,120.74097611514607,10.149046762627776,-0.001083754432466999,-0.0022423918720786418,0.018790380192728717,1,0.016753412608164587,129.17999267578125,124.83000183105467,0
2023-06-29,127.9000015258789,129.25999450683594,127.26000213623048,128.77000427246094,40761000.0,126.18149948120117,116.60800018310547,60.26298096111195,3.393799516951532,3.771545330603137,-0.3777458136516052,130.7204317535993,121.64256720880302,9.077864544796299,-0.008834406537251538,0.004476554516825715,0.011707035108130093,1,0.01707277390193216,129.0399932861328,130.14999389648438,1
2023-06-30,130.36000061035156,131.25,128.9499969482422,129.47000122070312,54350700.0,126.56099967956543,117.12920013427734,64.37875752038437,3.396108502829577,3.6964579650484253,-0.3003494622188483,131.1642733609281,121.95772599820276,9.206547362725331,0.019233769000189582,0.00913460289111434,0.025568405195455002,1,0.01797791334878505,127.9000015258789,129.3300018310547,0
2023-07-03,130.22000122070312,131.85000610351562,130.07000732421875,130.82000732421875,28264800.0,126.85949974060058,117.65740020751953,63.97266329241162,3.3480474036699803,3.6267758527727363,-0.27872844910275596,131.59692878931403,122.12207069188712,9.474858097426917,-0.0010739443770555468,0.009144513297933754,0.0376922737863814,1,0.01722917277160775,130.36000061035156,127.33000183105467,1
2023-07-05,130.3800048828125,131.39999389648438,129.63999938964844,130.24000549316406,35895400.0,127.11349983215332,118.12580032348633,64.25021640812818,3.2850021348822054,3.5584211091946303,-0.2734189743124249,132.030567567331,122.19643209697566,9.834135470355335,0.0012287180203460757,0.019390174568776564,0.036571840898067975,1,0.017243225224755316,130.22000122070312,129.17999267578125,0
2023-07-06,128.36000061035156,128.72999572753906,127.37000274658205,128.25,40639900.0,127.20099983215331,118.56880035400391,58.158569617899815,3.037031829796561,3.4541432533150167,-0.41711142351845565,132.1413419920714,122.26065767223521,9.880684319836192,-0.015493205988729275,-0.015342129415740313,0.02827844851011374,1,0.01798728941749919,130.3800048828125,129.0399932861328,1
2023-07-07,129.77999877929688,130.97000122070312,128.1300048828125,128.58999633789062,41992300.0,127.62849960327148,119.11300033569336,60.96066376968404,2.9214192586077417,3.347598454373562,-0.4261791957658203,131.8564593680158,123.40053983852714,8.455919529488668,0.011062622017709689,-0.0033789159674519897,-0.002842836223886258,1,0.012035575144489582,128.36000061035156,127.9000015258789,0
2023-07-10,127.12999725341795,129.27999877929688,125.91999816894533,129.07000732421875,61889300.0,127.77249946594239,119.55600021362305,53.72915034545633,2.5861509485337706,3.195308953205604,-0.6091580046718335,131.71705887545838,123.8279400564264,7.889118819031978,-0.02041918285409683,-0.024927193646876344,-0.017010782853854933,1,0.013559783779921078,129.77999877929688,130.36000061035156,1
2023-07-11,128.77999877929688,129.77000427246094,127.3499984741211,127.75,49951500.0,128.03999938964844,119.9352001953125,57.138487178384125,2.4256285942891225,3.041372881422308,-0.6157442871331855,131.46123824121975,124.61876053807714,6.842477703142606,0.012978852839820698,0.0032720330862279212,0.01138770853208726,1,0.013316746196281176,127.12999725341795,130.22000122070312,1
2023-07-12,130.8000030517578,131.25999450683594,128.8300018310547,130.30999755859375,54022800.0,128.25149955749512,120.44220031738281,60.93355032294204,2.4333606678916198,2.9197704387161707,-0.48640977082455095,131.80358207595097,124.69941703903929,7.104165036911681,0.01568569880112225,0.00785948745611842,0.012540721998974824,1,0.013449611750625588,128.77999877929688,130.3800048828125,1
2023-07-13,134.3000030517578,134.6699981689453,132.7100067138672,134.0399932861328,61170900.0,128.63349952697754,121.08720031738281,66.47278133152426,2.6908902336156046,2.873994397696058,-0.18310416408045338,132.97445580160158,124.29254325235351,8.681912549248068,0.026758409161619312,0.056399008520761074,0.040762632046651426,1,0.01560402469542283,130.8000030517578,128.36000061035156,1
2023-07-14,134.67999267578125,136.64999389648438,134.05999755859375,134.05999755859375,54487100.0,129.04649925231934,121.70820022583008,67.01953373503193,2.8923055587218585,2.8776566299012183,0.014648928820640172,133.9956127601077,124.097385744531,9.898227015576694,0.002829408900884234,0.04581452051879409,0.05301009436290349,1,0.014950972913537237,134.3000030517578,129.77999877929688,0
2023-07-17,133.55999755859375,135.6199951171875,133.2100067138672,134.55999755859375,48450200.0,129.36899909973144,122.30640014648438,63.72111625262366,2.9278045014229264,2.88768620420556,0.04011829721736637,134.6036937327287,124.13430446673419,10.469389265994494,-0.008315972513331604,0.0211008749422108,0.024547383654952792,1,0.014628661005639572,134.67999267578125,127.12999725341795,0
2023-07-18,132.8300018310547,133.86000061035156,131.35000610351562,132.7100067138672,54882900.0,129.7359992980957,122.88300018310547,61.59333577804511,2.8640184924941536,2.882952661863279,-0.018934169369125176,134.85944044461627,124.61255815157513,10.24688229304114,-0.005465676406731013,-0.010945652921069526,0.020043008646022153,1,0.014813438841841301,133.55999755859375,128.77999877929688,1
2023-07-19,135.36000061035156,135.99000549316406,132.52999877929688,133.38999938964844,54531000.0,130.21499938964843,123.47700012207031,65.84955935121101,2.983228576240407,2.9030078447387044,0.0802207315017025,135.55613924572174,124.87385953357513,10.68227971214661,0.019046892602732513,0.005049064237828693,0.0381960081380206,1,0.015741547111352353,132.8300018310547,130.8000030517578,0
2023-07-20,129.9600067138672,134.7899932861328,129.3300018310547,134.07000732421875,59820600.0,130.47149963378905,123.95960021972657,52.4811722664935,2.6118611392708715,2.8447785036451383,-0.2329173643742668,135.21259338659405,125.73040588098404,9.482187505610014,-0.03989357175040831,-0.026954109842261875,0.012464989840352159,1,0.02030541394488101,135.36000061035156,134.3000030517578,1
2023-07-21,130.0,131.3699951171875,128.4199981689453,131.33999633789062,133307300.0,130.46399993896483,124.42720016479493,52.55799110111716,2.2943292939375795,2.734688661703627,-0.44035936776604734,135.207578143686,125.72042173424369,9.487156409442306,0.00030773533446226686,-0.021305441481918708,0.0016951858743445847,1,0.0200211662538523,129.9600067138672,134.67999267578125,0
2023-07-24,128.8000030517578,131.66000366210938,128.35000610351562,130.30999755859375,45591100.0,130.4375,124.79940017700196,49.94880627444264,1.9236783275752316,2.572486594877948,-0.6488082673027162,135.21194363079334,125.66305636920666,9.548887261586685,-0.009230745755709147,-0.0484633387190756,0.01313620572972174,1,0.019019023582025035,130.0,133.55999755859375,1
2023-07-25,129.1300048828125,129.5800018310547,128.52999877929688,129.30999755859375,39236700.0,130.5275001525879,125.13840026855469,50.67401454642773,1.637684943556934,2.385526264613745,-0.7478413210568111,135.12896856995795,125.92603173521783,9.202936834740115,0.002562125956798944,-0.006386594245736732,0.0027178607457161164,1,0.018599282232327072,128.8000030517578,132.8300018310547,0
2023-07-26,128.14999389648438,129.0800018310547,126.11000061035156,126.51000213623048,53910100.0,130.47600021362305,125.49620010375976,48.42982029831031,1.3167754620855874,2.1717761041081136,-0.8550006420225262,135.15897518053808,125.79302524670804,9.365949933830038,-0.007589335934878205,-0.014230816180889394,-0.02026000835966968,1,0.017921828128797113,129.1300048828125,135.36000061035156,1
2023-07-27,128.25,132.6300048828125,127.79000091552734,131.0,52610700.0,130.4365005493164,125.83720016479492,48.67959328565133,1.058322361360439,1.9490853555585788,-0.8907629941981399,135.1801917131551,125.69280938547772,9.48738232767738,0.0007803832093540297,-0.004270209927998203,-0.0450484208062617,1,0.0149412543267068,128.14999389648438,129.9600067138672,1
2023-07-28,132.2100067138672,133.00999450683594,129.3300018310547,129.69000244140625,46317400.0,130.65200080871583,126.2134002685547,57.46475669274887,1.1596679335639237,1.7912018711596478,-0.6315339375957241,135.30593933158406,125.9980622858476,9.307877045736461,0.030877245332297854,0.023851945439403055,-0.018339665104230685,1,0.018643305632008313,128.25,130.0,1
2023-07-31,133.67999267578125,133.8699951171875,132.3800048828125,133.1999969482422,41901500.0,130.8180004119873,126.57700012207032,60.189110946806196,1.3431179835790203,1.7015850936435224,-0.35846711006450205,135.65179958321133,125.98420124076327,9.66759834244806,0.011118568090654923,0.043152548128592594,0.0008984360540651437,1,0.018887452289110845,132.2100067138672,128.8000030517578,0
2023-08-01,131.69000244140625,133.69000244140625,131.6199951171875,133.5500030517578,42098500.0,130.89150047302246,126.84780014038085,55.0488480170925,1.3127948076739813,1.6238270364496143,-0.3110322287756331,135.7313932707138,126.05160767533114,9.679785595382654,-0.014886223394710907,0.026822631122076057,-0.008582393841252811,1,0.01943138921070838,133.67999267578125,129.1300048828125,0
2023-08-02,128.2100067138672,130.22999572753906,126.81999969482422,130.14999389648438,51027600.0,130.7830005645752,127.08700027465821,47.42177868768773,0.9964702123016878,1.498355671620029,-0.5018854593183413,135.75926719538677,125.80673393376361,9.95253326162316,-0.026425663778747666,-0.03025489597513542,-0.05282205868974843,1,0.019619013200514245,131.69000244140625,128.14999389648438,1
2023-08-03,128.91000366210938,129.83999633789062,126.41000366210938,127.4800033569336,88585200.0,130.81050071716308,127.36500030517578,48.95383489606733,0.7931219786099462,1.3573089330180126,-0.5641869544080664,135.73875012958683,125.88225130473931,9.85649882484752,0.005459768439170398,-0.035682145983061964,-0.008079432113831775,1,0.015534504490590443,128.2100067138672,128.25,1
2023-08-04,139.57000732421875,143.6300048828125,139.32000732421875,141.05999755859375,153128500.0,131.30000114440918,127.85660049438476,65.45976463738153,1.4751357972976678,1.3808743058739437,0.09426149142372409,137.50182377561856,125.0981785131998,12.403645262418763,0.08269337801006271,0.05983753312115403,0.07361544095552874,1,0.030635888132104803,128.91000366210938,132.2100067138672,1
2023-08-07,142.22000122070312,142.5399932861328,138.9499969482422,140.99000549316406,71213100.0,132.05450134277345,128.36600051879884,68.21157257106194,2.2040619683845364,1.5455118383760622,0.6585501300084742,139.57494119658062,124.53406148896627,15.040879707614351,0.01898684357254843,0.10927379902648915,0.10419252989887373,1,0.030216618709462646,139.57000732421875,133.67999267578125,0
2023-08-08,139.94000244140625,140.83999633789062,138.4199981689453,140.6199951171875,51710500.0,132.6125015258789,128.86480056762696,63.5224207907055,2.568160211561292,1.7500415130131084,0.8181186985481834,140.71208860702166,124.51291444473617,16.199174162285487,-0.016031491771390738,0.08556355958384732,0.08371406450734664,1,0.03130218834131192,142.22000122070312,131.69000244140625,0
2023-08-09,137.85000610351562,140.32000732421875,137.10000610351562,139.97000122070312,50017300.0,132.9650016784668,129.21960067749023,59.485563450523046,2.657432230269052,1.9315196564642974,0.7259125738047545,141.32774920252444,124.60225415440915,16.72549504811529,-0.01493494570121734,-0.01232357333554901,0.07569264665643782,1,0.03180383069786344,139.94000244140625,128.2100067138672,1
2023-08-10,138.55999755859375,140.41000366210938,137.49000549316406,139.07000732421875,58928400.0,133.1780014038086,129.55760055541992,60.406091480188614,2.753728062080313,2.0959613375875006,0.6577667244928125,141.87618631018645,124.47981649743073,17.396369812755722,0.005150463718840648,-0.02573480263461414,0.08038984451145215,1,0.0317271433042103,137.85000610351562,128.91000366210938,0
2023-08-11,138.41000366210938,139.3300018310547,137.0,137.39999389648438,42905800.0,133.364501953125,129.91420059204103,60.09543967662281,2.785826672901436,2.233934404650288,0.551892268251148,142.33906962047897,124.38993428577103,17.949135334707933,-0.0010825194798443905,-0.01093324819640118,0.04689506567880608,1,0.030784773335312498,138.55999755859375,139.57000732421875,1
2023-08-14,140.57000732421875,140.58999633789062,137.75,138.3000030517578,47148700.0,133.71500244140626,130.27020080566408,63.04295433473154,2.951535829093075,2.3774546895388458,0.5740811395542291,143.22434943638942,124.20565544642311,19.01869398996631,0.015605834874352187,0.019731600292136386,0.05154110581938842,1,0.030916213811775825,138.41000366210938,142.22000122070312,0
2023-08-15,137.6699981689453,141.27999877929688,137.22999572753906,140.0500030517578,42781500.0,133.95700225830078,130.53860076904297,56.95976672784038,2.8163894424511113,2.465241640121299,0.35114780232981246,143.6092132822265,124.30479123437503,19.304422047851475,-0.020630355012962953,-0.006423205869876547,0.04540964094977351,1,0.03138590383967303,140.57000732421875,139.94000244140625,0
2023-08-16,135.07000732421875,137.27000427246094,135.00999450683594,137.19000244140625,41675900.0,133.94250259399413,130.7340008544922,52.10538018053955,2.471003238038861,2.4663939597048117,0.004609278334049449,143.58710791870877,124.2978972692795,19.289210649429265,-0.018885675014943426,-0.024131177295857342,0.05350596873192104,1,0.030631801412370624,137.6699981689453,137.85000610351562,0
2023-08-17,133.97999572753906,136.08999633789062,133.52999877929688,135.4600067138672,48354100.0,134.14350204467775,130.88140075683594,50.17476599744031,2.0852894378321594,2.3901730553302816,-0.3048836174981222,143.61372037440916,124.67328371494634,18.94043665946282,-0.008069975106044458,-0.04688063778413343,0.03932970228376398,1,0.030937580462031367,135.07000732421875,138.55999755859375,0
2023-08-18,133.22000122070312,134.07000732421875,131.14999389648438,131.6199951171875,48497700.0,134.30450210571288,131.12120071411132,48.81662550831282,1.698701691394632,2.2518787825431517,-0.5531770911485197,143.59526095791082,125.01374325351493,18.581517704395893,-0.005672447612115605,-0.03232365081302069,-0.0454969246276864,1,0.014078249373125747,133.97999572753906,138.41000366210938,1
2023-08-21,134.67999267578125,135.19000244140625,132.7100067138672,133.74000549316406,41442500.0,134.59850158691407,131.32980056762696,51.53087085406365,1.4929276848598363,2.100088563006489,-0.6071608781466526,143.53946092786583,125.6575422459623,17.881918681903528,0.01095925117625085,-0.002887500016945377,-0.053016513009453314,1,0.01275312775891582,133.22000122070312,140.57000732421875,0
2023-08-22,134.25,135.64999389648438,133.72999572753906,135.0800018310547,32905400.0,134.85450134277343,131.54620056152345,50.678479201947056,1.280393902927102,1.9361496309906117,-0.6557557280635096,143.44065355824313,126.26834912730374,17.17230443093939,-0.0031926989840012077,0.00201525810621761,-0.04066029971514895,1,0.012193315582380118,134.67999267578125,137.6699981689453,1
2023-08-23,135.52000427246094,135.9499969482422,133.22000122070312,134.5,42801000.0,135.22300186157227,131.72520065307617,53.14376838869843,1.2005983302367724,1.789039370839844,-0.5884410406030716,143.24031650852305,127.20568721462149,16.03462929390156,0.009459994580714559,0.017264697723185174,-0.01690244271229857,1,0.01221953724847566,134.25,135.07000732421875,0
2023-08-24,131.83999633789062,136.77999877929688,131.8300018310547,136.39999389648438,43646300.0,135.4025016784668,131.8288005065918,45.97304545660515,0.8308365126335104,1.5973987991985774,-0.766562286565067,142.93329497622136,127.87170838071222,15.06158659550914,-0.027154721211281152,-0.021086995042592704,-0.04849885493005579,1,0.014316472496337067,135.52000427246094,133.97999572753906,1
2023-08-25,133.25999450683594,133.8699951171875,130.5800018310547,132.47000122070312,44147500.0,135.45500106811522,131.9656004333496,48.84152588259427,0.6449450677304753,1.4069080529049571,-0.7619629851744818,142.91030022550325,127.9997019107272,14.910598314776053,0.010770617478674804,-0.007374342593400862,-0.03720835935996214,1,0.015132010622875804,131.83999633789062,133.22000122070312,0
2023-08-28,133.13999938964844,133.9499969482422,131.85000610351562,133.77999877929688,34108400.0,135.4280014038086,132.08620040893555,48.606671989773524,0.48238156089144013,1.2220027545022538,-0.7396211936108137,142.9126714161972,127.94333139141997,14.969340024777239,-0.0009004586682715976,-0.01756201894760523,-0.0528562819053805,1,0.013619033944484927,133.25999450683594,134.67999267578125,1
2023-08-29,134.91000366210938,135.13999938964844,133.25,133.3800048828125,38646100.0,135.58900146484376,132.27460052490235,52.25373578812005,0.49071668626066867,1.0757455408539367,-0.585028854593268,142.8811711144908,128.29683181519673,14.584339299294072,0.013294308852149106,0.02328585717152687,-0.02004790109351884,1,0.013610005477593334,133.13999938964844,134.25,1
2023-08-30,135.07000732421875,135.67999267578125,133.9199981689453,134.92999267578125,36137000.0,135.93200149536133,132.4604006958008,52.58132255309958,0.5044186670884585,0.9614801661008412,-0.4570614990123827,142.40263518860243,129.46136780212024,12.941267386482195,0.0011860029483812262,0.013582567101861676,0.0,1,0.012244663733617022,134.91000366210938,135.52000427246094,1
2023-08-31,138.00999450683594,138.7899932861328,135.0,135.05999755859375,58781300.0,136.38700103759766,132.7240005493164,58.249561951941715,0.7439343684348216,0.9179710065676373,-0.17403663813281567,142.0476478500631,130.7263542251322,11.321293624930888,0.021766395374215985,0.03657800164873781,0.03007910813411474,1,0.013601305849569534,135.07000732421875,131.83999633789062,1
2023-09-01,138.1199951171875,139.9600067138672,136.8800048828125,139.4600067138672,40991500.0,136.3145004272461,132.88340057373046,58.44968972373042,0.9318862131252956,0.920754047879169,0.01113216524612659,141.84588767397855,130.78311318051362,11.062774493464929,0.0007970481467276525,0.023793576220765278,0.03678121792212452,1,0.013290547733375322,138.00999450683594,133.25999450683594,0
2023-09-05,137.27000427246094,137.8000030517578,135.82000732421875,137.72999572753906,40636700.0,136.06700057983397,133.0422006225586,56.20763865595737,1.0007166085242432,0.9367465600081839,0.06397004851605925,140.92074447200397,131.21325668766397,9.707487784340003,-0.006154002858205887,0.01628782726694733,0.01923085638202182,1,0.013353390837593166,138.1199951171875,133.13999938964844,0
2023-09-06,135.36000061035156,137.4499969482422,134.61000061035156,136.32000732421875,41785500.0,135.83800048828124,133.20280059814453,51.43330911191127,0.8908744141127158,0.9275721308290903,-0.03669771671637445,140.3600582842933,131.31594269226918,9.044115592024127,-0.013914209970579572,-0.01920146367626374,0.008268160970961391,1,0.014217934171468855,137.27000427246094,134.91000366210938,1
2023-09-07,137.85000610351562,138.02999877929688,133.16000366210938,133.89999389648438,48498900.0,135.83800048828124,133.3762008666992,56.607926506454696,0.9932962166454047,0.9407169479923532,0.052579268653051514,140.3600582842933,131.31594269226918,9.044115592024127,0.018395430569861038,-0.0019547424212026376,0.017193047207777923,1,0.015069872247504222,135.36000061035156,135.07000732421875,1
2023-09-08,138.22999572753906,138.85000610351562,136.75,136.86000061035156,38348200.0,135.8215003967285,133.56000091552735,57.354663035751294,1.0925341662253345,0.9710803916389495,0.12145377458638495,140.30596160552014,131.33703918793688,8.968922417583258,0.0027565441218631026,0.006993453960798979,0.04846783652262565,1,0.011137839569135416,137.85000610351562,138.00999450683594,1
2023-09-11,143.10000610351562,143.6199951171875,138.63999938964844,138.75,56764500.0,136.05600051879884,133.86400100708008,65.53967310982229,1.5463250209174646,1.0861293174946527,0.4601957034228119,141.45467538749787,130.6573256500998,10.797349737398065,0.035231212663680456,0.057180891387881294,0.07384070240356277,1,0.014708474356812912,138.22999572753906,138.1199951171875,0
2023-09-12,141.22999572753906,143.0,140.61000061035156,142.32000732421875,42668500.0,136.08899993896483,134.08140090942382,60.72040445899996,1.7350626118841888,1.21591597637256,0.5191466355116288,141.6044444620414,130.57355541588825,11.030889046153163,-0.013067856717097759,0.02451932879484464,0.06076307927728308,1,0.01591132434762395,143.10000610351562,137.27000427246094,1
2023-09-13,144.85000610351562,144.97999572753906,140.8699951171875,140.9499969482422,60465200.0,136.44800033569337,134.37400100708007,65.94140852710079,2.1519369070284995,1.403120162503748,0.7488167445247516,143.13797327062744,129.7580274007593,13.379945869868152,0.025632022130484877,0.04789127237640267,0.07367876489205072,1,0.01697973260817785,141.22999572753906,135.36000061035156,0
2023-09-14,144.72000122070312,145.86000061035156,142.9499969482422,145.0800018310547,64033600.0,136.93050003051758,134.6608009338379,65.60415777958275,2.4436535646291304,1.6112268429288243,0.8324267217003061,144.48893510852912,129.37206495250604,15.116870156023083,-0.0008975138235036706,0.01132072011244789,0.0714443871563637,1,0.017075099721339936,144.85000610351562,137.85000610351562,0
2023-09-15,140.38999938964844,143.57000732421875,140.08999633789062,142.69000244140625,102909300.0,137.25100021362306,134.90140090942384,55.43486413384855,2.2989453461451603,1.7487705435720917,0.5501748025730686,144.82540391251712,129.676596514729,15.148807397788119,-0.029919857618376344,-0.005947719063244539,0.017245163231236926,1,0.01974151962869498,144.72000122070312,138.22999572753906,0
2023-09-18,139.97999572753906,141.75,139.22000122070312,140.47999572753906,42823500.0,137.58899993896483,135.10540084838868,54.57225185152104,2.1266643090889374,1.8243492966754609,0.3023150124134766,145.01559464066403,130.16240523726563,14.853189403398403,-0.0029204620264398073,-0.03362105744404498,0.013466555720433204,1,0.01979921931207414,140.38999938964844,143.10000610351562,0
2023-09-19,137.6300048828125,138.83999633789062,135.55999755859375,138.6999969482422,61482500.0,137.73650054931642,135.31540100097655,49.78994524283967,1.7799871407722208,1.815476865494813,-0.035489724722592264,145.04233073983713,130.4306703587957,14.611660381041418,-0.016788047695762587,-0.048991129616411055,0.0026225730250362123,1,0.02052895769933016,139.97999572753906,141.22999572753906,0
2023-09-20,135.2899932861328,139.3699951171875,135.1999969482422,138.5500030517578,46263700.0,137.78850021362305,135.4456008911133,45.51296545287768,1.3014216292132232,1.712665818238495,-0.4112441890252718,145.00863049319955,130.56836993404656,14.44026055915299,-0.01700219075536713,-0.03632741737793377,-0.0005171935867543942,1,0.020790602295522896,137.6300048828125,144.85000610351562,0
2023-09-21,129.3300018310547,132.24000549316406,129.30999755859375,131.94000244140625,70343300.0,137.47900009155273,135.41620086669923,36.834181392643686,0.4362052105871044,1.457373696708217,-1.0211684861211126,145.54294107362713,129.41505910947834,16.1278819641488,-0.04405345369833069,-0.07608225619047604,-0.06180633946481673,1,0.023852084459719963,135.2899932861328,144.72000122070312,0
2023-09-22,129.1199951171875,132.02999877929688,128.52000427246094,131.11000061035156,59904300.0,137.34300003051757,135.3126007080078,36.56956559010064,-0.26339457275423683,1.1132200428157264,-1.3766146155699632,145.86169008600743,128.82430997502772,17.03738011097971,-0.0016238050792075631,-0.06183251808260126,-0.06590465811999302,1,0.023711110064164244,129.3300018310547,140.38999938964844,1
2023-09-25,131.27000427246094,131.77999877929688,128.77000427246094,129.36000061035156,46017800.0,137.24350051879884,135.2444009399414,41.22489066691578,-0.6370017117291695,0.7631756919067472,-1.4001774036359167,145.99396041096247,128.4930406266352,17.500919784327266,0.01665124873434287,-0.02971386808460963,-0.08266947118434853,1,0.020597712885206367,129.1199951171875,139.97999572753906,0
2023-09-26,125.9800033569336,130.38999938964844,125.27999877929688,130.1199951171875,73048200.0,136.8855007171631,135.0928010559082,34.5131256794016,-1.3444489539113533,0.34165076274312717,-1.6860997166544804,146.78819844314464,126.98280299118154,19.805395451963093,-0.040298626825268746,-0.025902717286722332,-0.10797984020353413,1,0.02294928932299883,131.27000427246094,137.6300048828125,0
2023-09-27,125.9800033569336,127.4800033569336,124.12999725341795,125.76000213623048,66553400.0,136.4390007019043,134.9558010864258,34.5131256794016,-1.8833953806476984,-0.10335846593503795,-1.7800369147126605,147.40583388243294,125.47216752137564,21.933666361057305,0.0,-0.024318400549845798,-0.13027270936458757,1,0.019570857271789355,125.9800033569336,135.2899932861328,0
2023-09-28,125.9800033569336,126.58000183105467,123.04000091552734,124.04000091552734,54555000.0,135.98450050354003,134.76820114135742,34.5131256794016,-2.2841836593653966,-0.5395235046211097,-1.7446601547442868,147.8566715268652,124.11232948021487,23.74434204665033,0.0,-0.040298626825268746,-0.12949141587685842,1,0.019637960531665447,125.9800033569336,129.3300018310547,1
2023-09-29,127.12000274658205,129.14999389648438,126.31999969482422,128.1999969482422,62411700.0,135.44000091552735,134.71140106201173,37.26233920722586,-2.4812208647777823,-0.9278629766524442,-1.553357888125338,147.87615243064013,123.00384940041458,24.872303030225552,0.009049050319664964,0.009049050319664964,-0.09452237837992927,1,0.019903322986203197,125.9800033569336,129.1199951171875,1
2023-10-02,129.4600067138672,130.47000122070312,126.54000091552734,127.27999877929688,48029700.0,135.00700149536132,134.70060119628906,42.59002076029113,-2.4206517392658213,-1.2264207291751197,-1.1942310100907017,147.64122101465003,122.37278197607262,25.268439038577412,0.01840783446134764,0.027623458201329498,-0.07515351717932806,1,0.021765978799823088,127.12000274658205,131.27000427246094,0
2023-10-03,124.72000122070312,128.52000427246094,124.25,128.05999755859375,51565000.0,134.37950134277344,134.61900115966796,35.9333823112181,-2.723731617715231,-1.525882906883142,-1.1978487108320888,147.72823595366125,121.03076673188562,26.697469221775634,-0.03661366636292884,-0.010001604243973228,-0.09380224663293313,0,0.02353069793474949,129.4600067138672,125.9800033569336,1
2023-10-04,127.0,127.36000061035156,125.68000030517578,126.05999755859376,44203900.0,133.96150131225585,134.5764010620117,40.73191507839436,-2.7482674418816657,-1.770359813882847,-0.9779076279988188,147.6796991480037,120.24330347650799,27.436395671495703,0.018280939360016735,-0.0009440115165925134,-0.061275731373567455,0,0.02489458699640723,124.72000122070312,125.9800033569336,0
2023-10-05,125.95999908447266,126.7300033569336,124.33000183105467,126.70999908447266,39660600.0,133.36700096130372,134.5326011657715,39.286463990821545,-2.8191344148532096,-1.9801147340769196,-0.83901968077629,147.3868420042507,119.34715991835674,28.039682085893958,-0.008188983586829512,-0.027035435253222717,-0.026057393480781843,0,0.021100822679850903,127.0,125.9800033569336,1
2023-10-06,127.95999908447266,128.4499969482422,124.12999725341795,124.16000366210938,46836700.0,132.8535011291504,134.52680114746093,43.44303874265305,-2.6829859245619048,-2.120688972173917,-0.5622969523879879,146.875576752928,118.83142550537282,28.044151247555178,0.015878056641289273,0.02597817376569833,-0.008983860568319013,0,0.021886657468000777,125.95999908447266,127.12000274658205,1
2023-10-09,128.25999450683594,128.7899932861328,124.76000213623048,126.22000122070312,38773700.0,132.11150054931642,134.4478009033203,44.06166580234789,-2.5218102825262463,-2.200913234244383,-0.3208970482818634,145.4395999313345,118.78340116729834,26.656198764036162,0.0023444468936362206,0.009921216589259263,-0.02292991290971158,0,0.021080377676651545,127.95999908447266,129.4600067138672,1
2023-10-10,129.47999572753906,130.74000549316406,128.0500030517578,128.82000732421875,42178600.0,131.5240005493164,134.36380096435548,46.6188448299525,-2.2694724566869127,-2.214625078732889,-0.054847377954023724,144.2130974753905,118.83490362324234,25.378193852148158,0.009511938819224852,0.02794535303787815,0.02778212634817212,0,0.01642639422327382,128.25999450683594,124.72000122070312,1
2023-10-11,131.8300018310547,132.0500030517578,129.61000061035156,129.74000549316406,40741800.0,130.87300033569335,134.36660095214845,51.24250977650008,-1.8584440725529987,-2.143388877496911,0.2849448049439123,142.0004536938309,119.74554697755578,22.25490671627513,0.01814956889912689,0.0302438478764544,0.04643592886361936,0,0.017064699673584895,129.47999572753906,127.0,1
2023-10-12,132.3300018310547,134.47999572753906,131.22999572753906,132.1699981689453,55528600.0,130.25350036621094,134.4490008544922,52.1913445983231,-1.475348397547208,-2.0097807815069704,0.5344323839597624,139.43836734175147,121.06863339067041,18.36973395108106,0.0037927633547389927,0.03173247698838644,0.05040481270769548,0,0.016991067930778023,131.8300018310547,125.95999908447266,0
2023-10-13,129.7899932861328,133.30999755859375,128.9499969482422,132.97999572753906,45786600.0,129.72350006103517,134.46660064697267,47.16952996706942,-1.3610108905415927,-1.880026803313895,0.5190159127723022,137.6438173107831,121.80318281128724,15.840634499495863,-0.019194502454286222,0.002394173376758957,0.021003701084505888,0,0.018532054930987165,132.3300018310547,127.95999908447266,1
2023-10-16,132.5500030517578,133.07000732421875,130.42999267578125,130.69000244140625,42832900.0,129.35200042724608,134.32620056152345,52.5160273948427,-1.0357484078458299,-1.711171124220282,0.6754227163744522,135.88943574891024,122.81456510558193,13.07487064332831,0.021265196921155027,0.005461588490500269,0.02386834680705796,0,0.01882874396939366,129.7899932861328,128.25999450683594,0
2023-10-17,131.47000122070312,132.5800018310547,128.7100067138672,130.38999938964844,49344600.0,129.04400024414062,134.11120056152345,50.36800790035055,-0.8552637209421903,-1.5399896435646636,0.6847259226224733,134.4800574598725,123.60794302840874,10.872114431463771,-0.008147882355257097,-0.006498908776934265,0.05412123102897737,0,0.013710812979840024,132.5500030517578,129.47999572753906,0
2023-10-18,128.1300048828125,130.6699981689453,127.51000213623048,129.89999389648438,42699500.0,128.6860008239746,133.87500061035155,44.329307523652645,-0.9705501986591685,-1.4261017545835646,0.4555515559243961,133.31230122508734,124.0597004228619,9.252600802225444,-0.025405007278304192,-0.01278980267500851,0.008897676242618058,0,0.015921216322619666,131.47000122070312,131.8300018310547,1
2023-10-19,128.39999389648438,132.24000549316406,127.47000122070312,130.57000732421875,60961400.0,128.6395004272461,133.68600036621095,44.90433804617549,-1.0282763758521014,-1.3465366788372721,0.3182603029851707,133.25766226794013,124.02133858655208,9.236323681388058,0.002107149015711185,-0.03130900837213069,0.01937118791478709,0,0.01559038865070377,128.1300048828125,132.3300018310547,0
2023-10-20,125.16999816894533,128.1699981689453,124.97000122070312,128.0500030517578,56406400.0,128.44200057983397,133.41820037841796,39.630418807840385,-1.3194486652986654,-1.3411190761295508,0.02167041083088539,133.2930528556386,123.59094830402935,9.702104551609239,-0.025155731161039308,-0.047919700260607545,-0.02180369596349807,0,0.016886793924468086,128.39999389648438,129.7899932861328,1
2023-10-23,126.55999755859376,127.87999725341795,123.9800033569336,124.62999725341795,48260000.0,128.2065002441406,133.18120025634767,42.746743598354264,-1.4216555086788674,-1.357226362639414,-0.06442914603945327,132.94144825308757,123.47155223519364,9.46989601789393,0.011104892625885654,-0.012253237059146826,-0.013254303922113242,0,0.017361983903671437,125.16999816894533,132.5500030517578,1
2023-10-24,128.55999755859375,128.8000030517578,126.33999633789062,127.73999786376952,46477400.0,128.33549995422362,132.94100006103517,46.987134561133885,-1.3259867334505202,-1.3509784368016353,0.024991703351115113,132.96007597145393,123.71092393699331,9.249152034460622,0.015802781594350446,0.001246134499339302,-0.007105330547594657,0,0.017898796139464202,126.55999755859376,131.47000122070312,0
2023-10-25,121.38999938964844,126.33999633789062,120.79000091552734,126.04000091552734,74577500.0,128.1059997558594,132.6154000854492,36.53904976835543,-1.8078872707976927,-1.4423602036008467,-0.365527067196846,133.55708632180915,122.6549131899096,10.902173131899545,-0.055771610960691276,-0.03019892014534442,-0.07919291736630274,0,0.02365010671187632,128.55999755859375,128.1300048828125,0
2023-10-26,119.56999969482422,121.63999938964844,118.3499984741211,120.62999725341795,100419500.0,127.7854995727539,132.30539993286132,34.44530056130667,-2.3100271287531484,-1.615893588631307,-0.6941335401218414,134.34081425251904,121.23018489298879,13.11062935953025,-0.01499299533713827,-0.05523070479306358,-0.09642561746897826,0,0.023357096714221835,121.38999938964844,128.39999389648438,1
2023-10-27,127.73999786376952,130.02000427246094,125.5199966430664,126.1999969482422,125309300.0,127.81649932861328,132.18059997558595,48.66566377389191,-2.0253787062240036,-1.6977906121498465,-0.3275880940741571,134.3647925022018,121.26820615502476,13.096586347177038,0.0683281608245998,-0.006378342489081867,-0.015794710905361664,0,0.03360969362923123,119.56999969482422,125.16999816894533,1
2023-10-30,132.7100067138672,133.0,128.55999755859375,129.72000122070312,72485500.0,127.97899932861328,132.17040008544922,55.0530988606705,-1.3828143790925367,-1.6347953655383844,0.25198098644584777,134.83637332221292,121.12162533501366,13.71474798719926,0.03890722509168998,0.09325321180604651,0.0012071192638667405,0,0.03533220012492843,127.73999786376952,126.55999755859376,1
2023-10-31,133.08999633789062,133.57000732421875,131.7100067138672,132.75,51589400.0,128.39749908447266,132.13860015869142,55.508916149662134,-0.8333096584367752,-1.4744982241180626,0.6411885656812875,135.42766652613264,121.36733164281267,14.060334883319968,0.002863308000901066,0.11307181297627489,0.01232216552936638,0,0.035197917674580206,132.7100067138672,128.55999755859375,1
2023-11-01,137.0,137.35000610351562,133.7100067138672,133.9600067138672,61529400.0,128.89749908447266,132.1936001586914,60.00362700210848,-0.08138048649047391,-1.195874676592545,1.114494190102071,136.824242294637,120.9707558743083,15.853486420328707,0.02937864429857373,0.0724910152739,0.06922652602175416,0,0.03475742281661311,133.08999633789062,121.38999938964844,1
2023-11-02,138.07000732421875,138.80999755859375,136.47000122070312,138.72999572753906,52236700.0,129.50299949645995,132.24460021972655,61.160011174358395,0.5940219331941989,-0.8378953546351962,1.431917287829395,138.2475941214762,120.7584048714437,17.489189250032496,0.007810272439553012,0.04038882027870083,0.07531163463707258,0,0.03471028741315962,137.0,119.56999969482422,1
2023-11-03,138.60000610351562,139.49000549316406,137.4499969482422,138.99000549316406,44059800.0,130.0349998474121,132.37980041503906,61.749922388067446,1.1586929972990845,-0.4385776842483401,1.5972706815474247,139.59589799819773,120.4741016966265,19.121796301571223,0.0038386235328597973,0.04140063053000698,0.10729414501103895,0,0.03280783631474714,138.07000732421875,127.73999786376952,1
2023-11-06,139.74000549316406,140.72999572753906,138.36000061035156,138.75999450683594,44970400.0,130.6090003967285,132.50940063476563,63.049905012484174,1.678834745304215,-0.015095198337829074,1.693929943642044,141.01573691939666,120.20226387406035,20.81347304533631,0.008225103459209127,0.020000040096088023,0.10414039340091108,0,0.03281678783766687,138.60000610351562,132.7100067138672,1
2023-11-07,142.7100067138672,143.3699951171875,140.5,140.5500030517578,53553500.0,131.27050094604493,132.70080078125,66.26654693951974,2.3041443632525898,0.44875271398025474,1.855391649272335,142.9144596205735,119.62654227151637,23.287917349057125,0.02125376487729147,0.033606135608819754,0.11006541244545609,0,0.03296073804343755,139.74000549316406,133.08999633789062,0
2023-11-08,142.0800018310547,143.1199951171875,141.22000122070312,142.97000122070312,44521700.0,131.78300094604492,132.8442007446289,64.97443061720114,2.7175444508994815,0.9025110613641001,1.8150333895353814,144.34634453931938,119.21965735277047,25.126687186548907,-0.004414580990635519,0.025108193176701432,0.17044239678256878,0,0.024254982130644722,142.7100067138672,137.0,0
2023-11-09,140.60000610351562,142.64999389648438,139.83999633789062,142.02000427246094,36235400.0,132.19650115966797,132.95480072021485,61.91993843831404,2.8924019036863626,1.3004892298285529,1.5919126738578098,145.33582178638756,119.0571805329484,26.27864125343916,-0.010416636461610618,0.006154290657972128,0.17588029156448792,0,0.023638057772758313,142.0800018310547,138.07000732421875,1
2023-11-10,143.55999755859375,143.64999389648438,139.91000366210938,140.4600067138672,49287800.0,132.885001373291,133.06580078125,65.42117493315499,3.2325613129280555,1.6869036464484535,1.545657666479602,146.864027462676,118.90597528390599,27.958052178770018,0.021052569890351647,0.0059560703856653685,0.12384531046959735,0,0.015445987039303324,140.60000610351562,138.60000610351562,0
2023-11-13,142.58999633789062,143.22999572753906,140.6699981689453,142.0800018310547,35680600.0,133.38700103759766,133.15520080566407,63.365093131359245,3.3848506522729735,2.0264930476133576,1.358357604659616,147.98905898959015,118.78494308560516,29.204115903984984,-0.006756765374750118,0.0035894883182951975,0.0744479626568435,1,0.013135149395547229,143.55999755859375,139.74000549316406,1
2023-11-14,145.8000030517578,147.25999450683594,144.67999267578125,145.0,56674600.0,134.1035011291504,133.32580078125,67.05511078881644,3.721660776771671,2.3655265934450203,1.3561341833266507,149.6356662406113,118.5713360176895,31.064330222921797,0.02251214528584833,0.03698432946307073,0.0954993392711414,1,0.013850623501675466,142.58999633789062,142.7100067138672,0
2023-11-15,143.1999969482422,147.2899932861328,142.58999633789062,147.05999755859375,63875700.0,134.85700073242188,133.48260070800782,61.63952149204842,3.7357233700241466,2.6395659487608456,1.096157421263301,150.61738848772512,119.09661297711864,31.520775510606484,-0.017832688951265996,-0.002507666595665925,0.04525545217695037,1,0.014266578954924584,145.8000030517578,142.0800018310547,0
2023-11-16,142.8300018310547,143.32000732421875,139.52000427246094,140.91000366210938,49653500.0,135.5785011291504,133.5822006225586,60.885928109747994,3.6746534451896196,2.8465834480466006,0.828069997143019,151.411464615355,119.74553764294579,31.665926972409196,-0.0025837648398919777,0.0016831860532160459,0.034475224555166495,1,0.014378999853828577,143.1999969482422,140.60000610351562,1
2023-11-17,145.17999267578125,145.22999572753906,142.5399932861328,142.66000366210938,49636700.0,136.5790008544922,133.72120056152343,63.90439876743263,3.7723939025744926,3.0317455389521792,0.7406483636223133,152.18185556647808,120.97614614250631,31.20570942397177,0.016453061783939793,-0.004252471625507903,0.04747464850291028,1,0.014954983714428268,142.8300018310547,143.55999755859375,1
2023-11-20,146.1300048828125,146.6300048828125,144.72999572753906,145.1300048828125,41951200.0,137.55750122070313,133.78180053710938,65.07768677295633,3.8817653896611546,3.2017495090939745,0.6800158805671801,152.97786027870814,122.13714216269813,30.84071811601001,0.0065436854591447435,0.02046094969980561,0.04572777399784078,1,0.014920975049390226,145.17999267578125,142.58999633789062,0
2023-11-21,143.89999389648438,144.0500030517578,141.5,143.91000366210938,71226000.0,138.32450103759766,133.83520050048827,60.1362925717248,3.745326044285065,3.3104648161321926,0.4348612281528723,153.4005995660588,123.24840250913654,30.152197056922247,-0.015260459261028925,0.007491367721855324,0.008338498539931516,1,0.014855222809705049,146.1300048828125,145.8000030517578,1
2023-11-22,146.7100067138672,147.74000549316406,144.57000732421875,144.57000732421875,45669100.0,139.5905014038086,133.87240051269532,63.86012416115985,3.8199079096160347,3.412353434828961,0.40755447478707385,152.91662578441367,126.26437702320351,26.65224876121016,0.019527539517508297,0.010538738912205359,0.032587308721448105,1,0.01579766740901655,143.89999389648438,143.1999969482422,1
2023-11-24,146.74000549316406,147.1999969482422,145.32000732421875,146.6999969482422,22378400.0,140.9490016937256,133.91280059814454,63.898895678479484,3.8372023459347133,3.4973232170501114,0.3398791288846019,150.96211723612277,130.93588615132842,20.026231084794347,0.0002044767086364363,0.0041743693284670425,0.04366997953846408,1,0.01511344133100902,146.7100067138672,142.8300018310547,1
2023-11-27,147.72999572753906,149.25999450683594,146.8800048828125,147.52999877929688,53762400.0,141.94850158691406,134.05960052490235,65.22478706784855,3.885996896266306,3.5750579528933506,0.31093894337295547,150.34893623643237,133.54806693739576,16.800869299036606,0.006746559883569869,0.02661571920433725,0.029047076064788513,1,0.01399633248390427,146.74000549316406,145.17999267578125,0
2023-11-28,147.02999877929688,147.60000610351562,145.52999877929688,146.97999572753906,42711700.0,142.66450119018555,134.2006005859375,63.450307059944606,3.8241011675065977,3.624866595816,0.19923457169059766,150.1885324110582,135.1404699693129,15.048062441745287,-0.00473835354015173,0.0021811195609429124,0.03113824640884988,1,0.013854547108859546,147.72999572753906,146.1300048828125,0
2023-11-29,146.32000732421875,148.5399932861328,145.97000122070312,147.85000610351562,40610900.0,143.32600173950195,134.37440063476564,61.61919009955682,3.6753903674464254,3.6349713501420853,0.040419017304340166,149.58691463552213,137.06508884348176,12.521825792040374,-0.0048288883967405605,-0.0028621926756359217,0.003566558721376234,1,0.012210868900444522,147.02999877929688,143.89999389648438,0
2023-11-30,146.08999633789062,146.92999267578125,144.3300018310547,144.75999450683594,65814000.0,143.78050155639647,134.59040069580078,61.00496482950976,3.4986458115959067,3.6077062424328497,-0.10906043083694295,149.42824655627672,138.13275655651623,11.295489999760491,-0.001571972217158657,-0.011101329703367191,0.020181560413670807,1,0.01046800797265152,146.32000732421875,146.7100067138672,1
2023-12-01,147.02999877929688,147.25,145.5500030517578,146.0,39951800.0,144.2285011291504,134.94440063476563,62.64381516487758,3.3952860744280997,3.5652222088318997,-0.16993613440379995,149.3941672701339,139.0628349881669,10.33133228196698,0.006434406632690459,0.0,0.029405565318203486,1,0.010412843873547004,146.08999633789062,146.74000549316406,0
2023-12-04,144.83999633789062,145.35000610351562,142.80999755859375,145.25,48294200.0,144.54050064086914,135.25880065917968,56.66836086111633,3.1009124551169123,3.4723602580889024,-0.3714478029719901,149.01638333886254,140.06461794287574,8.951765395986797,-0.014894936132684111,-0.01011489141774502,-0.00234189526824069,1,0.010613137975505501,147.02999877929688,147.72999572753906,1
2023-12-05,146.8800048828125,148.57000732421875,143.1300048828125,143.5500030517578,46822400.0,144.89750061035156,135.5710006713867,60.45263311806333,2.997675543797186,3.3774233152305593,-0.37974777143337324,148.89867984906883,140.8963213716343,8.00235847743454,0.014084566393959497,0.005407684062738172,0.005132416170118281,1,0.011384145511025281,144.83999633789062,147.02999877929688,0
2023-12-06,144.52000427246094,147.85000610351562,144.27999877929688,147.5800018310547,39679000.0,144.98800048828124,135.94180068969726,54.52061074344025,2.694368222207544,3.2408122966259563,-0.5464440744184125,148.86719488613164,141.10880609043085,7.758388795700796,-0.016067541747663228,-0.017071308764707416,0.004308619890717846,1,0.01151100252618234,146.8800048828125,146.32000732421875,1
2023-12-07,146.8800048828125,147.9199981689453,145.33999633789062,146.14999389648438,52352800.0,145.22800064086914,136.35980072021485,58.86730784000533,2.614291386776955,3.1155081146561563,-0.5012167278792012,148.94853739932813,141.50746388241015,7.441073516917982,0.016329923474831087,0.014084566393959497,0.001158736017760953,1,0.010954343394860523,144.52000427246094,146.08999633789062,1
2023-12-08,147.4199981689453,147.83999633789062,145.39999389648438,145.47999572753906,41906000.0,145.56900024414062,136.78860061645508,59.81372676101303,2.564837018461276,3.0053738954171805,-0.4405368769559046,148.7398951964189,142.39810529186235,6.341789904556549,0.0036764247561378305,0.0036764247561378305,0.00463399652668639,1,0.011010441296562477,146.8800048828125,147.02999877929688,0
2023-12-11,145.88999938964844,146.19000244140625,143.63999938964844,145.66000366210938,50907300.0,145.68550033569335,137.1640005493164,55.88983926424869,2.3748106219343015,2.879261240720605,-0.5044506187863034,148.72090400658018,142.6500966648065,6.070807341773673,-0.010378502226973785,0.00947962272824654,-0.012455130245073276,1,0.011262754660110426,147.4199981689453,144.83999633789062,1
2023-12-12,147.47999572753906,147.5,145.3000030517578,145.52000427246094,44944300.0,145.93000030517578,137.52440032958984,58.90683696306652,2.3257034878268428,2.7685496901418523,-0.4428462023150095,148.7052783537891,143.15472225656245,5.550556097226661,0.010898597193382598,0.00408490485280999,0.0030605791469648924,1,0.011789403615721394,145.88999938964844,146.8800048828125,1
2023-12-13,148.83999633789062,149.4600067138672,146.82000732421875,148.1199951171875,52766200.0,146.0819999694824,138.0068002319336,61.342397440120045,2.3692155711857765,2.688682866350637,-0.3194672951648605,149.13158816794822,143.0324117710166,6.099176396931625,0.009221593773735215,0.009632330664649524,0.017222450024131142,1,0.011937528911835953,147.47999572753906,144.52000427246094,0
2023-12-14,147.4199981689453,150.5399932861328,145.52000427246094,149.92999267578125,58400800.0,146.2930000305176,138.4152001953125,57.509705984662524,2.2630304199279294,2.6035523770660958,-0.34052195713816635,149.0892052502146,143.49679481082057,5.59241043939403,-0.00954043404920335,0.010487345162093709,0.009103989762437426,1,0.01244097513522244,148.83999633789062,146.8800048828125,1
2023-12-15,149.97000122070312,150.57000732421875,147.8800048828125,148.3800048828125,110089300.0,146.65,138.8954002380371,62.09038712493796,2.357466451761553,2.5543351920051873,-0.1968687402436342,149.4094499383842,143.8905500616158,5.518899876768387,0.01729753821347546,0.016883682975989522,0.019995935970994694,1,0.013407251359611167,147.4199981689453,147.4199981689453,1
2023-12-18,154.07000732421875,154.85000610351562,150.0500030517578,150.55999755859375,62512800.0,147.09450073242186,139.41760040283202,68.05372061618444,2.7316550951964302,2.589799172643436,0.14185592255299406,151.26623392015046,142.92276754469327,8.343466375457183,0.027338841569267247,0.03513847833249839,0.0637255676587829,1,0.014105713077853561,149.97000122070312,145.88999938964844,0
2023-12-19,153.7899932861328,155.1199951171875,152.69000244140625,154.39999389648438,43171300.0,147.47750015258788,139.92820037841796,67.27536901854276,2.9713555610009905,2.666110450314947,0.30524511068604365,152.5367962720875,142.41820403308824,10.11859223899927,-0.0018174467759756174,0.04320984395812699,0.047045126454301256,1,0.014024994697002632,154.07000732421875,147.47999572753906,0
2023-12-20,152.1199951171875,155.6300048828125,151.55999755859375,152.89999389648438,50322100.0,147.88850021362305,140.38100036621094,62.67157948464921,2.9920742422595765,2.731303208703873,0.26077103355570364,153.05295901594457,142.72404141130153,10.328917604643038,-0.01085895208954335,0.01433615975851299,0.05258781220624953,1,0.01324312929625778,153.7899932861328,148.83999633789062,1
2023-12-21,153.83999633789062,153.97000122070312,152.10000610351562,153.3000030517578,36305700.0,148.24499969482423,140.82120025634765,65.30501968874069,3.111417189714757,2.80732600490605,0.3040911848087071,153.98691218441613,142.50308720523233,11.483824979183794,0.011306871390431628,-0.001492899171764761,0.04738556116355741,1,0.012864629350304833,152.1199951171875,147.4199981689453,0
2023-12-22,153.4199981689453,154.35000610351562,152.7100067138672,153.77000427246094,29514100.0,148.5789993286133,141.24300018310547,64.11555762158154,3.135957625785551,2.87305232908195,0.26290529670360074,154.69671592458866,142.46128273263793,12.235433191950733,-0.0027300973670256745,-0.0024058465006829843,0.040700041205562254,1,0.013079787936165469,153.83999633789062,149.97000122070312,0
2023-12-26,153.41000366210938,153.97999572753906,153.02999877929688,153.55999755859375,25067200.0,148.8629997253418,141.715400390625,64.08564438242867,3.1186497717254724,2.922171817610655,0.1964779541148176,155.31492894057885,142.41107051010476,12.903858430474088,-6.514474615582078e-05,0.008480203696615396,0.05154571460636048,1,0.012189945501327437,153.4199981689453,154.07000732421875,0
2023-12-27,153.33999633789062,154.77999877929688,153.1199951171875,153.55999755859375,31434700.0,149.1784996032715,142.13120025634765,63.86089329524504,3.0639646890145116,2.950530391891426,0.1134342971230855,155.85427305259182,142.50272615395116,13.351546898640663,-0.0004563413242133496,-0.00325013008256847,0.039734206537255234,1,0.012118971961510112,153.41000366210938,153.7899932861328,1
2023-12-28,153.3800048828125,154.0800018310547,152.9499969482422,153.72000122070312,27057000.0,149.53149948120117,142.56940032958985,63.938728494744666,2.9893948393171854,2.958303281376578,0.031091557940607473,156.31116386760695,142.75183509479538,13.559328772811568,0.0002609139551152939,-0.00026067844225086123,0.030502611237743782,1,0.012018354648129496,153.33999633789062,152.1199951171875,0
2023-12-29,151.94000244140625,153.88999938964844,151.02999877929688,153.10000610351562,39823200.0,149.82399978637696,143.04560028076173,59.01225662889257,2.7820320006179884,2.92304902522486,-0.14101702460687182,156.48830860297363,143.15969096978029,13.328617633193346,-0.009388462612883952,-0.009582173167408614,0.030660726689746287,1,0.012000715181053655,153.3800048828125,153.83999633789062,0
2024-01-02,149.92999267578125,152.3800048828125,148.38999938964844,151.5399932861328,47339400.0,149.96899948120117,143.47620025634765,52.88679425125589,2.4275215103552057,2.8239435222509295,-0.3964220118957238,156.50886728796758,143.42913167443476,13.079735613532819,-0.013228970207501023,-0.022238187971488577,-0.00026677698603871924,1,0.011866607616013826,151.94000244140625,153.4199981689453,0
2024-01-03,148.47000122070312,151.0500030517578,148.3300018310547,149.1999969482422,49425500.0,150.1504997253418,143.9422003173828,48.9150947408829,2.005640508629085,2.6602829195265607,-0.6546424108974755,156.30079777370216,144.00020167698145,12.30059609672071,-0.00973782115920796,-0.03201201920589836,-0.036347152835082275,1,0.007302746081947246,149.92999267578125,153.41000366210938,0
2024-01-04,144.57000732421875,147.3800048828125,144.0500030517578,145.58999633789062,56039800.0,150.0349998474121,144.3024005126953,40.225016805284305,1.341140033954531,2.396454342412155,-1.055314308457624,156.5050815301464,143.5649181646778,12.940163365468607,-0.026267891590348702,-0.0485059562904091,-0.05995179377347315,1,0.010150783616710521,148.47000122070312,153.33999633789062,1
2024-01-05,145.24000549316406,146.58999633789062,144.52999877929688,144.69000244140625,45153100.0,150.07099990844728,144.6360006713867,42.127188544530995,0.8586835042085283,2.08890017477143,-1.2302166705629016,156.42490672998503,143.71709308690953,12.707813643075497,0.00463442024626004,-0.03128118062914287,-0.04522738525414327,1,0.010522121795043362,144.57000732421875,153.3800048828125,1
2024-01-08,149.10000610351562,149.39999389648438,146.14999389648438,146.74000549316406,46757100.0,150.18199996948243,145.19020080566406,51.669434013009685,0.7788252061824608,1.8268851810536362,-1.0480599748711754,156.38481576440196,143.9791841745629,12.40563158983906,0.026576703830634596,0.004243314323652436,-0.030811169703645835,1,0.013707568254836993,145.24000549316406,151.94000244140625,1
2024-01-09,151.3699951171875,151.7100067138672,148.2100067138672,148.3300018310547,43812600.0,150.37949981689454,145.82620071411134,56.23908910974268,0.8884644073247046,1.63920102630785,-0.7507366189831455,156.46845988670552,144.29053974708356,12.17792013962196,0.015224607114340927,0.04703595108575187,-0.013362032826387815,1,0.014878579690206666,149.10000610351562,149.92999267578125,1
2024-01-10,153.72999572753906,154.4199981689453,151.8800048828125,152.05999755859375,44421800.0,150.77149963378906,146.34600067138672,60.428187205028344,1.1525012727795456,1.5418610756021893,-0.3893598028226437,156.66003264789137,144.88296661968675,11.777066028204615,0.015590940651907248,0.05845490163365907,0.002085861793827304,1,0.015810996299591783,151.3699951171875,148.47000122070312,1
2024-01-11,155.17999267578125,157.1699981689453,153.1199951171875,155.0399932861328,49072700.0,151.15649948120117,146.795400390625,62.78534078383003,1.4619031173942005,1.5258694839605917,-0.06396636656639121,157.1399837600667,145.17301520233562,11.966968557731093,0.009432101662268044,0.040777909613527896,0.011999454687843691,1,0.016064183691759017,153.72999572753906,144.57000732421875,0
2024-01-12,154.6199951171875,156.1999969482422,154.00999450683594,155.38999938964844,40484200.0,151.44549942016602,147.22600036621094,61.26746724542156,1.6429799355105388,1.5492915742705813,0.0936883612399575,157.5112988974032,145.37969994292882,12.131598954474384,-0.0036086969005325598,0.021470569497501257,0.008084432096102656,1,0.016138686824205172,155.17999267578125,145.24000549316406,0
2024-01-16,153.16000366210938,154.99000549316406,152.14999389648438,153.52999877929688,41384600.0,151.7324996948242,147.54920043945313,57.37312006619616,1.6496592645639794,1.5693651123292611,0.08029415223471825,157.54725846556,145.91774092408843,11.629517541471557,-0.009442449238027617,-0.003707747877908618,0.008029493228247198,1,0.01614252790263107,154.6199951171875,149.10000610351562,0
2024-01-17,151.7100067138672,152.14999389648438,149.91000366210938,151.49000549316406,34953400.0,151.81949996948242,147.82200042724608,53.720958756939666,1.5204235491242741,1.559576799688264,-0.03915325056398977,157.5779688964863,146.06103104247853,11.516937854007779,-0.009467203666572499,-0.02236103960362934,0.011872301240854144,1,0.01581678704722388,153.16000366210938,151.3699951171875,1
2024-01-18,153.5,153.77999877929688,151.82000732421875,152.77000427246094,37850200.0,151.79099960327147,148.12000030517578,57.33184912072914,1.544635218837385,1.5565884835180883,-0.011953264680703235,157.51014068384833,146.0718585226946,11.438282161153722,0.011798781932089941,-0.0072435335180204286,0.03387888959345875,1,0.015612766827848413,151.7100067138672,153.72999572753906,1
2024-01-19,155.33999633789062,155.75999450683594,152.74000549316406,153.8300018310547,51651600.0,151.86849975585938,148.43200012207032,60.724232089058404,1.6927821298251047,1.5838272127794917,0.108954917045613,157.73402871926763,146.00297079245112,11.731057926816504,0.011986946826648914,0.014233433165688592,0.07449670379775686,1,0.011725702925333651,153.5,155.17999267578125,0
2024-01-22,154.77999877929688,157.0500030517578,153.89999389648438,156.88999938964844,43687500.0,152.00149993896486,148.6733999633789,59.1820179524186,1.7448885126219977,1.616039472747993,0.12884903987400476,158.00286554648278,146.00013433144693,12.002731215035851,-0.003604979862209201,0.020235923337738937,0.06568433575680244,1,0.012211116123815324,155.33999633789062,154.6199951171875,1
2024-01-23,156.02000427246094,156.2100067138672,153.92999267578125,154.85000610351562,37986000.0,152.11050033569336,148.95220001220704,61.512898473744315,1.8647456494517485,1.6657807080887443,0.19896494136300413,158.3171521241413,145.90384854724542,12.413303576895885,0.008011406531487353,0.01641696594437092,0.046411789977667484,1,0.010026851618881073,154.77999877929688,153.16000366210938,1
2024-01-24,156.8699951171875,158.50999450683594,156.47999572753906,157.8000030517578,48547300.0,152.28300018310546,149.27759979248046,63.06967726879018,2.005205688433847,1.7336657041577648,0.27153998427608217,158.8091861162192,145.75681424999172,13.052371866227475,0.005447960655367012,0.009849355062226728,0.0363348099188483,1,0.009327168669986341,156.02000427246094,151.7100067138672,1
2024-01-25,157.75,158.50999450683594,154.5500030517578,156.9499969482422,43638600.0,152.5,149.5613998413086,64.66332701071131,2.1626012003571873,1.8194528033976494,0.3431483969595379,159.4373148395248,145.5626851604752,13.874629679049576,0.005609771850602074,0.01918853368734097,0.0261497715747403,1,0.008390125826736561,156.8699951171875,153.5,1
2024-01-26,159.1199951171875,160.72000122070312,157.91000366210938,158.4199981689453,51047400.0,152.78899993896485,149.89199981689453,67.04739249458052,2.370559104228221,1.929674063563764,0.4408850406644569,160.30005856106257,145.27794131686713,15.022117244195442,0.008684596622424712,0.01986918830814144,0.025389886759681346,1,0.008325737827601298,157.75,155.33999633789062,1
2024-01-29,161.25999450683594,161.2899932861328,158.89999389648438,159.33999633789062,45270400.0,153.18299942016603,150.2011996459961,70.40611287279168,2.6771863693501246,2.0791765247210363,0.5980098446290882,161.55418521937585,144.8118136209562,16.742371598419652,0.01344896590822775,0.02798495267606116,0.042943989130357574,1,0.008666082202720105,159.1199951171875,154.77999877929688,0
2024-01-30,159.0,161.72999572753906,158.49000549316406,160.6999969482422,45207400.0,153.5359992980957,150.51719970703124,63.09237551173035,2.706627697668381,2.2046667593105056,0.5019609383578754,162.25590794904707,144.81609064714434,17.439817301902735,-0.014014601164705653,0.007923930269413626,0.038130035245849125,1,0.009544672153366157,161.25999450683594,156.02000427246094,0
2024-01-31,155.1999969482422,159.00999450683594,154.80999755859375,157.0,50284400.0,153.79949951171875,150.764599609375,53.103562266467016,2.3957153587727475,2.242876479202954,0.15283887956979347,162.38508034906013,145.21391867437737,17.171161674682764,-0.023899390262627773,-0.024635484472321334,0.02300435093221842,1,0.012427709772563005,159.0,156.8699951171875,1
2024-02-01,159.27999877929688,159.75999450683594,155.6199951171875,155.8699951171875,76542400.0,154.33999938964843,151.04659973144533,60.36011698007053,2.450291702471162,2.2843595238565957,0.16593217861456644,162.8763980377877,145.80360074150914,17.072797296278566,0.026288672108771616,-0.012278282245973493,0.03765471517457253,1,0.014348461355205577,155.1999969482422,157.75,1
2024-02-02,171.80999755859375,172.5,167.3300018310547,169.19000244140625,117218300.0,155.70199890136718,151.56019958496094,73.77897663812948,3.4646714561107217,2.5204219103074212,0.9442495458033004,166.06537428842853,145.33862351430582,20.726750774122706,0.07866649218561839,0.08056602238109267,0.10602550282593093,1,0.027782481653515673,159.27999877929688,159.1199951171875,0
2024-02-05,170.30999755859375,170.5500030517578,167.6999969482422,170.1999969482422,55081300.0,156.95549850463868,152.08839965820312,70.69373565322283,4.1002718732800645,2.8363919029019504,1.263879970378114,167.99644810740364,145.91454890187373,22.081899205529908,-0.008730574595861018,0.097358253269751,0.10033595362306036,1,0.028116155450149356,171.80999755859375,161.25999450683594,0
2024-02-06,169.14999389648438,170.7100067138672,167.64999389648438,169.38999938964844,42505500.0,157.9579978942871,152.53719940185547,68.31458107948282,4.458986758435003,3.1609108740085614,1.2980758844264417,169.58907434598947,146.32692144258473,23.26215290340474,-0.00681113075414308,0.061966318387933095,0.08415580864293704,1,0.028616059596566865,170.30999755859375,159.0,1
2024-02-07,170.52999877929688,170.8800048828125,168.94000244140625,169.47999572753906,47174100.0,158.91599807739257,153.01299926757812,69.6242880513724,4.799302379809973,3.488589175168844,1.3107132046411287,171.3474729357652,146.48452321901993,24.862949716745277,0.008158468416245013,-0.0074500832168415965,0.08707849867595696,1,0.02859709475150186,169.14999389648438,155.1999969482422,0
2024-02-08,169.83999633789062,171.42999267578125,168.8800048828125,169.64999389648438,42316500.0,159.72149810791015,153.45519927978515,68.10839002325142,4.956195593483784,3.7821104588318324,1.1740851346519516,172.7765381109984,146.6664581048219,26.110080006176474,-0.004046223223746481,-0.0027596807435888993,0.0766402303511291,1,0.028876196000705023,170.52999877929688,159.27999877929688,1
2024-02-09,174.4499969482422,175.0,170.5800018310547,170.89999389648438,56986000.0,160.68499832153321,154.00359924316408,72.42772478405374,5.390386101963003,4.103765587458067,1.2866205145049356,175.0370511410971,146.33294550196933,28.70410563912776,0.02714319777292107,0.03133315544191673,0.09634239757086815,1,0.029523545076662806,169.83999633789062,171.80999755859375,0
2024-02-12,172.33999633789062,175.38999938964844,171.5399932861328,174.8000030517578,51050400.0,161.57099838256835,154.5239990234375,67.89514534871518,5.500815812316546,4.383175632429763,1.1176401798867825,176.4925391435438,146.6494576215929,29.84308152195092,-0.012095159915523457,0.010613953976134516,0.06870893097162423,1,0.030251564115056643,174.4499969482422,170.30999755859375,0
2024-02-13,168.63999938964844,170.9499969482422,165.75,167.72999572753906,56345100.0,162.34499816894532,154.97499908447264,60.719333462186334,5.229491004758643,4.552438706895539,0.6770522978631037,177.04538131409873,147.6446150237919,29.40076629030682,-0.021469171561243172,-0.007065455570635093,0.06062892697892108,1,0.03091335744979236,172.33999633789062,169.14999389648438,1
2024-02-14,170.97999572753906,171.2100067138672,168.27999877929688,169.2100067138672,42815500.0,163.3084976196289,155.4539990234375,63.35701105273276,5.143985624027806,4.670748090321992,0.4732375337058139,177.61513830729245,149.00185693196534,28.61328137532712,0.013875689909627953,-0.019891093616542954,0.10167525186588344,1,0.02906288797506499,168.63999938964844,170.52999877929688,0
2024-02-15,169.8000030517578,171.1699981689453,167.58999633789062,170.5800018310547,49855200.0,164.1234977722168,155.95319915771483,61.12790272707483,4.924242840213083,4.721447040300211,0.202795799912872,177.95135625483292,150.2956392896007,27.655716965232216,-0.006901349311422389,-0.01473826935189726,0.06604723978581739,1,0.028903185342924555,170.97999572753906,169.83999633789062,0
2024-02-16,169.50999450683594,170.4199981689453,167.1699981689453,168.74000549316406,48107700.0,164.83199768066407,156.4057989501953,60.56391892792502,4.672828378196812,4.711723307879531,-0.03889492968271924,178.23254511945296,151.43145024187518,26.801094877577782,-0.0017079419299743659,0.005158889470684436,-0.013386898809386372,1,0.014050554089524917,169.8000030517578,174.4499969482422,0
2024-02-20,167.0800018310547,168.7100067138672,165.74000549316406,167.8300018310547,41980300.0,165.44699783325194,156.85699890136718,55.90924152254204,4.2287540605639435,4.615129458416414,-0.3863753978524702,178.05112172418217,152.84287394232172,25.20824778186045,-0.01433539469369316,-0.022809650216035315,-0.018965391191599346,1,0.014486757974073602,169.50999450683594,172.33999633789062,1
2024-02-21,168.58999633789062,170.22999572753906,167.13999938964844,168.94000244140625,44420100.0,166.07549743652345,157.29119873046875,58.06597865691678,3.953097059424664,4.482722978618064,-0.5296259191933999,177.97028362433127,154.18071124871562,23.78957237561565,0.00903755380828164,-0.007126070036043264,-0.003310656688148894,1,0.01474455680738405,167.0800018310547,168.63999938964844,1
2024-02-22,174.5800018310547,174.8000030517578,171.77000427246094,173.10000610351562,55392400.0,166.96099777221679,157.83439880371094,65.31428905822682,4.169912131383597,4.42016080917117,-0.25024867778757276,178.61717894293795,155.30481660149562,23.312362341442338,0.035530017339574504,0.029909784015799135,0.023749504959531542,1,0.018530247496780575,168.58999633789062,170.97999572753906,1
2024-02-23,174.99000549316406,175.75,173.6999969482422,174.27999877929688,59715200.0,167.822998046875,158.41639892578124,65.75067176081964,4.324967968427018,4.40112224102234,-0.07615427259532215,179.1728385125064,156.4731575812436,22.699680931262776,0.0023485144793740087,0.047342611775331944,0.03032271117709917,1,0.018388919872009555,174.5800018310547,169.8000030517578,0
2024-02-26,174.72999572753906,176.3699951171875,174.25999450683594,175.6999969482422,44368600.0,168.60349807739257,158.96139892578125,65.19054266742154,4.37642155781657,4.396182104381186,-0.019760546564615566,179.59326735604645,157.6137287987387,21.979538557307762,-0.0014858549486425066,0.03641971364269181,0.001605037455976177,1,0.016353058666647092,174.99000549316406,169.50999450683594,0
2024-02-27,173.5399932861328,174.6199951171875,172.86000061035156,174.0800018310547,31141700.0,169.2174980163574,159.4553988647461,62.56358868815049,4.271931479444731,4.371331979393895,-0.099400499949164,179.86434887230905,158.57064716040577,21.29370171190328,-0.006810521779339163,-0.005957203196322092,0.006962962595690625,1,0.015990080949892863,174.72999572753906,167.0800018310547,0
2024-02-28,173.16000366210938,174.0500030517578,172.27000427246094,172.44000244140625,28180500.0,169.92549819946288,159.9701989746094,61.708480063545736,4.111070491004028,4.319279681715922,-0.20820919071189348,179.59915278923788,160.25184360968788,19.347309179549995,-0.0021896371944472026,-0.010457750577796188,0.02680268197829694,1,0.014050233953528377,173.5399932861328,168.58999633789062,1
2024-02-29,176.75999450683594,177.22000122070312,172.85000610351562,173.00999450683594,53805400.0,171.00349807739258,160.50599884033204,66.39469134207977,4.225368752733743,4.300497495919486,-0.07512874318574259,178.41330568016954,163.5936904746156,14.81961520555393,0.02078996747858297,0.011617918096113788,0.03380511711152123,1,0.014808978158295426,173.16000366210938,174.5800018310547,1
2024-03-01,178.22000122070312,178.72999572753906,176.07000732421875,176.75,31981200.0,171.95049819946288,160.9889987182617,68.09979532536298,4.38323409448023,4.317044815631635,0.06618927884859449,177.8024643776257,166.09853202130006,11.703932356325652,0.00825982552183624,0.02696789279491285,0.04958773861964394,1,0.014404596316309226,176.75999450683594,174.99000549316406,0
2024-03-04,177.5800018310547,180.13999938964844,177.49000549316406,177.52999877929688,37381500.0,172.23899841308594,161.46479888916016,66.50678595305627,4.405912298731522,4.334818312251613,0.07109398647990872,178.58304229683426,165.8949545293376,12.688087767496654,-0.003591063770984282,0.025525514411342654,0.04760785549959601,1,0.014513115199178297,178.22000122070312,174.72999572753906,0
2024-03-05,174.1199951171875,176.92999267578125,173.3000030517578,176.92999267578125,37228300.0,172.42949829101562,161.90479888916016,58.53476440223803,4.097458364218426,4.287346322644976,-0.18988795842655026,178.75920230035143,166.0997942816798,12.659408018671627,-0.01948421375262155,-0.014935502781690424,0.04213546330488671,1,0.015333780438042876,177.5800018310547,173.5399932861328,0
2024-03-06,173.50999450683594,176.4600067138672,173.25999450683594,175.5399932861328,32090900.0,172.6474983215332,162.29819885253906,57.23225351627867,3.7604364766462766,4.181964353445236,-0.42152787679895987,178.80846589102342,166.48653075204297,12.32193513898045,-0.0035033346396604603,-0.02642804781509589,0.0291832153497682,1,0.01541049508418632,174.1199951171875,173.16000366210938,1
2024-03-07,176.82000732421875,177.99000549316406,173.72000122070312,174.8300018310547,34063300.0,172.9619987487793,162.76619903564452,62.15352187498978,3.7175806188052434,4.089087606517238,-0.371506987711995,179.29817146821992,166.6258260293387,12.672345438881223,0.019076784751165476,-0.004279730256782965,0.012830825235823795,1,0.012065063442903791,173.50999450683594,176.75999450683594,0
2024-03-08,175.35000610351562,178.7899932861328,174.3300018310547,176.44000244140625,37893200.0,173.23749923706055,163.20499908447266,58.91137600306572,3.524373446266196,3.97614477446703,-0.451771328200834,179.48526833242153,166.98973014169957,12.495538190721959,-0.008313545751684748,0.007064157022864004,0.0020572638382232444,1,0.012431680016767066,176.82000732421875,178.22000122070312,0
2024-03-11,171.9600067138672,174.47000122070312,171.47000122070312,174.30999755859375,28484800.0,173.1129997253418,163.57739929199218,52.154785755130554,3.062409203692283,3.793397660312081,-0.7309884566197979,179.35839686601375,166.86760258466987,12.49079428134388,-0.019332758891648982,-0.008933132626591678,-0.015852967901351045,1,0.013906140622130244,175.35000610351562,177.5800018310547,1
2024-03-12,175.38999938964844,176.75999450683594,171.97999572753906,173.5,36610600.0,173.2654998779297,164.01759918212892,57.46979633927108,2.9391898059694483,3.6225560894435547,-0.6833662834741063,179.57655358594113,166.95444616991827,12.622107416022857,0.019946455814511488,-0.008087364977585554,0.010660402069195385,1,0.015279285415850736,171.9600067138672,174.1199951171875,1
2024-03-13,176.55999755859375,177.6199951171875,175.5500030517578,175.89999389648438,30772600.0,173.66149978637696,164.50999908447267,59.13730946622558,2.902488538541519,3.4785425792631477,-0.5760540407216288,179.75196998461348,167.57102958814045,12.180940396473034,0.0066708374081581034,0.006900435773944835,0.0196349839719272,1,0.015319935786844947,175.38999938964844,173.50999450683594,1
2024-03-14,178.75,179.52999877929688,176.47000122070312,177.69000244140625,43705800.0,174.05,165.08639923095703,62.130315461201086,3.015358241283792,3.385905711667277,-0.3705474703834848,180.39275741716202,167.707242582838,12.68551483432401,0.012403729449981915,0.03948588637491168,0.011258234640231901,1,0.014380990991380982,176.55999755859375,176.82000732421875,0
2024-03-15,174.4199981689453,177.92999267578125,173.89999389648438,176.63999938964844,72147400.0,174.28099975585937,165.60539916992187,53.74788145236162,2.724012611709611,3.253527091675744,-0.5295144799661329,180.3168934776811,168.24510603403763,12.071787443643473,-0.024223786467438835,-0.005530538936533991,-0.021321978597968805,1,0.016169888387290714,178.75,175.35000610351562,1
2024-03-18,174.47999572753906,176.69000244140625,174.27999877929688,175.8000030517578,31250700.0,174.52949981689454,166.2035989379883,53.840811237683475,2.469493617581037,3.096720396856803,-0.627226779275766,180.1544820890352,168.90451754475387,11.24996454428134,0.00034398325434925603,-0.011780708313412935,-0.017456955014928388,1,0.016175695370646004,174.4199981689453,171.9600067138672,1
2024-03-19,175.89999389648438,176.08999633789062,173.52000427246094,174.22000122070312,26880900.0,174.97049942016602,166.8167987060547,56.08950603777497,2.355217979047694,2.9484199132949813,-0.5932019342472872,179.45816582017702,170.48283302015503,8.975332800021988,0.00813845829732096,-0.01594409008959785,0.010222828102532944,1,0.015113888848043893,174.47999572753906,175.38999938964844,1
2024-03-20,178.14999389648438,178.52999877929688,174.63999938964844,176.13999938964844,29947200.0,175.4484992980957,167.39779846191405,59.45958413026117,2.418332872173437,2.8424025050706723,-0.4240696328972353,179.06856660313142,171.82843199305998,7.240134610071436,0.012791359170393646,0.02138513798128905,0.026741971854916002,1,0.015434946588052584,175.89999389648438,176.55999755859375,0
2024-03-21,178.14999389648438,181.4199981689453,178.14999389648438,179.99000549316406,32824300.0,175.6269989013672,167.9333984375,59.45958413026117,2.440222513543489,2.7619665067652357,-0.32174399322174674,179.40670734283327,171.8472904599011,7.559416882932169,0.0,0.021033919410889057,0.007521697303331409,1,0.0143323650900085,178.14999389648438,178.75,1
2024-03-22,178.8699951171875,179.25999450683594,176.75,177.75,27995400.0,175.82099838256835,168.43619842529296,60.58233303282219,2.486999708706662,2.7069731471535214,-0.21997343844685924,179.84068810671516,171.80130865842153,8.03937944829363,0.0040415450203241665,0.01688460104467615,0.02007407408696582,1,0.013983668059670917,178.14999389648438,174.4199981689453,1
2024-03-25,179.7100067138672,180.9900054931641,177.24000549316406,178.00999450683594,29815500.0,176.06999893188475,168.92679870605468,61.9077950425468,2.5623161034134228,2.6780417384055015,-0.11572563499207877,180.39396935103645,171.74602851273306,8.647940838303384,0.004696213001679439,0.008756737978275142,0.045068618849821274,1,0.011787860497445186,178.8699951171875,174.47999572753906,0
2024-03-26,178.3000030517578,180.4499969482422,177.9499969482422,180.1499938964844,29659000.0,176.30799942016603,169.40039886474608,58.36036368579793,2.4796455666375152,2.6383625040519045,-0.1587169374143893,180.57233303955297,172.04366580077908,8.528667238773892,-0.007845994154095037,0.0008420385091936211,0.016591616809602083,1,0.01098538742300388,179.7100067138672,175.89999389648438,1
2024-03-27,179.8300018310547,180.0,177.30999755859375,179.8800048828125,33272600.0,176.6414993286133,169.933798828125,60.97362254942565,2.5086683186043786,2.6124236669623997,-0.10375534835802114,180.9121640543451,172.37083460288147,8.541329451463639,0.008581036192426339,0.005367064013381606,0.018520640675562694,1,0.011097431813375056,178.3000030517578,178.14999389648438,1
2024-03-28,180.3800048828125,181.6999969482422,179.25999450683594,180.1699981689453,38051600.0,176.8224998474121,170.5071987915039,61.89931555067105,2.546693016512336,2.599277536872387,-0.05258452036005101,181.39415261011095,172.25084708471326,9.143305525397693,0.0030584610251771505,0.0037282184848619337,0.00911890843531471,1,0.010490842236186718,179.8300018310547,178.14999389648438,1
2024-04-01,180.97000122070312,183.0,179.9499969482422,180.7899932861328,29174500.0,176.95999984741212,171.05659881591797,62.915494358921414,2.5945275387903166,2.598327537255973,-0.0037999984656562624,181.84611645401418,172.07388324081006,9.772233213204117,0.003270852211551434,0.014974751111867635,0.03755305079990534,1,0.005638600343167812,180.3800048828125,178.8699951171875,0
2024-04-02,180.69000244140625,180.7899932861328,178.3800048828125,179.07000732421875,32611500.0,177.1154998779297,171.56359893798827,62.06942381464422,2.580101378251811,2.5946823054551404,-0.014580927203329264,182.26167494623485,171.96932480962454,10.29235013661031,-0.0015472110151306673,0.004782297734498675,0.035591511152742505,1,0.005793538081969409,180.97000122070312,179.7100067138672,1
2024-04-03,182.41000366210935,182.8699951171875,179.8000030517578,179.89999389648438,31046600.0,177.53000030517578,172.11619903564454,65.16814739176066,2.6766040406979243,2.6110666525036974,0.06553738819422694,182.97128873042126,172.0887118799303,10.882576850490977,0.009519072430478559,0.011254012220565546,0.03700972138439096,1,0.00593069299149728,180.69000244140625,178.3000030517578,0
2024-04-04,180.0,185.1000061035156,180.0,184.0,41624300.0,177.854500579834,172.5957989501953,58.016317347105954,2.5294579252302185,2.5947449070490016,-0.06528698181878312,183.06741803443154,172.64158312523645,10.425834909195089,-0.013212014767422287,-0.005360011129801334,0.010384542053875068,1,0.007071408813205089,182.41000366210935,179.8300018310547,1
2024-04-05,185.07000732421875,186.2700042724609,181.97000122070312,182.3800048828125,42374000.0,178.267000579834,173.15979919433593,66.37626151775154,2.7897918044996572,2.633754286539133,0.15603751796052423,184.32443862284512,172.20956253682286,12.114876086022264,0.028166707356770848,0.024240438450560342,0.03884374776771149,1,0.011078363995966565,180.0,180.3800048828125,1
2024-04-08,185.19000244140625,187.2899932861328,184.80999755859372,186.8999938964844,39221300.0,178.7590003967285,173.70859924316406,66.54605065920055,2.9715368553895303,2.701310800309213,0.2702260550803173,185.36264484246564,172.15535595099138,13.207288891474263,0.0006483768975988902,0.015240385524285749,0.035332965263839666,1,0.01112449181245334,185.07000732421875,180.97000122070312,1
2024-04-09,185.6699981689453,187.33999633789065,184.1999969482422,187.2400054931641,36520100.0,179.44449996948242,174.23959930419923,67.25828645785134,3.1183562911281797,2.784719898473006,0.33363639265517353,185.92798640274754,172.9610135362173,12.966972866530227,0.002591909504893186,0.03149998982747393,0.03316449408722999,1,0.011119956807812062,185.19000244140625,180.69000244140625,1
2024-04-10,185.9499969482422,186.2700042724609,182.6699981689453,182.7700042724609,35879200.0,179.9724998474121,174.73339935302735,67.69041331170322,3.220185024700612,2.8718129237185277,0.3483721009820844,186.76197435165136,173.18302534317286,13.578949008478503,0.0015080453603608657,0.004754901330293881,0.04290518096213214,1,0.010449224012563436,185.6699981689453,182.41000366210935,1
2024-04-11,189.0500030517578,189.7700042724609,185.50999450683597,186.7400054931641,40020700.0,180.5970001220703,175.3343994140625,72.08343130722838,3.510562040461423,2.999562747067107,0.5109992933943159,188.2578186280961,172.93618161604454,15.321637012051553,0.016671181255133227,0.020843461091118343,0.05127065076363091,1,0.011113162634765016,185.9499969482422,180.0,0
2024-04-12,186.1300048828125,188.3800048828125,185.0800018310547,187.72000122070312,38608800.0,180.96600036621095,175.9529995727539,63.34650005894386,3.465124668501062,3.0926751313538983,0.37244953714716367,188.939960606133,172.99204012628888,15.947920479844129,-0.015445639364236818,0.0024775500533404937,0.03187714737969771,1,0.012884251096437222,189.0500030517578,185.07000732421875,0
2024-04-15,183.6199951171875,188.69000244140625,183.0,187.42999267578125,48052400.0,181.42600021362304,176.4397994995117,56.95592564409008,3.1898082884423786,3.112101762771595,0.07770652567078384,188.8809550185634,173.97104540868267,14.909909609880742,-0.013485250630092094,-0.012530260119892445,0.014643277220585116,1,0.013924100624364309,186.1300048828125,185.19000244140625,0
2024-04-16,183.32000732421875,184.8300018310547,182.25999450683597,183.2700042724609,32891300.0,181.86800079345704,176.6699996948242,56.22585282781875,2.9138228301146682,3.0724459762402097,-0.1586231461255414,188.6402197810761,175.095781805838,13.544437975238111,-0.001633742516860992,-0.03030941885766758,0.014555342560611972,1,0.013926260116039457,183.6199951171875,185.6699981689453,0
2024-04-17,181.27999877929688,184.57000732421875,179.82000732421875,184.30999755859372,31359700.0,182.13700103759766,176.88939971923827,51.4007171562812,2.5016532243642473,2.9582874258650174,-0.45663420150077005,188.34338754668218,175.93061452851313,12.412773018169048,-0.011128128209780819,-0.026057089003834633,-0.006194862453408279,1,0.01413960953182133,183.32000732421875,185.9499969482422,0
2024-04-18,179.22000122070312,182.38999938964844,178.64999389648438,181.47000122070312,30723800.0,182.19050140380858,177.09079986572266,47.01325668509865,1.985889161345881,2.7638077729611905,-0.7779186116153096,188.27575544461104,176.10524736300613,12.170508081604908,-0.011363622972558218,-0.023962498711952773,-0.004333326551649308,1,0.013966452312448191,181.27999877929688,189.0500030517578,0
2024-04-19,174.6300048828125,179.0,173.44000244140625,178.74000549316406,56000700.0,182.014501953125,177.17279998779296,39.020949190643734,1.1930157384502138,2.449649366058995,-1.2566336276087813,188.72818163419325,175.30082227205676,13.427359362136485,-0.02561096030926935,-0.04740345894726683,-0.0564110986558547,1,0.011979551023414583,179.22000122070312,186.1300048828125,1
2024-04-22,177.22999572753906,178.8699951171875,174.55999755859375,176.94000244140625,37924900.0,181.93250198364257,177.32059997558594,44.75054527900125,0.7656296683711048,2.112845426521417,-1.3472157581503121,188.83520538131876,175.02979858596638,13.805406795352383,0.014888568814227066,-0.022341146728981243,-0.04298291813234201,1,0.013563028122488061,174.6300048828125,183.6199951171875,1
2024-04-23,179.5399932861328,179.92999267578125,175.97999572753906,178.0800018310547,37046500.0,181.92400131225585,177.42239990234376,49.30785361775242,0.606331217360804,1.8115425846892943,-1.2052113673284903,188.83804120795588,175.00996141655583,13.828079791400057,0.01303389727631088,0.0017854707245295032,-0.033015591874109185,1,0.01452078819170084,177.22999572753906,183.32000732421875,0
2024-04-24,176.58999633789062,180.32000732421875,176.17999267578125,179.94000244140625,34185100.0,181.8385009765625,177.50739990234376,44.28415571631658,0.23928758930367167,1.4970915856121698,-1.2578039963084982,188.96860305048884,174.70839890263616,14.260204147852676,-0.016430862529557833,0.011223680926959911,-0.050336115966470585,1,0.014967964919953362,179.5399932861328,181.27999877929688,0
2024-04-25,173.6699981689453,173.9199981689453,166.32000732421875,169.67999267578125,49249400.0,181.53050079345704,177.6079998779297,39.945808308097085,-0.2839434557202196,1.1408845773456922,-1.4248280330659118,189.467564040877,173.59343754603708,15.874126494839913,-0.016535467634067658,-0.02008687944712606,-0.08135416363152237,1,0.01319161174615687,176.58999633789062,179.22000122070312,1
2024-04-26,179.6199951171875,180.82000732421875,176.1300048828125,177.8000030517578,43919800.0,181.49250030517578,177.78079986572266,50.571802577766164,-0.21600285460317536,0.8695070909559186,-1.085509945559094,189.45845756496797,173.5265430453836,15.931914519584382,0.034260361668536854,0.0004455933722087302,-0.03497560626898233,1,0.018518739504707463,173.6699981689453,174.6300048828125,1
2024-04-29,180.9600067138672,183.52999877929688,179.38999938964844,182.75,54063900.0,181.49200057983398,178.00399993896485,52.605699174010795,-0.05341595593469606,0.6849224815777958,-0.7383384375124918,189.45809014073123,173.52591101893674,15.93217912179449,0.007460258507441919,0.024746647412659195,-0.014486376615045038,1,0.018435704270959204,179.6199951171875,177.22999572753906,0
2024-04-30,175.0,182.9900054931641,174.8000030517578,181.08999633789065,94639800.0,181.20750045776367,178.11380004882812,43.94444212388674,-0.4008664602957026,0.46776469320309616,-0.8686311534987987,189.65944672577248,172.75555418975486,16.903892536017622,-0.03293549122868411,0.007658212961808575,-0.04538515705764745,1,0.0209793972265367,180.9600067138672,179.5399932861328,1
2024-05-01,179.0,185.1499938964844,176.55999755859375,181.63999938964844,94645100.0,181.0370002746582,178.35220001220702,49.90565657076904,-0.3494289185808839,0.3043259708463002,-0.6537548894271841,189.5225481845144,172.551452364802,16.97109581971239,0.02285714285714291,-0.0034517043427320093,-0.012577221947539297,1,0.022474323637656873,175.0,176.58999633789062,1
2024-05-02,184.72000122070312,185.1000061035156,179.91000366210938,180.8500061035156,54303500.0,181.27300033569335,178.67480010986327,56.95515234848409,0.15114963932677483,0.27369070454239514,-0.1225410652156203,189.89155964076377,172.65444103062293,17.23711861014084,0.031955314082140474,0.020778041375635103,0.030688539016507033,1,0.024358687991739226,179.0,173.6699981689453,1
2024-05-03,186.2100067138672,187.8699951171875,185.4199981689453,186.9900054931641,39172000.0,181.3300003051758,178.90740020751954,58.58990490487147,0.6604791512239103,0.35104839387869824,0.3094307573452121,190.0625785321587,172.59742207819286,17.465156453965847,0.008066292135759712,0.06405718122209825,0.0663116389352767,1,0.022145867020128975,184.72000122070312,179.6199951171875,1
2024-05-06,188.6999969482422,188.75,184.8000030517578,186.27999877929688,34725300.0,181.50550003051757,179.1816000366211,61.239129793566754,1.2506313612789484,0.5309649873587483,0.7196663739202,190.6716425496702,172.33935751136494,18.33228503830526,0.013371946429286963,0.0541899270851518,0.0647181712870788,1,0.02208838752520607,186.2100067138672,180.9600067138672,1
2024-05-07,188.75999450683597,189.94000244140625,187.30999755859372,188.9199981689453,34048900.0,181.6599998474121,179.46220001220703,61.30336991639203,1.7035352472066734,0.7654790393283333,0.9380562078783401,191.1983234412167,172.12167625360752,19.076647187609183,0.00031795209095974997,0.021870903310063694,0.05135346755866954,1,0.022037067489932585,188.6999969482422,175.0,0
2024-05-08,188.0,188.42999267578125,186.38999938964844,187.44000244140625,26136400.0,181.7625,179.75140014648437,59.94802667658929,1.978334624556851,1.008050156374037,0.970284468182814,191.5244617504344,172.00053824956558,19.52392350086882,-0.004026247769404523,0.009612766347639523,0.06461296731824628,1,0.021006802746791294,188.75999450683597,179.0,1
2024-05-09,189.5,191.6999969482422,187.44000244140625,188.8800048828125,43368400.0,181.7849998474121,180.0782000732422,61.74569968335981,2.2907462777564547,1.2645893806505204,1.0261568971059343,191.6158753602306,171.95412433459362,19.66175102563699,0.007978723404255428,0.004239549892400163,0.09114989346435842,1,0.019390864524120564,188.0,184.72000122070312,0
2024-05-10,187.47999572753903,189.88999938964844,186.92999267578125,189.16000366210935,34141800.0,181.85249938964844,180.29260009765625,57.97213510179505,2.348267929864619,1.4813250904933402,0.8669428393712788,191.81937806148585,171.88562071781104,19.933757343674813,-0.010659653152828352,-0.006781091420568819,0.0437590514643067,1,0.018026071636351424,189.5,186.2100067138672,0
2024-05-13,186.57000732421875,188.30999755859372,185.3600006103516,188.0,24898600.0,182.0,180.45960021972655,56.30280077781354,2.293982195725903,1.643856511539853,0.6501256841860499,192.1527243994942,171.8472756005058,20.30544879898838,-0.004853789332504355,-0.007606344020113065,0.03100132848260806,1,0.018216318734900726,187.47999572753903,188.6999969482422,1
2024-05-14,187.07000732421875,187.72000122070312,183.4499969482422,183.82000732421875,38698200.0,182.1875,180.64940032958984,57.03488133531003,2.2651944302813263,1.7681240952881476,0.49707033499317865,192.56679182162316,171.80820817837684,20.75858364324631,0.002679959159411549,-0.012823180347130592,0.06897147042410712,1,0.01313876743475129,186.57000732421875,188.75999450683597,0
2024-05-15,185.9900054931641,186.72000122070312,182.72999572753903,185.97000122070312,75459900.0,182.42300033569336,180.88680053710937,54.895533261440654,2.130671739432586,1.8406336241170353,0.29003811531555046,192.9222838825817,171.92371678880502,20.99856709377667,-0.005773249525686142,-0.007947462493760216,0.03905031001767645,1,0.012338472438406892,187.07000732421875,188.0,0
2024-05-16,183.6300048828125,187.30999755859372,183.4600067138672,185.6000061035156,38834500.0,182.64350051879882,181.0892007446289,50.44293452469193,1.8127331524497379,1.835053529783576,-0.02232037733383807,193.04926839071436,172.23773264688327,20.811535743831087,-0.01268885714634993,-0.015758172943077353,-0.00590080300285567,1,0.008559800123289423,185.9900054931641,189.5,1
2024-05-17,184.6999969482422,185.3000030517578,183.3500061035156,183.75999450683597,33175700.0,183.14700012207032,181.24680053710938,52.33078534435735,1.628333533651869,1.7937095305572346,-0.16537599690536564,192.90756212707194,173.3864381170687,19.521124010003234,0.005826891232250109,-0.012669109334394801,-0.008109176258960682,1,0.008335435947599975,183.6300048828125,187.47999572753903,0
2024-05-20,183.5399932861328,186.6699981689453,183.27999877929688,184.33999633789065,30511800.0,183.4625,181.4106002807617,50.10243038890134,1.3727684856658584,1.7095213215789595,-0.3367528359131011,192.83795254833106,174.08704745166895,18.75090509666211,-0.006280474722663021,-0.013172816466857529,-0.02734501190015759,1,0.006803331146381252,184.6999969482422,186.57000732421875,0
2024-05-21,183.1499938964844,183.25999450683597,180.75,182.3000030517578,50839100.0,183.64300003051758,181.63440002441405,49.34170049672523,1.1257843117371635,1.5927739196106003,-0.4669896078734368,192.84686387516567,174.4391361858695,18.407727689296166,-0.0021248741632043933,-0.00261401172773712,-0.029720283818658433,1,0.006724415947676871,183.5399932861328,187.07000732421875,0
2024-05-22,183.1300048828125,185.22000122070312,181.97000122070312,183.8800048828125,28148800.0,183.97000045776366,181.78920013427734,49.300382990362934,0.9178541765230364,1.4577899709930877,-0.5399357944700514,192.5947933909196,175.34520752460773,17.24958586631186,-0.0001091401274257997,-0.008500227890472778,-0.02590422934674197,1,0.0067714104837633265,183.1499938964844,185.9900054931641,0
2024-05-23,181.0500030517578,184.75999450683597,180.0800018310547,183.66000366210935,33670200.0,184.3390007019043,181.87900024414063,45.071024883093656,0.5785600022794313,1.2819439772503565,-0.7033839749709252,191.70986740531154,176.96813399849705,14.74173340681449,-0.011358061353112014,-0.013566472297365628,-0.04459101291948386,1,0.0061468497753974435,183.1300048828125,183.6300048828125,0
2024-05-24,180.75,182.44000244140625,180.3000030517578,181.6499938964844,27471600.0,184.39550094604493,181.91900024414062,44.47834602708855,0.28220608952923953,1.0819963997061333,-0.7997903101768937,191.63699867199793,177.15400322009194,14.482995451905992,-0.0016570176564539851,-0.013103980215477762,-0.03589714039315217,1,0.005799470903225309,181.0500030517578,184.6999969482422,1
2024-05-28,182.1499938964844,182.2400054931641,179.49000549316406,179.92999267578125,29927000.0,184.4550003051758,182.07360015869142,47.92008121187513,0.15848437652962843,0.8972939950708323,-0.7388096185412039,191.60154246751517,177.3084581428364,14.293084324678773,0.007745471073219434,-0.005351449572423839,-0.023690910940756482,1,0.0067891384742,180.75,183.5399932861328,0
2024-05-29,182.0200042724609,184.0800018310547,181.5500030517578,181.6999969482422,32009300.0,184.80600051879884,182.22440032958986,47.624881321658144,0.04937577808613014,0.727710351673892,-0.6783345735877618,190.6272285043646,178.98477253323307,11.64245597113154,-0.000713640562059914,0.0053576426641970265,-0.026995257679150453,1,0.006590352278087626,182.1499938964844,183.1499938964844,0
2024-05-30,179.32000732421875,181.33999633789065,178.36000061035156,181.30999755859372,29184700.0,184.82200088500977,182.29280059814454,41.85712025546491,-0.2520552254326276,0.5317572362525881,-0.7838124616852157,190.5807305256854,179.06327124433415,11.51745928135125,-0.0148335176621609,-0.007911439423409439,-0.035862132221887055,1,0.007602794170610436,182.0200042724609,183.1300048828125,0
2024-05-31,176.44000244140625,179.2100067138672,173.8699951171875,178.3000030517578,58903900.0,184.40800094604492,182.25860076904297,36.74515314920889,-0.715090672112666,0.2823876545795373,-0.9974783266922033,191.22906259889297,177.58693929319688,13.642123305696089,-0.016060700229647673,-0.0313477444216832,-0.039154834450909615,1,0.008107724738905635,179.32000732421875,181.0500030517578,1
2024-06-03,178.33999633789062,178.6999969482422,175.9199981689453,177.6999969482422,30786600.0,184.0145004272461,182.26240081787108,41.79547567660765,-0.9181520853519487,0.042279706593240096,-0.9604317919451888,191.2686166701965,176.7603841842957,14.508232485900805,0.01076849847083472,-0.020217601627246284,-0.0344342215237492,1,0.008883728916466492,176.44000244140625,180.75,1
2024-06-04,179.33999633789062,179.82000732421875,176.44000244140625,177.63999938964844,27198400.0,183.5465003967285,182.27180084228516,44.31542991510259,-0.9870104337832686,-0.16357832148206164,-0.8234321123012069,190.73854659503706,176.35445419841994,14.38409239661712,0.00560726713319748,0.000111471184783829,-0.022883279404366852,1,0.009252446764107927,178.33999633789062,182.1499938964844,1
2024-06-05,181.27999877929688,181.5,178.75,180.10000610351562,32116400.0,183.17250061035156,182.30320068359376,48.93446007411489,-0.8749532706040952,-0.30585331130646837,-0.5690999592976269,190.01043355144589,176.33456766925724,13.675865882188646,0.010817455564965828,0.02743140031126412,-0.010210183890284164,1,0.01013833445197604,179.33999633789062,182.0200042724609,1
2024-06-06,185.0,185.0,181.4900054931641,181.75,31371200.0,183.02250061035156,182.4372006225586,56.402446728517916,-0.48043598531526754,-0.34076984610822825,-0.1396661392070393,189.55505965251294,176.48994156819018,13.065118084322762,0.020520748266509736,0.03734441964152024,0.010211298352687415,1,0.012220245891437718,181.27999877929688,179.32000732421875,0
2024-06-07,184.3000030517578,186.2899932861328,183.3600006103516,184.8999938964844,28021500.0,182.76250076293945,182.52660064697267,54.77903844622134,-0.2217064045605639,-0.3169571577986954,0.09525075323813148,188.62242659742637,176.90257492845254,11.719851668973831,-0.003783767287795614,0.02765700242639757,0.017950842006177137,1,0.011581442333953447,185.0,176.44000244140625,1
2024-06-10,187.05999755859372,187.22999572753903,183.7899932861328,184.07000732421875,34445600.0,182.7415008544922,182.6602005004883,59.70385510500442,0.20369902711235,-0.2128259208164863,0.4165249479288363,188.5363011784546,176.94670053052977,11.58960064792484,0.014975553234585659,0.03188437123906773,0.03491008331172174,1,0.012201009643628375,184.3000030517578,178.33999633789062,1
2024-06-11,187.22999572753903,187.7700042724609,184.5399932861328,187.05999755859372,27265100.0,182.7745002746582,182.785400390625,59.99286217439714,0.5482336320470154,-0.06061401024378597,0.6088476422908013,188.6628939295522,176.8861066197642,11.776787309788006,0.0009087895389929823,0.012054030959670392,0.027889113375109797,0,0.01212828352396015,187.05999755859372,179.33999633789062,0
2024-06-12,186.88999938964844,188.3500061035156,185.42999267578125,188.0200042724609,33984200.0,182.7654998779297,182.90940032958986,59.08021748488137,0.7847982598758279,0.10846844378013681,0.676329816095691,188.62809710415658,176.90290265170282,11.725194452453763,-0.0018159287809063063,0.014053154069472606,0.026755274161502474,0,0.01216891550599761,187.22999572753903,181.27999877929688,0
2024-06-13,183.8300018310547,187.6699981689453,182.6699981689453,186.08999633789065,39721500.0,182.65749969482422,182.93780029296875,51.48844096784064,0.717094977747081,0.23019375057352565,0.48690122717355533,188.35579204147206,176.9592073481764,11.396584693295665,-0.016373254687715777,-0.01726716438412912,0.025150537154962738,0,0.01242266036215497,186.88999938964844,185.0,0
2024-06-14,183.66000366210935,183.72000122070312,182.22999572753903,183.0800018310547,25456400.0,182.65899963378905,183.01100036621094,51.09562162585561,0.6423179657047058,0.3126185935997617,0.3296993721049441,188.35833084379513,176.95966842378297,11.398662420012158,-0.0009247574783879386,-0.019067415194650827,0.0409204325595085,0,0.010705724184057358,183.8300018310547,184.3000030517578,1
2024-06-17,184.05999755859372,185.0,181.22000122070312,182.5200042724609,35601900.0,182.62699966430662,182.99080017089844,52.023111139598186,0.60832046977049,0.37175896883390736,0.23656150093658268,188.2871856399352,176.96681368867806,11.32037195125713,0.002177904217078641,-0.015142607096672034,0.032073574846697595,0,0.010450114960400618,183.66000366210935,187.05999755859372,0
2024-06-18,182.80999755859372,184.2899932861328,181.42999267578125,183.7400054931641,36659200.0,182.59049987792966,182.9432000732422,48.901864991246335,0.4750367282861703,0.39241452072435995,0.08262220756181032,188.2360611889282,176.9449385669311,11.29112262199709,-0.006791263808433312,-0.005548627875216927,0.01934873029753681,0,0.010861629591482626,184.05999755859372,187.22999572753903,1
2024-06-20,186.1000061035156,186.50999450683597,182.72000122070312,182.91000366210935,44726800.0,182.73800048828122,182.9518002319336,56.32863772610455,0.6276494446294407,0.4394615055053761,0.18818793912406462,188.58488486153104,176.8911161150314,11.693768746499643,0.017996874289478493,0.013285431736652198,0.026588743141414906,0,0.011715077267472356,182.80999755859372,186.88999938964844,1
2024-06-21,189.0800018310547,189.27999877929688,185.8600006103516,187.8000030517578,70792500.0,183.03550033569334,183.01440032958985,61.7513273995281,0.977785568808855,0.5471263181660719,0.4306592506427831,189.50430972804637,176.56669094334032,12.937618784706046,0.01601287280926522,0.027273738666995673,0.022054063951646885,1,0.01101872332741888,186.1000061035156,183.8300018310547,0
2024-06-24,185.57000732421875,191.0,185.3300018310547,189.3300018310547,50610400.0,183.2615005493164,182.94480041503905,53.348662791733055,0.9609663257396335,0.6298943196807842,0.33107200605884923,189.7528406120799,176.7701604865529,12.982680125526997,-0.0185635417434159,0.015097695982083215,0.00689096175491799,1,0.012768527241562824,189.0800018310547,183.66000366210935,1
2024-06-25,186.33999633789065,188.83999633789065,185.4199981689453,186.80999755859372,45366400.0,183.5410003662109,182.94900024414062,54.80163151304639,0.9982612979214309,0.7035677153289136,0.2946935825925173,190.05705097083893,177.0249497615829,13.03210120925604,0.004149318226444931,0.0012895767141543057,-0.0038490389719882945,1,0.011855656928853717,185.57000732421875,184.05999755859372,1
2024-06-26,193.6100006103516,194.8000030517578,186.25999450683597,186.9199981689453,65103900.0,184.11400070190427,183.1488003540039,65.67259359371678,1.5960481691101052,0.882063806085152,0.7139843630249532,191.92652726677383,176.30147413703472,15.625053129739115,0.03901472799901873,0.023958106280031144,0.03407576258291889,1,0.017210104431182583,186.33999633789065,182.80999755859372,1
2024-06-27,197.8500061035156,199.83999633789065,194.1999969482422,195.00999450683597,74397500.0,184.905500793457,183.43940032958983,70.17767963812926,2.3844451796771295,1.1825400808035476,1.201905098873582,194.67219349960874,175.13880808730528,19.53338541230346,0.02189972356695158,0.06617448022105132,0.05864415832661307,1,0.018013241861275,193.6100006103516,186.1000061035156,0
2024-06-28,193.25,198.8500061035156,192.5,197.72999572753903,76930200.0,185.60200042724608,183.6788003540039,60.84765824939973,2.6080099269386494,1.467634050030568,1.1403758769080814,195.65856173812884,175.54543911636333,20.113122621765513,-0.023249966952787804,0.03708277234040214,0.05124298577553499,1,0.019057321909277287,197.8500061035156,189.0800018310547,1
2024-07-01,197.1999969482422,198.3000030517578,192.82000732421875,193.4900054931641,41192000.0,186.64000015258787,184.03840026855468,65.13419338013613,3.0685460532632476,1.7878164506771042,1.2807296025861434,196.98112750515486,176.2988728000209,20.68225470513397,0.02043982896891161,0.018542411686241378,0.0737231461186465,1,0.01949050247009213,193.25,185.57000732421875,1
2024-07-02,200.0,200.42999267578125,195.92999267578125,197.27999877929688,45600000.0,187.72300033569334,184.54580017089845,67.82346316034696,3.617757836669057,2.153804727875495,1.4639531087935618,198.86603689918707,176.57996377219962,22.286073126987446,0.014198798656638534,0.010866787112250753,0.08660220934932883,1,0.01950958920536431,197.1999969482422,186.33999633789065,0
2024-07-03,197.58999633789065,200.02999877929688,196.75999450683597,199.94000244140625,31597900.0,188.63550033569334,184.95300018310547,63.29794661012622,3.814572955047595,2.485958373309915,1.3286145817376798,199.87174569041036,177.3992549809763,22.472490709434055,-0.01205001831054675,0.022457937065410993,0.08084896327707503,1,0.020031765388120546,200.0,193.6100006103516,1
2024-07-05,200.0,200.5500030517578,198.1699981689453,198.6499938964844,39858900.0,189.57150039672848,185.36220031738281,65.7584622996932,4.117552921637241,2.8122772829753804,1.3052756386618607,201.30855774127383,177.83444305218313,23.474114689090698,0.012196992290986808,0.014198798656638534,0.07469099108332489,1,0.019792204993599224,197.58999633789065,197.8500061035156,0
2024-07-08,199.2899932861328,201.1999969482422,197.9600067138672,200.0399932861328,34767300.0,190.28600006103514,185.81620025634766,64.38891721284332,4.251367996102516,3.1000954256008075,1.1512725705017086,202.55085120814624,178.02114891392404,24.529702294222204,-0.0035500335693359197,-0.0035500335693359197,0.05399826187965062,1,0.019813642928185528,200.0,193.25,1
2024-07-09,199.33999633789065,200.57000732421875,199.0500030517578,199.3999938964844,32700100.0,191.0379997253418,186.32960021972656,64.44507928696595,4.311749075711532,3.342426155622953,0.9693229200885791,203.5836402971728,178.4923591535108,25.091281143662002,0.00025090598345323123,0.008856723682546086,0.07420374236238336,1,0.01809929214509636,199.2899932861328,197.1999969482422,1
2024-07-10,199.7899932861328,200.1100006103516,197.69000244140625,200.0,32883800.0,191.67449951171875,186.73300018310547,64.9803427404299,4.345816640214167,3.5431042525411955,0.8027123876729716,204.6331702558667,178.7158287675708,25.917341488295904,0.002257434315787732,-0.001050033569335973,0.07217987127064895,1,0.01814606095530285,199.33999633789065,200.0,0
2024-07-11,195.0500030517578,200.2700042724609,192.8600006103516,200.08999633789065,44565000.0,192.06549987792968,187.01480010986327,55.50206220117011,3.944863896951631,3.623456181423283,0.3214077155283479,204.93576422494192,179.19523553091744,25.740528694024476,-0.023724863074531144,-0.02127547983950895,0.007437644940171628,1,0.016688775091763555,199.7899932861328,197.58999633789065,0
2024-07-12,194.4900054931641,196.47000122070312,193.8300018310547,194.8000030517578,30598500.0,192.44550018310548,187.40460021972658,54.490799221178534,3.5410992484455903,3.6069847948277447,-0.06588554638215438,205.1295290331618,179.76147133304917,25.368057700112615,-0.0028710461411535215,-0.024330244475903373,-0.016982565108406122,1,0.014969856438094845,195.0500030517578,200.0,0
2024-07-15,192.72000122070312,196.19000244140625,190.8300018310547,194.55999755859372,40683200.0,192.8900001525879,187.67900024414064,51.30866448639419,3.0432080947081204,3.49422945480382,-0.4510213600956998,204.942550703018,180.83744960215782,24.105101100860168,-0.009100746683475047,-0.03538711798895888,-0.0027425551321960118,1,0.013269338329770026,194.4900054931641,199.2899932861328,1
2024-07-16,193.0200042724609,196.6199951171875,192.2400054931641,195.58999633789065,33994700.0,193.35800018310547,187.84500030517577,51.82220925399516,2.642373866196948,3.323858337082446,-0.6814844708854979,204.64306517307355,182.0729351931374,22.570129979936155,0.0015566783408962337,-0.010407581376752018,-0.021196717750854632,1,0.011186711131857591,192.72000122070312,199.33999633789065,0
2024-07-17,187.92999267578125,191.5800018310547,185.9900054931641,191.3500061035156,48076100.0,193.55149993896484,187.87940002441405,43.44912535296166,1.8921766211474278,3.0375219938954423,-1.1453453727480145,204.3127733647524,182.7902265131773,21.5225468515751,-0.02637038381521717,-0.03372930552780207,-0.06035003662109373,1,0.011955607169013328,193.0200042724609,199.7899932861328,0
2024-07-18,183.75,189.67999267578125,181.4499969482422,189.58999633789065,51043600.0,193.59850006103517,187.78040008544923,38.01679193412907,0.9494052713038741,2.6198986493771286,-1.6704933780732545,204.17839019429576,183.01860992777458,21.15978026652118,-0.022242286163404512,-0.046544215254703536,-0.07004401333265597,1,0.012911603735403142,187.92999267578125,195.0500030517578,0
2024-07-19,183.1300048828125,184.92999267578125,180.11000061035156,181.13999938964844,43081800.0,193.45,187.66780029296876,37.27241930725356,0.15048901610890653,2.126016722723484,-1.9755277066145775,204.51879677708726,182.38120322291272,22.137593554174543,-0.0033741230867346816,-0.05123820936035206,-0.08434997558593749,1,0.011134469036543965,183.75,194.4900054931641,0
2024-07-22,182.5500030517578,185.05999755859372,182.47999572753903,185.0,39931900.0,193.12350006103514,187.5588003540039,36.551403534732565,-0.5234254497389657,1.5961282882309942,-2.1195537379699596,205.04132130264225,181.20567881942804,23.8356424832142,-0.003167158934036185,-0.028627626423127994,-0.08399814741496014,1,0.011154849584960262,183.1300048828125,192.72000122070312,1
2024-07-23,186.41000366210935,189.38999938964844,183.55999755859372,184.1000061035156,47537700.0,193.16549987792968,187.4970004272461,44.277036623349126,-0.7375358748653582,1.1293954556117238,-1.866931330477082,204.98203758925084,181.34896216660852,23.63307542264232,0.021144894800451564,0.014476210406037193,-0.06486401581880419,1,0.014475739071891308,182.5500030517578,193.0200042724609,0
2024-07-24,180.8300018310547,185.4499969482422,180.41000366210935,183.1999969482422,41532400.0,192.8900001525879,187.36400054931642,37.221397150466295,-1.342009591901899,0.6351144461089993,-1.9771240380108983,205.55658476669345,180.22341553848236,25.33316922821109,-0.029934025650088403,-0.012559400373683305,-0.09489960504640604,1,0.015807925944546667,186.41000366210935,187.92999267578125,0
2024-07-25,179.85000610351562,183.8999938964844,176.8000030517578,182.91000366210935,44464200.0,192.2020004272461,187.22960052490234,36.132394097612895,-1.8784828516982657,0.13239498654754628,-2.010877838245812,206.07476511659857,178.32923573789364,27.74552937870493,-0.005419431054668911,-0.014790451400193416,-0.07792871935617851,1,0.015059502293086405,180.8300018310547,183.75,1
2024-07-26,182.5,183.19000244140625,180.2400054931641,180.38999938964844,29506000.0,191.43450012207032,187.13820037841796,41.146719103822235,-2.065993922740006,-0.30728279530996416,-1.7587111274300418,205.66626537050612,177.2027348736345,28.463530496871613,0.014734466536293178,-0.020975288800469616,-0.061648440302941476,1,0.0166662296073711,179.85000610351562,183.1300048828125,1
2024-07-29,183.1999969482422,184.75,182.3800048828125,183.83999633789065,33270100.0,190.93199996948243,187.08240020751953,42.43243686983046,-2.1335200033517765,-0.6725302369183266,-1.46098976643345,205.57561007818805,176.28838986077682,29.28722021741123,0.003835599716395466,0.01310620523800976,-0.049398112350355516,1,0.01691770347610206,182.5,182.5500030517578,0
2024-07-30,181.7100067138672,185.8600006103516,179.3800048828125,184.72000122070312,39508600.0,190.15750045776366,187.04400024414062,40.40884306260138,-2.280971053828523,-0.9942184003003659,-1.2867526535281573,205.0298706030145,175.28513031251282,29.74474029050168,-0.008133134602594794,0.010341954669053521,-0.05859495030695827,1,0.016782254260967945,183.1999969482422,186.41000366210935,1
2024-07-31,186.97999572753903,187.94000244140625,184.4600067138672,185.0500030517578,41667300.0,189.50650024414062,187.08960021972655,49.56955344286575,-1.950103425005068,-1.1853954052413065,-0.7647080197637615,203.7239731714626,175.28902731681865,28.434945854643956,0.029002194810164417,0.024547921794734417,-0.005055057655864226,1,0.018337838006813684,181.7100067138672,180.8300018310547,0
2024-08-01,184.07000732421875,190.6000061035156,181.8699951171875,189.2899932861328,70435600.0,188.83050079345702,187.10020050048828,45.417728992613014,-1.900789076476599,-1.328474139488365,-0.5723149369882339,202.72838353306784,174.9326180538462,27.795765479221643,-0.015563100170141286,0.0047489650134784345,0.0017415364583333037,1,0.017557089735642434,186.97999572753903,179.85000610351562,0
2024-08-02,167.89999389648438,168.77000427246094,160.5500030517578,166.75,141448400.0,187.22550048828126,186.79520050048828,30.253893714053333,-3.1304066657225462,-1.6888606447352013,-1.441546020987345,202.89434607477432,171.5566549017882,31.337691172986126,-0.0878470841762542,-0.0760002878604753,-0.08316502255364444,1,0.033030685316446574,184.07000732421875,182.5,0
2024-08-05,161.02000427246094,162.9600067138672,151.61000061035156,154.2100067138672,83149400.0,185.31200103759767,186.35300048828125,26.239649747016003,-4.6069392009145815,-2.2724763559710777,-2.334462844943504,203.72672369399103,166.8972783812043,36.82944531278673,-0.04097671157906757,-0.13883833590897132,-0.11794028167281123,0,0.03452889652760842,167.89999389648438,183.1999969482422,1
2024-08-06,161.92999267578125,165.0800018310547,158.5399932861328,161.7100067138672,59950800.0,183.44150085449218,185.97060028076172,27.607840888433813,-5.638674286615924,-2.945715942100047,-2.6929583445158767,203.31846388583315,163.5645378231512,39.753926062681956,0.005651399696776416,-0.12028040293082809,-0.13132348321123943,0,0.03320274345217294,161.02000427246094,181.7100067138672,1
2024-08-07,162.77000427246094,167.5800018310547,161.42999267578125,166.5500030517578,48408200.0,181.5905014038086,185.61100036621093,28.918573325239677,-6.315745872696766,-3.6197219282193913,-2.696023944477375,201.92265270941994,161.25835009819724,40.664302611222695,0.0051874985158653075,-0.03055384044377174,-0.09987279420295969,0,0.03312456806410076,161.92999267578125,186.97999572753903,1
2024-08-08,165.8000030517578,166.69000244140625,162.5500030517578,165.1699981689453,44616200.0,180.12800140380858,185.2840005493164,33.589480635408194,-6.532531447799727,-4.202283832135459,-2.330247615664268,200.58471380911126,159.6712889985059,40.91342481060536,0.018615215947435537,0.029685744953829918,-0.0781206704195,0,0.03433972143418299,162.77000427246094,184.07000732421875,1
2024-08-09,166.94000244140625,168.5500030517578,165.85000610351562,166.39999389648438,36401000.0,178.75050125122067,184.9824005126953,35.311812918117724,-6.536992771024671,-4.669225619913302,-1.8677671511113694,198.8606550742444,158.64034742819695,40.220307646047445,0.00687575011257735,0.0309393564640994,-0.08526026059503422,0,0.033859656526688146,165.8000030517578,167.89999389648438,0
2024-08-12,166.8000030517578,168.5500030517578,166.11000061035156,168.13999938964844,30072800.0,177.45450134277343,184.7320004272461,35.191109593407774,-6.477160508098507,-5.030812597550343,-1.4463479105481643,197.13274616538126,157.7762565201656,39.356489645215674,-0.000838620987187122,0.024758854048753776,-0.08951961883011228,0,0.03370488294772614,166.94000244140625,161.02000427246094,1
2024-08-13,170.22999572753906,171.0399932861328,167.10000610351562,167.80999755859375,39237900.0,176.31500091552735,184.60780029296876,40.55258055967904,-6.082851934711158,-5.241220464982506,-0.841631469728652,194.8628092601756,157.7671925708791,37.09561668929649,0.020563504874259175,0.026718893813278966,-0.06317764879292154,0,0.03496624694804412,166.8000030517578,161.92999267578125,0
2024-08-14,170.10000610351562,172.27999877929688,168.86000061035156,172.11000061035156,28843800.0,175.42350158691406,184.44300048828126,40.41612093286632,-5.714970008934188,-5.3359703737728434,-0.3789996351613443,193.35631328956245,157.49068988426566,35.86562340529679,-0.0007636117446156998,0.01892897817117567,-0.09027698154737562,0,0.032865720955414617,170.22999572753906,162.77000427246094,1
2024-08-15,177.58999633789062,177.91000366210938,173.99000549316406,174.86000061035156,51698500.0,175.1155014038086,184.40800048828126,50.708484165761234,-4.764123467091167,-5.2216009924365085,0.45747752534534136,192.67337439139018,157.557628416227,35.11574597516318,0.04403286281963403,0.06468820796594765,-0.03520405676365468,0,0.036704321700216085,170.10000610351562,165.8000030517578,0
2024-08-16,177.05999755859375,178.33999633789062,176.25999450683594,177.0399932861328,31489200.0,174.81200103759767,184.3236004638672,50.049665624959054,-4.00714532733366,-4.97870985941594,0.9715645320822794,192.0114258481862,157.61257622700913,34.39884962117708,-0.002984395462729106,0.040122199391853464,0.05455630729657335,0,0.021595216336400345,177.58999633789062,166.94000244140625,1
2024-08-19,178.22000122070312,178.3000030517578,176.16000366210938,177.63999938964844,31129800.0,174.59550094604492,184.18800048828126,51.53386666495355,-3.2758699077276674,-4.638141869078285,1.3622719613506176,191.50645250625874,157.6845493858311,33.821903120427635,0.006551472258579993,0.04773659509598138,0.10681900690511825,0,0.014176893739805624,177.05999755859375,166.8000030517578,1
2024-08-20,178.8800048828125,179.00999450683594,177.42999267578125,177.9199981689453,26255200.0,174.21900100708007,184.07960052490233,52.40048628288048,-2.612951609831299,-4.233103817228888,1.620152207397589,190.37969943774797,158.05830257641216,32.32139686133581,0.003703308593809629,0.007263970783959239,0.10467493962634111,0,0.014260838969629576,178.22000122070312,170.22999572753906,1
2024-08-21,180.11000061035156,182.38999938964844,178.88999938964844,179.9199981689453,35599100.0,174.18300094604493,183.9406005859375,54.049492879599,-1.9656746333870956,-3.7796179804605297,1.813943347073434,190.2877424415066,158.07825945058326,32.209482990923334,0.006876093995775934,0.01722581663737177,0.10653066217818097,0,0.01420617538553419,178.8800048828125,170.10000610351562,0
2024-08-22,176.1300048828125,181.47000122070312,175.67999267578125,181.3800048828125,32047500.0,173.99700088500975,183.71860076904298,48.22742053641021,-1.7536404832884784,-3.37442248102612,1.6207819977376414,189.9205523079751,158.0734494620444,31.847102845930692,-0.022097583221652117,-0.011727058262683054,0.06230399059661029,0,0.017088157933098324,180.11000061035156,177.58999633789062,1
2024-08-23,177.0399932861328,178.97000122070312,175.24000549316406,177.33999633789062,29150100.0,173.7240005493164,183.52160064697264,49.56510904266417,-1.4949406869829431,-2.998526122217485,1.503585435234542,189.23699945176656,158.21100164686624,31.025997804900328,0.005166572293719973,-0.010286289951105032,0.0605007229964043,0,0.017089105418967535,176.1300048828125,177.05999755859375,0
2024-08-26,175.5,177.47000122070312,174.3000030517578,176.6999969482422,22366200.0,173.3390007019043,183.35500061035157,47.33608290003903,-1.398067767552078,-2.678434451284404,1.2803666837323258,188.26321487473982,158.41478652906878,29.84842834567104,-0.00869856159361615,-0.025595472737378944,0.05215825413110209,0,0.01761240194216793,177.0399932861328,178.22000122070312,0
2024-08-27,173.1199951171875,174.88999938964844,172.25,174.14999389648438,29842000.0,172.9095001220703,183.14420043945313,44.03977415101114,-1.496095724261636,-2.4419667058798504,0.9458709816182145,187.33132837105165,158.48767187308897,28.843656497962684,-0.013561281383547064,-0.01708970466234705,0.01697702791624356,0,0.01761834601494763,175.5,178.8800048828125,0
2024-08-28,170.8000030517578,173.69000244140625,168.9199981689453,173.69000244140625,29045000.0,172.10050048828126,182.8790005493164,41.03969298604911,-1.7409193226380069,-2.301757229231482,0.5608379065934752,185.01039726069814,159.19060371586437,25.81979354483377,-0.013401063602498708,-0.03524621820500129,0.004115208248823832,0,0.018265794171907174,173.1199951171875,180.11000061035156,1
2024-08-29,172.1199951171875,174.2899932861328,170.80999755859375,173.22000122070312,26407800.0,171.50299987792968,182.66520050048828,43.4021157686844,-1.807594634407053,-2.2029247102665965,0.3953300758595435,183.18990126306926,159.8160984927901,23.373802770279156,0.007728290643119529,-0.019259287081552667,-0.03080129136494636,0,0.010710089818568396,170.8000030517578,176.1300048828125,1
2024-08-30,178.5,178.89999389648438,172.60000610351562,172.77999877929688,43429400.0,172.03300018310546,182.51320037841796,53.16917959518285,-1.3302874990227451,-2.028397268017826,0.698109768995081,183.97684103993276,160.08915932627815,23.887681713654615,0.037067191865004956,0.031076738877971355,0.008132850227390964,0,0.0166101222484342,172.1199951171875,177.0399932861328,0
2024-09-03,176.25,178.25999450683594,175.25999450683594,177.5500030517578,37817500.0,172.79449996948242,182.25660034179688,49.89878617113862,-1.1206561251572396,-1.846849039445709,0.7261929142884695,183.7322880648961,161.85671187406874,21.87557619082736,-0.012605042016806678,0.031908646667826224,-0.011053760561159032,0,0.01699050914019165,178.5,175.5,0
2024-09-04,173.3300018310547,175.97999572753906,172.5399932861328,174.47999572753906,30309200.0,173.3645004272461,182.0118002319336,45.948771652149254,-1.1765783371709801,-1.7127948989907635,0.5362165618197834,183.10028262666611,163.62871822782608,19.47156439884003,-0.016567365497562103,0.007030018290689277,-0.031026402617742144,0,0.01756875280415792,176.25,173.1199951171875,1
2024-09-05,177.88999938964844,179.8800048828125,175.0,175.0,40170500.0,174.12050018310546,181.84280029296875,52.29917506473789,-0.8432232468988445,-1.5388805685723799,0.6956573216735353,182.73134630460228,165.50965406160864,17.22169224299364,0.026308183871355473,-0.0034173703661152244,-0.012325807635223174,0,0.019725848616812813,173.3300018310547,170.8000030517578,0
2024-09-06,171.38999938964844,178.3800048828125,171.16000366210938,177.24000549316406,41466500.0,174.4,181.3984002685547,44.30798941723793,-1.090956743159694,-1.4492958034898429,0.35833906033014884,182.2408661990613,166.55913380093872,15.681732398122563,-0.03653943460735232,-0.027574471548094004,-0.02691197048633376,0,0.021850909956555663,177.88999938964844,172.1199951171875,1
2024-09-09,175.39999389648438,175.85000610351562,173.50999450683594,174.52999877929688,29037400.0,174.8229995727539,180.94940002441408,49.440547237422855,-0.9527317810733678,-1.349982999006548,0.3972512179331802,181.88225966437392,167.76373948113388,14.118520183240037,0.023396899008788496,0.011942491453079906,-0.00926344019341363,0,0.023276532573840072,171.38999938964844,178.5,1
2024-09-10,179.5500030517578,180.5,176.7899932861328,177.49000549316406,36233800.0,175.46049957275392,180.6754000854492,54.14999812096295,-0.5025236669830804,-1.1804911326018543,0.677967465618774,181.76944130525234,169.1515578402555,12.61788346499685,0.023660258265018275,0.009331630039940197,0.0230769404658564,0,0.024267219296425682,175.39999389648438,176.25,1
2024-09-11,184.5200042724609,184.9900054931641,175.72999572753906,180.10000610351562,42564700.0,176.175,180.4218002319336,59.06733591148461,0.25239758721193084,-0.8939133886390973,1.1463109758510281,183.15382463798625,169.19617536201378,13.957649275972472,0.027680318219044597,0.07660893243229383,0.06585033200559276,0,0.024725300064840684,179.5500030517578,173.3300018310547,1
2024-09-12,187.0,187.41000366210935,183.5399932861328,184.8000030517578,33544200.0,177.0199996948242,180.1618002319336,61.29784964337956,1.0388181995363652,-0.5073670710040048,1.54618527054037,184.88783994627116,169.15215944337726,15.7356805028939,0.013440254011034769,0.06613458669993788,0.09484775561352343,0,0.02374132754572146,184.5200042724609,177.88999938964844,0
2024-09-13,186.4900054931641,188.5,185.91000366210935,187.0,26495400.0,177.4650001525879,179.93980041503906,60.566929890209835,1.6024379983958283,-0.0854060571240382,1.6878440555198666,186.35218369531654,168.57781660985924,17.7743670854573,-0.0027272433520636463,0.03865219896100869,0.08348832665369765,0,0.02404925315005136,187.0,171.38999938964844,0
2024-09-16,184.88999938964844,185.80999755859372,183.3600006103516,185.2899932861328,26065500.0,177.85650024414062,179.63760040283202,58.22136388495643,1.898123245673105,0.31129980343539043,1.5868234422377145,187.30966158568378,168.40333890259745,18.90632268308633,-0.00857958097692424,0.0020051761793871137,0.03579831590839455,0,0.022249460067414864,186.4900054931641,175.39999389648438,1
2024-09-17,186.8800048828125,189.4499969482422,186.13999938964844,186.8500061035156,26091700.0,178.28950042724608,179.38940063476562,60.28161879405216,2.2669013192547425,0.7024201065992609,1.5644812126554815,188.53013533509255,168.0488655193996,20.48126981569294,0.010763186217390919,-0.0006416851186497041,0.06031208444148928,0,0.021557647027755634,184.88999938964844,179.5500030517578,0
2024-09-18,186.42999267578125,188.8000030517578,185.05999755859372,186.4499969482422,34448100.0,178.66699981689453,179.13120056152343,59.5662635568587,2.4940979664372094,1.0607556785668506,1.4333422878703588,189.5060202461745,167.82797938761456,21.67804085855994,-0.0024080275860086653,-0.0003218017889169422,0.07557832288893174,0,0.02033492783562052,186.8800048828125,184.5200042724609,1
2024-09-19,189.8699951171875,190.9900054931641,188.47000122070312,190.0399932861328,39543200.0,179.15499954223634,178.93280059814452,63.16474807642642,2.9180944179153414,1.4322234264365488,1.4858709914787926,191.038465342259,167.27153374221368,23.766931600045325,0.01845197970580159,0.02693491126604375,0.06734496468965756,1,0.01966836587391531,186.42999267578125,187.0,1
2024-09-20,191.6000061035156,191.83999633789065,187.41000366210935,190.22999572753903,100378600.0,179.9284996032715,178.86380065917967,64.85857832296246,3.3550373070948183,1.8167862025682027,1.5382511045266156,192.8887877623663,166.9682114441767,25.920576318189603,0.009111555436973173,0.025256855187171467,0.11791823785424316,1,0.012508226732235863,189.8699951171875,186.4900054931641,1
2024-09-23,193.8800048828125,194.4499969482422,190.57000732421875,191.63999938964844,36993100.0,180.77050018310547,178.85160064697266,67.0115512550296,3.841017680645507,2.2216324981836637,1.6193851824618433,194.99700416072392,166.54399620548702,28.4530079552369,0.011899784481557374,0.039961446654066535,0.10535924532149332,1,0.011777682447085951,191.6000061035156,184.88999938964844,1
2024-09-24,193.9600067138672,195.3699951171875,190.1300048828125,194.2700042724609,43478900.0,181.69350051879883,178.87640075683595,67.08774632289746,4.1843811657549,2.614182231697911,1.5701989340569886,196.80054122885895,166.5864598087387,30.214081420120237,0.0004126358007008335,0.021541116036556174,0.08025621507762093,1,0.011084039445146862,193.8800048828125,186.8800048828125,0
2024-09-25,192.52999877929688,193.9499969482422,192.16000366210935,193.75,26391100.0,182.66400070190429,178.86660064697264,64.23187415478114,4.291638178786513,2.949673421115632,1.3419647576708815,197.9362021322629,167.39179927154566,30.54440286071724,-0.007372694808574054,0.00485382383171129,0.04340989768788672,1,0.009534324693108364,193.9600067138672,186.42999267578125,0
2024-09-26,191.16000366210935,194.52999877929688,189.5399932861328,194.30999755859372,36334900.0,183.68200073242187,178.9312008666992,61.5295076065326,4.217476533736033,3.2032340436397124,1.0142424900963203,198.35784365514155,169.0061578097022,29.351685845439363,-0.007115748848874226,-0.014029302414899414,0.022246008888285207,1,0.009560432164424799,192.52999877929688,189.8699951171875,0
2024-09-27,187.97000122070312,190.8999938964844,187.33999633789065,190.67999267578125,36002300.0,184.47450103759766,179.01560089111328,55.65765376858448,3.856837140906407,3.333954663093052,0.5228824778133552,198.25163910853556,170.69736296665977,27.55427614187579,-0.016687603998192024,-0.030882683469900085,0.007936059220038372,1,0.011238862996094313,191.16000366210935,191.6000061035156,0
2024-09-30,186.3300018310547,188.4900054931641,184.6499938964844,187.13999938964844,41583900.0,184.8660011291504,179.07960083007814,52.86450955929766,3.3995061879094806,3.347064968056338,0.05244121985314276,198.3843622816051,171.3476399766957,27.036722304909404,-0.008724793206352333,-0.032202757947084604,0.007788427963437261,1,0.011252482293680966,187.97000122070312,193.8800048828125,0
2024-10-01,185.1300048828125,186.19000244140625,183.4499969482422,184.8999938964844,36044900.0,185.31000137329102,179.13120086669923,50.8535164091905,2.90673139766281,3.2589982539776323,-0.35226685631482235,198.23766117257006,172.38234157401197,25.855319598558083,-0.006440170323887107,-0.03154424913045806,-0.009364297700534485,1,0.0108743378879831,186.3300018310547,193.9600067138672,0
2024-10-02,184.75999450683597,186.6000061035156,184.0399932861328,184.44000244140625,23704100.0,185.8815010070801,179.09820068359375,50.21915864332667,2.4580126414353742,3.098801131469181,-0.6407884900338066,197.59364702155776,174.16935499260242,23.424292028955335,-0.0019986515757440815,-0.017077228775979836,-0.008957776294341024,1,0.010868746009670452,185.1300048828125,192.52999877929688,0
2024-10-03,181.9600067138672,183.44000244140625,180.8800048828125,183.0500030517578,30204300.0,186.08500137329102,179.12080078125,45.585084725965864,1.8550799726849334,2.8500568997123317,-0.9949769270273983,197.36824197811336,174.80176076846868,22.566481209644678,-0.015154729791167942,-0.02345298703506571,-0.041660023209240005,1,0.009324570143905593,184.75999450683597,191.16000366210935,1
2024-10-04,186.50999450683597,187.6000061035156,183.6000061035156,185.75,40890300.0,186.84100112915038,179.2540005493164,53.15056733731123,1.7245183043260113,2.6249491806350678,-0.9004308763090565,195.8893646936705,177.79263756463027,18.096727129040232,0.02500542770436165,0.007454165114385347,-0.0265658216833754,1,0.012619430768228615,181.9600067138672,187.97000122070312,0
2024-10-07,180.8000030517578,183.6000061035156,180.25,182.9499969482422,42364200.0,187.11100158691406,179.22000061035158,44.74327156682864,1.1470758748154708,2.3293745194711484,-1.1822986446556776,195.0293779647831,179.19262520904502,15.836752755738075,-0.03061493551686778,-0.021433165040127933,-0.06746441872105724,1,0.014242315152060958,186.50999450683597,186.3300018310547,1
2024-10-08,182.72000122070312,183.08999633789065,180.9199981689453,181.9199981689453,26372100.0,187.26950149536134,179.2104006958008,47.73687217827474,0.8347538722964316,2.030450390036205,-1.1956965177397736,194.68722571854255,179.85177727218013,14.83544844636242,0.010619458719785868,0.004176711798164812,-0.057950119117831767,1,0.01515842448021876,180.8000030517578,185.1300048828125,1
2024-10-09,185.1699981689453,185.8500061035156,182.0500030517578,182.82000732421875,26343100.0,187.30200119018554,179.27960052490235,51.3581992191689,0.7759856340310591,1.779557438835176,-1.003571804804117,194.67682617646784,179.92717620390323,14.749649972564612,0.013408477078997505,-0.007184581938538104,-0.03822781206573711,1,0.01630719152792143,182.72000122070312,184.75999450683597,1
2024-10-10,186.6499938964844,188.1300048828125,185.8300018310547,187.1300048828125,27785000.0,187.28450088500978,179.27300048828124,53.45623764485773,0.8391613386235974,1.5914782187928604,-0.752316880169263,194.6637691613365,179.90523260868306,14.758536552653425,0.007992632403596822,0.03235614350654581,-0.023592852475545767,1,0.01665889654609054,185.1699981689453,181.9600067138672,1
2024-10-11,188.82000732421875,189.92999267578125,186.3000030517578,186.6300048828125,25751600.0,187.4010009765625,179.36800048828124,56.424055513292316,1.052201365361583,1.483622848106605,-0.431421482745022,194.79996189199602,180.00204006112898,14.79792183086704,0.011626110360002606,0.0333844464906039,0.00452203063252421,1,0.016337217986503123,186.6499938964844,186.50999450683597,0
2024-10-14,187.5399932861328,189.8300018310547,187.3600006103516,189.77999877929688,22614400.0,187.53350067138672,179.76080047607422,54.22754786433971,1.1050127865156867,1.4079008357884213,-0.3028880492727346,194.8422102654345,180.22479107733895,14.617419188095539,-0.006779016992029097,0.01279902327927429,0.006493809065569733,1,0.016225395606065812,188.82000732421875,180.8000030517578,1
2024-10-15,187.69000244140625,188.41000366210935,184.5800018310547,187.6300048828125,32178900.0,187.5740005493164,180.29420043945314,54.45133329405022,1.1457630600740174,1.3554732806455405,-0.2097102205715231,194.8767508655564,180.2712502330764,14.605500632480016,0.0007998782160802964,0.00557197202748716,0.01382810722775174,1,0.01602842934716257,187.5399932861328,182.72000122070312,0
2024-10-16,186.88999938964844,187.77999877929688,185.6100006103516,187.0500030517578,23456800.0,187.59700088500978,180.79340057373048,52.9641376827221,1.1008148764244936,1.3045415998013312,-0.20372672337683762,194.88808220631728,180.30591956370228,14.582162642615003,-0.004262363692000948,-0.010221416479750167,0.011528496136286925,1,0.016099011669228197,187.69000244140625,185.1699981689453,1
2024-10-17,187.52999877929688,188.94000244140625,186.0,188.22000122070312,25039400.0,187.48000106811523,181.2886004638672,54.045473216633816,1.1041082465123395,1.264454929143533,-0.16034668263119345,194.69614327194108,180.26385886428938,14.432284407651707,0.0034244710350397334,-5.329266926379361e-05,0.030611078588211438,1,0.01503024498970754,186.88999938964844,186.6499938964844,1
2024-10-18,188.9900054931641,190.7400054931641,186.27999877929688,187.1499938964844,37417700.0,187.34950103759766,181.75240051269532,56.50220948899985,1.210573864108909,1.2536787161366083,-0.043104852027699314,194.35419386800532,180.34480820719,14.009385660815326,0.007785456851548744,0.006926330837273342,0.013296933458636806,1,0.013108036305003212,187.52999877929688,188.82000732421875,1
2024-10-21,189.07000732421875,189.4600067138672,186.3999938964844,188.0500030517578,24639400.0,187.10900115966797,182.19500061035157,56.63900104077499,1.286573296166324,1.2602576321425516,0.0263156640237725,193.50406903774515,180.71393328159078,12.79013575615437,0.00042331249658356107,0.011664658043179621,0.04574117330127181,1,0.006880286125742632,188.9900054931641,187.5399932861328,1
2024-10-22,189.6999969482422,191.5200042724609,186.97999572753903,188.3500061035156,29650600.0,186.89600067138673,182.65300048828124,57.76536558460089,1.3817107893395075,1.2845482635819427,0.09716252575756479,192.61183943290985,181.1801619098636,11.431677523046233,0.003332044214411578,0.011571472207490219,0.038200501756280536,1,0.006537980749985429,189.07000732421875,187.69000244140625,0
2024-10-23,184.7100067138672,189.16000366210935,183.69000244140625,188.8500061035156,31937100.0,186.50500106811523,182.9426007080078,47.28741693080895,1.042440820401481,1.2361267749458504,-0.19368595454436943,191.66897405111686,181.3410280851136,10.327945966003256,-0.026304640562205495,-0.0226466937663099,-0.002484157582906321,1,0.010744416706748677,189.6999969482422,186.88999938964844,1
2024-10-24,186.3800048828125,187.1100006103516,183.8600006103516,185.25,21647400.0,186.2660011291504,183.26820068359376,50.52202481474064,0.8979705753613416,1.1684955350289488,-0.27052495966760715,190.96785693990418,181.5641453183966,9.403711621507568,0.009041189476714617,-0.014227547137042218,-0.0014464989150850815,1,0.010837921482708585,184.7100067138672,187.52999877929688,1
2024-10-25,187.8300018310547,190.4499969482422,187.52999877929688,187.8500061035156,29362100.0,186.25900115966797,183.47300079345703,53.206904886053216,0.890217626253957,1.1128399532739506,-0.22262232701999363,190.95109540888518,181.56690691045077,9.384188498434412,0.007779788122410869,-0.009857644424199452,-0.0052431175445520894,1,0.010436694624101791,186.3800048828125,188.9900054931641,1
2024-10-28,188.38999938964844,190.2100067138672,188.2100067138672,189.57000732421875,27930800.0,186.36200103759765,183.6996008300781,54.23967997672633,0.9186706180803696,1.0740060862352345,-0.15533546815486488,191.1453612598987,181.5786408152966,9.566720444602083,0.002981406341556969,0.019923082356235744,0.004532399135893872,1,0.010236211150786342,187.8300018310547,189.07000732421875,1
2024-10-29,190.8300018310547,191.4600067138672,187.82000732421875,188.5800018310547,35690200.0,186.64700088500976,183.95180084228517,58.53409435338727,1.1251377367109114,1.08423241633037,0.0409053203805414,191.76995693373576,181.52404483628376,10.245912097451992,0.012951868195294036,0.02387593535604937,0.016729710420397614,1,0.010970722950871942,188.38999938964844,189.6999969482422,1
2024-10-30,192.72999572753903,195.6100006103516,192.4199981689453,194.6999969482422,37707600.0,187.0455009460449,184.22880065917968,61.559286494214156,1.4256441064491128,1.1525147543541188,0.273129352094994,192.72862298583894,181.36237890625088,11.366244079588057,0.009956473710912794,0.026087386725852646,0.031248308400465774,1,0.01103116360998759,190.8300018310547,184.7100067138672,0
2024-10-31,186.3999938964844,190.6000061035156,185.22999572753903,190.50999450683597,75146800.0,187.2675003051758,184.35460052490234,48.788547935222,1.1398795024111905,1.149987703965533,-0.010108201554342555,192.46477139782422,182.07022921252735,10.39454218529687,-0.032843885079535395,-0.01056322256813691,-0.006025728630982274,1,0.015840142949599758,192.72999572753903,186.3800048828125,1
2024-11-01,197.92999267578125,200.5,197.0200042724609,199.0,99687800.0,187.83850021362304,184.7906002807617,63.600879764054206,1.8227717579673879,1.284544514765904,0.5382272432014839,194.79051063740934,180.88648978983673,13.90402084757261,0.06185621865256041,0.03720584172614694,0.04730402096813813,1,0.025351663615426467,186.3999938964844,187.8300018310547,0
2024-11-04,195.77999877929688,197.3300018310547,194.30999755859372,196.4499969482422,38492100.0,188.5875,185.165400390625,60.109537862952116,2.1655194905729047,1.4607395099273042,0.7047799806456005,195.57261543545752,181.6023845645425,13.970230870915032,-0.01086239567545566,0.01582526394111272,0.03548945467364262,1,0.025820813168688256,197.92999267578125,188.38999938964844,1
2024-11-05,199.5,199.82000732421875,195.9900054931641,196.0399932861328,30564800.0,189.42649993896484,185.645400390625,63.811178363941366,2.7061279882478573,1.709817205591415,0.9963107826564424,197.35790441240624,181.49509546552343,15.862808946882808,0.0190009257528736,0.0702790050024924,0.05166053352352784,1,0.0262616705955691,195.77999877929688,190.8300018310547,1
2024-11-06,207.08999633789065,207.5500030517578,199.13999938964844,200.00999450683597,72292200.0,190.52249984741212,186.32480041503905,69.94023833462985,3.7043123824603015,2.1087162409651925,1.595596141495109,201.33353926401773,179.7114604308065,21.62207883321122,0.03804509442551707,0.04627900773539628,0.12116284343323169,1,0.025515157245856387,199.5,192.72999572753903,1
2024-11-07,210.0500030517578,212.25,207.19000244140625,207.44000244140625,52878400.0,191.6925003051758,187.10980041503908,71.93641249750384,4.680277188348811,2.6230284304419165,2.057248757906894,205.28177492871203,178.10322568163957,27.178549247072453,0.01429333510169939,0.07288795771496326,0.12699859184909856,1,0.025506326985261348,207.08999633789065,186.3999938964844,0
2024-11-08,208.17999267578125,209.9600067138672,207.44000244140625,209.72000122070312,36075800.0,192.66049957275393,187.83100036621093,68.82679859002167,5.2424108702251715,3.1469049183985676,2.095505951826604,207.94570589176664,177.37529325374123,30.570412638025402,-0.008902691496347037,0.043508735216948535,0.10834260047034738,1,0.02636701575685151,210.0500030517578,197.92999267578125,0
2024-11-11,206.83999633789065,209.6499938964844,205.58999633789065,208.5,35456000.0,193.62549972534183,188.39780029296875,66.60497960884209,5.516192128271172,3.6207623603730887,1.895429767898083,209.9006445730244,177.35035487765924,32.550289695365166,-0.006436720074140423,-0.0012072046183828622,0.09793511867942595,1,0.026835320206156324,208.17999267578125,195.77999877929688,1
2024-11-12,208.91000366210935,209.5399932861328,206.00999450683597,208.3699951171875,38942900.0,194.68649978637697,189.05100036621093,68.30700985316122,5.832959314959737,4.063201751290419,1.7697575636693186,212.0085851634924,177.36441440926154,34.644170754230856,0.01000777103494599,-0.005427276234638123,0.09474402168198481,1,0.026811890570499555,206.83999633789065,199.5,1
2024-11-13,214.1000061035156,215.08999633789065,209.13999938964844,209.3999938964844,46212900.0,196.0470001220703,189.86640045166016,72.14084832605926,6.428683552677398,4.536298111567815,1.8923854411095835,214.91153189405634,177.18246835008426,37.729063543972075,0.024843245179395845,0.028436995081242866,0.11088056270279378,1,0.027255132139138858,208.91000366210935,207.08999633789065,0
2024-11-14,211.47999572753903,215.8999938964844,210.8800048828125,214.16000366210935,42620300.0,197.24449996948243,190.53820037841797,67.68930328352107,6.613154038815026,4.951669297017258,1.6614847417977678,216.82158207420855,177.66741786475632,39.15416420945223,-0.012237320417028852,0.022432795744535605,0.13454937045213944,1,0.02418659273831847,214.1000061035156,210.0500030517578,0
2024-11-15,202.6100006103516,207.33999633789065,199.6100006103516,206.75999450683597,86591100.0,197.9254997253418,191.16260040283203,55.25769435168132,5.974740660613691,5.156283569736544,0.8184570908771462,217.25261758287004,178.59838186781357,38.65423571505647,-0.04194247823144048,-0.03015654081337038,0.02364476384453984,1,0.02312070093079171,211.47999572753903,208.17999267578125,0
2024-11-18,201.6999969482422,204.6699981689453,200.9499969482422,204.1499938964844,36409900.0,198.55699920654297,191.68860046386717,54.158738419270996,5.333878141562764,5.191802484101789,0.14207565746097472,217.50713733331202,179.60686107977392,37.900276253538095,-0.004491405455644193,-0.057916902390362845,0.03023801310581753,1,0.022794585021335724,202.6100006103516,206.83999633789065,1
2024-11-19,204.6100006103516,205.3000030517578,198.77999877929688,199.3300018310547,31197900.0,199.30249938964846,192.18980041503906,57.09712538518899,5.003129985533718,5.154067984388176,-0.1509379988544577,217.97127332715647,180.63372545214045,37.337547875016014,0.014427385751801136,-0.03248531897096507,0.025614038147125706,1,0.022486528288185727,201.6999969482422,208.91000366210935,0
2024-11-20,202.8800048828125,203.1300048828125,199.4499969482422,202.97999572753903,32769000.0,200.21099929809571,192.5570004272461,54.846329191044376,4.54897573134221,5.033049533778984,-0.48407380243677345,217.68077813491456,182.74122046127687,34.939557673637694,-0.008455088814713463,0.0013326305298235752,-0.02032928451169158,1,0.01890140212849418,204.6100006103516,214.1000061035156,0
2024-11-21,198.3800048828125,203.4900054931641,195.75,203.4900054931641,58800000.0,200.8109992980957,192.78460052490234,49.392120324441,3.7823423329717514,4.782908093617538,-1.0005657606457863,217.12554493731,184.49645365888142,32.629091278428575,-0.022180598835253806,-0.01646005015201668,-0.055558190904047455,1,0.01895076752645925,202.8800048828125,211.47999572753903,0
2024-11-22,197.1199951171875,199.25999450683597,196.75,198.25,31530800.0,201.27549896240234,192.9972003173828,47.95412893228206,3.038086414677565,4.433943757829543,-1.3958573431519783,216.58317033940395,185.96782758540073,30.615342754003223,-0.006351495788949668,-0.03660625321744493,-0.053127091688482064,1,0.018917563567448042,198.3800048828125,202.6100006103516,1
2024-11-25,201.4499969482422,201.9499969482422,199.0,199.27999877929688,40685700.0,201.92849884033203,193.32840026855467,53.01638276915401,2.7657711100619338,4.100309228276021,-1.3345381182140876,216.05004399960887,187.80695368105518,28.243090318553698,0.021966324768223133,-0.007048540517318624,-0.026058786912969367,1,0.02076673011397699,197.1199951171875,201.6999969482422,1
2024-11-26,207.8600006103516,208.0,201.7899932861328,201.8999938964844,41673700.0,202.77999877929688,193.74800018310546,59.32381674246928,3.032239227809839,3.886695228182785,-0.854456000372946,216.15606115122944,189.4039364073643,26.752124743865124,0.03181932866326287,0.047787052597055624,-0.005026102308896774,1,0.023220090681815464,201.4499969482422,204.6100006103516,0
2024-11-27,205.7400054931641,207.63999938964844,205.0500030517578,206.97999572753903,28061600.0,203.43049926757814,194.13420043945314,56.6166696780019,3.0373386927334423,3.716823921092917,-0.6794852283594746,216.03122371968703,190.82977481546925,25.201448904217784,-0.010199148999145757,0.04372976151329544,-0.03904717595528473,1,0.021598239605899416,207.8600006103516,202.8800048828125,1
2024-11-29,207.88999938964844,208.1999969482422,204.58999633789065,205.8300018310547,24892400.0,204.50499954223633,194.49460052490235,58.67620846936757,3.178229938273688,3.6091051245290715,-0.43087518625538346,214.51149038497405,194.49850869949861,20.012981685475438,0.010450052683389277,0.03196824293355971,-0.016975583555977503,1,0.02179996543904795,205.7400054931641,198.3800048828125,1
2024-12-02,210.7100067138672,212.9900054931641,209.50999450683597,209.9600067138672,39523200.0,205.1440002441406,194.87680053710938,61.27312076467066,3.4773535218879204,3.5827548040008415,-0.1054012821129211,215.02078368506258,195.26721680321864,19.753566881843938,0.01356490130596999,0.013711181060073852,0.039978313405630406,1,0.01686521977268482,207.88999938964844,197.1199951171875,1
2024-12-03,213.44000244140625,214.0200042724609,209.6499938964844,210.30999755859372,32214800.0,206.0270004272461,195.26800048828125,63.65437454207888,3.8898590825074564,3.6441756597021646,0.24568342280529176,215.54855070281064,196.50545015168154,19.0431005511291,0.012956175029913197,0.0374258614885572,0.058205283444682676,1,0.016785138649179274,210.7100067138672,201.4499969482422,1
2024-12-04,218.16000366210935,220.0,215.75,215.9600067138672,48745700.0,206.96000061035156,195.7520004272461,67.38803619492668,4.545242635271052,3.824389054815942,0.7208535804551097,217.3570948615062,196.56290635919692,20.794188502309282,0.022113948494724367,0.04940114629185133,0.06622356195365864,1,0.017389256096330772,213.44000244140625,207.8600006103516,1
2024-12-05,220.5500030517578,222.1499938964844,217.3000030517578,218.02999877929688,41140200.0,207.63300094604492,196.31240051269532,69.11796822720018,5.197577362846715,4.099026716422097,1.0985506464246182,219.6005447439038,195.66545714818602,23.93508759571779,0.010955259211262947,0.046699236032263114,0.0870958090677878,1,0.016590953551543008,218.16000366210935,205.7400054931641,1
2024-12-06,227.02999877929688,227.1499938964844,220.6000061035156,220.75,44178100.0,208.48200073242188,197.02980041503906,73.25968354444186,6.16635690986385,4.512492755110448,1.6538641547534025,223.1250614492745,193.83894001556925,29.28612143370526,0.029381072944344444,0.0636712714694676,0.14441976606164797,1,0.013764770097608776,220.5500030517578,207.88999938964844,0
2024-12-09,226.08999633789065,230.0800018310547,225.6699981689453,227.2100067138672,46819400.0,209.37750091552735,197.79220031738282,71.75628789973847,6.780114401119931,4.966017084312345,1.8140973168075867,225.9063122739056,192.8486895571491,33.0576227167565,-0.004140432746599365,0.0363494340972943,0.14696632476822313,1,0.013420968982852497,227.02999877929688,210.7100067138672,0
2024-12-10,225.0399932861328,229.05999755859372,224.1999969482422,226.08999633789065,31199900.0,210.28750076293946,198.56640014648437,70.02757217527872,7.099951344258727,5.392803936301622,1.7071474079571054,228.11063610965232,192.4643654162266,35.64627069342572,-0.004644181824783655,0.020358150860334767,0.11710100121744604,1,0.014253286468839714,226.08999633789065,213.44000244140625,1
2024-12-11,230.25999450683597,231.1999969482422,226.25999450683597,226.41000366210935,35385800.0,211.3550003051758,199.46899993896486,73.45180540609019,7.686035071226883,5.851450163286675,1.834584907940208,231.16677796680898,191.5432226435426,39.62355532326637,0.02319588240507131,0.014227175901450284,0.10776481204036337,1,0.013081610823729644,225.0399932861328,218.16000366210935,0
2024-12-12,228.97000122070312,231.08999633789065,227.6300048828125,229.8300018310547,28204100.0,212.09850006103517,200.3532000732422,71.28441312762895,7.954721887807011,6.272104508190742,1.6826173796162696,233.33163470127045,190.8653654207999,42.466269280470556,-0.0056023335225717785,0.012738311864574081,0.11290947364299009,1,0.012338424460406906,230.25999450683597,220.5500030517578,0
2024-12-13,227.4600067138672,230.1999969482422,225.8600006103516,228.3999938964844,28768100.0,212.89750061035156,201.2632000732422,68.72794146143757,7.9541239983964545,6.608508406231885,1.3456155921645694,235.1553321971441,190.639669023559,44.5156631735851,-0.006594726378065796,0.010753703785697288,0.09413635760101502,1,0.013516727452622895,228.97000122070312,227.02999877929688,1
2024-12-16,232.92999267578125,233.0,228.00999450683597,230.22999572753903,37552100.0,214.41350021362305,202.19160003662108,72.56615097279345,8.299362435297041,6.946679212044916,1.352683223252125,237.76540943273932,191.0615909945068,46.70381843823253,0.024048121869595374,0.01159557992114002,0.105452922281416,1,0.01428460491453244,227.4600067138672,226.08999633789065,0
2024-12-17,231.1499938964844,232.72999572753903,227.8500061035156,232.38999938964844,35948100.0,215.88600006103516,203.19859985351562,69.5736442469919,8.333274556625156,7.223998280960965,1.1092762756641914,239.55737627955818,192.21462384251214,47.342752437046045,-0.007641775792155969,0.009520865895790376,0.0829740969476418,1,0.015287576200688708,232.92999267578125,225.0399932861328,0
2024-12-18,220.5200042724609,231.3999938964844,220.1100006103516,230.7700042724609,43281400.0,216.68150024414064,203.95459991455078,54.98956140828867,7.416901410374635,7.262578906843699,0.15432250353093568,239.8475947833053,193.51540570497596,46.33218907832935,-0.04598741035997567,-0.030510868884904396,0.01081775105764482,1,0.02203439826324065,231.1499938964844,230.25999450683597,1
2024-12-19,223.2899932861328,226.08999633789065,222.9199981689453,224.91000366210935,39918700.0,217.70199966430664,204.71699981689454,57.490213008362716,6.835389933230545,7.177141112121069,-0.3417511788905241,240.13279191840994,195.27120741020335,44.86158450820659,0.012561168873593376,-0.041385822748324586,0.01242344228728931,1,0.022118303543058968,220.5200042724609,228.97000122070312,1
2024-12-20,224.9199981689453,226.2100067138672,218.72999572753903,219.83999633789065,88279200.0,219.02899932861328,205.48239990234376,58.93597563762095,6.431922471040195,7.028097383904894,-0.5961749128646989,239.80996977577576,198.2480288814508,41.56194089432495,0.00729994595290151,-0.02695217777219172,-0.009293928651264993,1,0.020023948158628152,223.2899932861328,227.4600067138672,1
2024-12-23,225.05999755859372,226.8800048828125,223.8999938964844,225.00999450683597,28070000.0,220.4259994506836,206.20719970703124,59.06474941625198,6.053685265694497,6.833214960262815,-0.7795296945683177,238.73763482779663,202.11436407357058,36.62327075422604,0.0006224408269079884,0.020587670951264236,-0.00455570257853255,1,0.019990975828305085,224.9199981689453,232.92999267578125,1
2024-12-24,229.0500030517578,229.13999938964844,226.1300048828125,226.94000244140625,15007500.0,221.80599975585938,207.03739990234374,62.658815478306224,6.006648745112585,6.66790171723277,-0.6612529721201845,238.2545662661342,205.35743324558456,32.89713302054963,0.017728630305015924,0.025796094490647015,0.017819098317010562,1,0.020687373498472657,225.05999755859372,231.1499938964844,0
2024-12-26,227.0500030517578,228.5,226.6699981689453,228.5,16146700.0,222.7654998779297,207.8245999145508,59.82349864730074,5.741800773202414,6.482681528426699,-0.7408807552242855,238.04537271725997,207.48562703859943,30.559745678660533,-0.00873171784917226,0.009470055575994563,-0.013940725838864076,1,0.019474516033913567,229.0500030517578,220.5200042724609,0
2024-12-27,223.75,226.02999877929688,220.8999938964844,225.6000061035156,27367100.0,223.66599960327147,208.5617999267578,55.37131298841575,5.205617067170152,6.22726863617539,-1.021651569005238,236.79806993714027,210.53392926940268,26.264140667737593,-0.014534256804240364,-0.0058206592588835315,-0.022797751639401787,1,0.019897579929003067,227.0500030517578,223.2899932861328,0
2024-12-30,221.3000030517578,223.0,218.42999267578125,220.05999755859372,28321200.0,224.33649978637695,209.23720001220704,52.26160177415517,4.530765494582312,5.887968007856775,-1.357202513274463,235.38168609806078,213.2913134746931,22.09037262336767,-0.010949707031249978,-0.03383540666554263,-0.027081699992466568,1,0.020053377061747278,223.75,224.9199981689453,0
2024-12-31,219.38999938964844,223.22999572753903,218.94000244140625,222.97000122070312,24819700.0,224.770499420166,209.8451998901367,49.90838417686246,3.798038010311501,5.469982008347721,-1.6719439980362196,234.2044820614066,215.33651677892541,18.86796528248118,-0.008630834323407832,-0.033737077996705445,-0.058129024650678374,1,0.017768304361522987,221.3000030517578,225.05999755859372,1
2025-01-02,220.22000122070312,225.1499938964844,218.19000244140625,222.02999877929688,33956600.0,225.10949935913087,210.4681997680664,50.942138917117056,3.246892258328046,5.025364058343786,-1.7784718000157405,233.2952014705128,216.92379724774892,16.371404222763886,0.003783225458606987,-0.015776530857192772,-0.04728528213016536,1,0.01800434793260405,219.38999938964844,229.0500030517578,1
2025-01-03,224.19000244140625,225.3600006103516,221.6199951171875,222.50999450683597,27515600.0,225.4109992980957,211.15799987792968,55.65606702942602,3.0947765413791046,4.63924655495085,-1.544470013571745,232.9709005561319,217.8510980400595,15.119802516072411,0.018027432561515733,0.013059192723881452,0.016642472781793094,1,0.012098839877692358,220.22000122070312,227.0500030517578,1
2025-01-06,227.6100006103516,228.83999633789065,224.83999633789065,226.77999877929688,31849800.0,225.76399917602538,212.01599975585938,59.28553520688325,3.2131498188833802,4.3540272077373565,-1.1408773888539763,233.03688964879223,218.49110870325853,14.545780945533693,0.015254909370185699,0.03746752925644525,0.01934707086798526,1,0.012393489760812766,224.19000244140625,223.75,0
2025-01-07,222.1100006103516,228.3800048828125,221.4600067138672,227.8999938964844,28084200.0,225.51799926757812,212.73059967041016,51.9250386834996,2.8305288845191114,4.049327543093708,-1.2187986585745962,232.93437723215965,218.1016213029966,14.832755929163056,-0.02416414035082548,0.008582323945018677,-0.012493320209272962,1,0.01467819093140999,227.6100006103516,221.3000030517578,1
2025-01-08,222.1300048828125,223.5200042724609,220.1999969482422,223.19000244140625,25033300.0,225.31999969482422,213.4165997314453,51.94840611186101,2.5000936911876295,3.7394807727124926,-1.239387081524863,232.8748730789941,217.76512631065432,15.10974676833979,9.006470850447812e-05,-0.009188623650299266,-0.01301871815322675,1,0.014671974275102376,222.1100006103516,219.38999938964844,0
2025-01-10,218.94000244140625,221.7100067138672,216.5,221.4600067138672,36811500.0,225.0150001525879,214.02759979248046,47.946202925817424,1.9582414937794113,3.3832329169258766,-1.4249914231464653,233.0666586923375,216.9633416128383,16.10331707949922,-0.014360970473526025,-0.03809146410832631,-0.04413883639227467,1,0.01353404811995799,222.1300048828125,220.22000122070312,0
2025-01-13,218.4600067138672,219.3999938964844,216.47000122070312,218.05999755859372,27262700.0,224.42500076293945,214.58019989013673,47.35501719298168,1.4731070190402136,3.0012077373487442,-1.5281007183085307,232.58149527729395,216.26850624858494,16.312989028709012,-0.0021923619356289947,-0.016433271291046436,-0.037833059777288236,1,0.013460436630815396,218.94000244140625,224.19000244140625,0
2025-01-14,217.75999450683597,221.82000732421875,216.1999969482422,220.44000244140625,24711700.0,223.8645004272461,215.08079986572267,46.45539774921256,1.0203869323555637,2.6050435763501083,-1.5846566439945446,232.23258360704358,215.49641724744862,16.73616635959496,-0.003204303696411004,-0.019673210642038197,-0.02677097427112418,1,0.012919456715584834,218.4600067138672,227.6100006103516,1
2025-01-15,223.3500061035156,223.57000732421875,220.75,222.8300018310547,31291300.0,223.65900039672852,215.81980010986328,53.97475505308403,1.0999902176527883,2.3040329046106445,-1.2040426869578562,231.86407826620922,215.4539225272478,16.410155738961407,0.02567051679689558,0.020142521297767724,0.009263456952046889,1,0.015275800874594488,217.75999450683597,222.1100006103516,0
2025-01-16,220.66000366210935,224.6499938964844,220.30999755859372,224.4199981689453,24757300.0,223.0455009460449,216.27440032958984,50.313152486481506,0.935234873569442,2.030273298402404,-1.0950384248329619,230.1466496739258,215.94435221816403,14.202297455761766,-0.012043887924316987,0.010070479175273706,0.005788797465673401,1,0.015551215387377988,223.3500061035156,222.1300048828125,1
2025-01-17,225.94000244140625,226.50999450683597,223.0800018310547,225.83999633789065,42370100.0,222.785001373291,216.87760040283203,56.544614626780366,1.2166915878233624,1.8675569562865957,-0.6508653684632333,229.00544667330362,216.5645560732784,12.440890600025227,0.023928209424767477,0.03756432834734258,0.02597403137315668,1,0.01721299962113853,220.66000366210935,218.94000244140625,1
2025-01-21,230.7100067138672,231.77999877929688,226.94000244140625,228.8999938964844,39951500.0,223.29450149536132,217.50180053710938,61.27027552555584,1.8038538376735858,1.8548163325639937,-0.05096249489040794,230.30810811315575,216.28089487756688,14.027213235588874,0.021111818274402117,0.03295276655125967,0.029082493427265987,1,0.017542634889998115,225.94000244140625,218.4600067138672,1
2025-01-22,235.00999450683597,235.44000244140625,231.19000244140625,232.0200042724609,41448200.0,223.8805015563965,218.0602005004883,64.96863519456669,2.5863434717512064,2.0011217604014364,0.58522171134977,232.55619430906074,215.20480880373225,17.351385505328494,0.018638063663626525,0.06503213362898497,0.032511725656345414,1,0.01783522485299616,230.7100067138672,217.75999450683597,1
2025-01-23,235.4199981689453,235.5200042724609,231.50999450683597,234.1000061035156,26404400.0,224.40550155639647,218.56760040283203,65.30879990552498,3.20263799603444,2.2414250075280373,0.9612129885064027,234.4345110045592,214.37649210823375,20.05801889632545,0.0017446222360446573,0.04195802259494763,0.05992525110088809,1,0.015060692008566516,235.00999450683597,223.3500061035156,0
2025-01-24,234.8500061035156,236.3999938964844,232.92999267578125,234.5,25890700.0,224.89500198364257,219.1010006713867,64.3729602618069,3.603523079686056,2.513844621959641,1.0896784577264151,235.91110156025414,213.878902407031,22.032199153223132,-0.002421170970448583,0.017944602614410776,0.05726376869893679,1,0.01518942484897987,235.4199981689453,220.66000366210935,1
2025-01-27,235.4199981689453,235.6100006103516,225.8600006103516,226.2100067138672,49428300.0,225.21350173950196,219.67260070800782,64.91439165061196,3.9220104971147407,2.795477796990661,1.1265327001240797,237.03090347037377,213.39610000863016,23.634803461743616,0.0024270472668350695,0.0017446222360446573,0.07527174359993682,1,0.013568706911655968,234.8500061035156,225.94000244140625,1
2025-01-28,238.1499938964844,241.7700042724609,233.97999572753903,234.2899932861328,41587200.0,225.76850128173828,220.2574005126953,67.4647199040746,4.34461983664616,3.105306204921761,1.2393136317243991,238.85341259793884,212.68358996553772,26.16982263240112,0.011596277923594078,0.011596277923594078,0.09013085497340767,1,0.01318463990512101,235.4199981689453,230.7100067138672,0
2025-01-29,237.07000732421875,240.38999938964844,236.1499938964844,239.0200042724609,26091700.0,226.43450164794922,220.71680053710938,65.43825153335644,4.540059907874394,3.3922569455122877,1.147802962362106,240.36901335386958,212.49998994202886,27.869023411840715,-0.004534900692607535,0.009452847191856684,0.08867566726897858,1,0.013324599942256864,238.1499938964844,235.00999450683597,0
2025-01-30,234.63999938964844,237.9499969482422,232.22000122070312,237.13999938964844,32020700.0,227.10150146484375,221.18000061035156,60.99852270994718,4.4475971095505145,3.6033249783199333,0.8442721312305812,241.26428667575587,212.93871625393163,28.32557042182424,-0.010250170242948609,-0.0033132222638839748,0.05054843509115603,1,0.013053901558116116,237.07000732421875,235.4199981689453,1
2025-01-31,237.67999267578125,240.2899932861328,236.41000366210935,236.5,36110200.0,228.0160011291504,221.88140045166017,64.2649208676364,4.566976465774019,3.7960552758107506,0.7709211899632682,242.42872775512905,213.60327450317175,28.8254532519573,0.012955989149507907,-0.0019735512607548245,0.07713218857611426,1,0.011751897413809761,234.63999938964844,234.8500061035156,0
2025-02-03,237.4199981689453,239.25,232.8999938964844,234.05999755859372,37285900.0,228.8760009765625,222.59580047607423,63.772993371434126,4.587721682033134,3.9543885570552275,0.6333331249779066,243.3777180816295,214.3742838714955,29.003434210134003,-0.0010938846972727845,0.0014763185300277204,0.050809930085382815,1,0.010463172986937034,237.67999267578125,235.4199981689453,1
2025-02-04,242.05999755859372,242.5200042724609,238.02999877929688,239.00999450683597,29713800.0,229.76950073242188,223.34480041503906,68.41910825584536,4.921835729478374,4.147877991539858,0.7739577379385167,245.17983065949406,214.3591708053497,30.820659854144367,0.019543422733693472,0.0316229039730922,0.04919591918179389,1,0.010203653236633286,237.4199981689453,238.1499938964844,0
2025-02-05,236.1699981689453,238.32000732421875,235.1999969482422,237.0200042724609,38727300.0,230.19750061035157,224.0106002807617,58.213013713087456,4.657659197339797,4.249834232699846,0.40782496463995077,245.81819580009045,214.5768054206127,31.241390379477764,-0.024332807771026532,-0.006353056855297523,0.004935975870062892,1,0.012537994613440656,242.05999755859372,237.07000732421875,1
2025-02-06,238.8300018310547,239.66000366210935,236.00999450683597,238.00999450683597,60897100.0,231.03350067138672,224.81960021972657,61.03956968995145,4.609798568882837,4.321827099936445,0.2879714689463926,246.6230169569428,215.44398438583065,31.179032571112145,0.011263088803542765,0.005938858027898952,0.01448476632670026,1,0.012990761269864277,236.1699981689453,234.63999938964844,0
2025-02-07,229.1499938964844,234.80999755859372,228.05999755859372,232.5,77539300.0,231.3845001220703,225.4602001953125,48.24915992100613,3.74757324332964,4.2069763286150845,-0.4594030852854445,246.46413167137837,216.30486857276225,30.159263098616123,-0.04053095448794497,-0.05333389982780734,-0.024270862503272705,1,0.01863686380138933,238.8300018310547,237.67999267578125,1
2025-02-10,233.13999938964844,233.9199981689453,229.1999969482422,230.5500030517578,35419900.0,232.09449996948243,226.09400024414063,52.653152015507565,3.3476242299625767,4.035105908884583,-0.6874816789220066,246.05953271417985,218.129467224785,27.93006548939485,0.017412199866636113,-0.012829736218778143,-0.009684813512149781,1,0.019634537040325962,229.1499938964844,237.4199981689453,0
2025-02-11,232.75999450683597,233.44000244140625,230.1300048828125,231.9199981689453,23713700.0,232.80949935913085,226.59200012207032,52.19755626514122,2.9658105196647284,3.8212468310406127,-0.8554363113758843,245.29492840182093,220.32407031644078,24.970858085380144,-0.0016299428832774465,-0.025415598030738895,-0.02263279247444061,1,0.01914633114372517,233.13999938964844,242.05999755859372,0
2025-02-12,228.92999267578125,231.17999267578125,228.16000366210935,230.4600067138672,32285200.0,233.3679992675781,227.05579986572266,47.71614192751326,2.3273431017726978,3.52246608518703,-1.1951229834143322,243.9675674168231,222.76843111833313,21.199136298489975,-0.01645472556041938,-0.0009600751759240023,-0.034335910899539246,1,0.019677079780507475,232.75999450683597,236.1699981689453,1
2025-02-13,230.3699951171875,230.4199981689453,227.5200042724609,228.8500061035156,31346500.0,233.71899871826173,227.50539978027345,49.47261181223002,1.9154689024336164,3.2010666486363477,-1.2855977462027313,243.39286096986942,224.04513646665404,19.347724503215375,0.006290143220533118,-0.011881291411652617,-0.018198108948040304,1,0.01972416634569496,228.92999267578125,238.8300018310547,0
2025-02-14,228.67999267578125,229.88999938964844,227.22999572753903,229.1999969482422,27031100.0,234.1199981689453,227.86479949951172,47.457555299976235,1.4361317264012143,2.8480796641893216,-1.4119479377881072,242.11444965914748,226.12554667874312,15.988902980404362,-0.007336035409240549,-0.017528793294995904,-0.03786603953777834,1,0.01908719665301129,230.3699951171875,229.1499938964844,0
2025-02-18,226.6499938964844,229.3000030517578,223.72000122070312,228.82000732421875,42975100.0,234.1554977416992,228.12899932861328,45.08224134888547,0.8822792587806134,2.4549195831075803,-1.5726403243269669,242.0094101741203,226.30158530927812,15.707824864842166,-0.008877028355405603,-0.009959371214962931,-0.0453626668162852,1,0.01912835267265772,228.67999267578125,233.13999938964844,0
2025-02-19,226.6300048828125,226.8300018310547,223.7100067138672,225.5200042724609,28566700.0,233.95149765014648,228.29839935302735,45.058326315879725,0.4367002331008507,2.0512757131062345,-1.6145754800053838,242.34612707710636,225.5568682231866,16.789258853919762,-8.81933122002243e-05,-0.016234710742049963,-0.06374449653560044,1,0.017311674155561306,226.6499938964844,232.75999450683597,0
2025-02-20,222.8800048828125,225.1300048828125,221.80999755859372,224.77999877929688,30001700.0,233.34499816894532,228.34499938964845,40.696692641481135,-0.2165220831222996,1.5977161538605278,-1.8142382369828274,243.00367012907998,223.68632620881067,19.31734392026931,-0.016546793977871843,-0.025362900029439306,-0.05627299567757016,1,0.01657641844129194,226.6300048828125,228.92999267578125,0
2025-02-21,216.5800018310547,223.30999755859372,214.7400054931641,223.27999877929688,55323900.0,232.4029983520508,228.13599945068358,34.631559302407936,-1.228402806991511,1.03249236169012,-2.260895168681631,244.44842839233033,220.35756831177125,24.090860080559082,-0.028266344731418536,-0.04442970366912469,-0.09316249980912938,1,0.01680674995825661,222.8800048828125,230.3699951171875,0
2025-02-24,212.7100067138672,217.72000122070312,212.4199981689453,217.4499969482422,42387600.0,231.29599838256837,227.86839965820312,31.52362564999585,-2.3159055167274403,0.362812786006608,-2.6787183027340484,246.01183351587622,216.58016324926052,29.431670266615697,-0.017868663239768212,-0.061421691166371195,-0.07174334549641648,1,0.013344228622850604,216.5800018310547,228.67999267578125,1
2025-02-25,212.8000030517578,213.33999633789065,204.16000366210935,211.6300048828125,58958000.0,230.16499862670898,227.62359985351563,31.677180866430277,-3.1343662735637565,-0.33662302590746496,-2.7977432476562916,246.7920264936353,213.53797075978267,33.254055733852624,0.000423094048469963,-0.045226137877889205,-0.08724370074264376,1,0.010653454394626682,212.7100067138672,226.6499938964844,1
2025-02-26,214.3500061035156,218.16000366210935,213.08999633789065,214.94000244140625,39120600.0,228.97499923706056,227.3054000854492,34.405430479370594,-3.616244215405686,-0.9925472638071092,-2.623696951598577,246.52676351613383,211.4232349579873,35.103528558146536,0.007283848822975836,-0.010296406448821682,-0.07909429815173707,1,0.011666653369206973,212.8000030517578,226.6300048828125,0
2025-02-27,208.7400054931641,219.97000122070312,208.3699951171875,218.3500061035156,40548600.0,227.55849914550782,226.90080017089844,29.771642502700203,-4.400094569350813,-1.67405672491585,-2.7260378444349627,246.76328246757492,208.35371582344072,38.4095666441342,-0.02617215045770649,-0.01866391375767973,-0.08819284422557483,1,0.012786707789921012,214.3500061035156,222.8800048828125,1
2025-02-28,212.27999877929688,212.6199951171875,206.9900054931641,208.6499938964844,51771700.0,226.44049911499025,226.59720001220703,35.660251701618336,-4.6816861848658675,-2.2755826169058535,-2.406103567960014,246.45252029529843,206.42847793468206,40.02404236061636,0.016958863624484843,-0.0024436290648663928,-0.07852583548776992,0,0.014539838625650328,208.7400054931641,216.5800018310547,0
2025-03-03,205.0200042724609,214.00999450683597,202.5500030517578,213.3500061035156,42948400.0,224.80749969482423,226.03900024414062,30.088201854487238,-5.4280987082806575,-2.9060858351808143,-2.5220128730998432,246.16906611808076,203.4459332715677,42.72313284651307,-0.03420008737791658,-0.04352694922037448,-0.10346330750878185,0,0.016712831719289993,212.27999877929688,212.7100067138672,0
2025-03-04,203.8000030517578,206.8000030517578,197.42999267578125,200.1100006103516,60853100.0,223.12649993896486,225.4920004272461,29.26078341579681,-6.048358204820914,-3.5345403091088343,-2.51381789571208,245.51983463543533,200.73316524249438,44.78666939294095,-0.005950644792113935,-0.023665815423043357,-0.10081619880899995,0,0.016774492351478876,205.0200042724609,212.8000030517578,1
2025-03-05,208.3600006103516,209.97999572753903,203.25999450683597,204.8000030517578,38610100.0,221.44150009155274,225.24880035400392,36.31070710753252,-6.101628851797159,-4.0479580176465,-2.053670834150659,242.9361267444378,199.9468734386677,42.98925330577009,0.022374865016246748,-0.018466168228222113,-0.0806159991123333,0,0.019583923479025392,203.8000030517578,214.3500061035156,0
2025-03-06,200.6999969482422,205.7700042724609,198.3000030517578,204.3999938964844,49863800.0,219.6680000305176,224.7970004272461,30.76420786535735,-6.684885304932038,-4.575343475103608,-2.10954182982843,241.85119241769635,197.48480764333883,44.36638477435753,-0.03676331176651404,-0.021071150298473618,-0.0995154677344533,0,0.021492218451768776,208.3600006103516,208.7400054931641,0
2025-03-07,199.25,202.2700042724609,192.52999877929688,199.4900054931641,59802800.0,217.68899993896486,224.28360046386717,29.835165544692885,-7.181340854627621,-5.096542951008411,-2.0847979036192097,239.74281460866777,195.63518526926194,44.10762933940583,-0.007224698407026442,-0.022325824257236504,-0.08001662981133928,0,0.020537725013822616,200.6999969482422,212.27999877929688,0
2025-03-10,194.5399932861328,196.72999572753903,190.8500061035156,195.6000061035156,62350900.0,215.95849990844727,223.67320037841796,26.984517863907584,-7.864190144473923,-5.6500723897015135,-2.21411775477241,239.52323299343735,192.39376682345718,47.12946616998016,-0.02363867861413893,-0.06632754503616656,-0.08542152627627098,0,0.020919734195668088,199.25,205.0200042724609,1
2025-03-11,196.58999633789065,200.17999267578125,193.3999938964844,193.8999938964844,54002900.0,214.13099975585936,223.02400024414064,30.114348077226012,-8.146032619347466,-6.1492644356307045,-1.9967681837167612,237.7514277656143,190.51057174610443,47.24085601950986,0.010537694677220655,-0.02047832921199022,-0.07617484248778195,0,0.02164142313565012,194.5399932861328,203.8000030517578,1
2025-03-12,198.88999938964844,201.5200042724609,195.2899932861328,200.72000122070312,43679300.0,212.4375,222.46080017089844,33.555647660779115,-8.090541065682544,-6.5375197616410725,-1.5530213040414713,235.31767882399114,189.55732117600886,45.76035764798229,0.011699491808345286,-0.001806778471024173,-0.07212505842617556,0,0.02202234689382575,196.58999633789065,208.3600006103516,0
2025-03-13,193.88999938964844,198.8800048828125,191.82000732421875,198.1699981689453,41270800.0,210.68550033569335,221.8636001586914,30.08714726558756,-8.353725277874645,-6.900760864887787,-1.4529644129868577,233.61203658888573,187.75896408250097,45.85307250638476,-0.025139524437347016,-0.003341183915475665,-0.07114115987700287,0,0.021925909277670866,198.88999938964844,200.6999969482422,1
2025-03-14,197.9499969482422,198.6499938964844,195.32000732421875,197.41000366210935,38096700.0,209.0645004272461,221.3966000366211,35.8826625268817,-8.140850137135885,-7.148778719337407,-0.9920714177984786,230.74532707435569,187.3836737801365,43.361653294219195,0.02093969555611075,0.006917954299231033,-0.0675051908491543,0,0.022442013878322925,193.88999938964844,199.25,0
2025-03-17,195.7400054931641,199.0,194.32000732421875,198.7700042724609,47341800.0,207.41750106811523,220.9236001586914,34.219779346532505,-8.057590013177162,-7.3305409781053585,-0.7270490350718033,227.85674621966888,186.97825591656158,40.8784903031073,-0.011164392468548168,-0.015837869707632457,-0.0452638697976232,0,0.02039904701492233,197.9499969482422,194.5399932861328,0
2025-03-18,192.82000732421875,194.0,189.3800048828125,192.5200042724609,40414900.0,205.72600173950195,220.37560028076172,32.10289127436626,-8.133467661579175,-7.491126314800122,-0.6423413467790526,225.0898255120029,186.362177967001,38.7276475450019,-0.014917738259935365,-0.005518552110980179,-0.05387632759137173,0,0.020668485341357776,195.7400054931641,196.58999633789065,1
2025-03-19,195.5399932861328,195.97000122070312,191.9600067138672,193.3800048828125,39442900.0,204.17150115966797,219.80260009765624,36.070172529295576,-7.883247934316046,-7.569550638703308,-0.3136972956127382,221.45291507870147,186.89008724063447,34.562827838066994,0.014106347155876442,-0.012174810301914363,-0.061528159371592284,0,0.01957338729248291,192.82000732421875,198.88999938964844,0
2025-03-20,194.9499969482422,199.32000732421875,192.3000030517578,193.07000732421875,38921100.0,202.77500076293944,219.14940002441406,35.584470901752525,-7.644434489091907,-7.584527408781028,-0.05990708031087877,218.19745255508957,187.35254897078931,30.844903584300255,-0.003017266841301769,-0.004036009618634151,-0.028649726394778363,0,0.016354600062809786,195.5399932861328,193.88999938964844,1
2025-03-21,196.2100067138672,196.9900054931641,192.5200042724609,192.8999938964844,60056900.0,201.7565010070801,218.63140014648437,37.51944647091259,-7.269700275899538,-7.521561982204731,0.2518617063051929,216.0465979537487,187.4664040604115,28.580193893337196,0.006463245885351521,0.017581159946479463,-0.015257180858884833,0,0.01651347921803014,194.9499969482422,197.9499969482422,1
2025-03-24,203.25999450683597,203.63999938964844,199.9499969482422,200.0,41625400.0,201.28400039672852,218.25399993896485,47.09531505601534,-6.330867318820822,-7.28342304952795,0.952555730707128,214.69183707999304,187.876163713464,26.81567336652904,0.03593082692897398,0.039480420812976647,0.04482369446717116,0,0.018257407608629213,196.2100067138672,195.7400054931641,1
2025-03-25,205.7100067138672,206.2100067138672,203.22000122070312,203.6000061035156,31171200.0,200.92950057983398,217.98940002441407,49.965234734977,-5.32772522688694,-6.892283484999749,1.5645582581128084,213.4459556290131,188.41304553065487,25.03291009835823,0.012053587883713357,0.05519369035169408,0.04639101961374181,0,0.018318893178339644,203.25999450683597,192.82000732421875,0
2025-03-26,201.1300048828125,206.00999450683597,199.92999267578125,205.83999633789065,32855300.0,200.26850051879882,217.64279998779296,45.04583270358709,-4.846429144494266,-6.483112616898653,1.6366834724043873,211.17262860719885,189.3643724303988,21.808256176800057,-0.022264360904062586,0.02507516436773849,0.011262534567037852,0,0.01995176282440979,205.7100067138672,195.5399932861328,1
2025-03-27,201.3600006103516,203.7899932861328,199.27999877929688,200.88999938964844,27317700.0,199.8995002746582,217.31480010986328,45.336889353495636,-4.395768119972729,-6.065643717513469,1.6698755975407398,210.109317110986,189.6896834383304,20.419633672655607,0.0011435177345771042,-0.009347603797266069,0.03852700626240746,0,0.017684274613796017,201.1300048828125,194.9499969482422,0
2025-03-28,192.72000122070312,199.25999450683597,191.8800048828125,198.4199981689453,52548200.0,198.9215003967285,216.70220001220704,37.336833721668434,-4.681822617656053,-5.788879497541986,1.107056879885933,207.8695793791087,189.9734214143483,17.89615796476039,-0.04290822091507429,-0.06314717354140453,-0.026420792160489648,0,0.02188631434053848,201.3600006103516,196.2100067138672,0
2025-03-31,190.25999450683597,191.3300018310547,184.3999938964844,188.19000244140625,63547600.0,198.18349990844726,216.09419982910157,35.420365634127236,-5.048825137258774,-5.640868625485345,0.5920434882265706,207.42771569691533,188.9392841199792,18.488431576936136,-0.01276466738421178,-0.054044698016638026,-0.02799637699264035,0,0.021962768011585133,192.72000122070312,203.25999450683597,1
2025-04-01,192.1699981689453,193.92999267578125,187.1999969482422,187.8600006103516,41267300.0,197.60199966430665,215.41879974365236,38.07797911849771,-5.126461290542693,-5.537987158496814,0.41152586795412116,206.82297437040216,188.38102495821113,18.441949412191036,0.010038913682617112,-0.045639662363677225,-0.003371066956659119,0,0.021827283520465205,190.25999450683597,205.7100067138672,1
2025-04-02,196.00999450683597,198.33999633789065,187.66000366210935,187.66000366210935,53679200.0,196.98449935913087,214.72479949951173,43.14385923602157,-4.822541631083908,-5.394898053014233,0.5723564219303254,204.78585355158648,189.18314516667525,15.602708384911239,0.019982288465834053,0.017071363975164955,0.00240360661164285,0,0.022326253544732964,192.1699981689453,201.1300048828125,0
2025-04-03,178.41000366210938,184.1300048828125,176.9199981689453,183.0,95553600.0,195.86999969482423,213.5927996826172,30.733423252666697,-5.933458072043578,-5.502610056820102,-0.43084801522347593,206.92142869029712,184.81857069935134,22.10285799094578,-0.08979129298487265,-0.06228314510069444,-0.08484223413721859,0,0.03631251688588885,196.00999450683597,201.3600006103516,0
2025-04-04,171.0,178.13999938964844,166.0,167.14999389648438,123159400.0,194.4574996948242,212.3043997192383,27.18750971329301,-7.327327848439012,-5.867553615143884,-1.4597742332951276,209.80585316982237,179.10914621982604,30.696706949996326,-0.041533565999713695,-0.11016286814101861,-0.12848481652941846,0,0.037315503648960496,178.41000366210938,192.72000122070312,1
2025-04-07,175.25999450683594,183.41000366210935,161.3800048828125,162.0,109327100.0,193.49349975585938,211.1125994873047,32.0418900145966,-7.996060130272582,-6.293254918169624,-1.702805212102958,210.97383873753347,176.01316077418528,34.96067796334819,0.024912248577988017,-0.10586194878586341,-0.1377546037425399,0,0.03584340046666487,171.0,190.25999450683597,0
2025-04-08,170.66000366210938,185.8999938964844,168.57000732421875,185.22999572753903,87710400.0,192.1970001220703,209.81739959716796,29.736470606926446,-8.795823322966243,-6.793768599128947,-2.002054723837295,212.22684426197122,172.1671559821694,40.05968827980183,-0.026246667744515673,-0.043439268207615345,-0.17038550341651926,0,0.034766805591388374,175.25999450683594,192.1699981689453,1
2025-04-09,191.1000061035156,192.6499938964844,169.92999267578125,172.1199951171875,116804300.0,191.80750045776367,208.8763998413086,47.73236169070214,-7.691639608833839,-6.973342801069926,-0.7182968077639131,211.60318806014138,172.01181285538595,39.59137520475542,0.11977031526306248,0.11754389534219656,-0.049868237139162,0,0.05558529621849348,170.66000366210938,196.00999450683597,0
2025-04-10,181.22000122070312,186.8699951171875,175.85000610351562,185.44000244140625,68302000.0,191.17400054931642,207.75939971923827,42.11718267122707,-7.527032933326751,-7.084080827521291,-0.4429521058054604,211.4672414628228,170.88075963581002,40.58648182701279,-0.051700704171933065,0.03400665811178438,-0.10001986158423315,0,0.057546778981577354,191.1000061035156,178.41000366210938,1
2025-04-11,184.8699951171875,185.8600006103516,178.0,179.92999267578125,50594300.0,190.52000045776367,206.76399963378907,44.70512860264037,-7.021121831904168,-7.071489028397866,0.05036719649369825,210.74053540995064,170.2994655055767,40.44106990437393,0.020141230945248445,0.0832649194313424,-0.04073270056970257,0,0.05687183440304867,181.22000122070312,171.0,0
2025-04-14,182.1199951171875,187.44000244140625,179.22999572753906,186.83999633789065,48002500.0,189.83899993896483,205.6527996826172,43.14013601034574,-6.764113170312044,-7.010013856780701,0.2459006864686577,210.22716597607115,169.45083390185852,40.77633207421263,-0.014875318183769082,-0.04699116012306026,-0.04278355736710593,0,0.056917156451385814,184.8699951171875,175.25999450683594,0
2025-04-15,179.58999633789062,182.3500061035156,177.92999267578125,181.41000366210935,43642000.0,189.17749938964843,204.4961996459961,41.694026839001076,-6.687492461483686,-6.945509577721298,0.25801711623761214,209.9899503843393,168.36504839495757,41.624901989381726,-0.013891933050343641,-0.008994619091892364,-0.06546288156799085,0,0.05681427322927734,182.1199951171875,170.66000366210938,0
2025-04-16,174.3300018310547,179.10000610351562,171.41000366210938,176.2899932861328,51875300.0,188.11699981689452,203.14159973144533,38.783221808155574,-6.970851952702105,-6.95057805271746,-0.02027389998464546,209.67280762047938,166.56119201330966,43.11161560716971,-0.029288905919567454,-0.05701300137673293,-0.11060656743717823,0,0.056511516281908564,179.58999633789062,191.1000061035156,0
2025-04-17,172.61000061035156,176.2100067138672,172.0,176.0,44726500.0,187.0,201.87039978027343,37.85262109583769,-7.250625418382867,-7.010587525850541,-0.24003789253232632,209.32526664163856,164.67473335836144,44.65053328327713,-0.009866352335440198,-0.052218288830485626,-0.03250940492519938,0,0.04918961832395633,174.3300018310547,181.22000122070312,0
2025-04-21,167.32000732421875,169.60000610351562,165.2899932861328,169.60000610351562,48126100.0,185.55550003051758,200.4401998901367,35.06576904291505,-7.809186710121907,-7.170307362704815,-0.6388793474170917,209.01965966990764,162.09134039112752,46.92831927878012,-0.030647084568839134,-0.06832222987847514,-0.021520425004568744,0,0.048336878825846905,172.61000061035156,184.8699951171875,1
2025-04-22,173.17999267578125,176.77999877929688,169.35000610351562,169.85000610351562,56607200.0,184.05149993896484,199.32079986572265,40.30848857194407,-7.690349156116156,-7.274315721387083,-0.41603343472907284,206.62271023009106,161.48028964783862,45.14242058225244,0.03502262189247651,-0.006596736896658406,-0.011868092526806318,0,0.049043598638768955,167.32000732421875,182.1199951171875,1
2025-04-23,180.6000061035156,187.3800048828125,180.19000244140625,183.4499969482422,63470100.0,182.79599990844727,198.27,46.228565991774,-6.917693600695628,-7.202991297248793,0.2852976965531644,203.08685478189335,162.5051450350012,40.58170974689216,0.042845673527805994,0.04628935441116533,0.05824447573015701,0,0.04982060256476569,173.17999267578125,179.58999633789062,1
2025-04-24,186.5399932861328,186.7400054931641,180.17999267578125,180.9199981689453,43763200.0,182.06649932861328,197.34559997558594,50.46402988037093,-5.75965743757115,-6.914324525313265,1.1546670877421148,200.645155273373,163.48784338385354,37.15731188951946,0.032890293365840595,0.11486962180602345,-0.02386191874275867,0,0.03247889441192484,180.6000061035156,174.3300018310547,1
2025-04-25,188.9900054931641,189.94000244140625,185.4900054931641,187.6199951171875,36414300.0,181.4479995727539,196.5468002319336,52.13859571158598,-4.5912844563563056,-6.449716511521872,1.8584320551655669,198.14456922349916,164.75142992200864,33.39313930149052,0.013133978209558528,0.09129237490488595,0.04287608553207156,0,0.0275363758851189,186.5399932861328,172.61000061035156,0
2025-04-28,187.6999969482422,190.22000122070312,184.88999938964844,190.1100006103516,33224700.0,181.19699935913087,195.69340026855468,51.157968666918194,-3.726476854072331,-5.905068580031964,2.178591725959633,197.35030625523052,165.04369246303122,32.3066137921993,-0.006825802991833663,0.03931334775624018,0.015308064617304495,0,0.027157309694001222,188.9900054931641,167.32000732421875,0
2025-04-29,187.38999938964844,188.0200042724609,183.67999267578125,183.9900054931641,41667300.0,181.0534996032715,194.86760040283204,50.910169722858036,-3.0311832175943607,-5.330291507544443,2.299108289950082,196.9308428516234,165.17615635491958,31.754686496703812,-0.0016515586767922308,0.004556696333808619,0.02893698887412044,0,0.026567985279703533,187.6999969482422,173.17999267578125,0
2025-04-30,184.4199981689453,185.0500030517578,178.85000610351562,182.1699981689453,55176500.0,180.66599960327147,194.02300048828124,48.486943258144365,-2.6888172668190577,-4.801996659399366,2.1131793925803084,195.80009217839455,165.5319070281484,30.268185150246154,-0.015849304820837684,-0.02418121165875131,0.02689460398432919,0,0.026714478046714823,187.38999938964844,180.6000061035156,1
2025-05-01,190.1999969482422,191.80999755859372,187.5,190.6300048828125,74266000.0,180.3754997253418,193.29440032958985,53.159619345702666,-1.9288575193808697,-4.227368831395667,2.2985113120147975,194.51038502769728,166.2406144229863,28.26977060471097,0.031341496782804956,0.013319126481868615,0.09103421643147414,0,0.02542723731133888,184.4199981689453,186.5399932861328,0
2025-05-02,189.97999572753903,192.8800048828125,186.3999938964844,191.44000244140625,77903500.0,180.9539993286133,192.63640014648436,52.96269452687385,-1.3290161335024209,-3.647698291817018,2.3186821583145973,195.65546078940469,166.2525378678219,29.402922921582785,-0.0011566836184704332,0.013821422414891593,0.10063145273024099,0,0.024850321843346974,190.1999969482422,188.9900054931641,0
2025-05-05,186.3500061035156,188.17999267578125,185.52999877929688,186.50999450683597,35217500.0,181.72149963378905,192.0318002319336,49.69178758391705,-1.1334812725966685,-3.1448548879729485,2.01137361537628,195.85598581141537,167.58701345616274,28.26897235525263,-0.01910722026349243,0.010465285509883904,0.11373414981044139,0,0.02295319682859635,189.97999572753903,187.6999969482422,0
2025-05-06,185.00999450683597,187.92999267578125,183.8500061035156,184.57000732421875,29314100.0,182.20899963378906,191.47779998779296,48.50099366167157,-1.074262790737862,-2.730736468525931,1.6564736777880693,196.08868639215626,168.32931287542186,27.7593735167344,-0.007190832051463758,-0.027287079519872637,0.06831044191809288,0,0.02191574384997374,186.3500061035156,187.38999938964844,1
2025-05-07,188.7100067138672,190.9900054931641,185.00999450683597,185.55999755859372,43948600.0,183.11149978637695,190.99600006103515,51.926590118413806,-0.7204665643247665,-2.328682487685698,1.6082159233609317,196.19448245199965,170.02851712075426,26.16596533124539,0.0199989855515319,-0.006684856522963689,0.04490587118642253,0,0.018700531710602018,185.00999450683597,184.4199981689453,1
2025-05-08,192.0800018310547,194.3300018310547,188.82000732421875,191.42999267578125,41043600.0,183.1604995727539,190.55059997558592,54.87103559677648,-0.16623382414766752,-1.8961927549780921,1.7299589308304246,196.36952643554773,169.9514727099601,26.41805372558764,0.01785806262143419,0.030748567426158946,0.02969877101059004,0,0.016663249898599256,188.7100067138672,190.1999969482422,1
2025-05-09,193.05999755859372,194.69000244140625,191.16000366210935,193.3800048828125,29663100.0,183.75249938964845,190.23699981689452,55.72037662060328,0.34806480609842083,-1.4473412427627896,1.7954060488612105,197.6061429837599,169.898855795537,27.707287188222892,0.005102018524557161,0.04351117934582893,0.021535488370451716,0,0.01631335553892068,192.0800018310547,189.97999572753903,1
2025-05-12,208.63999938964844,211.66000366210935,205.75,210.7100067138672,75205000.0,184.94099960327148,190.16419982910156,66.51119512751431,1.9898879267902032,-0.759895408852191,2.749783335642394,202.54500715017195,167.336992056371,35.20801509380095,0.08070031092964336,0.10561174270954399,0.11156101641909144,0,0.029251388808559115,193.05999755859372,186.3500061035156,1
2025-05-13,211.3699951171875,214.83999633789065,210.1000061035156,211.0800018310547,56193700.0,186.40349960327148,190.2911996459961,67.98351854057154,3.4713172340670155,0.08634711973165032,3.384970114335365,207.36661493053504,165.44038427600793,41.9262306545271,0.01308471882441209,0.10042686954521929,0.12796838574974534,0,0.02891218239254891,208.63999938964844,185.00999450683597,0
2025-05-14,210.25,211.92999267578125,208.8500061035156,211.4499969482422,38492100.0,187.93649978637694,190.42019958496093,66.68815661561042,4.503077710658488,0.9696932379170179,3.53338447274147,211.05571683331252,164.81728273944137,46.23843409387115,-0.005298742220089303,0.08903969055624339,0.14006074225958987,0,0.027939757154794513,211.3699951171875,188.7100067138672,0
2025-05-15,205.1699981689453,206.8800048828125,202.6699981689453,206.4499969482422,64347300.0,189.47849960327147,190.3563995361328,61.0098376814875,4.854877622198359,1.7467301147732863,3.1081475074250724,212.8741932048912,166.08280600165173,46.79138720323948,-0.024161720956264898,-0.01663152430432424,0.07870663228652308,0,0.02947952671854985,210.25,192.0800018310547,1
2025-05-16,205.58999633789065,206.8500061035156,204.3699951171875,206.8500061035156,43318500.0,191.12749938964845,190.45419952392578,61.303206706958996,5.1086822202472035,2.41912053586807,2.6895616843791337,214.18153356308744,168.07346521620946,46.108068346877985,0.002047074000553817,-0.027345408112879555,0.08216654890727959,1,0.029386425742006558,205.1699981689453,193.05999755859372,1
2025-05-19,206.16000366210935,206.6199951171875,201.25999450683597,201.6499938964844,34314800.0,193.06949920654296,190.59239959716797,61.72412908825598,5.294784045490985,2.994253237792653,2.300530807698332,214.24115336407252,171.8978450490134,42.34330831505912,0.0027725440652368594,-0.019453014686756975,0.10630532283207694,1,0.027895519158849958,205.58999633789065,208.63999938964844,0
2025-05-20,204.07000732421875,205.58999633789065,202.6499938964844,204.6300048828125,29470400.0,194.61399993896484,190.78299987792968,59.18217481434266,5.213527544918719,3.4381080992178665,1.7754194457008525,214.2043228428428,175.02367703508688,39.18064580775592,-0.0101377391383638,-0.005361363038180578,0.10302153063778685,1,0.02811774962499429,206.16000366210935,211.3699951171875,0
2025-05-21,201.1199951171875,203.4600067138672,200.05999755859372,201.6100006103516,42460900.0,195.63999938964844,190.87359985351563,55.69561788579562,4.855123016047145,3.7215110825837225,1.1336119334634223,214.3150426826319,176.96495609666496,37.35008658596695,-0.014455883280997672,-0.0217423089660288,0.06576221695618423,1,0.028883697064757973,204.07000732421875,210.25,1
2025-05-22,203.1000061035156,205.75999450683597,200.16000366210935,201.3800048828125,38938900.0,196.46800003051757,190.95779998779298,57.505167249164955,4.676942304119251,3.9125973268908285,0.7643449772284225,214.9228969299065,178.01310313112864,36.909793798777855,0.009844923599835909,-0.014842828406275155,0.05737195005940099,1,0.028651540815089072,201.1199951171875,205.1699981689453,0
2025-05-23,200.9900054931641,202.3699951171875,197.8500061035156,198.8999938964844,33393500.0,197.06800003051757,191.09980010986328,54.93041019187603,4.315724406436971,3.9932227428000573,0.32250166363691335,215.290207519946,178.84579254108914,36.444414978856855,-0.010388973643240984,-0.015092868724022046,0.04107535499249981,1,0.029117454274755872,203.1000061035156,205.58999633789065,1
2025-05-27,206.0200042724609,206.69000244140625,202.19000244140625,203.08999633789065,34892000.0,197.9840003967285,191.26120025634765,59.57693834081099,4.384790350402625,4.071536264320571,0.3132540860820541,216.07179735334654,179.89620344011047,36.17559391323607,0.02502611394509313,0.02436361015431765,-0.012557491971108226,1,0.014622073536636514,200.9900054931641,206.16000366210935,0
2025-05-28,204.72000122070312,207.66000366210935,204.41000366210935,205.9199981689453,28549800.0,198.85050048828126,191.44080017089843,57.91506585714061,4.285228777011497,4.114274766858756,0.17095401015274092,216.47983056805782,181.2211704085047,35.25866015955313,-0.00631008166584901,0.007976342040885376,-0.03146139021670269,1,0.013783961138933348,206.0200042724609,204.07000732421875,1
2025-05-29,205.6999969482422,208.80999755859372,204.22999572753903,208.02999877929688,34650000.0,199.91450042724608,191.6983999633789,58.847000602278065,4.236566476671044,4.138733108821214,0.09783336784983021,216.46744990746203,183.36155094703014,33.10589896043189,0.004787005283780621,0.023433958536999366,-0.021640918200988457,1,0.013973397181077063,204.72000122070312,201.1199951171875,0
2025-05-30,205.00999450683597,205.9900054931641,201.6999969482422,204.83999633789065,51679400.0,200.65500030517578,191.88779998779296,57.87523230304808,4.095117853139129,4.130010057684797,-0.03489220454566766,216.72127780284276,184.5887228075088,32.132554995333976,-0.0033544115296211263,-0.004902483956311432,-0.0007798589634805397,1,0.011684582712074279,205.6999969482422,203.1000061035156,1
2025-06-02,206.6499938964844,207.0,202.67999267578125,204.97999572753903,29113300.0,201.48850021362304,192.1217999267578,59.58357137017146,4.068454434410739,4.117698933029986,-0.04924449861924618,216.97214414287853,186.00485628436755,30.967287858510986,0.007999607012299847,0.009427474913409117,0.005155881013060748,1,0.011950020453004834,205.00999450683597,200.9900054931641,0
2025-06-03,205.7100067138672,208.9499969482422,205.02999877929688,207.1100006103516,33139100.0,202.4565002441406,192.3117999267578,58.12848593530759,3.926215405917162,4.079402227607421,-0.15318682169025877,216.3749971361766,188.53800335210462,27.83699378407198,-0.00454869204152053,4.8661962924079205e-05,-0.002182755821927951,1,0.012024689153934738,206.6499938964844,206.0200042724609,1
2025-06-04,207.22999572753903,208.17999267578125,205.17999267578125,206.5500030517578,29915600.0,203.56750030517577,192.39119995117187,59.83651989057258,3.8912840609696673,4.0417785942798705,-0.15049453331020324,215.07699249765687,192.05800811269467,23.01898438496221,0.00738898917924824,0.010828746305971082,0.015484825255579038,1,0.011680157967818142,205.7100067138672,204.72000122070312,1
2025-06-05,207.91000366210935,212.80999755859372,207.55999755859372,209.5500030517578,51864200.0,204.5275001525879,192.43519989013672,60.61065158089693,3.8738167278172853,4.008186220987353,-0.13436949317006786,213.92986451579478,195.125135789381,18.80472872641377,0.0032814165352026414,0.006097313345463373,0.03376098204937539,1,0.01022768495973104,207.22999572753903,205.6999969482422,1
2025-06-06,213.57000732421875,213.8699951171875,210.5,212.3999938964844,39832500.0,205.60200042724608,192.68399993896483,66.4134367428851,4.267495699358278,4.060048116661538,0.2074475826967399,213.91774432388155,197.28625653061061,16.631487793270935,0.027223334916139486,0.038209131076858416,0.05155096457932573,1,0.012641272268577464,207.91000366210935,205.00999450683597,1
2025-06-09,216.97999572753903,217.8500061035156,212.8800048828125,214.75,38102500.0,206.79800033569336,192.9963998413086,69.34364867705224,4.799323077333554,4.207903108795942,0.591419968537612,214.40466331295565,199.19133735843107,15.213325954524578,0.015966607137600564,0.04704917338713388,0.07955614606378414,1,0.011768032233828118,213.57000732421875,206.6499938964844,1
2025-06-10,217.6100006103516,217.69000244140625,214.1499938964844,216.77999877929688,31303300.0,207.24650039672852,193.49419982910158,69.86671367694674,5.211560608252682,4.40863460868729,0.8029259995653923,216.17723330705275,198.3157674864043,17.861465820648448,0.0029035159702170965,0.04665478705876258,0.05625665516715039,1,0.010123049229283353,216.97999572753903,205.7100067138672,0
2025-06-11,213.1999969482422,218.3999938964844,212.88999938964844,217.41000366210935,39326000.0,207.33800048828124,193.9529998779297,61.90444629125643,5.123352562756054,4.5515781995010425,0.5717743632550114,216.47105494691547,198.204946029647,18.26610891726847,-0.020265629565462295,-0.0017325015839646518,0.04142240952019627,1,0.012596915200403128,217.6100006103516,207.22999572753903,1
2025-06-12,213.2400054931641,213.5800018310547,211.3300018310547,211.77999877929688,27640000.0,207.48750076293945,194.37440002441406,61.946816044287246,4.9990494758478405,4.641072454770402,0.35797702107743845,216.8999428902606,198.0750586356183,18.824884254642313,0.0001876573428452044,-0.017236567001647662,0.03665536537085656,1,0.012654426785545,213.1999969482422,207.91000366210935,0
2025-06-13,212.1000061035156,214.0500030517578,209.6199951171875,209.9600067138672,29337800.0,207.83400115966796,194.69620025634765,59.902431272858905,4.7537516703968095,4.663608297895684,0.09014337250112536,217.38882685923852,198.2791754600974,19.109651399141114,-0.005346085913907173,-0.025320502235106734,0.034583736338001936,1,0.012792333847554854,213.2400054931641,213.57000732421875,1
2025-06-16,216.1000061035156,217.05999755859372,211.6000061035156,212.30999755859372,33284200.0,208.35950164794923,195.4500003051758,64.34836655412286,4.826481290964864,4.69618289650952,0.13029839445534375,218.50091905947272,198.21808423642574,20.282834823046983,0.018859028217320217,0.013602294544016402,0.04572955473574769,1,0.013650841893941003,212.1000061035156,216.97999572753903,0
2025-06-17,214.82000732421875,217.41000366210935,214.55999755859372,215.1999969482422,32086300.0,208.7925018310547,196.32640045166016,61.98009456665953,4.726352386896622,4.70221679458694,0.02413559230968154,219.25569727609707,198.32930638601232,20.926390890084747,-0.005923177895162612,0.007409500048551232,0.044285646361497344,1,0.013759291690794803,216.1000061035156,217.6100006103516,0
2025-06-18,212.5200042724609,217.9600067138672,212.33999633789065,215.08999633789065,44360500.0,209.2150016784668,197.07160064697266,57.85939032900901,4.410566222749651,4.643886680219483,-0.23332045746983177,219.563088383439,198.86691497349457,20.696173409944436,-0.010706651956707836,0.001980189329840565,0.025527233769174318,1,0.01449671326290655,214.82000732421875,213.1999969482422,0
2025-06-20,209.69000244140625,214.88999938964844,208.2700042724609,214.67999267578125,75350700.0,209.64350204467775,197.8522006225586,53.17483524177658,3.887137415624437,4.492536827300474,-0.6053994116760366,219.3020602754791,199.98494381387638,19.317116461602723,-0.013316402099382896,-0.02966220953755483,0.008561390736107732,1,0.015338073898908292,212.5200042724609,213.2400054931641,0
2025-06-23,208.47000122070312,210.38999938964844,207.30999755859372,209.7899932861328,37311700.0,209.9120018005371,198.19960052490234,51.2484913743695,3.3354237238819735,4.261114206616774,-0.9256904827348009,219.11587770325158,200.7081258978226,18.407751805428973,-0.005818118205440093,-0.02955965872364874,-0.023879786152618987,1,0.01231168058035627,209.69000244140625,212.1000061035156,1
2025-06-24,212.7700042724609,214.33999633789065,211.0500030517578,212.13999938964844,38378800.0,210.50100173950196,198.8306005859375,57.14174733949219,3.208179066686853,4.05052717863079,-0.8423481119439371,218.8098452164437,202.1921582625602,16.617686953883492,0.02062648355436747,0.0011763598483627291,-0.019402670928082233,1,0.013141996261285344,208.47000122070312,216.1000061035156,0
2025-06-25,211.9900054931641,216.02999877929688,211.1100006103516,214.6199951171875,31755700.0,210.79950180053712,199.37300079345704,55.823508165958984,3.009703389149223,3.8423624207344766,-0.8326590315852536,218.86845647597835,202.73054712509588,16.137909350882467,-0.0036659245365150417,0.01096858708082915,-0.025825996514059812,1,0.013040113973712278,212.7700042724609,214.82000732421875,1
2025-06-26,217.1199951171875,218.0399932861328,212.00999450683597,213.1199951171875,50480800.0,211.41950149536132,200.07300079345703,62.02806383882178,3.2291338295856917,3.71971670250472,-0.49058287291902847,219.4300004037392,203.40900258698343,16.020997816755767,0.024199205109171285,0.041492751215206125,0.018386483231971784,1,0.01387723504657448,211.9900054931641,212.5200042724609,1
2025-06-27,223.3000030517578,223.3000030517578,216.7400054931641,219.9199981689453,119217100.0,212.29950180053712,200.94720092773437,67.8806001006361,3.8572451058525132,3.7472223831742792,0.11002272267823399,221.39660065710086,203.20240294397337,18.194197713127494,0.028463559660798277,0.04949005295790099,0.047176877224926805,1,0.0161774665569116,217.1199951171875,209.69000244140625,0
2025-06-30,219.38999938964844,223.82000732421875,219.1199951171875,223.5200042724609,58887800.0,213.01850204467775,201.84840087890626,61.42953514374774,3.993488746909236,3.796475655921271,0.19701309098796482,221.96931262791844,204.06769146143705,17.90162116648139,-0.017510092291414314,0.03490727725238418,0.034370547271813656,1,0.017428796948499425,223.3000030517578,208.47000122070312,1
2025-07-01,220.4600067138672,221.8800048828125,217.92999267578125,219.5,39256800.0,213.70900268554686,202.80540100097656,62.48037962323982,4.1400792066843906,3.8651963660738953,0.2748828406104953,222.71863445929247,204.69937091180125,18.01926354749122,0.00487719279454657,0.015383251988730695,0.02017584677097628,1,0.016602863873186397,219.38999938964844,212.7700042724609,0
2025-07-02,219.9199981689453,221.6000061035156,219.05999755859372,219.72999572753903,30894200.0,214.41950225830078,203.85740081787108,61.568700259492914,4.16467128746396,3.9250913503519085,0.23957993711205194,223.02605393681435,205.8129505797872,17.213103357027137,-0.002449462616694653,-0.015136609210117502,0.023740762828619477,1,0.016451471708799462,220.4600067138672,211.9900054931641,1
2025-07-03,223.41000366210935,224.00999450683597,221.3600006103516,221.82000732421875,29632400.0,215.2285026550293,204.86200103759765,65.1118282315492,4.4148829423731115,4.023049668756149,0.3918332736169621,224.01956786321108,206.43743744684753,17.582130416363555,0.015869432167251007,0.0183235529588619,0.0512422321227084,1,0.016231489329441788,219.9199981689453,217.1199951171875,1
2025-07-07,223.47000122070312,224.2899932861328,222.3699951171875,223.0,36604100.0,216.006502532959,205.7194009399414,65.17127544309227,4.565391788444742,4.131518092693868,0.433873695750874,224.82319502357018,207.1898100423478,17.633384981222378,0.0002685535903061975,0.013653245101922673,0.06571605044998474,1,0.015041149382522372,223.41000366210935,223.3000030517578,0
2025-07-08,219.3600006103516,224.0,218.42999267578125,223.9199981689453,45692000.0,216.29600219726564,206.37580108642578,57.893836092246076,4.303421271140138,4.165898728383123,0.13752254275701503,225.15380747521334,207.43819691931793,17.71561055589541,-0.018391733064396565,-0.0025463694218637034,0.052237728814130024,1,0.016626045018279093,223.47000122070312,219.38999938964844,1
2025-07-09,222.5399932861328,224.2899932861328,220.47000122070312,221.07000732421875,38155100.0,216.57400207519532,207.04680084228517,61.47809253574458,4.302806506406654,4.193280283987829,0.10952622241882448,225.83982606053,207.30817808986066,18.531647970669326,0.014496684294917683,-0.0038942319579043927,0.045918074998771985,1,0.016099948136431355,219.3600006103516,220.4600067138672,0
2025-07-10,222.25999450683597,222.7899932861328,219.6999969482422,221.5500030517578,30370600.0,216.80650177001954,207.73800079345702,60.98582971454405,4.230953936185415,4.200815014427347,0.030138921758068093,226.39246614969446,207.22053739034462,19.17192875934984,-0.0012581953255333955,-0.005414627051763099,0.048445628319977674,1,0.0159798915147363,222.5399932861328,219.9199981689453,1
2025-07-11,225.0200042724609,226.67999267578125,222.3699951171875,223.5800018310547,50518300.0,217.39750213623046,208.49060089111327,64.0422191988402,4.346614907358969,4.229974993013672,0.11663991434529741,227.46649099423277,207.32851327822814,20.137977716004627,0.012417933203629383,0.025802350685452335,0.036385451975574634,1,0.01478500715754605,222.25999450683597,223.41000366210935,1
2025-07-14,225.69000244140625,226.66000366210935,224.2400054931641,225.07000732421875,35702600.0,218.02000198364257,209.3160009765625,64.76386203360539,4.441145551728653,4.272209104756668,0.1689364469719843,228.51431801553866,207.52568595174648,20.98863206379218,0.0029775049161144818,0.014154800262006217,0.010703087133834277,1,0.011965693996518548,225.0200042724609,223.47000122070312,1
2025-07-15,226.3500061035156,227.2700042724609,225.4600067138672,226.1999969482422,34907300.0,218.73250198364258,210.03900115966798,65.4984195810343,4.517246541853439,4.321216592176023,0.19602994967741605,229.4548416285424,208.01016233874276,21.444679289799637,0.0029243814744550622,0.018401924312806628,0.031724357232463474,1,0.010014541686732546,225.69000244140625,219.3600006103516,0
2025-07-16,223.19000244140625,226.1000061035156,222.17999267578125,225.8800048828125,39535900.0,219.0870018005371,210.7032012939453,59.141380182365204,4.2733111674313875,4.311635507227096,-0.03832433979570826,229.90613957275787,208.26786402831635,21.638275544441512,-0.013960696164789121,-0.008132618417511228,0.01238317900934427,1,0.01134215688412888,226.3500061035156,222.5399932861328,1
2025-07-17,223.8800048828125,224.5,222.50999450683597,223.32000732421875,31855800.0,219.5400016784668,211.45380126953125,60.053086647425246,4.088537935874598,4.267015992956597,-0.17847805708199882,230.36525150994103,208.71475184699258,21.650499662948448,0.0030915472640284936,-0.00801983933277528,0.018006578514178972,1,0.011274349555412903,223.19000244140625,222.25999450683597,1
2025-07-18,226.1300048828125,226.3999938964844,222.97999572753903,225.13999938964844,37833800.0,220.2205017089844,212.2762014770508,62.95582470455098,4.076666738092229,4.228946141983723,-0.15227940389149452,230.90522297246565,209.53578044550312,21.36944252696253,0.010050026580880944,-0.0009719514679512598,0.01217493029012684,1,0.010599962569308157,223.8800048828125,225.0200042724609,1
2025-07-21,229.3000030517578,229.69000244140625,225.6499938964844,225.83999633789065,40297600.0,221.20100173950195,213.0880014038086,66.63443879474502,4.273785548314322,4.237914023249843,0.035871525064479215,231.42973251124022,210.97227096776368,20.45746154347654,0.014018476542235536,0.027375780919916437,0.02608852105073778,1,0.011323910589956241,226.1300048828125,225.69000244140625,0
2025-07-22,227.47000122070312,230.0,226.3500061035156,229.67999267578125,37483700.0,222.15100173950196,213.79580139160157,62.759868701249765,4.233536201728242,4.237038458945523,-0.00350225721728048,230.89521864313824,213.4067848358657,17.488433807272543,-0.007980819043607368,0.01603535938714029,0.036971191592752195,1,0.009508936080118647,229.3000030517578,226.3500061035156,1
2025-07-23,228.2899932861328,228.7899932861328,227.08999633789065,228.47000122070312,28294900.0,222.92700119018554,214.50040130615236,63.77625985485211,4.219168859032948,4.233464538963008,-0.014295679930060423,230.9263417514188,214.92766062895228,15.998681122466508,0.003604836070819184,0.009551976105248272,0.025838052365746655,1,0.00872334097694162,227.47000122070312,223.19000244140625,1
2025-07-24,232.22999572753903,236.0,228.63999938964844,229.1699981689453,42902300.0,223.9390007019043,214.97220123291015,68.25898406179559,4.47413288661707,4.28159820849382,0.1925346781232502,231.23820914287873,216.63979226092985,14.598416881948879,0.01725876103762425,0.0127779879493497,0.0448573808472601,1,0.009723978629522439,228.2899932861328,223.8800048828125,0
2025-07-25,231.44000244140625,232.47999572753903,231.17999267578125,232.22000122070312,28712100.0,224.65500106811524,215.37360137939453,66.48247470013439,4.559884351082729,4.337255437011602,0.2226289140711275,231.94753531578672,217.36246682044376,14.585068495342966,-0.003401771091877559,0.017452856198172828,0.02853078858345337,1,0.009567466112822564,232.22999572753903,226.1300048828125,1
2025-07-28,232.7899932861328,234.2899932861328,232.25,233.3500061035156,26300100.0,225.12950057983397,215.8244012451172,68.01445621496715,4.6827956302168445,4.40636347565265,0.2764321545641941,233.20098571948162,217.05801544018632,16.142970279295298,0.005833005662313484,0.019711770696667408,0.03145904013435352,1,0.00961392147760566,231.44000244140625,229.3000030517578,0
2025-07-29,231.00999450683597,234.72000122070312,230.30999755859372,234.1499938964844,33716200.0,225.71050033569335,216.341201171875,63.86924265441514,4.583734243951056,4.441837629312332,0.14189661463872483,233.71838997510486,217.70261069628185,16.015779278823004,-0.007646371539299701,-0.005253417918219427,0.020587533808986258,1,0.010203770648172766,232.7899932861328,227.47000122070312,0
2025-07-30,230.19000244140625,231.8000030517578,229.2899932861328,231.63999938964844,32993300.0,226.1970001220703,216.8332012939453,61.994785698130514,4.388473286597957,4.431164760769457,-0.04269147417149988,234.05061199667085,218.34338824746976,15.707223749201091,-0.0035495956232554082,-0.0054009677964658165,0.03136341199618786,1,0.008822082343927442,231.00999450683597,228.2899932861328,1
2025-07-31,234.1100006103516,236.52999877929688,231.3999938964844,235.7700042724609,104357300.0,226.90650024414063,217.39220123291017,66.98337030183399,4.498186370107874,4.44456908263714,0.053617287470733466,234.92576594778205,218.8872345404992,16.038531407282846,0.017029402351838252,0.005670378290686617,0.04569410177069577,1,0.009856125100520797,230.19000244140625,232.22999572753903,0
2025-08-01,214.75,220.44000244140625,212.8000030517578,217.2100067138672,122258800.0,226.47350006103517,217.60580108642577,39.44529621911507,2.9884950179567227,4.153354269701056,-1.1648592517443337,235.995562219982,216.95143790208834,19.044124317893647,-0.08269617085933045,-0.07038654124704902,-0.0503250547785995,1,0.029041116919405592,234.1100006103516,231.44000244140625,0
2025-08-04,211.6499938964844,217.44000244140625,211.4199981689453,217.3999938964844,77890100.0,225.88249969482422,217.81640106201172,36.8339933865518,1.5243375455583532,3.627550924872516,-2.103213379314163,237.34616437819307,214.41883501145537,22.927329366737695,-0.014435418409851408,-0.08054219709060173,-0.07697343619873143,1,0.028384063066559797,214.75,232.7899932861328,1
2025-08-05,213.75,216.3000030517578,212.8699951171875,213.0500030517578,51505100.0,225.60199966430665,218.0294009399414,39.7440705146537,0.5273561091100589,3.007511961720025,-2.480155852609966,237.9321171743642,213.27188215424908,24.660235020115124,0.009922070229506863,-0.08696766715334991,-0.06031565106201087,1,0.02891686382306867,211.6499938964844,231.00999450683597,1
2025-08-06,222.30999755859372,222.6499938964844,213.7400054931641,214.6999969482422,54823000.0,225.5904998779297,218.45580078125,49.880122828498564,0.4230843489416998,2.49062643916436,-2.0675420902226604,237.93244250428677,213.2485572515726,24.683885252714163,0.040046772203947256,0.03520371389333521,-0.02619473434406705,1,0.03232977888819225,213.75,230.19000244140625,1
2025-08-07,223.1300048828125,226.22000122070312,220.82000732421875,221.0,40603500.0,225.6340003967285,218.79800079345702,50.735063067831526,0.40198216556862576,2.0728975844452133,-1.6709154188765876,237.93474559897416,213.33325519448286,24.6014904044913,0.0036885760119835798,0.05424054484945007,-0.03918525174242771,1,0.03170265900243162,222.30999755859372,234.1100006103516,0
2025-08-08,222.69000244140625,223.8000030517578,221.8800048828125,223.13999938964844,32970500.0,225.5175003051758,219.1574008178711,50.23984544258124,0.3457682127217936,1.7274717101005295,-1.3817034973787359,237.88326231118685,213.15173829916472,24.731524012022135,-0.001971955504762035,0.041824572825292394,-0.037806774575260604,1,0.03170648029416282,223.1300048828125,214.75,0
2025-08-11,221.3000030517578,223.0500030517578,220.3999938964844,221.77999877929688,31646200.0,225.29800033569336,219.4694009399414,48.6251412559939,0.18690242128613477,1.4193578523376507,-1.232455431051516,237.79883447834206,212.79716619304466,25.0016682852974,-0.006241858073597895,-0.004543180774268629,-0.049357749756245406,1,0.03154624051855796,222.69000244140625,211.6499938964844,1
2025-08-12,221.47000122070312,223.5,219.0500030517578,222.22999572753903,37185800.0,225.05400009155272,219.79860107421874,48.84169968939554,0.07386608624486257,1.150259499119093,-1.0763934128742305,237.653289039871,212.45471114323445,25.19857789663655,0.0007681796954406295,-0.007439625446076681,-0.0412968854724185,1,0.031567739058713226,221.3000030517578,213.75,1
2025-08-13,224.55999755859372,224.9199981689453,222.0,222.0,36508300.0,225.12249984741212,220.15680114746092,52.741171759554284,0.23095851068816842,0.9663993014329082,-0.7354407907447398,237.69537634364667,212.54962335117756,25.145752992469113,0.013952211680404059,0.008397301615188146,-0.024458077340894113,1,0.0320610288275348,221.47000122070312,222.30999755859372,1
2025-08-14,230.97999572753903,233.1100006103516,227.0200042724609,227.3999938964844,61545800.0,225.47749938964844,220.66220092773438,59.626812622850835,0.8635412212569236,0.9458276853977113,-0.08228646414078777,238.288682689381,212.66631608991588,25.622366599465124,0.02858923333961183,0.043741493638919104,-0.013369804257196471,1,0.03301727375756718,224.55999755859372,223.1300048828125,1
2025-08-15,231.02999877929688,234.0800018310547,229.80999755859372,232.5800018310547,39649200.0,225.72249908447264,221.13820098876954,59.67609257947666,1.3533023778683457,1.0273226238918383,0.32597975397650747,238.75964660025153,212.68535156869376,26.074295031557767,0.00021648217457248542,0.043166106045517516,0.07580907464166176,1,0.016411842234604578,230.97999572753903,222.69000244140625,1
2025-08-18,231.4900054931641,231.91000366210935,228.3300018310547,230.22999572753903,25248900.0,225.83199920654297,221.60980102539062,60.15789820140243,1.758291826714327,1.173516464456336,0.584775362257991,239.02337416705853,212.64062424602741,26.38274992103112,0.0019911124801876845,0.03086038479654918,0.0937397220355376,1,0.014711557240361559,231.02999877929688,221.3000030517578,0
2025-08-19,228.00999450683597,230.52999877929688,227.1199951171875,230.08999633789065,29891000.0,225.8589988708496,221.89860076904296,54.82135367421887,1.777946024744523,1.2944023765139736,0.4835436482305493,239.06587511042147,212.65212263127773,26.41375247914374,-0.01503309388634011,-0.012858261648798552,0.0667134245933847,1,0.016556731158421323,231.4900054931641,221.47000122070312,0
2025-08-20,223.80999755859372,227.2700042724609,220.9199981689453,227.1199951171875,36604300.0,225.63499908447267,222.03520080566406,49.15401081739,1.4380406281876503,1.323130026848709,0.11491060133894138,238.82130299786238,212.44869517108296,26.372607826779415,-0.018420231785569063,-0.031251358087052705,0.006747334876852085,1,0.013468814507465657,228.00999450683597,224.55999755859372,0
2025-08-21,221.9499969482422,222.77999877929688,220.5,222.6499938964844,32140500.0,225.12099914550782,222.12200073242187,46.84441316302019,1.006968936860801,1.2598978088511275,-0.25292887199032643,238.03761167169458,212.20438661932107,25.833225052373507,-0.008310623433453124,-0.04121131935954625,-0.005288432343243388,1,0.013710640782284232,223.80999755859372,230.97999572753903,1
2025-08-22,228.83999633789065,229.13999938964844,220.82000732421875,222.7899932861328,37315300.0,224.99099884033203,222.43480072021484,55.235234321787416,1.20738885722497,1.249396018525896,-0.04200716130092608,237.70129019525132,212.28070748541273,25.420582709838584,0.031043025385826706,0.0036401993379715503,0.02761683878512944,1,0.016905192846744695,221.9499969482422,231.02999877929688,0
2025-08-25,227.94000244140625,229.6000061035156,227.30999755859372,227.3500061035156,22633700.0,224.7484992980957,222.72880065917968,54.03535215731003,1.2788592092753674,1.2552886566757904,0.023570552599577077,237.03225864894995,212.46473994724147,24.56751870170848,-0.003932852258726305,0.01845317424540549,0.03000451558103001,1,0.01678245386004944,228.83999633789065,231.4900054931641,1
2025-08-26,228.7100067138672,229.0,226.0200042724609,227.1100006103516,26105400.0,224.63349990844728,223.06100067138672,54.93729274486364,1.3817054474681072,1.2805720148342536,0.10113343263385355,236.7221428472741,212.54485696962044,24.177285877653674,0.0033781006590050122,0.030457354622993815,0.03269068249992535,1,0.016762679724028427,227.94000244140625,228.00999450683597,1
2025-08-27,229.1199951171875,229.8699951171875,227.80999755859372,228.57000732421875,21254500.0,224.57999954223632,223.32140045166017,55.43868213657864,1.4792426811037558,1.3203061480881542,0.15893653301560162,236.57894210887787,212.58105697559478,23.99788513328309,0.0017926124405795996,0.0012235569995526774,0.02030636626367066,1,0.016343721479337887,228.7100067138672,223.80999755859372,1
2025-08-28,231.6000061035156,232.7100067138672,228.0200042724609,229.00999450683597,33679600.0,224.45449981689453,223.6570004272461,58.45025218427216,1.7366389094301553,1.4035727003565546,0.33306620907360074,236.09939296134817,212.80960667244088,23.289786288907294,0.0108240705271474,0.016056872961779378,0.002684260054744758,1,0.01393652167064602,229.1199951171875,221.9499969482422,0
2025-08-29,229.0,231.80999755859372,228.16000366210935,231.32000732421875,26199200.0,225.16699981689453,223.98660034179687,54.306513934343954,1.7111039699817354,1.4650789542815907,0.24602501570014468,236.06974086625672,214.26425876753234,21.805482098724383,-0.011226278216735053,0.0012679518937517287,-0.008786732415802523,1,0.014410835696307758,231.6000061035156,228.83999633789065,0
2025-09-02,225.33999633789065,226.1699981689453,221.8300018310547,223.5200042724609,38843900.0,225.85149993896485,224.29960021972656,49.03644015247582,1.3796320988498394,1.4479895831952407,-0.06835748434540134,234.82143285230194,216.88156702562776,17.93986582667418,-0.015982548742835556,-0.016497900051732683,-0.02656706125247832,1,0.015128502790732972,229.0,227.94000244140625,1
2025-09-03,225.9900054931641,227.1699981689453,224.3600006103516,225.2100067138672,29223100.0,226.46350021362304,224.65000030517578,49.965107925159685,1.15606219398083,1.3896041053523587,-0.2335419113715287,233.51162732145806,219.415373105788,14.096254215670058,0.0028845707190781056,-0.024222799924470073,-0.008859212588645193,1,0.014540231995121255,225.33999633789065,228.7100067138672,1
2025-09-04,235.67999267578125,235.7700042724609,230.77999877929688,231.19000244140625,59391800.0,227.13199996948242,225.1082000732422,61.28955879439898,1.7407165201870498,1.459826588319297,0.2808899318677529,234.96953515816273,219.29446478080212,15.675070377360612,0.042877945692648245,0.029170273693367887,0.05303603613185315,1,0.018630016844525307,225.9900054931641,229.1199951171875,0
2025-09-05,232.3300018310547,236.0,231.92999267578125,235.19000244140625,36721800.0,227.59199981689454,225.515,56.526343833468886,1.9117060642714137,1.5502024835097203,0.3615035807616933,235.5154592968921,219.668540336897,15.846918959995094,-0.014214150326010255,0.031019817195180543,0.046767312572809194,1,0.01919541753974629,235.67999267578125,231.6000061035156,1
2025-09-08,235.83999633789065,237.6000061035156,233.75,234.94000244140625,33947100.0,228.24949951171874,225.88940002441407,60.031289747970526,2.3038859689937112,1.7009391806065186,0.6029467883871926,236.60724803656703,219.89175098687045,16.71549704969658,0.015107797009308976,0.043585957809202824,0.03058905834653247,1,0.01734155965421495,232.3300018310547,229.0,1
2025-09-09,238.2400054931641,238.8500061035156,235.0800018310547,236.3600006103516,27033800.0,229.09649963378905,226.1882000732422,62.27114486050752,2.776348038139929,1.9160209521132008,0.8603270860267282,237.8877034945305,220.3052957730476,17.582407721482923,0.010176429751274751,0.010862240737187223,0.04518734290355875,1,0.01727502308938535,235.83999633789065,225.33999633789065,0
2025-09-10,230.3300018310547,237.67999267578125,229.1000061035156,237.5200042724609,60907700.0,229.53949966430665,226.40700012207031,51.93996516107049,2.4838738909136566,2.029591539873292,0.4542823510403644,237.61240986683796,221.46658946177533,16.145820405062636,-0.03320182790348525,-0.00860844481658618,0.007083184249188745,1,0.021020421699494286,238.2400054931641,225.9900054931641,0
2025-09-11,229.9499969482422,231.52999877929688,229.33999633789065,231.4900054931641,37485600.0,229.80899963378906,226.59679992675783,51.497936864551896,2.196107444276521,2.062894720753938,0.13321272352258307,237.5521237813018,222.06587548627633,15.486248295025462,-0.0016498279850283293,-0.024974556822879967,0.003622563934807088,1,0.021032434138363757,230.3300018310547,235.67999267578125,0
2025-09-12,228.1499938964844,230.7899932861328,226.2899932861328,230.3500061035156,38496200.0,229.66749954223633,226.7613998413086,49.35528870538026,1.802032549542787,2.010722286511708,-0.20868973696892112,237.4232777815314,221.91172130294126,15.511556478590137,-0.00782780202498956,-0.04235229753203307,-0.014896425371807576,1,0.020847249133864428,229.9499969482422,232.3300018310547,1
2025-09-15,231.42999267578125,233.72999572753903,230.32000732421875,230.6300048828125,33243300.0,229.68749923706054,226.92179962158204,53.1782003276961,1.7344007534469768,1.9554579798987617,-0.22105722645178494,237.45927456325927,221.9157239108618,15.543550652397471,0.014376501718361023,0.004775716736777458,0.01061132172830237,1,0.021064522082388983,228.1499938964844,235.83999633789065,1
2025-09-16,234.0500030517578,235.8999938964844,232.22999572753903,232.94000244140625,38203900.0,229.81549911499025,227.13339965820313,56.033156579797875,1.8706513049774856,1.9384966449145065,-0.06784533993702091,237.78365059396594,221.84734763601455,15.936302957951398,0.011320962964584513,0.017829989814865943,0.03865273300531502,1,0.020339029436277748,231.42999267578125,238.2400054931641,0
2025-09-17,231.6199951171875,234.3000030517578,228.7100067138672,233.7700042724609,42815200.0,229.99599914550782,227.37859954833985,52.81646062007938,1.7622355621940358,1.9032444283704124,-0.14100886617637665,237.95592306060976,222.03607523040588,15.919847830203878,-0.010382430689534927,0.015209297889692275,0.024912560233526282,1,0.020845189810407366,234.0500030517578,230.3300018310547,0
2025-09-18,231.22999572753903,233.47999572753903,228.7899932861328,232.5,37931700.0,230.36699905395508,227.55239959716798,52.297556354889025,1.626100934204345,1.847815729537199,-0.221714795332854,237.81421674864978,222.91978135926038,14.8944353893894,-0.0016837898189711042,-0.0008641790371674007,-0.018881521921820354,1,0.015323771629906975,231.6199951171875,229.9499969482422,1
2025-09-19,231.47999572753903,234.16000366210935,229.6999969482422,232.3699951171875,97943200.0,230.84349899291993,227.73679962158204,52.61891038771942,1.520854705047725,1.7824235246393043,-0.2615688195915793,237.21777621111562,224.46922177472425,12.748554436391373,0.0010811746080494622,-0.010980590859682393,-0.0036586153179379854,1,0.0146972796258543,231.22999572753903,228.1499938964844,0
2025-09-22,227.6300048828125,230.57000732421875,227.50999450683597,230.55999755859372,45914500.0,230.78299942016602,227.78899963378908,47.330900417797764,1.1139433788636381,1.648727495484171,-0.5347841166205329,237.2544191687677,224.31157967156435,12.942839497203352,-0.016632067201427292,-0.017226449868269267,-0.034811701079386026,1,0.014432594540151156,231.47999572753903,231.42999267578125,0
2025-09-23,220.7100067138672,227.8600006103516,220.07000732421875,227.8300018310547,70956200.0,230.42149963378907,227.68939971923828,39.62310935128367,0.23042105138057423,1.3650662066634518,-1.1346451552828776,238.16959973822568,222.67339952935245,15.496200208873233,-0.030400202172415014,-0.0454957799941651,-0.0735812557719232,1,0.015816001302356147,227.6300048828125,234.0500030517578,0
2025-09-24,220.2100067138672,224.55999755859372,219.4499969482422,224.1499938964844,49509000.0,229.99649963378906,227.5665997314453,39.127301079900775,-0.5043092171760009,0.9911911218955614,-1.4955003390715622,238.91724125969122,221.0757580078869,17.841483251804334,-0.0022654160880354324,-0.04868666503232988,-0.04393693846540425,1,0.013006065037507997,220.7100067138672,231.6199951171875,0
2025-09-25,218.1499938964844,220.6699981689453,216.47000122070312,220.05999755859372,52226300.0,229.4479995727539,227.46579956054688,37.06921648058215,-1.2385369831904143,0.5452455008783663,-1.7837824840687806,239.75772844850775,219.13827069700005,20.619457751507696,-0.009354764790773018,-0.041646579022868946,-0.05131551732272366,1,0.013052765861590224,220.2100067138672,231.22999572753903,1
2025-09-26,219.77999877929688,221.0500030517578,218.0200042724609,219.0800018310547,41650100.0,228.85699920654298,227.38379943847656,39.76886987297493,-1.6696433963028596,0.1022677214421211,-1.7719111177449807,239.93225113175325,217.7817472813327,22.150503850420534,0.007471945580644457,-0.004213709873952309,-0.036686370112221645,1,0.013592998547409078,218.1499938964844,231.47999572753903,1
2025-09-29,222.1699981689453,222.6000061035156,219.3000030517578,220.0800018310547,44259200.0,228.51549911499023,227.30459930419923,43.59002233087953,-1.7977223339397312,-0.2777302896342494,-1.5199920443054817,239.96686683621598,217.06413139376448,22.9027354424515,0.01087450815780766,0.008900555811820476,-0.040012076221289994,1,0.013113729087931729,219.77999877929688,227.6300048828125,0
2025-09-30,219.57000732421875,222.2400054931641,217.88999938964844,222.02999877929688,48396400.0,228.22699966430665,227.10999938964844,40.57435332483532,-2.084988892819297,-0.6391820102712589,-1.445806882548038,240.2598088148263,216.194190513787,24.065618301039308,-0.011702709034319914,0.006509344338593737,-0.06186710334858214,1,0.012108113278956712,222.1699981689453,220.7100067138672,1
2025-10-01,220.6300048828125,222.1499938964844,216.6100006103516,217.3600006103516,43933800.0,227.95899963378906,226.97319946289062,42.326187411681445,-2.2017365181183948,-0.951692911840686,-1.2500436062777087,240.41063556426278,215.50736370331535,24.903271860947427,0.004827606336181178,0.0038675316600087495,-0.04744836571132227,1,0.012487600589080971,219.57000732421875,220.2100067138672,1
2025-10-02,222.41000366210935,222.80999755859372,218.9499969482422,221.00999450683597,41258600.0,227.29550018310547,226.85559967041016,45.24523068034002,-2.126120236250756,-1.1865783767227,-0.939541859528056,239.4411922510231,215.14980811518785,24.291384135835244,0.008067800117405932,0.0010802785936088188,-0.0381438058573611,1,0.013120805589857284,220.6300048828125,218.1499938964844,0
2025-10-03,219.50999450683597,224.1999969482422,219.33999633789065,223.44000244140625,43639000.0,226.65449981689454,226.6011996459961,41.55503129444871,-2.2739871818036193,-1.404060137738884,-0.8699270440647353,239.02090140705604,214.28809822673304,24.732803180323003,-0.013039023009410733,-0.00027331974031485906,-0.05171073717658192,1,0.013295382722581994,222.41000366210935,219.77999877929688,1
2025-10-06,220.8999938964844,221.72999572753903,216.02999877929688,221.0,43690900.0,225.90749969482422,226.39039947509767,43.91613407073761,-2.253039826788438,-1.5738560755487947,-0.6791837512396433,237.7584089413679,214.05659044828056,23.70181849308733,0.00633228292302257,0.0012237184775267806,-0.02956557062761922,0,0.013085911264245662,219.50999450683597,222.1699981689453,1
2025-10-07,221.77999877929688,222.88999938964844,220.1699981689453,220.8800048828125,31194700.0,225.08449935913086,226.17019958496093,45.41948559276323,-2.1407525941529,-1.687235379269616,-0.4535172148832842,235.6070391983486,214.56195951991313,21.045079678435457,0.003983725247293846,-0.0028326283550158537,0.00484795447818942,0,0.008915413698884178,220.8999938964844,219.57000732421875,1
2025-10-08,225.22000122070312,226.72999572753903,221.19000244140625,222.9199981689453,46686000.0,224.8289993286133,226.0543997192383,50.95405752018437,-1.7539660764584255,-1.7005815187073778,-0.05338455775104767,235.07416094372954,214.58383771349705,20.49032323023249,0.015510877718191152,0.026012513583700825,0.02275098476040527,0,0.01000413249105942,221.77999877929688,220.6300048828125,1
2025-10-09,227.7400054931641,228.2100067138672,221.75,225.0,46412100.0,224.71849975585937,226.00539978027345,54.58696353321875,-1.2299140072256023,-1.6064480164110229,0.37653400918542057,234.78648684124528,214.65051267047346,20.135974170771817,0.01118907849570383,0.03096429056437633,0.04396063197338562,0,0.009438898523266607,225.22000122070312,222.41000366210935,0
2025-10-10,216.3699951171875,228.25,216.0,226.2100067138672,72367500.0,224.12949981689454,225.65059967041014,40.14009449907178,-1.7123251623806084,-1.6276234456049399,-0.08470171677566851,234.69175127063534,213.56724836315374,21.1245029074816,-0.04992539782966621,-0.02439355979748703,-0.015515532264306242,0,0.019461205695262093,227.7400054931641,219.50999450683597,1
2025-10-13,220.07000732421875,220.67999267578125,217.0399932861328,217.6999969482422,37809700.0,223.5615005493164,225.75699981689453,45.220836845158544,-1.7756112741220136,-1.6572210113083545,-0.11839026281365905,233.705815201537,213.4171858970958,20.2886293044412,0.017100394188331425,-0.02286650327933204,-0.0094521801414863,0,0.019989507662328338,216.3699951171875,220.8999938964844,0
2025-10-14,216.38999938964844,219.32000732421875,212.6000061035156,215.55999755859372,45665600.0,222.67850036621093,225.85179992675782,41.4523215314179,-2.098521410305409,-1.7454810911077656,-0.35304031919764345,232.06320661082387,213.29379412159798,18.769412489225886,-0.016721987604375044,-0.04983755962830316,-0.014482888502502456,0,0.020354336208664944,220.07000732421875,221.77999877929688,0
2025-10-15,215.57000732421875,217.7100067138672,212.66000366210935,216.6199951171875,45909500.0,221.8760009765625,225.8882000732422,40.63962765402672,-2.3930113807932685,-1.8749871490448662,-0.5180242317484023,230.7985992083217,212.9534027448033,17.84519646351839,-0.003789417568938358,-0.003697313911457445,-0.022934312861396022,0,0.02024976288989203,216.38999938964844,225.22000122070312,0
2025-10-16,214.47000122070312,218.58999633789065,212.80999755859372,215.6699981689453,42414600.0,221.0380012512207,225.73140014648436,39.52027178518659,-2.684216130820147,-2.0368329453999223,-0.6473831854202245,229.42096659548855,212.65503590695283,16.765930688535718,-0.00510277898660183,-0.025446475744717922,-0.035699844029807526,0,0.019938778228992607,215.57000732421875,227.7400054931641,0
2025-10-17,213.0399932861328,214.8000030517578,211.02999877929688,214.55999755859372,45986900.0,220.1160011291504,225.52959991455077,38.05291922115609,-2.9958533499143982,-2.2286370263028177,-0.7672163236115805,227.72260008111516,212.50940217718562,15.21319790392954,-0.006667636156250767,-0.015481335149335362,-0.02947474549046858,0,0.01969853392733088,214.47000122070312,216.3699951171875,1
2025-10-20,216.47999572753903,216.69000244140625,213.58999633789065,213.8800048828125,38882800.0,219.55850067138672,225.40539978027343,43.48861897826531,-2.9314566362160406,-2.3692009482854623,-0.5622556879305782,226.48447909674314,212.6325222460303,13.851956850712838,0.016147214372026264,0.004221312670605659,-0.020009046134318198,0,0.020435354873386144,213.0399932861328,220.07000732421875,1
2025-10-21,222.02999877929688,223.32000732421875,217.9900054931641,218.42999267578125,50494600.0,219.6245002746582,225.4199996948242,50.96452982158134,-2.4048611710846046,-2.376332992845291,-0.02852817823931364,226.6179415380336,212.63105901128282,13.986882526750776,0.025637486886977978,0.035249673686596594,0.0011272432202003024,0,0.02219135017974274,216.47999572753903,216.38999938964844,0
2025-10-22,217.9499969482422,220.00999450683597,216.5200042724609,219.3000030517578,44308500.0,219.51149978637696,225.349599609375,46.13292905296908,-2.290350782691604,-2.359136550814554,0.06878576812294979,226.53641067427003,212.4865888984839,14.049821775786143,-0.018375903497213075,0.023047332974305723,-0.032279567680744026,0,0.02220423406544979,222.02999877929688,215.57000732421875,1
2025-10-23,221.08999633789065,221.3000030517578,218.17999267578125,219.0,31540000.0,219.65849990844725,225.28019958496094,50.05712301546482,-1.9240495210135293,-2.272119144854349,0.34806962384081963,226.68633936693448,212.63066044996003,14.055678916974443,0.014406971477930908,0.021295273010600635,-0.02920000436845971,0,0.022455429597557395,217.9499969482422,214.47000122070312,1
2025-10-24,224.2100067138672,225.3999938964844,221.8999938964844,221.97000122070312,38685100.0,219.88000030517577,225.1447998046875,53.66882244449992,-1.3662451461620435,-2.090944345115888,0.7246991989538443,227.18305228336274,212.5769483269888,14.606103956373943,0.014111947295924798,0.009818528786901926,0.03623428281926744,0,0.015578723933684471,221.08999633789065,213.0399932861328,1
2025-10-27,226.97000122070312,228.3999938964844,225.5399932861328,227.66000366210935,38267000.0,220.12000045776367,225.06359985351563,56.65498898160699,-0.6934786793238459,-1.8114512119574795,1.1179725326336336,228.00092505176625,212.2390758637611,15.761849188005158,0.012309863182682124,0.04138565909043335,0.03135363142110936,0,0.015188778514175995,224.2100067138672,216.47999572753903,1
2025-10-28,229.25,231.4900054931641,226.2100067138672,228.22000122070312,47100000.0,220.60400009155273,225.01879974365235,59.005577134028805,0.023400690813247138,-1.4444808314033344,1.4678815222165815,229.42345754159933,211.78454264150614,17.638914900093198,0.010045375014470892,0.03690806367212773,0.05942973634005533,0,0.01355995810556538,226.97000122070312,222.02999877929688,1
2025-10-29,230.3000030517578,232.82000732421875,227.75999450683597,231.6699981689453,52036200.0,221.0875,225.06459991455077,60.07926148268607,0.6685525696555601,-1.0218741511915554,1.6904267208471155,230.86758693715643,211.30741306284358,19.560173874312852,0.0045801659836763875,0.027162018444888414,0.06833045055931675,0,0.013149430918057831,229.25,217.9499969482422,0
2025-10-30,222.8600006103516,228.44000244140625,222.75,227.05999755859372,102252900.0,221.1099998474121,225.04559997558593,50.07202426242949,0.5728901424294577,-0.7029212924673529,1.2758114348968106,230.90421365053504,211.31578604428915,19.588427606245887,-0.03230569840563202,-0.01810812260759964,0.03911968733107174,0,0.017841310388725197,230.3000030517578,221.08999633789065,1
2025-10-31,244.22000122070312,250.5,243.97999572753903,250.1000061035156,166340800.0,222.34550018310546,225.49100006103515,67.04411781469928,2.1953439573381672,-0.1232682425062489,2.318612199844416,236.34989981250845,208.34110055370246,28.008799258805993,0.09584492754129248,0.06529989627351407,0.1463575334077889,0,0.0335623475383582,222.8600006103516,224.2100067138672,1
2025-11-03,254.0,258.6000061035156,252.8999938964844,255.3600006103516,95997800.0,224.00050048828126,225.99420013427735,71.77505130725669,4.221649909163972,0.7457153878277952,3.4759345213361765,243.62575663912233,204.3752443374402,39.250512301682136,0.04004585509136338,0.10290923419100362,0.17331857452401067,0,0.03454957711017578,244.22000122070312,226.97000122070312,0
2025-11-04,249.32000732421875,257.010009765625,248.66000366210935,250.3800048828125,51546300.0,225.37750091552735,226.4218002319336,66.83100055228243,5.3877688327923465,1.6741260768207056,3.713642755971641,247.84515584421723,202.90984598683747,44.935309857379764,-0.018425168014886806,0.11872927686170942,0.12291135745151616,0,0.036050345143520277,254.0,229.25,1
2025-11-05,250.1999969482422,251.0,246.16000366210935,249.02999877929688,40610700.0,226.6265007019043,226.8516000366211,67.28729266159517,6.310194297576658,2.601339720971896,3.708854576604762,251.562053969423,201.69094743438558,49.87110653503743,0.0035295587926045258,0.024486101456264064,0.1479697198970762,0,0.03462161823412391,249.32000732421875,230.3000030517578,0
2025-11-06,243.0399932861328,250.3800048828125,242.1699981689453,249.16000366210935,46004200.0,227.39150009155273,227.13,60.04899100688926,6.389812881868181,3.359034353151153,3.030778528717028,253.33516000435395,201.4478401787515,51.88731982560245,-0.028617121300727022,-0.043149632731760534,0.09928082369993851,1,0.03719992655033316,250.1999969482422,222.8600006103516,1
2025-11-07,244.41000366210935,244.8999938964844,238.4900054931641,242.8999938964844,46374300.0,228.79350051879882,227.38619995117188,60.91536416552509,6.488662311156048,3.9849599447521324,2.5037023664039157,255.229125104863,202.35787593273466,52.87124917212833,0.005636975040414827,-0.019693580610738448,0.09009409189314654,1,0.037195211867748434,243.0399932861328,244.22000122070312,1
2025-11-10,248.3999938964844,251.75,245.58999633789065,248.33999633789065,36476500.0,230.20999984741212,227.77419982910158,63.4044408865683,6.810453394836998,4.550058634769106,2.260394760067892,257.64135810168284,202.7786415931414,54.86271650854144,0.01632498741700905,-0.007194256889340167,0.09441773168491552,1,0.03725336436833219,244.41000366210935,254.0,1
2025-11-11,249.1000061035156,249.75,247.22999572753903,248.41000366210935,23564100.0,231.84550018310546,228.24940002441406,63.83953646149056,7.040798341360642,5.048206576087413,1.9925917652732288,259.6833872261723,204.00761314003861,55.67577408613366,0.0028180846386127723,0.024934220641819493,0.0865867223708423,1,0.037315240930252444,248.3999938964844,249.32000732421875,0
2025-11-12,244.1999969482422,250.3699951171875,243.75,250.2400054931641,31190100.0,233.27699966430663,228.61359985351564,58.58850459024112,6.750147089454401,5.3885946787608106,1.3615524106935908,260.55885400868465,205.9951453199286,54.56370868875604,-0.019670851205186968,-0.0008592394366864209,0.060356030014296014,1,0.03840249453303418,249.1000061035156,250.1999969482422,0
2025-11-13,237.5800018310547,243.75,236.5,243.0500030517578,41401700.0,234.43249969482423,228.6516000366211,52.326388021941774,5.917413340413702,5.4943584110913894,0.4230549293223129,260.3539460785356,208.51105331111285,51.84289276742277,-0.027108907452568887,-0.0435587452950531,0.06605044054738007,1,0.037849924922814936,244.1999969482422,243.0399932861328,0
2025-11-14,234.69000244140625,238.72999572753903,232.88999938964844,235.05999755859372,38956700.0,235.5150001525879,228.69880004882813,49.822806775805994,4.967010442242753,5.3888888173216625,-0.4218783750789097,259.50915671419915,211.52084359097665,47.9883131232225,-0.012164320933474637,-0.05784826699731649,-0.039022187911155415,1,0.02162553654319532,237.5800018310547,244.41000366210935,0
2025-11-17,232.8699951171875,234.6000061035156,229.19000244140625,233.25,59919000.0,236.33450012207032,228.63940002441407,48.25691914955659,4.020602909923355,5.115231635842002,-1.0946287259186471,258.73910143381704,213.92989881032364,44.809202623493405,-0.007754941860691922,-0.046396404474386865,-0.08318899560162396,1,0.015192081247158158,234.69000244140625,248.3999938964844,0
2025-11-18,222.5500030517578,230.1999969482422,222.4199981689453,228.1000061035156,60608400.0,236.36050033569336,228.32559997558593,40.486663594234564,2.4100494601810283,4.5741952007098075,-2.164145740528779,258.69975224924445,214.02124842214226,44.67850382710219,-0.04431653833391602,-0.06326289529193974,-0.10737206596359872,1,0.018833296931546308,232.8699951171875,249.1000061035156,1
2025-11-19,222.69000244140625,223.7400054931641,218.5200042724609,223.7400054931641,58335600.0,236.59750061035157,228.17279998779296,40.62633292294458,1.1319229256804135,3.8857407457039286,-2.753817820023515,258.240159298138,214.95484192256515,43.285317375572845,0.0006290693674619874,-0.05113127902836834,-0.10995201775532726,1,0.01860333314948644,222.5500030517578,244.1999969482422,0
2025-11-20,217.13999938964844,227.41000366210935,216.7400054931641,227.0500030517578,50309000.0,236.40000076293944,227.9166000366211,36.92654224783845,-0.32509295505917635,3.043574005551308,-3.368666960610484,258.6681615158117,214.1318400100672,44.53632150574447,-0.02492255148822009,-0.06754840064141043,-0.10656679810714165,1,0.01825737714434056,222.69000244140625,237.5800018310547,1
2025-11-21,220.69000244140625,222.2100067138672,215.17999267578125,216.3500061035156,68490500.0,236.2240005493164,227.76740020751953,40.649709670696154,-1.179733724101709,2.198912459620705,-3.378646183722414,258.9261743986245,213.5218267000083,45.40434769861619,0.016348913427910006,-0.008357675061091752,-0.09705004240945636,1,0.019609576057715572,217.13999938964844,234.69000244140625,1
2025-11-24,226.27999877929688,227.3300018310547,222.2700042724609,222.55999755859372,54318400.0,236.1895004272461,227.66440032958985,46.05008755856394,-1.3899541774617035,1.4811391322042233,-2.871093309665927,258.94984466840714,213.42915618608504,45.5206884823221,0.02532963104830621,0.016121048536227978,-0.0890499020157206,1,0.021101762161640777,220.69000244140625,232.8699951171875,1
2025-11-25,229.6699981689453,230.5200042724609,223.8000030517578,226.3800048828125,39379300.0,236.21050033569335,227.5768002319336,49.076264622132626,-1.2683895764759825,0.9312333904681822,-2.1996229669441645,258.9459562294022,213.4750444419845,45.47091178741772,0.0149814363087164,0.057704701181344076,-0.07800083283215975,1,0.02218654016378736,226.27999877929688,222.5500030517578,0
2025-11-26,229.16000366210935,231.75,228.7700042724609,230.7400054931641,38497900.0,236.15350036621095,227.52760040283204,48.634290605409184,-1.1993753958902857,0.5051116331964887,-1.7044870290867744,258.95356755358694,213.35343317883496,45.600134374751974,-0.0022205534501760216,0.03837963263855548,-0.061588834865221376,1,0.02183832046913507,229.6699981689453,222.69000244140625,1
2025-11-28,233.22000122070312,233.2899932861328,230.22000122070312,231.2400054931641,20292300.0,236.6715003967285,227.56740051269531,52.31594782210693,-0.8077619118867005,0.24253692417985082,-1.0502988360665513,258.6975627755998,214.64543801785723,44.052124757742575,0.017716868099636462,0.03066997736806254,-0.018351715534761226,1,0.021651086990842637,229.16000366210935,217.13999938964844,1
2025-12-01,233.8800048828125,235.8000030517578,232.25,233.22000122070312,42904000.0,236.15450057983398,227.6154006958008,52.906873471260134,-0.43908710195054823,0.10621211895377103,-0.5452992209043193,257.9315707495833,214.37743041008468,43.55414033949859,0.0028299616613276513,0.018330677700316267,-0.0034513509317295465,1,0.021358270530240007,233.22000122070312,220.69000244140625,1
2025-12-02,234.4199981689453,238.97000122070312,233.5500030517578,235.00999450683597,45785400.0,235.17550048828124,227.75120056152343,53.41553338344211,-0.10215908727258238,0.06453787770850036,-0.16669696498108275,255.3575804175845,214.993420558978,40.36415985860651,0.0023088475921804186,0.022953370670178996,0.006656087449041337,1,0.02119596436515928,233.8800048828125,226.27999877929688,0
2025-12-03,232.3800048828125,233.3800048828125,230.6100006103516,233.3500061035156,35495100.0,234.32850036621093,227.98460052490233,51.16707110095775,0.00024555196904429977,0.05167941256060915,-0.05143386059156485,253.45952903315134,215.19747169927052,38.26205733388082,-0.008702300580441968,-0.0036017336999141225,0.044169857093951936,1,0.014781725541200875,234.4199981689453,229.6699981689453,0
2025-12-04,229.1100006103516,233.5,226.8000030517578,232.7700042724609,45683200.0,233.2740005493164,228.16260040283203,47.70090834182319,-0.18038073306038882,0.005267383436409555,-0.18564811649679838,251.0676523833179,215.48034871531493,35.58730366800296,-0.014071797072686798,-0.02039509223907776,0.028829305754911827,1,0.01589112460232066,232.3800048828125,229.16000366210935,1
2025-12-05,229.52999877929688,231.2400054931641,228.5469970703125,230.3800048828125,31389664.0,232.5985008239746,228.39020050048828,48.1864045963577,-0.28633730491333154,-0.05305355423353866,-0.23328375067979287,249.876157872822,215.3208437751272,34.555314097694804,0.0018331725713691682,-0.020859992440253494,0.057059958664801735,1,0.0125830795572545,229.1100006103516,233.22000122070312,0
