Date,Close,High,Low,Open,Volume,MA20,MA50,RSI,MACD,MACD_signal,MACD_hist,BB_high,BB_low,BB_width,Return,Momentum3,Momentum10,Trend,Volatility10,Lag1,Lag5,Target
2016-02-18,34.630516052246094,35.37541852050044,34.56496275580985,35.258716830705666,37664000.0,35.19132671356201,36.11571090698242,45.58653464304561,-0.5118165403713206,-0.5149361323874176,0.003119592016097017,37.62652978001225,32.75612364711178,4.87040613290047,-0.0155985145139379,0.021908108911292246,-0.040718050095112646,0,0.017874842524622417,35.17926025390625,33.9735107421875,1
2016-02-19,34.80730056762695,34.91510999263549,34.46662960438437,34.51529634359487,31786000.0,35.17722301483154,36.05379455566406,46.914796164710665,-0.46609135373169863,-0.5051671766562739,0.03907582292457523,37.61788577004412,32.73656025961896,4.881325510425157,0.005104876725317897,0.014341365815883522,-0.010028150297809901,0,0.016245493312635206,34.630516052246094,33.9233512878418,1
2016-02-22,35.08292007446289,35.41961288290493,34.88676031185089,35.132083150131244,38996000.0,35.130567169189455,35.99826454162598,49.0048454686589,-0.402968453639879,-0.4847274320529949,0.08175897841311591,37.54079214743956,32.72034219093935,4.820449956500212,0.007918439590006043,-0.002738550462631273,0.0334858896032304,0,0.011262693350823094,34.80730056762695,33.888092041015625,0
2016-02-23,34.556026458740234,35.17926018533857,34.44329918394477,34.83412217917136,40186000.0,35.09128608703613,35.94288345336914,45.33056861396403,-0.3909523564900965,-0.46597241694041525,0.07502006045031873,37.51205472647485,32.67051744759741,4.841537278877439,-0.015018522249696797,-0.002150981330843571,0.019201983621039975,0,0.012646096039702997,35.08292007446289,34.3151741027832,1
2016-02-24,34.74026107788086,34.762110911083134,33.80764412066914,34.21187550683479,39272000.0,35.05781497955322,35.89332260131836,46.83169969740803,-0.3623859591166294,-0.44525512537565815,0.08286916625902874,37.47856030055249,32.637069658553955,4.841490641998533,0.005331475809598585,-0.001926018066693902,0.031632092211435925,0,0.012289169976726574,34.556026458740234,35.17926025390625,1
2016-02-25,35.04766082763672,35.05908396921508,34.29456701286693,34.762612715979,32844000.0,35.072117233276366,35.860427703857425,49.331630249892754,-0.3113532066740774,-0.418474741635342,0.10712153496126459,37.48907058746264,32.65516387909009,4.833906708372552,0.00884851582049806,-0.0010050259998692912,0.031617282464581065,0,0.012288427543220879,34.74026107788086,34.630516052246094,0
2016-02-26,35.01389694213867,35.429055224049776,34.8048250257298,35.18820310331997,44870000.0,35.00783233642578,35.81801803588867,49.058779282792266,-0.2705155116471474,-0.3888828956377031,0.11836738399055574,37.35825165448285,32.65741301836871,4.700838636114142,-0.0009633705845333296,0.013250090659154168,0.032147344318770976,0,0.012267854962822943,35.04766082763672,34.80730056762695,0
2016-02-29,34.65137481689453,35.302914447635,34.64690406823332,34.778006878338296,49622000.0,34.895650482177736,35.77269828796387,46.109874487441814,-0.2643565125811662,-0.36397761902639575,0.09962110644522953,37.0836301318127,32.707670832542775,4.3759592992699226,-0.010353664027834886,-0.0025585950775401933,0.022523627914935007,0,0.012962510684087889,35.01389694213867,35.08292007446289,1
2016-03-01,35.69622039794922,35.69622039794922,34.75069122072443,34.941883910568976,43028000.0,34.81323928833008,35.73368530273437,54.58334685271166,-0.17316897109114393,-0.32581588943934536,0.15264691834820143,36.733903953981404,32.89257462267876,3.8413293313026458,0.030153077232169867,0.018505074375779085,0.040245935836706215,0,0.015459269477506811,34.65137481689453,34.556026458740234,1
2016-03-02,35.69820785522461,35.75531597961434,35.358033175444106,35.70565657628546,32580000.0,34.69951763153076,35.70331314086914,54.59797057269627,-0.09959376141070919,-0.28057146383361814,0.18097770242290895,36.040223544781604,33.35881171827992,2.6814118265016873,5.567696672748035e-05,0.019543980329204125,0.014751521139809487,0,0.013571754870634096,35.69622039794922,34.74026107788086,0
2016-03-03,35.3788948059082,35.72800723715649,35.061070038069886,35.689767180629865,39160000.0,34.66343955993652,35.676605987548825,51.71674369881966,-0.0662866607642627,-0.23771450321974708,0.17142784245548437,35.88494302294257,33.44193609693047,2.443006926012103,-0.008944792147868919,0.020995414838748783,0.02161038410554017,0,0.012777601805678938,35.69820785522461,35.04766082763672,0
2016-03-04,35.302913665771484,35.5810131701899,35.061068901176505,35.50652216384979,39442000.0,34.670590782165526,35.63997665405273,51.026706792460494,-0.0454971240206703,-0.19927102737993174,0.15377390335926144,35.9052401750674,33.435941389263654,2.469298785803744,-0.0021476402966672525,-0.011018161805173343,0.014238768593433537,0,0.012801036366615563,35.3788948059082,35.01389694213867,0
2016-03-07,34.521759033203125,35.16391384406222,34.11156786682855,35.10477114691072,59702000.0,34.69936866760254,35.585509338378905,44.458960848564324,-0.09100486935213326,-0.17761779577437206,0.0866129264222388,35.891227978614445,33.50750935659064,2.3837186220238067,-0.02212720003691193,-0.032955402881640894,-0.015995277476011482,0,0.014532901489283167,35.302913665771484,34.65137481689453,0
2016-03-08,34.46266555786133,34.95032570063209,34.03409506940914,34.1954928755336,41526000.0,34.72725276947021,35.52955238342285,43.99760603745078,-0.13033600268066436,-0.16816143715563053,0.03782543447496617,35.868486595092804,33.58601894384762,2.2824676512451845,-0.0017117747471953049,-0.02589762210135138,-0.002701725587297421,0,0.01374723183229416,34.521759033203125,35.69622039794922,1
2016-03-09,35.022335052490234,35.04418488811356,34.464154536935126,34.68613477264433,28430000.0,34.794617080688475,35.486685791015624,49.35762803822933,-0.1150196830368273,-0.1575330863318699,0.04251340329504261,35.83396828550594,33.75526587587101,2.0787024096349285,0.016239878302194644,-0.007947746634671904,0.008119512227528158,0,0.014637639451647626,34.46266555786133,35.69820785522461,1
2016-03-10,35.39875411987305,35.578523656695694,34.92896943034372,35.165350761535024,56670000.0,34.86587924957276,35.43733337402344,52.640767261170616,-0.07168122001425559,-0.14036271306834705,0.06868149305409146,35.86492425791662,33.866834241228894,1.9980900166877262,0.010747971739138773,0.02540412514398316,0.01001759558114279,0,0.01476395289447616,35.022335052490234,35.3788948059082,1
2016-03-11,36.09400177001953,36.09896884751806,35.61254760827479,35.755319829004655,39416000.0,34.97441177368164,35.38789176940918,58.050266518273844,0.018551647265987015,-0.10857984100148024,0.12713148826746726,36.01121401463975,33.93760953272353,2.0736044819162203,0.019640455361567888,0.04733633297805295,0.030847889615536417,0,0.015843055186200813,35.39875411987305,35.302913665771484,1
2016-03-14,36.27625274658203,36.52504988005354,36.01106539581116,36.09350144481709,34366000.0,35.093819808959964,35.3476570892334,59.360696092865794,0.10357403831086742,-0.06614906513901071,0.16972310344987812,36.15252923213904,34.03511038578089,2.1174188463581487,0.00504934248420974,0.03580337211132467,0.04689216339246882,0,0.015115829532378777,36.09400177001953,34.521759033203125,0
2016-03-15,36.168983459472656,36.36563574797994,35.992191900318694,36.09896321163235,34420000.0,35.186510276794436,35.31731460571289,58.208149512358276,0.16044959769843103,-0.020829332571522363,0.1812789302699534,36.28032794868766,34.09269260490121,2.1876353437864537,-0.0029570112397974135,0.021758656731006187,0.013244064952899093,0,0.012280244215332978,36.27625274658203,34.46266555786133,1
2016-03-16,36.55434799194336,36.62287925567765,35.97928097114957,36.07165117293208,32488000.0,35.25526466369629,35.31160362243652,61.12810508563152,0.233923065931954,0.03012114712917291,0.2038019188027811,36.50094276292711,34.009586564465465,2.491356198461645,0.01065455801107884,0.012754092074827916,0.023982720370469446,0,0.012605882036536925,36.168983459472656,35.022335052490234,1
2016-03-17,36.638275146484375,36.90097707641073,36.549879358851335,36.57222552298745,37216000.0,35.3556526184082,35.306836166381835,61.75482960160064,0.29551700276283555,0.08320031825590543,0.21231668450693011,36.703200166621954,34.008105070194446,2.695095096427508,0.0022959554513053426,0.009979597463700474,0.035596938442685744,1,0.011962198481074503,36.55434799194336,35.39875411987305,0
2016-03-18,36.629337310791016,36.84783945175366,36.34279644243667,36.840887059239805,59614000.0,35.446754455566406,35.30085716247559,61.64085078412396,0.3396936558056538,0.13449898576585512,0.2051946700397987,36.87748949762184,34.016019413510975,2.861470084110863,-0.00024394804770766498,0.012727862585194982,0.03757263940244071,1,0.011875960804851721,36.638275146484375,36.09400177001953,1
2016-03-21,36.85231018066406,36.872671029356034,36.42652444622926,36.57471080909499,36730000.0,35.535223960876465,35.316450424194336,63.45306097459793,0.38822085044952104,0.1852433587025883,0.20297749174693275,37.079354018540805,33.991093903212125,3.08826011532868,0.006087275562240535,0.008151210597064251,0.0675096290782693,1,0.007638177938920767,36.629337310791016,36.27625274658203,0
2016-03-22,36.7857666015625,36.996823823445865,36.62238726141863,36.62238726141863,25394000.0,35.64671096801758,35.34255187988281,62.504016976404515,0.4165082433567022,0.2314963356334111,0.18501190772329112,37.2137546985925,34.079667237442656,3.1340874611498464,-0.0018056827041599277,0.004025611317356903,0.06740920953432306,1,0.007649554634022517,36.85231018066406,36.168983459472656,0
2016-03-23,36.65217971801758,37.032575990034935,36.55732786723966,36.86571857009246,28642000.0,35.74230690002442,35.364432144165036,60.54623966577744,0.42326769445867285,0.26985060739846345,0.1534170870602094,37.3097681995303,34.17484560051853,3.134922599011773,-0.003631482931750196,0.0006236096228755539,0.04653729293276965,1,0.0074367909461851385,36.7857666015625,36.55434799194336,0
2016-03-24,36.51511764526367,36.636634859103424,36.30157879048792,36.35173452511863,31898000.0,35.815679740905765,35.37359939575195,58.52087002338488,0.41280627063558484,0.29844174004588775,0.11436453058969709,37.38358958740441,34.24776989440712,3.1358196929972877,-0.0037395340143039357,-0.009149834399725387,0.03153680272503978,1,0.007513271139114939,36.65217971801758,36.638275146484375,0
2016-03-28,36.42721557617188,36.698362656352266,36.37606718751755,36.58910969818663,26026000.0,35.88634567260742,35.40634536743164,57.199347167761665,0.39289352257728893,0.317332096552168,0.07556142602512095,37.43055766434221,34.34213368087263,3.088423983469582,-0.0024072788138255197,-0.009747004303979567,0.009231833263473765,1,0.004918439348626945,36.51511764526367,36.629337310791016,1
2016-03-29,36.98540115356445,37.10855891290879,36.190342913012806,36.47986177661637,38076000.0,36.00304698944092,35.436191177368165,62.92482012319671,0.417342572037839,0.33733419164930223,0.08000838038853675,37.508592695544564,34.49750128333727,3.0110914122072927,0.015323311665843997,0.009091449352003123,0.01954855734235772,1,0.0066446126619785235,36.42721557617188,36.85231018066406,1
2016-03-30,37.27144241333008,37.63644491036666,37.18255029822002,37.25008890720271,35648000.0,36.08180809020996,35.491890029907225,65.4736803248725,0.45455987570433365,0.3607793284603085,0.09378054724402513,37.67704835675573,34.48656782366419,3.190480533091545,0.00773389637111066,0.02071264771522685,0.03048078348933214,1,0.0066260445216886135,36.98540115356445,36.7857666015625,0
2016-03-31,36.99433898925781,37.2873321260001,36.79520125497996,37.207877837081895,34376000.0,36.14661464691162,35.53475677490234,61.09195955160897,0.4564334458793766,0.3799101519441222,0.07652329393525442,37.77912947046765,34.51409982335559,3.2650296471120583,-0.007434738398349738,0.015568673150436974,0.012036625503795806,1,0.00677967272511023,37.27144241333008,36.65217971801758,1
2016-04-01,37.24065017700195,37.26200368261049,36.599537313615926,36.67899539019902,31534000.0,36.23970241546631,35.585866928100586,63.43444572183145,0.47234857770689587,0.398397837096677,0.07395074061021889,37.89860184456928,34.580802986363345,3.317798858205933,0.006658077816058983,0.006901345273441883,0.0164411405315672,1,0.006993705501441892,36.99433898925781,36.51511764526367,0
2016-04-04,37.01122283935547,37.38417039362128,36.86919322624263,37.248100515387904,22684000.0,36.325117874145505,35.62430389404297,59.821662796620956,0.4611329124295125,0.4109448521632441,0.050188060266268375,37.9579982231415,34.69223752514951,3.2657606979919933,-0.006160669498411875,-0.00698174143862873,0.010425673970682281,1,0.0074100024036819106,37.24065017700195,36.42721557617188,0
2016-04-05,36.63926696777344,36.88756777811484,36.51859465317728,36.64920112189812,22646000.0,36.430993270874026,35.63676849365234,54.411182505795416,0.4174189409044544,0.4122396699114862,0.005179270992968221,37.841942293472655,35.0200442482754,2.8218980451972584,-0.010049813084979098,-0.00959800961945767,-0.005781000209924558,1,0.00793278639843261,37.01122283935547,36.98540115356445,1
2016-04-06,37.03108596801758,37.05839920840653,36.52802828929895,36.53845877213856,21074000.0,36.559414291381835,35.670557250976564,58.65342629091514,0.4096694083512489,0.41172561759943876,-0.0020562092481898886,37.66484125061939,35.45398733214428,2.2108539184751095,0.010693963953721353,-0.00562729726759148,0.006668866496985171,1,0.008664246797224611,36.63926696777344,37.27144241333008,0
2016-04-07,36.76242446899414,37.09613930096968,36.56378306429789,37.01519602587516,29064000.0,36.646418762207034,35.697612075805665,54.882274436373024,0.3774975534846021,0.40488000477647146,-0.027382451291869336,37.499301966140266,35.7935355582738,1.705766407866463,-0.007255026202998005,-0.006722241289924935,0.00300786342926207,1,0.00893693897767545,37.03108596801758,36.99433898925781,0
2016-04-08,36.70631790161133,37.01917563244637,36.527540972914,36.94568106069053,25816000.0,36.71179695129395,35.736506118774415,54.09997920847971,0.3435139802966134,0.39260679988049985,-0.04909281958388645,37.34401265700875,36.07958124557915,1.264431411429598,-0.0015261933398906802,0.0018300293479360796,0.00523619444979273,1,0.008851784717116336,36.76242446899414,37.24065017700195,0
2016-04-11,36.55484771728516,36.99682288217193,36.5523660729952,36.898496725510846,24402000.0,36.734839248657224,35.74161117553711,51.94720299290762,0.30089089280653525,0.374263618465707,-0.07337272565917174,37.305948120844796,36.16373037646965,1.1422177443751451,-0.004126542594987903,-0.01286049918016785,0.003503757811145203,1,0.008932100482892402,36.70631790161133,37.01122283935547,1
2016-04-12,36.90196990966797,36.93872097666553,36.30207504440418,36.649202132890416,27060000.0,36.76612510681152,35.74175033569336,56.24431059495582,0.29175843911913546,0.3577625825963927,-0.06600414347725725,37.30070563376927,36.231544579853775,1.0691610539154937,0.00949592773761343,0.003795871537023432,-0.002255788535321712,1,0.007989639704546282,36.55484771728516,36.63926696777344,1
2016-04-13,37.33053588867188,37.46263513375988,36.96012302814086,37.203407509457655,34142000.0,36.82420272827149,35.74147216796875,60.89397134471181,0.315466099778952,0.3493032860329046,-0.0338371862539526,37.338673889837764,36.30973156670521,1.0289423231325543,0.011613634178690102,0.017005736961515083,0.0015854893590239172,1,0.00849572883738038,36.90196990966797,37.03108596801758,1
2016-04-14,37.40403366088867,37.608138471402825,37.37945212331529,37.44425902840048,22706000.0,36.86668701171875,35.730100021362304,61.646686725386374,0.33630849266899787,0.3467043273601233,-0.010395834691125427,37.423586809764544,36.30978721367296,1.1137995960915816,0.0019688378553144315,0.023230460434990885,0.011074523368286737,1,0.00806753003169171,37.33053588867188,36.76242446899414,1
2016-04-15,37.69206237792969,37.79138118289664,37.3789054195968,37.44276891912083,36186000.0,36.919376373291016,35.76193214416504,64.5281753101401,0.371782077145447,0.351719877317188,0.020062199828258964,37.571179420818,36.26757332576403,1.303606095053965,0.007700472084169574,0.021410577001601316,0.012121490865014684,1,0.008153156341895921,37.40403366088867,36.70631790161133,1
2016-04-18,38.06998062133789,38.14148986464215,37.60764460661228,37.764567878794935,31176000.0,36.99140853881836,35.820133972167966,67.93246382532342,0.42548526300833345,0.36647295445541717,0.05901230855291628,37.798902301551394,36.18391477608533,1.6149875254660628,0.010026467631802705,0.019808039586444837,0.02860639829648104,1,0.008128430193173487,37.69206237792969,36.55484771728516,0
2016-04-19,37.44028091430664,38.23335367943724,37.21184464755962,38.21398549083142,40610000.0,37.020807075500485,35.890015563964845,57.952375395487614,0.4124791184595722,0.3756741872562482,0.03680493120332401,37.848464427466624,36.19314972353435,1.6553147039322766,-0.016540583860405467,0.0009690733824749831,0.021862171730612,1,0.009428521273254584,38.06998062133789,36.90196990966797,0
2016-04-20,37.377716064453125,37.64896168383691,37.24562059959929,37.64240711179627,30584000.0,37.05040454864502,35.95947021484375,57.05549181093013,0.3925975742412007,0.37905886465323874,0.013538709587961939,37.884635122886145,36.216173974403894,1.6684611484822511,-0.001671057169595369,-0.008339854432073412,0.009360516640935623,1,0.008992264724003189,37.44028091430664,37.33053588867188,1
2016-04-21,37.69901657104492,37.76406974731523,37.22277579347792,37.512294632423504,61210000.0,37.102746391296385,36.039949569702145,60.44137311176525,0.39817762902055875,0.3828826175267028,0.015295011493855981,37.96146921328541,36.24402356930736,1.7174456439780528,0.0085960443928077,-0.00974426685379104,0.025476886129768506,1,0.008776052401687799,37.377716064453125,37.40403366088867,0
2016-04-22,35.694236755371094,36.55584093338616,35.43799087624664,36.0681769847258,119038000.0,37.06170234680176,36.07436408996582,39.50957908147554,0.23808637463130822,0.3539233689476239,-0.11583699431631567,38.09048065183981,36.03292404176371,2.057556610076105,-0.053178570637134825,-0.04663544493514604,-0.027572396363837015,1,0.01976477108930993,37.69901657104492,37.69206237792969,1
2016-04-25,35.911746978759766,35.95047957082353,35.536314006032484,35.56164193109815,39184000.0,37.035928916931155,36.11413200378418,41.86207737316747,0.12729676152393665,0.3085980474628865,-0.18130128593894984,38.14934370911089,35.92251412475142,2.2268295843594643,0.0060937070844060415,-0.039220402957887535,-0.01759276207355953,1,0.019941180921681168,35.694236755371094,38.06998062133789,0
2016-04-26,35.16635513305664,36.0416633893192,34.91239006522675,36.02448131561288,54892000.0,36.94497661590576,36.139697265625,36.60787415169791,-0.020416350528222438,0.2427951678646647,-0.26321151839288714,38.32524971601798,35.56470351579354,2.7605462002244394,-0.020756212337539326,-0.0671811009503499,-0.047033119935329326,1,0.020362854237971014,35.911746978759766,37.44028091430664,0
2016-04-27,35.05213165283203,35.20806606044988,34.38296288107857,35.12413722701813,61972000.0,36.83401107788086,36.15443641662598,35.865004839025644,-0.14502517633597023,0.16523109902453773,-0.3102562753605079,38.431245204690676,35.23677695107104,3.1944682536196325,-0.0032480898231400657,-0.017989041394545047,-0.06103325820541572,1,0.019573886880401212,35.16635513305664,37.377716064453125,0
2016-04-28,34.316165924072266,35.4657999565338,34.24316769414452,35.172306683936974,57346000.0,36.70010242462158,36.1371745300293,31.438270663035638,-0.29970998202560395,0.07224288281450938,-0.37195286484011336,38.63457873154634,34.765626117696826,3.8689526138495154,-0.020996318741724918,-0.04443061641170554,-0.08255440482199161,1,0.019866908519375042,35.05213165283203,37.69901657104492,1
2016-04-29,34.41499328613281,34.64392592663481,34.21585553317397,34.300276907059605,49754000.0,36.55881958007812,36.13286407470703,32.6405771827323,-0.40960261877447124,-0.024126217503286744,-0.3854764012711845,38.71480232440711,34.402836835749135,4.311965488657975,0.002879906871857685,-0.021365928998923867,-0.08694321523026394,1,0.019487770325968573,34.316165924072266,35.694236755371094,1
2016-05-02,34.673221588134766,34.793897692387354,34.31517148357974,34.64441936074699,32906000.0,36.44191951751709,36.13018249511719,35.80813640023338,-0.47043359363140524,-0.11338769272891044,-0.3570459009024948,38.73620836397485,34.14763067105933,4.588577692915521,0.007503366333824202,-0.010809900762958402,-0.08922408096260681,1,0.01923043008637268,34.41499328613281,35.911746978759766,0
2016-05-03,34.382713317871094,34.65484930585407,34.36483411189992,34.60667888315487,30876000.0,36.32909183502197,36.116178359985355,33.878018952706796,-0.5359065716328715,-0.19789146850970266,-0.33801510312316885,38.78940031131903,33.86878335872491,4.920616952594116,-0.008378462022204602,0.0019392432693696726,-0.0816651884486046,1,0.019053433854061014,34.673221588134766,35.16635513305664,1
2016-05-04,34.5485725402832,34.749695578469805,34.21634671236012,34.2898450511775,33870000.0,36.204966163635255,36.116029281616214,35.999084130968555,-0.5678649318503446,-0.27188616117783104,-0.29597877067251355,38.75976159743924,33.650170729831274,5.109590867607963,0.004823913135613367,0.00388142612842568,-0.07569064731754671,1,0.019412418874260814,34.382713317871094,35.05213165283203,1
2016-05-05,34.833126068115234,34.87732585493973,34.549566969408005,34.647893119559654,33670000.0,36.108501243591306,36.1178865814209,39.58002952718871,-0.5637327112039259,-0.33025547118305,-0.2334772400208759,38.71694807695439,33.50005441022822,5.216893666726165,0.008236332412873137,0.004611757219444179,-0.07602029876638372,0,0.019379241919930002,34.5485725402832,34.316165924072266,1
2016-05-06,35.31433868408203,35.35108596595431,34.6681108889213,34.68166710858715,36586000.0,36.038902282714844,36.123220138549804,45.1674069429595,-0.515683580806062,-0.3673410931076524,-0.14834248769840963,38.6541041303598,33.42370043506989,5.230403695289908,0.013814798448631871,0.0270957488897976,-0.010643120733822564,0,0.012138295120367966,34.833126068115234,34.41499328613281,1
2016-05-09,35.40272903442383,35.69125520474056,35.25871411367338,35.358032919612505,30206000.0,35.981296348571775,36.130996780395506,46.15242943500093,-0.4651104326801132,-0.3868949610221446,-0.0782154716579686,38.59925552919493,33.36333716794862,5.235918361246306,0.0025029592407923573,0.024723351251189518,-0.014174134848883857,0,0.011956797880281866,35.31433868408203,34.673221588134766,1
2016-05-10,35.91323471069336,35.92912481002241,35.542768827909754,35.59392100507749,31392000.0,35.93185958862305,36.15623397827149,51.56436664763254,-0.3794630925065974,-0.38540858731903516,0.005945494812437779,38.5155261333927,33.3481930438534,5.167333089539298,0.014419952647524381,0.031008088118936072,0.02123846997537271,0,0.010728301133510686,35.40272903442383,34.382713317871094,0
2016-05-11,35.521419525146484,35.977795810581085,35.3977654399883,35.92466210067336,33842000.0,35.841403770446775,36.15273796081543,47.60938410716065,-0.33929202207232834,-0.37618527426969384,0.0368932521973655,38.34840136220307,33.33440617869048,5.013995183512591,-0.01091004997748668,0.005863930878529988,0.013388283399207612,0,0.01140912112372863,35.91323471069336,34.5485725402832,0
2016-05-12,35.423091888427734,35.71807413882659,35.20905670482791,35.609317501688,27214000.0,35.74235668182373,36.14723564147949,46.64254078190928,-0.3117961855207909,-0.3633074565199133,0.051511270999122394,38.14910348056269,33.33560988308477,4.813493597477915,-0.0027681223901860896,0.0005751775232951672,0.032256691111840485,0,0.008527351643346795,35.521419525146484,34.833126068115234,0
2016-05-13,35.299930572509766,35.58954789562333,35.22196527541749,35.35455704998457,26290000.0,35.62275009155273,36.14565635681152,45.39890747589726,-0.2965254648710669,-0.34995105819014405,0.05342559331907715,37.86196533793931,33.38353484516615,4.478430492773157,-0.0034768652128360777,-0.01707738506776668,0.025713713758983348,0,0.008787852428800503,35.423091888427734,35.31433868408203,1
2016-05-16,35.58100891113281,35.6798313863781,35.04269296098135,35.21551010484376,26342000.0,35.49830150604248,36.15121826171875,48.75692579920088,-0.25875981381805957,-0.33171280931572716,0.0729529954976676,37.436005335309005,33.560597676775956,3.8754076585330495,0.007962574828459967,0.0016775620677023095,0.026181222321397746,0,0.00881760610308036,35.299930572509766,35.40272903442383,0
2016-05-17,35.07149887084961,35.83080246022976,34.96622032129292,35.556181050667114,40024000.0,35.37986240386963,36.16221305847168,43.5307079252278,-0.2668671865618819,-0.3187436847649581,0.051876498203076216,37.10635020855207,33.65337459918719,3.4529756093648842,-0.014319718745349652,-0.009925531590679326,0.02003290277328129,0,0.009787984512932,35.58100891113281,35.91323471069336,1
2016-05-18,35.09135818481445,35.338169986599134,34.793397996801126,34.944361511562654,35336000.0,35.2655445098877,36.17478691101074,43.783643588864834,-0.2685936764971828,-0.30871368311140307,0.04012000661422027,36.730757430674466,33.80033158910093,2.9304258415735376,0.0005662522163074613,-0.005908577844562113,0.015710798004703985,0,0.009745389184273999,35.07149887084961,35.521419525146484,0
2016-05-19,34.77800369262695,35.06007380838088,34.60320122475581,34.87931160576405,33404000.0,35.119493865966795,36.169900283813476,40.68687716352491,-0.29188238250137033,-0.30534742298939654,0.013465040488026214,36.08111109547869,34.1578766364549,1.9232344590237886,-0.00892967694602087,-0.02256836562761466,-0.0015824699563424804,0,0.009956661719408429,35.09135818481445,35.423091888427734,1
2016-05-20,35.24580383300781,35.48615959939167,34.787938582043004,34.8425650648016,36568000.0,35.097072219848634,36.16684127807617,46.74284573612451,-0.26948483461099215,-0.29817490531371565,0.028690070702723502,36.024337952530566,34.1698064871667,1.8545314653638627,0.01345103487006738,0.004969988958843263,-0.001940708891289833,0,0.009900626685225138,34.77800369262695,35.299930572509766,0
2016-05-23,34.97267532348633,35.33211212539648,34.969693561655774,35.08639524895548,26614000.0,35.050118637084964,36.14441474914551,43.923055899508995,-0.27065387523294504,-0.29267069929756157,0.022016824064616525,35.89944725915789,34.20079001501204,1.6986572441458492,-0.007749248983383916,-0.003382110795001503,-0.012147473448144042,0,0.010123668039845539,35.24580383300781,35.58100891113281,1
2016-05-24,35.759788513183594,35.80348818409172,35.10278173041036,35.10278173041036,38590000.0,35.07979030609131,36.134085464477536,52.7662448470307,-0.20569575944542606,-0.27527571132713446,0.0695799518817084,35.983040857441836,34.17653975474079,1.8065011027010485,0.022506519230133692,0.028230051075783358,-0.004272692191218175,0,0.011706962294859295,34.97267532348633,35.07149887084961,1
2016-05-25,36.01702880859375,36.12826709547614,35.74066834804282,35.79305945945323,32584000.0,35.128035163879396,36.13104637145996,55.249974627163496,-0.13193794420089233,-0.24660815790188606,0.11467021370099373,36.11903541372681,34.13703491403198,1.9820004996948342,0.00719356310833108,0.021881327469220224,0.013952406465524536,0,0.011287648385339388,35.759788513183594,35.09135818481445,0
2016-05-26,35.95991897583008,36.16898708270369,35.76922261376411,35.8978437712666,31526000.0,35.21022281646729,36.119157791137695,54.56398971915116,-0.0772026859340258,-0.21272706350831402,0.13552437757428823,36.19085631429109,34.229589318643484,1.9612669956476054,-0.001585634202842523,0.02822900001821571,0.015154721363487722,0,0.011244736088945871,36.01702880859375,34.77800369262695,1
2016-05-27,36.38400650024414,36.447373660640906,35.953950916249134,35.9544472449793,39500000.0,35.30867347717285,36.11407241821289,58.66791189461144,0.000391209936957182,-0.1701034088192598,0.170494618756217,36.34402247763485,34.273324476710854,2.070698000923997,0.011793339264727143,0.017455863499595825,0.030710426625558673,0,0.011517970007197002,35.95991897583008,35.24580383300781,1
2016-05-31,36.535980224609375,36.73511799481119,36.31449628681528,36.33833522993,42590000.0,35.40181140899658,36.112205276489256,60.060117578840405,0.0733029501278466,-0.12142213702983853,0.19472508715768513,36.52330389902239,34.28031891897077,2.2429849800516166,0.004176937588338925,0.014408501566675724,0.026839354551797534,0,0.011401611561638015,36.38400650024414,34.97267532348633,0
2016-06-01,36.4580078125,36.60996778458501,36.28469433481335,36.47687967399784,25072000.0,35.50557613372803,36.10431922912598,58.96275295708793,0.12337215016465564,-0.0724632795909397,0.19583542975559534,36.61466355926197,34.396488708194084,2.218174851067886,-0.0021341267328817137,0.013851222440314892,0.03953378059934631,0,0.009936285283176962,36.535980224609375,35.759788513183594,0
2016-06-02,36.271785736083984,36.401895886402365,35.9624023560223,36.3760716301323,26836000.0,35.591736793518066,36.094039611816406,56.31624418002797,0.1463388831270933,-0.028702847047333106,0.17504173017442642,36.65692435243477,34.52654923460136,2.1303751178334096,-0.005107851130367269,-0.0030843432308479413,0.03363869660024599,0,0.010304819622093985,36.4580078125,36.01702880859375,0
2016-06-03,35.87152099609375,36.22658932589706,35.783125213061595,36.21566630320272,24526000.0,35.64365653991699,36.07842643737793,51.01592299720901,0.1307351318804706,0.003184748738227633,0.12755038314224296,36.65578286052591,34.63153021930807,2.024252641217842,-0.011035153959680577,-0.018186434972615517,0.031442785305662246,0,0.010601105904343832,36.271785736083984,35.95991897583008,0
2016-06-06,35.583988189697266,35.999146413246066,35.48764735494879,35.999146413246066,31306000.0,35.65713901519776,36.059803848266604,47.553532550040075,0.09408302162563587,0.021364403315709282,0.07271861830992658,36.65848540515471,34.65579262524081,2.0026927799139003,-0.008015629067632646,-0.02397332370155092,0.009595024652913287,0,0.01045609589330333,35.87152099609375,36.38400650024414,1
2016-06-07,35.58895492553711,35.853642159760845,35.58398784856902,35.747370960769395,26724000.0,35.666450309753415,36.04303863525391,47.61966382813172,0.06469101648869469,0.03002972595030636,0.034661290538388324,36.661604930004806,34.671295689502024,1.990309240502782,0.0001395778295947281,-0.01882539821764495,0.017621746016007744,0,0.010010381762232073,35.583988189697266,36.535980224609375,1
2016-06-08,36.16650772094727,36.180908835903104,35.78412231499281,35.95197619446886,31674000.0,35.679113960266115,36.026660766601566,54.76283938661517,0.08699846034303249,0.04142347282885159,0.045574987514180904,36.69278166756422,34.66544625296801,2.027335414596209,0.016228428078840063,0.008223423949200503,0.011373646899889511,0,0.00867475190407364,35.58895492553711,36.4580078125,1
2016-06-09,36.18140411376953,36.22907820590988,35.87132360443545,35.89784499400729,19778000.0,35.71211318969726,36.00486000061035,54.93354607554957,0.10467268318517853,0.05407331490011698,0.05059936828506155,36.74586944575309,34.67835693364144,2.067512512111648,0.0004118836393383063,0.01678889732335387,0.004563821909056465,0,0.008412233547020427,36.16650772094727,36.271785736083984,0
2016-06-10,35.72602081298828,36.0478162018959,35.57803145783332,35.728998786187255,24328000.0,35.72725963592529,35.979493637084964,48.86314625901077,0.08100028468653164,0.059458708857399914,0.02154157582913173,36.75247491062657,34.70204436122402,2.0504305494025488,-0.012586114661258918,0.0038513602812433323,-0.00650441295485138,0,0.009377303649824675,36.18140411376953,35.87152099609375,0
2016-06-13,35.67387390136719,36.02546794570818,35.58200381238799,35.58200381238799,25178000.0,35.74595680236816,35.94815811157227,48.206216577870066,0.05737058596498201,0.059041084278916335,-0.0016704983139343224,36.75279144866902,34.7391221560673,2.013669292601719,-0.0014596339148449378,-0.01362127146422698,-0.019517713060879904,0,0.00830423747526947,35.72602081298828,35.583988189697266,0
2016-06-14,35.66940689086914,35.877978665493,35.41365356657423,35.58051477504307,26122000.0,35.75037670135498,35.92132179260254,48.14650270118638,0.03784715067657629,0.05480229755844833,-0.016955146881872038,36.755049921555994,34.74570348115397,2.0093464404020267,-0.00012521798194375933,-0.01415083895833491,-0.02371835457575988,0,0.00806008447406858,35.67387390136719,35.58895492553711,1
2016-06-15,35.701683044433594,35.90330242444706,35.621732426054486,35.70565746385733,24290000.0,35.78188591003418,35.90257011413574,48.64153522801314,0.024694441254311528,0.04878072629762097,-0.024086285043309445,36.737760457847465,34.82601136222089,1.9117490956265755,0.0009048693650333117,-0.000681233677886639,-0.020745093148153093,0,0.008126912873508696,35.66940689086914,36.16650772094727,0
2016-06-16,35.27659606933594,35.58895741348882,34.924005566575815,35.50254693878969,39650000.0,35.791147804260255,35.86748031616211,42.840671530414824,-0.0198018782866356,0.03506420538076966,-0.05486608366740526,36.72337678749441,34.8589188210261,1.8644579664683079,-0.011906636854307484,-0.011136380453932837,-0.027437018788904255,0,0.008675661702693373,35.701683044433594,36.18140411376953,0
2016-06-17,34.35092544555664,35.200117541018976,34.1886372866114,35.19167237348176,68048000.0,35.76979389190674,35.81925033569336,33.47785727640577,-0.1282806755129542,0.002395229202024892,-0.13067590471497909,36.807475350353926,34.73211243345955,2.0753629168943775,-0.02624036122872786,-0.036963929603494816,-0.04239004949644298,0,0.011242819172723007,35.27659606933594,35.72602081298828,1
2016-06-20,34.44975280761719,34.88527189207179,34.434855364902305,34.70103159595297,41650000.0,35.729991340637206,35.77411903381348,35.108443373125255,-0.20392563391035878,-0.03886894342045184,-0.16505669048990695,36.897910179141114,34.5620725021333,2.3358376770078166,0.002876992709182735,-0.03506642068549759,-0.03187488080407119,0,0.011366042156193036,34.35092544555664,35.67387390136719,1
2016-06-21,34.56049346923828,34.89967170345711,34.36532636840184,34.68265476820298,29312000.0,35.70938224792481,35.73423194885254,36.97276298555243,-0.2520336752159196,-0.0815018897795454,-0.17053178543637418,36.94274148950743,34.47602300634218,2.466718483165252,0.003214556059067286,-0.020299651323788748,-0.028898332599276433,0,0.011506425745736138,34.44975280761719,35.66940689086914,1
2016-06-22,34.63597869873047,34.804821435888634,34.41856393279643,34.7154329901079,23686000.0,35.65319175720215,35.68891212463379,38.27453841946126,-0.2808313681856802,-0.12136778546077237,-0.15946358272490785,36.97170471177476,34.33467880262954,2.6370259091452226,0.0021841479074764525,0.00829826997312244,-0.04231896079173647,0,0.00961886736915474,34.56049346923828,35.701683044433594,1
2016-06-23,34.854976654052734,34.85895107350913,34.116530276808035,34.63548185675295,43428000.0,35.5950891494751,35.6394009399414,42.016303072155196,-0.28272338341336223,-0.15363890505129035,-0.12908447836207187,36.946357719916655,34.243820579033546,2.702537140883109,0.006322845883095951,0.01176275048179587,-0.03666047496514924,0,0.010107906975392641,34.63597869873047,35.27659606933594,0
2016-06-24,33.53153610229492,34.23571683448406,33.44363664578579,33.529050669386734,88980000.0,35.47367000579834,35.56195098876953,30.12973474499522,-0.3865574178953608,-0.20022260762010446,-0.18633481027525634,37.08363472309001,33.86370528850667,3.219929434583335,-0.03796991645966086,-0.029772646847742945,-0.0614253885754763,0,0.014725261451094285,34.854976654052734,34.35092544555664,0
2016-06-27,33.18589782714844,33.38652833551927,32.938790481405825,33.32196770057878,52580000.0,35.313764572143555,35.47182769775391,27.909055336194328,-0.4910759407303118,-0.258393274242146,-0.23268266648816582,37.14972350461772,33.47780563966939,3.671917864948327,-0.010307856881117572,-0.04186631722449874,-0.0697422455743838,0,0.014673192558767345,33.53153610229492,34.44975280761719,1
2016-06-28,33.770896911621094,33.78529802580185,33.421291962945624,33.71776320331512,43476000.0,35.17551040649414,35.38584602355957,36.44684953858352,-0.5207007716461405,-0.3108547737229449,-0.20984599792319558,37.03873724394703,33.31228356904125,3.726453674905784,0.01762794207104701,-0.031102581223665493,-0.053225162533724,0,0.01656366392633502,33.18589782714844,34.56049346923828,1
2016-06-29,33.9730110168457,34.137830056445466,33.83892647334344,33.917888213132386,38652000.0,35.05126056671143,35.31650062561035,39.129108757064564,-0.521854134805622,-0.3530546459394803,-0.1687994888661417,36.88704464829597,33.215476485126885,3.671568163169084,0.0059848604481409495,0.013165961535551718,-0.048419902933887426,0,0.01685150773380395,33.770896911621094,34.63597869873047,1
2016-06-30,34.36979293823242,34.380719748497704,33.95016402084618,34.04054510922287,31954000.0,34.956160926818846,35.25634216308594,44.11559083218348,-0.4851585921583492,-0.3794754351832541,-0.10568315697509512,36.725022344818285,33.18729950881941,3.5377228359988777,0.01167932748704481,0.03567464461110559,-0.025705516748872226,0,0.017391571282324374,33.9730110168457,34.854976654052734,1
2016-07-01,34.72288513183594,34.794398168766655,34.371291048967926,34.374769139982625,26894000.0,34.898729133605954,35.19681953430176,48.18352043277397,-0.4227127516525684,-0.38812289847711695,-0.034589853175451435,36.61889882890371,33.1785594383082,3.4403393905955113,0.01027332908982248,0.028189604282830016,0.010828228976503818,0,0.015583853625224398,34.36979293823242,33.53153610229492,0
2016-07-05,34.511329650878906,34.61015212683431,34.20989135737403,34.566452458940674,29252000.0,34.84509620666504,35.17316139221192,46.02195361969935,-0.38584692920554176,-0.387667704622802,0.001820775417260223,36.543206183746676,33.146986229583405,3.3962199541632714,-0.006092681531324251,0.015845479041179944,0.0017874393353587426,0,0.01573329710127289,34.72288513183594,33.18589782714844,1
2016-07-06,34.65137481689453,34.84554549328299,34.22032265932284,34.264522450748,28238000.0,34.79821720123291,35.14795394897461,47.69475322117461,-0.34139463992294594,-0.37841309168283077,0.03701845175988483,36.46303772198146,33.13339668048436,3.329641041497098,0.004057947561926456,0.008192713851030486,0.002629631076799921,0,0.015752954631304307,34.511329650878906,33.770896911621094,0
2016-07-07,34.53169250488281,34.6727256704968,34.17687042791862,34.66676593566145,26084000.0,34.71647644042969,35.13526069641113,46.372147213686304,-0.3122241174839786,-0.3651752968430604,0.05295117935908178,36.26071232004251,33.17224056081687,3.0884717592256408,-0.0034538979375030587,-0.005506242532186012,-0.003010920948842144,0,0.01578191693199764,34.65137481689453,33.9730110168457,1
2016-07-08,35.04170227050781,35.04567290118185,34.58507595422363,34.737282200471874,31504000.0,34.6594913482666,35.13505210876465,52.42638214839341,-0.2451270702527779,-0.34116565152500394,0.09603858127222603,36.06078610650087,33.25819659003233,2.8025895164685437,0.01476932431136646,0.015368072600917548,0.005357215364347967,0,0.016383640369744608,34.53169250488281,34.36979293823242,1
2016-07-11,35.51148986816406,35.58200645605262,35.12165574173871,35.16188111319866,22236000.0,34.64876480102539,35.15895858764648,57.217558584738526,-0.15228875400215713,-0.3033902720204346,0.15110151801827748,36.02020566374955,33.27732393830124,2.7428817254483135,0.013406528998782141,0.024821960335327686,0.05904751156728638,0,0.009559100436979563,35.04170227050781,34.72288513183594,1
2016-07-12,35.7870979309082,35.901314173186485,35.552205594527706,35.711614278187774,26738000.0,34.65442600250244,35.18640068054199,59.77689087611438,-0.05583086869798848,-0.2538783913559454,0.19804752265795694,36.04356695018844,33.26528505481644,2.778281895372004,0.007761095458606038,0.03635516636920921,0.07838269488167349,0,0.007705129204992833,35.51148986816406,34.511329650878906,0
2016-07-13,35.6053466796875,35.95396279061349,35.59889061529423,35.93509092632777,18718000.0,34.65122299194336,35.205043182373046,57.340791666497466,0.005879122467995046,-0.20192688859115734,0.2078060110591524,36.03125354288819,33.271192440998526,2.7600611018896615,-0.0050786809137639555,0.016084960851176167,0.05432043374113471,0,0.00776755331478705,35.7870979309082,34.65137481689453,1
2016-07-14,35.802494049072266,35.865065579787355,35.65748646838449,35.83377792004499,19004000.0,34.656263542175296,35.23343879699707,59.279331833894695,0.06988726327581674,-0.14756405821776256,0.2174513214935793,36.052248655984,33.26027842836659,2.791970227617412,0.00553701586332922,0.008194648604959998,0.053851071114050075,0,0.007764653230079835,35.6053466796875,34.53169250488281,0
2016-07-15,35.74786758422852,36.04036438985294,35.70838860449242,36.039868061029,25586000.0,34.67982711791992,35.257424697875976,58.48625976575881,0.11488198878414124,-0.0950748488173818,0.20995683760152306,36.13169173200854,33.2279625038313,2.903729228177241,-0.0015257726115077697,-0.0010962148077896527,0.040095517842446915,0,0.007678938543423871,35.802494049072266,35.04170227050781,1
2016-07-18,36.43963241577149,36.55633409816964,35.81441343883297,35.88989709633633,25910000.0,34.78426246643066,35.2895548248291,64.89182770908465,0.2040085894760395,-0.035258161158697544,0.23926675063473704,36.41583580674396,33.152689126117366,3.2631466806265905,0.019351219479400994,0.02343147346912211,0.04944137785260083,0,0.008940464557124649,35.74786758422852,35.51148986816406,1
2016-07-19,36.59754943847656,36.59903842483518,36.202255764802906,36.24645175939142,24550000.0,34.891652297973636,35.31521903991699,66.17492531410292,0.28410960790370865,0.028615392653783694,0.25549421524992494,36.694739607944,33.08856498800327,3.606174619940731,0.004333661242881259,0.022206704044543946,0.060450287157931326,0,0.00808672873463968,36.43963241577149,35.7870979309082,1
2016-07-20,36.807613372802734,36.85429101056888,36.60450123944191,36.615924378878994,25794000.0,35.004008293151855,35.34331672668457,67.85773565848731,0.3603863366704516,0.09496958145711729,0.2654167552133343,36.9821075077638,33.02590907853991,3.956198429223889,0.005739836069606374,0.029645007106431143,0.062226637970419274,0,0.008061244450949117,36.59754943847656,35.6053466796875,0
2016-07-21,36.68048095703125,36.83244091499842,36.541482378744085,36.7663950890464,20526000.0,35.10623340606689,35.35866165161133,65.72652410390248,0.4058987224897379,0.15715540966364142,0.2487433128260965,37.205304526843754,33.00716228529003,4.198142241553725,-0.003453970636015824,0.006609521701857579,0.062226560480480364,0,0.008061254008273606,36.807613372802734,35.802494049072266,1
2016-07-22,36.88459396362305,36.90942177419454,36.5776922179001,36.84089050033263,25196000.0,35.20771427154541,35.38592514038086,67.4918254224589,0.45321346720459843,0.21636702117183282,0.2368464460327656,37.44037935374966,32.97504918934116,4.465330164408499,0.0055646218715317275,0.007843271736787338,0.05259138608304048,0,0.007462625839806924,36.68048095703125,35.74786758422852,0
2016-07-25,36.737091064453125,36.87812799414736,36.62436381746341,36.78178717350895,20648000.0,35.36799201965332,35.412205123901366,64.89072061794673,0.47335198501374265,0.2677640139402148,0.20558797107352783,37.55612400083328,33.179860038473365,4.376263962359914,-0.0039990381706626055,-0.0019159706888716155,0.034512807005256274,0,0.007355483162851626,36.88459396362305,36.43963241577149,0
2016-07-26,36.67005157470703,36.83243821380213,36.46396148526284,36.7008391115546,23734000.0,35.54219970703125,35.439607543945314,63.68931928088954,0.4783878218928521,0.3098887755307423,0.16849904636210983,37.5554788972294,33.528920516833104,4.026558380396295,-0.00182484480408307,-0.0002843305772471938,0.024672401363851515,1,0.007351945677226306,36.737091064453125,36.59754943847656,1
2016-07-27,36.836421966552734,36.970006417602576,36.599540491467984,36.66310847376177,30250000.0,35.69547595977783,35.464715805053714,65.40128666011684,0.4901532772371979,0.34594167587203345,0.14421160136516448,37.61036974060835,33.78058217894731,3.8297875616610355,0.004536955490961336,-0.0013060194486028687,0.03457557366145658,1,0.006868698940963483,36.67005157470703,36.807613372802734,1
2016-07-28,37.0420150756836,37.17808116846874,36.713759841845935,37.098130546411205,70604000.0,35.84892616271973,35.50412612915039,67.44400844155047,0.5101860241500447,0.3787905455276357,0.13139547862240897,37.6770089712759,34.02084335416355,3.65616561711235,0.005581245358670994,0.008300167552610649,0.03462108044518919,1,0.006870223415641582,36.836421966552734,36.68048095703125,1
2016-07-29,38.17824172973633,38.66292775638557,38.07793024551826,38.37291253992702,76830000.0,36.03934860229492,35.56586380004883,75.90926930856475,0.6107062737737223,0.42517369117685305,0.18553258259686928,38.00006763263974,34.0786295719501,3.9214380606896384,0.03067399685819483,0.04112866195338438,0.06798654884186872,1,0.010743306411474234,37.0420150756836,36.88459396362305,1
2016-08-01,38.381343841552734,38.7562766697756,37.795850155515176,37.795850155515176,54010000.0,36.22227153778076,35.63793060302734,77.05763888847409,0.6987037173129664,0.47987969640407574,0.2188240209088907,38.334367425987544,34.11017564957398,4.224191776413562,0.005319839327703191,0.04194006346226509,0.053285702875006224,1,0.009772628538445481,38.17824172973633,36.737091064453125,0
2016-08-02,38.29146194458008,38.52833961218786,38.13155692128572,38.1732712751886,35690000.0,36.41127815246582,35.698843765258786,75.34591430434047,0.7525150819534403,0.5344067735139487,0.21810830843949158,38.55345004081844,34.2691062641132,4.284343776705242,-0.0023418121403906422,0.033730531839146094,0.046284861475523575,1,0.010065569358972062,38.381343841552734,36.67005157470703,1
2016-08-03,38.396244049072266,38.3977330355425,38.08040463397948,38.09828383793119,25748000.0,36.598521614074706,35.76731513977051,76.01481377998732,0.7944579989736553,0.5864170186058901,0.2080409803677652,38.747294732766925,34.44974849538249,4.297546237384438,0.002736435204376386,0.0057101194151154555,0.04316038261376054,1,0.010071912230624916,38.29146194458008,36.836421966552734,0
2016-08-04,38.31827926635742,38.44044056765508,38.17848503089609,38.34857048007434,22806000.0,36.78785095214844,35.818484954833984,74.39738318486025,0.8120461934712395,0.63154285357896,0.1805033398922795,38.83992314527152,34.73577875902536,4.104144386246162,-0.002030531491965748,-0.0016431049276350862,0.04465040442748669,1,0.009959911326642326,38.396244049072266,37.0420150756836,1
2016-08-05,38.84516906738281,38.88589076089111,38.35452721888719,38.42603645253769,36024000.0,36.978024291992185,35.875047760009764,77.83050505125578,0.8586031254987674,0.6769549079629216,0.1816482175358458,39.05240159875557,34.9036469852288,4.148754613526776,0.013750351297428631,0.014460328613311368,0.053154308969575625,1,0.010391318853452867,38.31827926635742,38.17824172973633,0
2016-08-08,38.82232666015625,38.86552999771428,38.640120950562014,38.834242339944026,22158000.0,37.1435661315918,35.93229591369629,77.34627578741353,0.883472516960957,0.7182584297625286,0.16521408719842834,39.25154393270152,35.03558833048207,4.215955602219452,-0.000588037271428532,0.011096986740146475,0.056761042730484546,1,0.010106414329554359,38.84516906738281,38.381343841552734,1
2016-08-09,38.94647979736328,39.17888671796986,38.76323216328399,38.78955274621309,26378000.0,37.30153522491455,35.98354537963867,78.14226441527622,0.9027929740152487,0.7551653386130728,0.14762763540217594,39.452314575183316,35.15075587464579,4.301558700537527,0.003197982910551511,0.016394278214820757,0.06207867523770827,1,0.00981813647463731,38.82232666015625,38.29146194458008,1
2016-08-10,38.96733856201172,39.0732119461108,38.87288453017698,38.9211534577973,15728000.0,37.46963481903076,36.03217254638672,78.28034598832402,0.9093057922603336,0.785993429342525,0.12331236291780856,39.589160934642294,35.350108703419224,4.23905223122307,0.0005355750957971583,0.0031450370164944896,0.05784808843252587,1,0.009968561367607622,38.94647979736328,38.396244049072266,1
2016-08-11,38.97578048706055,39.21911423273031,38.88241761962895,38.98322920864851,19502000.0,37.628299140930174,36.08252799987793,78.33998451584542,0.9047193983849056,0.8097386231510012,0.09498077523390436,39.69941400299784,35.55718427886251,4.142229724135333,0.00021664104761454084,0.003952721026938999,0.05220464943459224,1,0.010117905926026243,38.96733856201172,38.31827926635742,0
2016-08-12,38.89482879638672,38.9035202334631,38.75478830065121,38.80941477831785,14810000.0,37.78564720153808,36.13498886108398,76.17983819342392,0.8843581925497261,0.8246625370307462,0.05969565551897993,39.73605690949987,35.835237493576294,3.9008194159235785,-0.0020769742045499973,-0.001326204608100623,0.018769514628858674,1,0.004883608577902106,38.97578048706055,38.84516906738281,0
2016-08-15,38.856101989746094,39.106884464527504,38.74039295407925,38.92115517057123,18764000.0,37.906470680236815,36.19468048095703,75.11279001281025,0.8552382069063924,0.8307776710058755,0.02446053590051689,39.80713590770618,36.00580545276745,3.8013304549387357,-0.000995680090105533,-0.0028546104602090727,0.01236950301045403,1,0.0047957555246303865,38.89482879638672,38.82232666015625,0
2016-08-16,38.592899322509766,38.7835956909438,38.40935615171548,38.749826384501525,20560000.0,38.00623817443848,36.25485870361328,68.12829828635775,0.8016808748204625,0.824958311768793,-0.02327743694833051,39.829503374039014,36.182972974837945,3.646530399201069,-0.00677377950330138,-0.00982356632160053,0.007872182534215177,1,0.005337748082052002,38.856101989746094,38.94647979736328,1
2016-08-17,38.73045349121094,38.77514960472398,38.413621432516805,38.60183613379572,18484000.0,38.102380180358885,36.31768867492676,69.7133391449653,0.7615570198367507,0.8122780533823846,-0.05072103354563384,39.86444718500289,36.34031317571488,3.524134009288005,0.0035642351602471756,-0.004226148057786316,0.00870422225964429,1,0.005377435564219044,38.592899322509766,38.96733856201172,0
2016-08-18,38.61077499389648,38.87695500140873,38.58594339800672,38.73542172462235,14388000.0,38.19889488220215,36.36657402038574,66.60950524789168,0.7118952360057875,0.7922014899070653,-0.08030625390127777,39.84660643317033,36.551183331233965,3.2954231019363647,-0.0030900360446752817,-0.006313731519295374,0.0076333210451822175,1,0.0054510856296245535,38.73045349121094,38.97578048706055,0
2016-08-19,38.50748443603516,38.59091314817575,38.39376450892798,38.486627258000006,17230000.0,38.280039405822755,36.41309562683105,63.96260304687797,0.6566339621663175,0.7650879843589158,-0.10845402219259825,39.81697913852893,36.74309967311658,3.0738794654123467,-0.00267517442676668,-0.002213228028317249,-0.008693092074380848,1,0.0030543456680454796,38.61077499389648,38.89482879638672,0
2016-08-22,38.3450927734375,38.46378356288236,38.24080688651984,38.40071570189665,19028000.0,38.360439491271975,36.46547706604004,59.930449944441335,0.5929007635701424,0.7306505402011612,-0.13774977663101873,39.724637247578045,36.996241734965906,2.7283955126121384,-0.00421714544525531,-0.009949811660761698,-0.012292768820796662,1,0.0032279816877207046,38.50748443603516,38.856101989746094,0
2016-08-23,38.34161758422852,38.55813440318424,38.32696641200772,38.51046031472956,18564000.0,38.444017791748045,36.518831939697264,59.843508401905936,0.5359334189374323,0.6917071159484154,-0.1557736970109831,39.567264327559236,37.320771255936855,2.246493071622382,-9.062930762770982e-05,-0.006971043956266132,-0.015530600359309199,1,0.0028747750817886266,38.3450927734375,38.592899322509766,0
2016-08-24,38.22044372558594,38.46179213178485,38.09281902483069,38.26712515464949,21440000.0,38.51321887969971,36.569852676391605,56.75196145964487,0.4755270899011492,0.6484711107389622,-0.17294402083781302,39.37092035637562,37.655517403023794,1.715402953351827,-0.00316037419069215,-0.007454153774340444,-0.019167201661391076,1,0.0028122855609238693,38.34161758422852,38.73045349121094,0
2016-08-25,38.20902633666992,38.33218408450474,37.89988925062162,38.08934289064906,18538000.0,38.57156944274902,36.61999954223633,56.45601607785618,0.421870292937534,0.6031509471786766,-0.1812806542411426,39.12623255159624,38.01690633390181,1.1093262176944307,-0.0002987246563119772,-0.003548470662765868,-0.019672579761300213,1,0.002773026697632729,38.22044372558594,38.61077499389648,1
2016-08-26,38.21548461914063,38.54026176536381,38.0322369732402,38.18866770565423,23334000.0,38.57343158721925,36.67877731323242,56.59390087151936,0.37553904385614345,0.55762856651417,-0.18208952265802658,39.12302710789243,38.02383606654606,1.0991910413463728,0.00016902504695637255,-0.003289714233125518,-0.01746618247897258,1,0.002854196963832153,38.20902633666992,38.50748443603516,1
2016-08-29,38.3450927734375,38.4861297267712,38.07022510680344,38.175753710193725,16952000.0,38.571619033813484,36.75866065979004,59.37419154223427,0.3452990969829415,0.5151626726079244,-0.1698635756249829,39.12396881186489,38.019269255762076,1.1046995561028154,0.003391508850105085,0.0032613187001835353,-0.013151324763442496,1,0.003288350638755113,38.21548461914063,38.3450927734375,0
2016-08-30,38.19313430786133,38.46010997770168,38.081399695227226,38.2050537779148,22600000.0,38.56670265197754,36.83352828979492,54.93157572547701,0.30554975563195086,0.4732400892127297,-0.16769033358077884,39.130569775241774,38.00283552871331,1.1277342465284619,-0.003962918188098241,-0.00041592341737695104,-0.010358512101091844,1,0.002862784827511086,38.3450927734375,38.34161758422852,0
2016-08-31,38.09183120727539,38.19313533915566,38.008898821056256,38.08984210303285,24972000.0,38.5514820098877,36.904155044555665,52.13116947190429,0.262843901756014,0.43116085172138663,-0.1683169499653726,39.148398094152135,37.954565925623264,1.1938321685288713,-0.0026523903424465756,-0.0032356887030894343,-0.0164888924959391,1,0.002388235528727849,38.19313430786133,38.22044372558594,1
2016-09-01,38.17774200439453,38.28898029245286,37.95526542827788,38.20108461654465,18502000.0,38.54445514678956,36.97499031066894,54.260767090768944,0.23324281029285032,0.39157724343567935,-0.15833443314282902,39.15533231845076,37.93357797512836,1.2217543433224023,0.0022553601230579368,-0.004364333398063858,-0.011215340525291162,1,0.002619302009770184,38.09183120727539,38.20902633666992,1
2016-09-02,38.310829162597656,38.43299045948683,38.15936552193957,38.387801804957256,21454000.0,38.5177381515503,37.044107360839845,57.420960628058445,0.21800967364369228,0.35686372947728195,-0.13885405583358967,39.12035426086745,37.91512204223314,1.2052322186343076,0.003485988201916257,0.0030815709909437494,-0.005106936386981342,1,0.002921155516744826,38.17774200439453,38.21548461914063,1
2016-09-06,38.7389030456543,38.8342474403258,38.28798638412304,38.40965515209784,28856000.0,38.5135669708252,37.14825469970703,65.64342392858714,0.23773878319495623,0.3330387402208168,-0.09529995702586058,39.10880182395111,37.91833211769929,1.1904697062518181,0.011173704469820356,0.01698715493245495,0.01027016089238919,1,0.004419852969166209,38.310829162597656,38.3450927734375,1
2016-09-07,38.75231170654297,38.870502384367306,38.546221566448246,38.73492883012501,17874000.0,38.50385856628419,37.25958297729492,65.86577920352173,0.2515564256413967,0.31674227730493276,-0.06518585166353608,39.076435744131196,37.93128138843718,1.145154355694018,0.000346129080445845,0.01504986078229309,0.010711444852639307,1,0.0044096834663573245,38.7389030456543,38.19313430786133,0
2016-09-08,38.50251388549805,38.752307459305534,38.41610720804843,38.66490433547473,25406000.0,38.4806173324585,37.35421531677246,58.296292694180075,0.23958858228227342,0.3013115383004009,-0.061722956018127495,39.0123330696129,37.9489015953041,1.0634314743087998,-0.0064460108325032905,0.005003408359731676,0.0073800859544517206,1,0.004859740211701658,38.75231170654297,38.09183120727539,0
2016-09-09,37.7248420715332,38.39947422077342,37.7248420715332,38.24329354979,37710000.0,38.41807041168214,37.42925193786621,42.08207155067586,0.16544521463582385,0.2741382735674855,-0.10869305893166165,38.99450349107078,37.841637332293494,1.152866158777286,-0.02019794905541883,-0.026176811793715782,-0.012671986479593667,1,0.008236234083503132,38.50251388549805,38.17774200439453,1
2016-09-12,38.18965911865234,38.252726980667774,37.44376400901771,37.49987947845845,26220000.0,38.38281192779541,37.50564926147461,50.87662382499045,0.14254968859029304,0.247820556572047,-0.10527086798175395,38.92343849442805,37.84218536116277,1.0812531332652782,0.012321245672487047,-0.014519200613150374,-0.0006757862878273846,1,0.009296149875118691,37.7248420715332,38.310829162597656,0
2016-09-13,37.72633361816406,38.05061445210175,37.53315559643277,37.964203972143615,27900000.0,38.32632350921631,37.565718231201174,43.74599467969452,0.08602666172261308,0.21546177760216023,-0.12943511587954715,38.892808616231264,37.75983840220135,1.1329702140299105,-0.012132224041297657,-0.0201592101139747,-0.01613659299064374,1,0.009935735942718321,38.18965911865234,38.7389030456543,1
2016-09-14,37.86537551879883,38.12311035389436,37.69752545170092,37.72235325833928,21748000.0,38.28994731903076,37.63279914855957,46.18362682265535,0.05185353973479323,0.18274013002868686,-0.13088659029389363,38.87637254422784,37.703522093833676,1.172850450394165,0.0036855397092661057,0.0037252229445825513,-0.00858161538721991,1,0.010025973067479108,37.72633361816406,38.75231170654297,1
2016-09-15,38.32572937011719,38.42703349789453,37.73973928399693,37.88524320063846,26102000.0,38.269711112976076,37.70628623962402,53.38580232406452,0.06121218683257723,0.15843454138946494,-0.09722235455688771,38.82080408344088,37.71861814251127,1.1021859409296155,0.012157646530926547,0.0035630129884660633,0.0061403759133829006,1,0.010789359352471148,37.86537551879883,38.50251388549805,0
2016-09-16,38.18270492553711,38.22590826547759,37.97314050049215,38.22590826547759,40986000.0,38.248307609558104,37.77930648803711,51.097809141544104,0.05643752801866242,0.13803513871530446,-0.08159761069664204,38.77757136556101,37.7190438535552,1.05852751200581,-0.0037318127255679956,0.012096889986503268,0.00012999514591527372,1,0.01085720389303638,38.32572937011719,37.7248420715332,0
2016-09-19,38.024784088134766,38.436964322487626,37.96226181377783,38.35849890605736,23456000.0,38.224172592163086,37.83896812438965,48.62005478928386,0.039455862112205864,0.11831928339468474,-0.07886342128247888,38.74795513731806,37.70039004700811,1.047565090309945,-0.0041359258782298625,0.004209876890215902,-0.00746642870215275,1,0.010857991589825186,38.18270492553711,38.18965911865234,1
2016-09-20,38.30834579467773,38.40369397453773,38.16532352488775,38.18866613539865,19572000.0,38.222335243225096,37.89490524291992,53.02476884463365,0.04832180573180267,0.10431978786210833,-0.05599798213030566,38.74466400823902,37.70000647821117,1.0446575300278482,0.007457286434177091,-0.0004535745496604404,-0.011114337710315447,1,0.010462998860279663,38.024784088134766,37.72633361816406,1
2016-09-21,38.547210693359375,38.59389212333494,38.15395156619898,38.37041912729172,23356000.0,38.23261489868164,37.95010749816895,56.414429735404966,0.0737721317590001,0.09821025664148669,-0.02443812488248659,38.77175106862453,37.69347872873875,1.0782723398857854,0.0062353227143217005,0.009546357926530247,-0.005292613631329823,1,0.010714139074176033,38.30834579467773,37.86537551879883,1
2016-09-22,39.09297943115234,39.224082238481486,38.65746032291072,38.73492930252112,29724000.0,38.27624168395996,38.019860153198245,62.98632377207292,0.13640824511698213,0.1058498543365858,0.030558390780396336,38.932801218519934,37.619682149399985,1.3131190691199492,0.014158449547349017,0.028092081747043807,0.015335766059594524,1,0.011398428088559552,38.547210693359375,38.32572937011719,0
2016-09-23,39.07758331298828,39.178391109572736,38.94101710755788,39.06218575274777,28238000.0,38.319669532775876,38.08536193847656,62.69911579380703,0.18269943282177792,0.12121977003362422,0.0614796627881537,39.06199871239297,37.57734035315878,1.4846583592341887,-0.00039383332731568466,0.020080154920639304,0.03585810217283436,1,0.008561181720295078,39.09297943115234,38.18270492553711,0
2016-09-26,38.447391510009766,38.870994889858615,38.39077971535209,38.870994889858615,30664000.0,38.33126487731933,38.13935241699219,52.20575074086389,0.16661370177941137,0.13029855638278165,0.03631514539662972,39.07396702777975,37.5885627268589,1.4854043009208482,-0.016126683114742635,-0.0025895306444780886,0.006748748150819495,1,0.009942308733791172,39.07758331298828,38.024784088134766,1
2016-09-27,38.88440704345703,39.03239260749352,38.45226373593668,38.51145947705923,23064000.0,38.358230590820305,38.1882479095459,57.515702920796684,0.18697382739980384,0.1416336105861861,0.045340216813617745,39.13916137810543,37.57729980353518,1.5618615745702442,0.011366584735234664,-0.0053352901398223684,0.030696686219606306,1,0.00932570833298699,38.447391510009766,38.30834579467773,0
2016-09-28,38.81239700317383,38.824812801961805,38.48513821888617,38.62816049183323,22196000.0,38.38919372558593,38.232544860839845,56.403706289852636,0.19505034622623185,0.15231695771419523,0.04273338851203662,39.190330481180354,37.58805696999151,1.6022735111888409,-0.0018519001769199406,-0.006786149176382428,0.025010222964904738,1,0.009448509806686366,38.88440704345703,38.547210693359375,0
2016-09-29,38.48712158203125,39.02295590797525,38.44848749786309,38.806435299753005,26294000.0,38.40895824432373,38.26613502502441,51.55495070445537,0.17320741032985154,0.1564950482373265,0.01671236209252505,39.19920544356901,37.61871104507845,1.5804943984905577,-0.008380709419105958,0.0010333619645208625,0.004211066940317698,1,0.009350944228093471,38.81239700317383,39.09297943115234,1
2016-09-30,38.60033798217773,38.78160026622037,38.44142564616335,38.55266769126548,31706000.0,38.43008804321288,38.30453216552734,53.06726241517681,0.16315163309702996,0.15782636520926718,0.005325267887762775,39.21706822924138,37.64310785718439,1.5739603720569875,0.002941669719445539,-0.007305474941711965,0.01093775460526114,1,0.009256226581945108,38.48712158203125,39.07758331298828,0
2016-10-03,38.365455627441406,38.539515506871794,38.21349564302239,38.449384458967536,25576000.0,38.43281936645507,38.33414939880371,49.607360654097654,0.13467684334194985,0.1531964608358037,-0.018519617493853863,39.21850308552235,37.64713564738779,1.5713674381345584,-0.006084981816603996,-0.011515428322962706,0.00895919720456595,1,0.009398782945307204,38.60033798217773,38.447391510009766,1
2016-10-04,38.55763626098633,38.67086363652972,38.3818411464527,38.537771742666976,24028000.0,38.42375602722167,38.370560302734376,52.345078900083315,0.12616340511756619,0.1477898496921562,-0.02162644457459001,39.19922281415249,37.64828924029085,1.5509335738616414,0.005009210249218521,0.0018321629692359398,0.006507471443552459,1,0.009240488506060508,38.365455627441406,38.88440704345703,1
2016-10-05,38.55962371826172,38.837719385317655,38.51890202576149,38.700656866906,29224000.0,38.41412162780761,38.40835174560547,52.373895289964125,0.11821411643249036,0.14187470304022304,-0.02366058660773268,39.177718177063426,37.650525078551794,1.5271930985116313,5.1545101518613023e-05,-0.0010547644410473511,0.00032202135197501036,1,0.009032530885946365,38.55763626098633,38.81239700317383,1
2016-10-06,38.57899475097656,38.75876430791211,38.51344524194474,38.68526974827976,21414000.0,38.41794567108154,38.44320320129395,52.67427373215864,0.11218413940083849,0.13593659031234614,-0.023752450911507655,39.18403651942286,37.65185482274022,1.5321816966826418,0.0005023657091776101,0.005565921739827395,-0.013147748973213136,0,0.007581440139958264,38.55962371826172,38.48712158203125,0
2016-10-07,38.49059677124024,38.71804038523257,38.27556516570085,38.71804038523257,18664000.0,38.456233406066886,38.47217483520508,51.09069465781925,0.09912965599934154,0.1285752034497452,-0.029445547450403675,39.153376506040324,37.75909030609345,1.394286199946876,-0.002291350002946446,-0.0017386825606298117,-0.01502105534640219,0,0.0075800785424401055,38.57899475097656,38.60033798217773,1
2016-10-10,39.029911041259766,39.200742888214016,38.52983129942713,38.62120885237447,23498000.0,38.49824600219726,38.48920822143555,59.158061416015606,0.13079432266925295,0.12901902729364678,0.0017752953756061673,39.226639511633,37.76985249276152,1.4567870188714807,0.014011585043090191,0.012196367019404297,0.015151080694209007,1,0.007087845208737961,38.49059677124024,38.365455627441406,0
2016-10-11,38.88738250732422,39.3447514154135,38.7637284316488,39.065663064082095,27450000.0,38.556298446655276,38.499328994750975,56.50544066627858,0.14274249102637526,0.1317637200401925,0.010978770986182773,39.21066260945582,37.901934283854736,1.3087283256010807,-0.003651777063618633,0.007993670087524718,7.652074683472954e-05,1,0.006321016132395194,39.029911041259766,38.55763626098633,1
2016-10-12,39.03984451293945,39.13867079541276,38.83723244777211,38.921653825860986,18748000.0,38.61502189636231,38.51429664611816,58.641767487445705,0.16263910781079005,0.137938797594312,0.02470031021647806,39.21974261253791,38.01030118018671,1.2094414323511984,0.003920603439599546,0.014269660326742484,0.0058601768333717,1,0.0063936727854909375,38.88738250732422,38.55962371826172,0
2016-10-13,38.6450424194336,38.79551341066446,38.38730756737591,38.79551341066446,27306000.0,38.630987548828124,38.51927261352539,51.57709351154644,0.14488000401109957,0.1393270388776695,0.005552965133430066,39.2209958111009,38.04097928655535,1.1800165245455503,-0.010112798819549518,-0.009860863413685639,0.004103212475003115,1,0.006681085442084855,39.03984451293945,38.57899475097656,1
2016-10-14,38.66192626953125,38.93108427003396,38.53628687179374,38.81686801346163,17050000.0,38.65494861602783,38.52614555358887,51.844277054345255,0.1306619819078989,0.1375940274837154,-0.006932045575816503,39.20795241113557,38.10194482092009,1.1060075902154836,0.0004368956285363268,-0.0057976706904998565,0.001595537515292289,1,0.006623144013685201,38.6450424194336,38.49059677124024,1
2016-10-17,38.73294448852539,39.02544132289396,38.61077938797773,38.72499943779197,21860000.0,38.69035663604736,38.52390106201172,53.018547848477915,0.1236987514971375,0.13481497228639983,-0.011116220789262332,39.16215478214287,38.21855848995185,0.9435962921910175,0.0018369032753060566,-0.007861199967442056,0.009578639301266012,1,0.0062541348339013045,38.66192626953125,39.029911041259766,1
2016-10-18,39.49274444580078,39.80808756353253,39.01129028397833,39.12476394614826,41138000.0,38.749576568603516,38.53730941772461,63.32306338543782,0.1774443795164018,0.14334085373240024,0.034103525784001554,39.30468401034317,38.19446912686386,1.1102148834793155,0.019616374827906125,0.021935595701167987,0.0242522176018507,1,0.008576611994918272,38.73294448852539,38.88738250732422,1
2016-10-19,39.8026237487793,39.95656905074867,39.63030291238997,39.64072960738455,35336000.0,38.81234722137451,38.55443229675293,66.54583361829458,0.24225033584298217,0.16312275015451663,0.07912758568846553,39.52366637317639,38.10102806957263,1.4226383036037618,0.007846486926321061,0.029504414014337677,0.03223579253780162,1,0.008689699585416462,39.49274444580078,39.03984451293945,0
2016-10-20,39.5776596069336,39.925283022934174,39.53097817448552,39.89201004673427,35150000.0,38.836581230163574,38.566638717651365,62.268159184542185,0.2723176881927287,0.18496173776215907,0.08735595043056965,39.614408659004496,38.05875380132265,1.5556548576818443,-0.005651992774787784,0.02180869875922964,0.025886233231407818,1,0.009110633276980154,39.8026237487793,38.6450424194336,1
2016-10-21,39.69684219360352,39.70329825718603,39.43016963770261,39.47982904226599,25324000.0,38.86754417419434,38.58105995178223,63.60302122938588,0.3022788379652823,0.20842515780278373,0.09385368016249859,39.72636550468377,38.008722843704916,1.7176426609788535,0.00301136014240333,0.005167980870077082,0.03133870408745065,1,0.008947415654587424,39.5776596069336,38.66192626953125,1
2016-10-24,40.37916946411133,40.48196635458242,39.96748936220922,39.971459992506055,33950000.0,38.96413307189942,38.61074676513672,70.12033611327587,0.3767385656285569,0.24208783936793837,0.13465072626061853,40.023355885212645,37.90491025858619,2.1184456266264533,0.017188452098533702,0.01448511834222277,0.03456985647303212,1,0.009420729257992472,39.69684219360352,38.73294448852539,0
2016-10-25,40.10902404785156,40.556462613116445,39.98338465055827,40.556462613116445,31528000.0,39.02536392211915,38.635805206298826,65.14657934119185,0.40923258041378574,0.27551678757710785,0.1337157928366779,40.19491080942627,37.85581703481203,2.3390937746142413,-0.006690217254217368,0.013425868184102407,0.03141485648454889,1,0.009719285876961522,40.37916946411133,39.49274444580078,0
2016-10-26,39.68194580078125,40.074757876962856,39.54538338181204,40.0429776758111,32954000.0,39.06884136199952,38.65758613586426,58.12697248120456,0.3959583149616819,0.29960509305402266,0.09635322190765921,40.26776910855477,37.86991361544426,2.3978554931105123,-0.010647934154687788,-0.0003752538488986934,0.01644733210013105,1,0.01063777463906973,40.10902404785156,39.8026237487793,0
2016-10-27,39.49720764160156,39.90143901552924,39.30601497652346,39.777784951954864,54984000.0,39.119345664978034,38.67292121887207,55.348775509274745,0.36630895679585507,0.31294586580238914,0.05336309099346592,40.300973760616195,37.937717569339874,2.363256191276321,-0.0046554712842747925,-0.02184200007614434,0.022051087767455346,1,0.010091324639030903,39.68194580078125,39.5776596069336,1
2016-10-28,39.49820327758789,40.49736622585623,39.40980749443379,40.14279043560896,85398000.0,39.16423892974854,38.6906697845459,55.3611585386071,0.3389843655845439,0.31815356575882014,0.020830799825723778,40.33172175989201,37.99675609960507,2.33496566028694,2.5207756339629128e-05,-0.015229011045866936,0.02163050548041867,1,0.010100284268915894,39.49720764160156,39.69684219360352,0
2016-10-31,38.96038436889648,39.572194892595306,38.93356745728675,39.503167298272366,48546000.0,39.19398536682129,38.69972778320312,47.67050196207268,0.27081020749677975,0.3086848941064121,-0.037874686609632335,40.30761777484146,38.080352958801114,2.2272648160403463,-0.013616287933699067,-0.018183620216289054,0.005872000783169629,1,0.011273919019626948,39.49820327758789,40.37916946411133,0
2016-11-01,38.9141960144043,39.206196467219065,38.51343893776641,38.878441398169535,48128000.0,39.211813354492186,38.71110984802246,47.06579529522057,0.2106267082662754,0.28907325693838476,-0.07844654867210937,40.29512963843748,38.12849707054689,2.166632567890588,-0.0011855210168063568,-0.014760831512129258,-0.014649486621282404,1,0.009091981623848855,38.96038436889648,40.10902404785156,0
2016-11-02,38.17376708984375,38.81686526490256,37.9130504870776,38.64553710340567,37448000.0,39.19252052307129,38.707752838134766,38.61038425781826,0.10200853445103775,0.25166031244091536,-0.1496517779898776,40.33380184810597,38.051239198036605,2.282562650069366,-0.01902721886600134,-0.033531555307368954,-0.04092334890323657,1,0.009971951929586246,38.9141960144043,39.68194580078125,0
2016-11-03,37.84749603271485,38.23584111643439,37.6935507508907,38.10175656426476,38864000.0,39.15594558715821,38.70029388427734,35.57731485681606,-0.010280985596267556,0.1992720528334788,-0.20955303842974635,40.41440002036251,37.89749115395391,2.516908866408599,-0.008546996589595235,-0.02856461388173792,-0.04371566159803053,1,0.010062818734144096,38.17376708984375,39.49720764160156,0
2016-11-04,37.842041015625,38.2562066137455,37.27298292448109,37.27790074787388,42696000.0,39.123517799377446,38.69295417785644,35.52706442521858,-0.09857510112087908,0.13970262204260722,-0.2382777231634863,40.47859438393664,37.76844121481825,2.710153169118385,-0.00014413151890246834,-0.027551770525656827,-0.04672414921399948,1,0.009851339776727691,37.84749603271485,39.49820327758789,1
2016-11-07,38.86006927490234,38.99266105825379,38.364956643270624,38.46179380725164,31702000.0,39.11502571105957,38.70584587097168,49.78223479936858,-0.08541780797278165,0.09467853603952946,-0.18009634401231112,40.47446407587836,37.75558734624079,2.7188767296375715,0.02690204418036002,0.017978371991512976,-0.03762088743700276,1,0.012401489958924858,37.842041015625,38.96038436889648,1
2016-11-08,39.2568588256836,39.51126715133957,38.744363278734966,38.903771986271295,27338000.0,39.133499526977545,38.7240811920166,54.04698910130645,-0.04248323740442572,0.06724618135073843,-0.10972941875516415,40.4901006404528,37.77689841350229,2.7132022269505143,0.010210726799643854,0.037237940173123096,-0.021246221826571876,1,0.013090106016095332,38.86006927490234,38.9141960144043,0
2016-11-09,38.99862289428711,39.292464730602525,38.32125903874864,38.731950326735145,52142000.0,39.131438446044925,38.740190963745114,51.010726895721,-0.02896091895196662,0.048004761290197415,-0.07696568024216403,40.488727537484976,37.77414935460487,2.7145781828801034,-0.006578109892672823,0.03056341168766652,-0.017219994955002593,1,0.0128548818995787,39.2568588256836,38.17376708984375,0
2016-11-10,37.86885070800781,39.28962794349983,37.35338102573526,39.28962794349983,94904000.0,39.09262886047364,38.73573135375977,40.33478101393387,-0.1081607479137503,0.016771659449407873,-0.12493240736315817,40.5444271530477,37.64083056789958,2.9035965851481222,-0.02896954052305256,-0.025507380336418972,-0.04122714062142041,1,0.015509409426900505,38.99862289428711,37.84749603271485,0
2016-11-11,37.44475555419922,37.78045949195309,37.26399335262778,37.5698986168256,48636000.0,39.03177032470704,38.72107162475586,37.188412379662886,-0.20281024728547692,-0.027144721897569085,-0.17566552538790783,40.64388061223572,37.41966003717836,3.224220575057359,-0.0111990500339878,-0.046160169857982214,-0.05198838309067699,1,0.015584231095745553,37.86885070800781,37.842041015625,0
2016-11-14,36.55385208129883,37.634954753938246,36.12975236739363,37.52321636090569,73088000.0,38.92281570434571,38.685932083129885,31.610045790360417,-0.34572383298147713,-0.0908605441143507,-0.25486328886712645,40.86229283236052,36.9833385763309,3.8789542560296155,-0.023792476669018625,-0.06268864466356361,-0.061768699836515784,1,0.0164991297197634,37.44475555419922,38.86006927490234,1
2016-11-15,37.6667366027832,37.961021716782845,37.09465131203383,37.09465131203383,47680000.0,38.83151531219483,38.66448875427246,43.0933433235106,-0.36497618093849127,-0.14568367147917882,-0.21929250945931245,40.82621119665292,36.83681942773674,3.989391768916178,0.030445068251882867,-0.005337212549254122,-0.03205666670228369,1,0.020192813618877887,36.55385208129883,39.2568588256836,1
2016-11-16,37.96419906616211,38.05756192721192,37.270448826804646,37.5033520730693,29452000.0,38.73959407806397,38.64872650146484,45.71698786031987,-0.3521714572627488,-0.18698122863589284,-0.16519022862685595,40.71616959985484,36.76301855627311,3.9531510435817268,0.00789721887817918,0.013872263399103302,-0.005489843933621064,1,0.019615470993962433,37.6667366027832,38.99862289428711,1
2016-11-17,38.299407958984375,38.37240618576779,37.95178454560374,38.085372778237584,26080000.0,38.6756814956665,38.64466438293457,48.59326035883945,-0.31138560586985875,-0.21186210408268602,-0.09952350178717273,40.622163840394585,36.72919915093842,3.8929646894561643,0.0088296052878154,0.0477529939608905,0.011940338823971386,1,0.01958099039493564,37.96419906616211,37.86885070800781,0
2016-11-18,37.7685432434082,38.486628822647226,37.74172632930566,38.306362934531286,30942000.0,38.57926654815674,38.64553840637207,44.5658890028714,-0.31823050752117155,-0.23313578477038316,-0.08509472275078839,40.50478888702084,36.65374420929264,3.851044677728197,-0.013860911796461317,0.002702826148668125,-0.001942225372739581,0,0.020169666769626556,38.299407958984375,37.44475555419922,1
2016-11-21,38.1985969543457,38.22342855166827,37.77151924403222,37.871338173397554,26612000.0,38.47023792266846,38.64571716308594,48.303790568420226,-0.28566048477978967,-0.24364072477226448,-0.04201976000752519,40.214124122888904,36.726351722448015,3.487772400440889,0.01138655807204203,0.0061741823599412715,-0.01702190276289195,0,0.018387319406186556,37.7685432434082,36.55385208129883,0
2016-11-22,38.15241622924805,38.58396090583992,38.08934457727638,38.368933060822805,31862000.0,38.37240753173828,38.654238815307615,47.930040483007474,-0.26057120304113823,-0.24702682042603924,-0.013544382615098993,39.949092050183324,36.79572301329324,3.1533690368900835,-0.0012089639091417137,-0.0038379634978625843,-0.028133748584921903,0,0.017923613591579006,38.1985969543457,37.6667366027832,0
2016-11-23,37.79088592529297,38.15305820555196,37.50583784016691,38.125597203079785,29568000.0,38.27785453796387,38.6527490234375,44.994880151731465,-0.266784910221908,-0.250978438385213,-0.01580647183669498,39.75258447131179,36.803124604615945,2.9494598666958467,-0.00947594778225147,0.0005915685373611979,-0.030968708107153686,0,0.018016375192568105,38.15241622924805,37.96419906616211,1
2016-11-25,37.82515335083008,37.99002545902776,37.76754889423854,37.95327818038521,11748000.0,38.19425182342529,38.642737503051755,45.33657804683624,-0.2658793316429424,-0.2539586170367589,-0.011920714606183491,39.5692041845985,36.81929946225208,2.7499047223464146,0.0009067642818654242,-0.009776369638967553,-0.001153912948525071,0,0.015537003521677889,37.79088592529297,38.299407958984375,1
2016-11-28,38.15092086791992,38.71158678356653,37.73179201859136,37.741722383738974,43764000.0,38.12688770294189,38.642101821899416,48.605232966755025,-0.23615271650248104,-0.25039743692990335,0.014244720427422308,39.36489413748099,36.8888812684028,2.4760128690781897,0.008612457273294627,-3.9194406958098504e-05,0.018858857622893854,0,0.015211027595545502,37.82515335083008,37.7685432434082,1
2016-11-29,38.2800407409668,38.66043702235786,38.15092325335685,38.31430637546149,32332000.0,38.09287052154541,38.647206954956054,49.88436533496121,-0.199871273553903,-0.24029220425470327,0.04042093070080027,39.27345473693172,36.912286306159096,2.361168430772622,0.003384449709455062,0.012943724490630304,0.047223166954573736,0,0.012232021611561363,38.15092086791992,38.1985969543457,0
2016-11-30,37.64439010620117,38.38681090151255,37.48498140849341,38.24180331755643,47858000.0,38.02938022613525,38.63392784118653,44.069439358228415,-0.2198750794466804,-0.23620877929309872,0.01633369984641833,39.162061488768174,36.89669896350233,2.265362525265843,-0.016605275816369724,-0.004778916372190745,-0.0005932687192332642,0,0.010085998468197615,38.2800407409668,38.15241622924805,0
2016-12-01,37.141822814941406,37.73426885458663,36.60077521727526,37.61458921539783,60358000.0,37.977783012390134,38.60582008361816,40.09038072901802,-0.2731327160791537,-0.24359356665030973,-0.029539149428843947,39.171809758826484,36.783756265953784,2.3880534928727,-0.013350390053921357,-0.026450162408190758,-0.021661888606882118,0,0.010465272812704702,37.64439010620117,37.79088592529297,1
2016-12-02,37.26995468139648,37.44376449803374,36.90246673905505,36.976461414126994,29050000.0,37.94890594482422,38.569359588623044,41.53965897415188,-0.3015248156485981,-0.2551798164499674,-0.04634499919863072,39.18145354264648,36.71635834700196,2.4650951956445226,0.003449800164452954,-0.02638675508224675,-0.026879091151757795,0,0.00996514230027235,37.141822814941406,37.82515335083008,1
2016-12-05,37.86686706542969,37.93539833306858,37.3891372960878,37.62800407514363,27884000.0,37.950147247314455,38.54514526367188,47.866802629243985,-0.27271621555193093,-0.25868709627036013,-0.014029119281570801,39.18231179415787,36.71798270047104,2.4643290936868283,0.016015913867777343,0.005909963173818644,0.0026033257726625347,0,0.010691472166220357,37.26995468139648,38.15092086791992,0
2016-12-06,37.69752883911133,38.18022569636298,37.60962937844165,37.97661720427727,33814000.0,37.8920202255249,38.5301480102539,46.334720663621354,-0.2605459604183835,-0.2590588690999648,-0.0014870913184187318,39.054726577371326,36.72931387367848,2.325412703692848,-0.004471936535593524,0.01496173267905343,-0.013117448157408562,0,0.010021335698447476,37.86686706542969,38.2800407409668,1
2016-12-07,38.29742050170898,38.30586188024104,37.53314991037729,37.79138107582144,35220000.0,37.84404830932617,38.51840827941894,52.17465778236907,-0.2001870699450663,-0.2472845092689851,0.0470974393239188,38.8455441093864,36.842552509265936,2.002991600120467,0.015913288777042123,0.02756820685981043,0.003800657646153782,0,0.011401446054282826,37.69752883911133,37.64439010620117,1
2016-12-08,38.5571403503418,38.64454347414097,38.10076411915583,38.36148071536686,29762000.0,37.8219741821289,38.513303146362304,54.48403830306731,-0.12989761432780256,-0.2238071302807486,0.09390951595294605,38.736379085066666,36.90756927919113,1.8288098058755367,0.006781653835438606,0.018228951545407712,0.020276169935883548,0,0.010982128007613563,38.29742050170898,37.141822814941406,1
2016-12-09,39.19626998901367,39.203222381436674,38.686309163209344,38.73492665616408,36438000.0,37.88834514617919,38.527486114501954,59.64787313095455,-0.022362512803951518,-0.1835182067853892,0.16115569398143767,38.98187805298598,36.794812239372405,2.1870658136135717,0.016576168068081598,0.039757013153270515,0.036248805800373596,0,0.01187988630739471,38.5571403503418,37.26995468139648,0
2016-12-12,39.195274353027344,39.29360049714261,38.951194249135774,38.98520982103262,42082000.0,37.9758710861206,38.539384841918945,59.63652257218436,0.062064054611020936,-0.13440175450610717,0.1964658091171281,39.18724613239601,36.764496039845184,2.422750092550828,-2.5401294220239734e-05,0.023444238268692352,0.027374266763390054,0,0.01179110632334292,39.19626998901367,37.86686706542969,1
2016-12-13,39.534454345703125,39.945641932323774,39.397391816829575,39.42520138565786,42904000.0,38.12490119934081,38.56276481628418,62.270531773082226,0.15456003642184157,-0.07660939632051743,0.23116943274235902,39.33320511373834,36.916597284943286,2.416607828795051,0.008653594043527502,0.025347159734387947,0.032769390534996834,0,0.011938582990579464,39.195274353027344,37.69752883911133,1
2016-12-14,39.58262252807617,39.92676781728549,39.43066256573201,39.59900895565018,34084000.0,38.22069549560546,38.58326454162598,62.64336208242194,0.22910950638974015,-0.015465615778465912,0.24457512216820607,39.564681915069315,36.87670907614161,2.687972838927706,0.001218384904262182,0.009856870033061682,0.051487948573663234,0,0.009771476636392374,39.534454345703125,38.29742050170898,1
2016-12-15,39.621360778808594,39.87711030167058,39.376534278589055,39.596032854297725,32530000.0,38.303553581237786,38.60449928283691,62.9603638396765,0.28799650706244506,0.045226808789716286,0.24276969827272876,39.772584625748195,36.83452253672738,2.938062089020818,0.0009786681189438706,0.0108708621846485,0.0667586503823856,0,0.007572294568127104,39.58262252807617,38.5571403503418,0
2016-12-16,39.271263122558594,39.770645777122034,39.2459351932856,39.7480002972021,48876000.0,38.3521463394165,38.618344650268554,58.15716061013802,0.30292301641214436,0.0967660503142019,0.20615696609794246,39.88051020289325,36.82378247593975,3.056727726953497,-0.008836083601582168,-0.0066572620642009195,0.05369763548870332,0,0.008988113925815748,39.621360778808594,39.19626998901367,1
2016-12-19,39.44010162353516,39.61192612562435,39.04629688390096,39.24245665482477,24642000.0,38.43572425842285,38.637334747314455,59.75185183421694,0.32463405924081457,0.14233965209952443,0.18229440714129014,40.00943511188804,36.862013404957665,3.1474217069303734,0.004299288781459687,-0.0036005927712323693,0.04154646740083101,0,0.008158565401052304,39.271263122558594,39.195274353027344,1
2016-12-20,39.55035018920898,39.66109215178799,39.39392323621711,39.567236737746896,19020000.0,38.50331192016601,38.64774353027344,60.80236491861198,0.3467393594681383,0.1832195935732472,0.16351976589489106,40.14511757361068,36.86150626672134,3.283611306889341,0.0027953418255906026,-0.0017922299538383202,0.049149676574432144,0,0.0076148615580788155,39.44010162353516,39.534454345703125,0
2016-12-21,39.45798110961914,39.56306264253778,39.08751518970622,39.52154530207546,24226000.0,38.56859016418456,38.65915550231934,59.403405056480636,0.3527384076052442,0.2171233563796466,0.1356150512255976,40.25267267469038,36.884507653678746,3.3681650210116345,-0.0023354807011300993,0.004754570447042417,0.03030388450988175,0,0.0068091319226974345,39.55035018920898,39.58262252807617,0
2016-12-22,39.29409790039063,39.39639846642992,39.161009793162656,39.34872437945268,19444000.0,38.643750762939455,38.66424057006836,56.90188514277004,0.34034540119181145,0.2417677653420796,0.09857763584973184,40.31642675015031,36.971074775728596,3.3453519744217175,-0.004153360223201008,-0.0037019104194551122,0.019113387127588144,0,0.007011283102457779,39.45798110961914,39.621360778808594,0
2016-12-23,39.22705841064453,39.367599037520414,39.09645193817822,39.27622148753949,12468000.0,38.71384601593017,38.675880889892575,55.86550923134127,0.3214093211879572,0.25769607651125515,0.06371324467670203,40.36072816046156,37.066963871398784,3.2937642890627785,-0.0017060956563004215,-0.008174182453955958,0.0007854936615012686,1,0.004798592486041374,39.29409790039063,39.271263122558594,1
2016-12-27,39.30850601196289,39.621863829148445,39.11518022358089,39.26530266533725,15782000.0,38.771725273132326,38.68881248474121,56.892752329447426,0.3094078213335507,0.26803842547571427,0.041369395857836444,40.41676871390922,37.12668183235543,3.2900868815537905,0.0020763117250783836,-0.0037882094687254897,0.002888910992577376,1,0.004838887497116858,39.22705841064453,39.44010162353516,0
2016-12-28,38.98571395874024,39.441593942336766,38.893843859323255,39.41527714464004,23076000.0,38.807008934021,38.69386787414551,51.75173308758084,0.2707291283548301,0.26857656605153746,0.0021525623032926378,40.43857127448481,37.17544659355719,3.2631246809276178,-0.008211760913131916,-0.007848098267381864,-0.013880054652190332,1,0.0045329068402673945,39.30850601196289,39.55035018920898,0
2016-12-29,38.87348175048828,39.02941615989755,38.681296389133344,38.900298664981534,14886000.0,38.86846351623535,38.68148262023926,50.057999379916915,0.22838708016787024,0.26053866887480404,-0.0321515887069338,40.410357230933215,37.32656980153749,3.083787429395727,-0.002878803460435231,-0.00901359098749821,-0.017915457144985658,1,0.0044557083238228315,38.98571395874024,39.45798110961914,0
2016-12-30,38.32870864868164,38.87298439748577,38.25868839102511,38.871495410890944,35400000.0,38.92780780792236,38.6520043182373,42.74510282679022,0.14915272568732973,0.23826148023730917,-0.08910875454997944,40.27886616666861,37.57674944917612,2.702116717492487,-0.014014003307017853,-0.024925835720723266,-0.03262513211859008,1,0.005751781629592742,38.87348175048828,39.29409790039063,1
2017-01-03,39.03984451293945,39.21315801797928,38.52636006227842,38.67583462508078,33146000.0,39.016302299499515,38.64124801635742,52.500157726791784,0.1421035684631704,0.21902989788248142,-0.07692632941931102,40.132926065773546,37.89967853322548,2.233247532548063,0.018553608752541972,0.0013884715374585799,-0.005892823179558193,1,0.008624678588298828,38.32870864868164,39.22705841064453,1
2017-01-04,39.07758331298828,39.29807455702289,38.891854031356885,39.15008521081367,21460000.0,39.07683811187744,38.628862838745114,52.95821633379314,0.13797181316651574,0.2028182809392883,-0.06484646777277256,40.06106425364853,38.092611970106354,1.9684522835421774,0.0009666739332510055,0.005250406017398568,-0.009191617050260281,1,0.008479320168703838,39.03984451293945,39.30850601196289,1
2017-01-05,39.43115997314453,39.45400246436908,38.98421778085654,39.036858944079945,26704000.0,39.1635196685791,38.60990264892578,57.12948152965495,0.16136790013268865,0.1945282047779684,-0.03316030464527975,39.927231860012085,38.39980747714611,1.5274243828659735,0.009048068743768178,0.028763069858885215,-0.0030136323823743982,1,0.00899612944834236,39.07758331298828,38.98571395874024,1
2017-01-06,40.033538818359375,40.12044561798142,39.34097823664731,39.49274119617562,32804000.0,39.25032558441163,38.60839294433594,63.12808935626104,0.22591223056340937,0.2008050099350566,0.025107220628352772,39.99495727462872,38.505693894194536,1.4892633804341813,0.01527672139559444,0.025453336656875436,0.01458659801020401,1,0.01019056974367541,39.43115997314453,38.87348175048828,1
2017-01-09,40.05836868286133,40.22303997367308,39.868664991654,40.04595288505653,25492000.0,39.325387001037605,38.61592140197754,63.35569735314603,0.27588738199430907,0.2158214843469071,0.06006589764740197,40.07799916215111,38.5727748399241,1.5052243222270079,0.0006202265708912247,0.02509841414750591,0.01945001471742902,1,0.01000669176043103,40.033538818359375,38.32870864868164,0
2017-01-10,39.96599960327149,40.18152755376016,39.90243541480071,40.11845969411395,23536000.0,39.363873481750495,38.62529724121094,61.82670633191761,0.3045292135812261,0.2335630301937709,0.0709661833874552,40.16340014730623,38.564346816194764,1.5990533311114632,-0.002305862236206213,0.013563882738707678,0.018837537724379683,1,0.010032956686050854,40.05836868286133,39.03984451293945,1
2017-01-11,40.12094497680664,40.132864447216406,39.79616782391554,39.97643371159074,21318000.0,39.41015701293946,38.637752075195316,63.42142023048743,0.3358592913335272,0.2540222824217222,0.08183700891180501,40.270168957264346,38.55014506861457,1.7200238886497772,0.0038769297671330527,0.0021833233090846615,0.02066827379795355,1,0.010052350086065179,39.96599960327149,39.07758331298828,0
2017-01-12,40.0439682006836,40.09511659037095,39.68691076420016,40.08270079237055,27062000.0,39.435632705688484,38.659423751831056,62.03490371553957,0.3504375947099021,0.2733053448793582,0.0771322498305439,40.33800616476893,38.53325924660804,1.8047469181608875,-0.001918618222166435,-0.0003594874841692519,0.027144667481614926,1,0.009518345062055466,40.12094497680664,39.43115997314453,1
2017-01-13,40.11944961547852,40.285511378049776,40.06035239045943,40.09958509754192,21984000.0,39.4624740600586,38.68352882385254,62.89159889414706,0.3638870609888798,0.2914216881012625,0.07246537288761729,40.4114713930796,38.51347672703759,1.8979946660420097,0.001884963408637308,0.0038395139300975156,0.032051872095933076,1,0.00932408833440617,40.0439682006836,40.033538818359375,0
2017-01-17,39.95706558227539,40.08270498433531,39.74650847814471,40.07972701111318,27242000.0,39.47925930023194,38.71919479370117,59.76702068320393,0.357323818974848,0.3046021142759796,0.05272170469886839,40.450518337678176,38.5080002627857,1.942518074892476,-0.004047513980363293,-0.004084634462772185,0.0424840019662327,1,0.007664793787282198,40.11944961547852,40.05836868286133,1
2017-01-18,40.029563903808594,40.0362662367094,39.77728869962549,40.01665177801666,25888000.0,39.51717433929444,38.76283615112305,60.705658590847904,0.35389295337134286,0.3144602820950523,0.039432671276290576,40.511914740821766,38.52243393776712,1.9894808030546471,0.0018144055494746514,-0.00035971202461304586,0.025351519792582877,1,0.005775777667477261,39.95706558227539,39.96599960327149,0
2017-01-19,39.83614730834961,40.19891449599214,39.81752550186526,39.9823976343114,18386000.0,39.53697662353515,38.80271827697754,56.892199549757784,0.3317427410428522,0.31791677388461226,0.013825967158239916,40.54052067083991,38.533432576230396,2.0070880946095144,-0.004831843682428505,-0.007061470430033356,0.019411742770418572,1,0.006222981791188194,40.029563903808594,40.12094497680664,1
2017-01-20,39.97742462158203,40.07128381660806,39.81205618476368,40.07128381660806,33400000.0,39.55833034515381,38.82506538391113,58.92204112160324,0.3218780271283208,0.318709024533354,0.00316900259496683,40.58011302582416,38.536547664483464,2.043565361340697,0.003546460257285222,0.0005095228843750021,0.013853628673605956,1,0.00575015029492041,39.83614730834961,40.0439682006836,1
2017-01-23,40.68706893920898,40.76453791623262,39.913860577982106,40.08816672347774,39272000.0,39.61978473663331,38.85366958618164,67.26119653487464,0.3670909401156308,0.32838540764980934,0.03870553246582148,40.7519196431338,38.48764983013281,2.2642698130009933,0.01775112640056964,0.01642548584791914,0.016324565355433807,1,0.006427401068946397,39.97742462158203,40.11944961547852,1
2017-01-24,40.91352081298828,41.01432861444819,40.61312440051975,40.83555550542103,29480000.0,39.70075588226318,38.89196754455566,69.39624528927783,0.41639532694431836,0.34598739150871116,0.0704079354356072,40.95336929621442,38.44814246831194,2.505226827902476,0.005565696416167221,0.027045123021042228,0.02134765239436276,1,0.006529747042142099,40.68706893920898,39.95706558227539,1
2017-01-25,41.499507904052734,41.5044749810674,40.972611285994205,41.19906225936507,29890000.0,39.814378356933595,38.96458068847656,74.10272211362387,0.49702428312641445,0.37619476983225186,0.12082951329416258,41.270271212216734,38.358485501650456,2.911785710566278,0.01432257795028069,0.038073570193138506,0.03837032267436924,1,0.007340534922818863,40.91352081298828,40.029563903808594,0
2017-01-26,41.324703216552734,41.61521850699497,41.069450006604846,41.60578068143234,59478000.0,39.915188217163085,39.042179641723635,70.6140355488483,0.5405864898716359,0.4090731138401287,0.13151337603150726,41.49126193524293,38.33911449908324,3.1521474361596944,-0.004212211091855544,0.01567166900856032,0.030003237472147504,1,0.007764157825353371,41.499507904052734,39.83614730834961,0
2017-01-27,40.88570785522461,41.81137246969029,40.74318191989864,41.45183338843416,59316000.0,40.0101879119873,39.128816757202145,62.63848655613622,0.5335363211487305,0.4339657553018491,0.0995705658468814,41.579743833550395,38.44063199042421,3.1391118431261873,-0.010623073540968253,-0.0006797986878421813,0.021020385650157403,1,0.008794823966184504,41.324703216552734,39.97742462158203,0
2017-01-30,39.84334564208984,40.51474978535619,39.71820256892715,40.45615266850683,64932000.0,40.058681106567384,39.17234893798828,48.60178197919179,0.4387810970713346,0.43492882365574626,0.0038522734155883587,41.54234094639536,38.575021266739405,2.967319679655958,-0.02549453752459796,-0.03990799760305497,-0.00688204788537683,1,0.012398579810414935,40.88570785522461,40.68706893920898,0
2017-01-31,39.56872177124024,39.79020567427056,39.257353094261234,39.57219607311643,43212000.0,40.12068176269531,39.204439392089846,45.69635621567233,0.3376350019335632,0.4154700593113097,-0.07783505737774649,41.39947857373428,38.84188495165635,2.557593622077931,-0.006892590630227735,-0.04249229416387268,-0.009719027295323035,1,0.01251801393138736,39.84334564208984,40.91352081298828,0
2017-02-01,39.51433944702149,39.78722175996038,39.290620203235854,39.71223443993252,40594000.0,40.14440650939942,39.22873802185059,45.12112600973099,0.25020360236448624,0.38241676792194507,-0.13221316555745882,41.35806140192946,38.93075161686937,2.427309785060089,-0.0013743765728181367,-0.033541510717121525,-0.012871098421786242,1,0.012481594561495226,39.56872177124024,41.499507904052734,1
2017-02-02,39.65512847900391,39.86221126827818,39.33084767445946,39.420236119623816,30642000.0,40.1732837677002,39.2664697265625,46.98184365057861,0.19008292887318845,0.34395000011219373,-0.15386707123900528,41.30901210920604,39.03755542619436,2.271456683011678,0.003562985841410349,-0.0047239296814245435,-0.004544084746562649,1,0.012494300302485587,39.51433944702149,41.324703216552734,1
2017-02-03,39.8021240234375,40.02608956435997,39.746504884826,39.87661502372638,29268000.0,40.19183197021484,39.29854026794433,48.928865478328,0.15253979017956,0.305667958125667,-0.153128167946107,41.28996906925877,39.09369487117092,2.196274198087849,0.0037068482708715322,0.005898655345670134,-0.004384989773700831,1,0.012500009175659379,39.65512847900391,40.88570785522461,0
2017-02-06,39.794677734375,39.81106416415677,39.49224675530675,39.713234336782186,23690000.0,40.17988891601563,39.33138549804688,48.83103761790347,0.12079329902510239,0.2686930263055541,-0.1478997272804517,41.289785080143794,39.06999275188746,2.2197923282563323,-0.0001870827058906288,0.007094596323174551,-0.021933042317875184,1,0.010779491931463183,39.8021240234375,39.84334564208984,1
2017-02-07,40.07426071166992,40.24956329826968,39.81652586207225,39.9262751548176,24824000.0,40.18068351745605,39.37705299377441,52.65836962344219,0.1168470457506956,0.23832383019458242,-0.12147678444388682,41.290253253740396,39.07111378117171,2.219139472568685,0.007025637427223508,0.010569433229498326,-0.02051302563655022,1,0.010904947635627533,39.794677734375,39.56872177124024,1
2017-02-08,40.14427947998047,40.31610396961254,39.88654463991716,40.07574821565411,23106000.0,40.1895975112915,39.42343551635742,53.59452339034064,0.11800920438098217,0.21426090503186238,-0.0962517006508802,41.29498177783445,39.084213244748554,2.210768533085897,0.0017472254526247344,0.008596411999055364,-0.03265649383615743,1,0.00943777922063644,40.07426071166992,39.51433944702149,1
2017-02-09,40.202884674072266,40.257511159842615,39.95359118602138,40.20039924095634,19794000.0,40.193694496154784,39.464474792480466,54.40717942433403,0.12224995150455698,0.19585871432640128,-0.07360876282184431,41.29863789344785,39.08875109886172,2.209886794586126,0.0014598641413161584,0.01025782750200932,-0.02714643917953463,1,0.009544971966024022,40.14427947998047,39.65512847900391,1
2017-02-10,40.406982421875,40.48544784205403,40.21380442193931,40.30915259983527,22700000.0,40.21184520721435,39.50701362609863,57.217102969132554,0.1404606141582363,0.1847790942927683,-0.04431848013453199,41.31827951304284,39.105410901385866,2.2128686116569725,0.005076694109324986,0.008302628777083987,-0.011708869882961714,1,0.009388107046723245,40.202884674072266,39.8021240234375,1
2017-02-13,40.68359375,40.7689585215192,40.49736813863291,40.52269227572555,24266000.0,40.24005241394043,39.56779769897461,60.747934458740815,0.17519339752185203,0.18286195493858504,-0.007668557416733002,41.36424823118877,39.1158565966921,2.24839163449667,0.006845631906807537,0.013434399047776768,0.0210887939847737,1,0.004204082511691882,40.406982421875,39.794677734375,1
2017-02-14,40.74367904663086,40.870314884677214,40.52269147704823,40.671673478713465,21094000.0,40.2793830871582,39.639834823608396,61.491377526477436,0.205202315301257,0.18733002701111945,0.01787228829013754,41.41619453843211,39.142571635884295,2.273622902547814,0.001476892552808362,0.01345163106933378,0.029694092272766204,1,0.002821236039272276,40.68359375,40.07426071166992,0
2017-02-15,40.67068099975586,40.87031506425499,40.64535307428137,40.689549072884205,26272000.0,40.311438941955565,39.70784934997559,60.00442803924031,0.2205518817275589,0.19397439795440735,0.026577483773151556,41.454404755463166,39.168473128447964,2.285931627015202,-0.0017916410246471282,0.00652606460753935,0.02926384621169542,1,0.0028941808528728883,40.74367904663086,40.14427947998047,1
2017-02-16,40.92791748046875,40.93983694936543,40.6706789741941,40.71785294343522,25752000.0,40.366027450561525,39.769070358276366,63.366212160289855,0.2505847726115533,0.20529647288583655,0.04528829972571677,41.517235494337335,39.214819406785715,2.30241608755162,0.006324862883767102,0.006005460873739876,0.03209645385813675,1,0.0030904222354125135,40.67068099975586,40.202884674072266,1
2017-02-17,41.12208557128906,41.12208557128906,40.80351448391024,40.871303143869824,32220000.0,40.42326049804687,39.837561492919924,65.70917715853983,0.28674834083269474,0.22158684647520818,0.06516149435748655,41.604911807783274,39.24160918831047,2.3633026194728046,0.004744147828019241,0.009287490317826164,0.033163093182522196,1,0.003127683708346785,40.92791748046875,40.406982421875,1
2017-02-21,41.30037307739258,41.38926519723898,41.13599729444414,41.15139106662622,25246000.0,40.453925704956056,39.89762054443359,67.74883409719897,0.326036198577377,0.24247671689564196,0.08355948168173502,41.69186137161497,39.21599003829714,2.4758713333178264,0.004335565758075033,0.015482703071544313,0.03783660099141706,1,0.002889831079852579,41.12208557128906,40.68359375,0
2017-02-22,41.25567626953125,41.37933035132166,41.15039772154245,41.15139037924473,19658000.0,40.4710334777832,39.95159126281738,66.6780488361384,0.3495362141482019,0.26388861634615396,0.08564759780204795,41.74289403307837,39.19917292248803,2.54372111059034,-0.0010822373874824764,0.008008196097905707,0.029480657581221204,1,0.0029961711254774172,41.30037307739258,40.74367904663086,1
2017-02-23,41.28398132324219,41.34009678727979,40.86435237617926,41.22389144007181,29456000.0,40.46025714874268,39.993345489501955,67.0333912041261,0.3662225415820828,0.28435540139333976,0.08186714018874303,41.70033362454349,39.220180672941865,2.4801529516016245,0.000686088709975774,0.003936953821869427,0.02839014320409161,1,0.003060180860842395,41.25567626953125,40.67068099975586,0
2017-02-24,41.15039825439453,41.16827745957653,40.92990700099938,41.10520959573682,27844000.0,40.451541900634766,40.03244796752929,63.58705685157409,0.36446619956000603,0.300377561026673,0.06408863853333302,41.669446409185355,39.23363739208418,2.435809017101178,-0.0032357118806380925,-0.0036313188434644594,0.0235682983448533,1,0.003602200294549167,41.28398132324219,40.92791748046875,1
2017-02-27,41.18217468261719,41.2427608910433,40.91996912071753,40.947282357947465,22030000.0,40.46636524200439,40.06540237426758,64.06040183810319,0.36147155892162175,0.31259636060566276,0.04887519831595899,41.711948359803806,39.22078212420498,2.4911662355988256,0.0007722022038818555,-0.0017816114910796932,0.019184611527004902,1,0.003494142520017204,41.15039825439453,41.12208557128906,0
2017-02-28,40.8807373046875,41.14542451617604,40.73125898982144,40.999920620297,45216000.0,40.51823482513428,40.0913646697998,56.55048634334996,0.330959709937936,0.3162690304721174,0.01469067946581859,41.74192826943377,39.29454138083479,2.4473868885989845,-0.007319608064722316,-0.00976756615107921,0.0048457753240518375,1,0.004090266665401962,41.18217468261719,41.30037307739258,1
2017-03-01,41.47815704345703,41.52856283813075,41.08186686759317,41.16082862096021,29930000.0,40.61370658874512,40.128500595092774,65.24635385074365,0.3509402095826104,0.32320326629421603,0.027736943288394378,41.824054200043875,39.40335897744636,2.420695222597516,0.014613722211439306,0.007964899562727723,0.01802679615617353,1,0.006071726152705812,40.8807373046875,41.25567626953125,0
2017-03-02,41.24922561645508,41.4419035150586,41.20005874810038,41.40913065451548,18850000.0,40.7004508972168,40.168059844970706,60.268640106301355,0.3443327925111035,0.32742917153759354,0.016903620973509947,41.82912193185163,39.57177986258196,2.2573420692696686,-0.00551932494884233,0.0016281542768112889,0.014225102763897546,1,0.006421414934809699,41.47815704345703,41.28398132324219,0
2017-03-03,41.172245025634766,41.28547240581915,41.00692964067292,41.24574336755201,17928000.0,40.77630672454834,40.2027027130127,58.64836017713015,0.32909111898495524,0.3277615610270659,0.0013295579578893602,41.814025389014446,39.738588060082236,2.0754373289322103,-0.0018662311757339234,0.007130686483823201,0.005969703816047112,1,0.006248017177922014,41.24922561645508,41.15039825439453,0
2017-03-06,41.107688903808594,41.162315385195306,40.84051623159699,41.06647087835388,22180000.0,40.84158496856689,40.23384948730469,57.258161299147815,0.308249534635209,0.3238591557486945,-0.015609621113485517,41.786027382232376,39.89714255490141,1.888884827330969,-0.001567952434606834,-0.008931644172625486,-0.00035009575220867895,1,0.006101398996377875,41.172245025634766,41.18217468261719,1
2017-03-07,41.31278991699219,41.38728092425163,41.04512089299215,41.08882056634195,20752000.0,40.917490577697755,40.270945663452146,60.46459530210905,0.30476917718340957,0.32004116003563754,-0.015271982852227972,41.750634440439136,40.084346714956375,1.6662877254827606,0.004989358892530493,0.0015409816690414857,0.00030064715338862236,1,0.006156491128123107,41.107688903808594,40.8807373046875,1
2017-03-08,41.4846076965332,41.62266287593509,41.30682348120156,41.39223749855806,19796000.0,40.98800792694092,40.314755859375,62.97070203110769,0.3122755100015553,0.3184880300288211,-0.0062125200272658,41.760248144586626,40.21576770929521,1.544480435291419,0.004158948836092691,0.00758672913522096,0.005549089184874845,1,0.006271691859758032,41.31278991699219,41.47815704345703,1
2017-03-09,41.64898681640625,41.81385893391926,41.42700656792362,41.515898690846,25230000.0,41.063243293762206,40.363194427490235,65.24080872451654,0.32771070897997845,0.3203325658190526,0.007378143160925832,41.7834631158223,40.34302347170211,1.4404396441201897,0.003962412301823148,0.013167802107880267,0.00884133461611114,1,0.006363272162547317,41.4846076965332,41.24922561645508,1
2017-03-10,41.87593078613281,41.9583668382822,41.68970517554147,41.87742356141303,34080000.0,41.14689559936524,40.41454292297363,68.14444765404366,0.354173011075396,0.3271006548703213,0.0270723562050747,41.835934466421115,40.45785673230936,1.3780777341117556,0.005448967359685364,0.013631150795482938,0.01763123961165558,1,0.0063288482574233125,41.64898681640625,41.172245025634766,1
2017-03-13,41.98965072631836,42.14583137878618,41.8759270238179,41.91317441585155,24472000.0,41.226029014587404,40.4746216583252,69.5185262255485,0.37994110041196905,0.3376687439786509,0.04227235643331817,41.92049219536172,40.53156583381309,1.3889263615486271,0.002715639701630357,0.012174226968219903,0.01960741631359264,1,0.0063247354994420005,41.87593078613281,41.107688903808594,1
2017-03-14,41.993629455566406,42.07408020065623,41.75427011338903,41.89530329297005,15598000.0,41.291530799865725,40.537024612426755,69.56798570869367,0.3961173527904691,0.34935846574101453,0.04675888704945458,42.01548663974633,40.56757495998512,1.447911679761205,9.475499746303129e-05,0.008274934530325684,0.02722289822183077,1,0.0054961362310281805,41.98965072631836,41.31278991699219,1
2017-03-15,42.07209014892578,42.14310305961011,41.75277642649261,42.09145833968597,27630000.0,41.35795135498047,40.611892242431644,70.58171817384098,0.41053586961949406,0.36159394651671045,0.04894192310278361,42.11180251290672,40.60410019705422,1.507702315852498,0.0018683951441347268,0.004684298572246393,0.014319177798726157,1,0.0035661261359362824,41.993629455566406,41.4846076965332,1
2017-03-16,42.15055084228516,42.25334773978207,42.01895171809019,42.16296664035007,19552000.0,41.431944847106934,40.67410636901855,71.60051549943975,0.4234129296296558,0.3739577431392995,0.049455186490356295,42.19192254547676,40.67196714873711,1.5199553967396469,0.0018649107539381315,0.0038318993652870503,0.021850718707081107,1,0.002601726690640027,42.07209014892578,41.64898681640625,1
2017-03-17,42.3164176940918,42.37998188525695,42.0676205467328,42.29109355665675,34246000.0,41.501369857788085,40.738883056640624,73.67597795396156,0.4419081194725649,0.3875478184059526,0.054360301066612327,42.316192844536644,40.686546871039525,1.6296459734971194,0.003935105200101763,0.007686600151266543,0.027789902341848194,1,0.002221497267801201,42.15055084228516,41.87593078613281,0
2017-03-20,42.13167572021485,42.22206060142159,41.97028172417004,42.21163011944799,24630000.0,41.551849365234375,40.79289337158203,67.73813985479771,0.4366254113824084,0.39736333700124377,0.039262074381164636,42.39115238506134,40.71254634540741,1.6786060396539284,-0.004365728101382693,0.0014162731416040852,0.02490986099467607,1,0.0028983728239930723,42.3164176940918,41.98965072631836,0
2017-03-21,41.24077606201172,42.38494659413062,41.16926682454289,42.280660710834574,49270000.0,41.54886951446533,40.81703811645508,47.751578819079576,0.35644183075559965,0.389179035752115,-0.032737204996515334,42.39213655187073,40.705602477059934,1.686534074810794,-0.021145602280795983,-0.02158393572785211,-0.0017431370557438042,1,0.007877595592424609,42.13167572021485,41.993629455566406,0
2017-03-22,41.19757461547852,41.49354952162154,41.07789495578951,41.31278731560145,28030000.0,41.5459644317627,40.83982223510742,47.02696610621125,0.28611165269769145,0.3685655591412303,-0.08245390644353884,42.39364049240631,40.698288371119084,1.695352121287229,-0.0010475420362661136,-0.026439928982208927,-0.006919026043451515,1,0.007732153379232332,41.24077606201172,42.07209014892578,0
2017-03-23,40.60115432739258,40.84895879314071,40.33681188300382,40.77098970666979,69742000.0,41.51182308197021,40.852525329589845,38.3702748783841,0.18017144288823062,0.3308867358906304,-0.15071529300239978,42.44921220797906,40.57443395596137,1.8747782520176912,-0.014477072828987914,-0.036327095152494104,-0.025158654966389582,1,0.008649764270198599,41.19757461547852,42.15055084228516,0
2017-03-24,40.44472885131836,40.81718009136311,40.1696111109964,40.725309997891785,39620000.0,41.476539611816406,40.85900100708008,36.47388864489737,0.08263823263400383,0.2812370352393051,-0.19859880260530127,42.5135213468126,40.43955787682021,2.0739634699923926,-0.003852734698448823,-0.019302430427021622,-0.03417719697082877,1,0.008186412885723948,40.60115432739258,42.3164176940918,1
2017-03-27,40.696998596191406,40.80228093081463,39.8954843494107,40.073268582527874,37886000.0,41.452280807495114,40.87206161499024,41.49571749153293,0.025405660286416776,0.23007076024872744,-0.20466509996231066,42.53726184745257,40.36729976753766,2.16996207991491,0.006237394885262537,-0.012150618670135116,-0.03078501744518547,1,0.008548443353801715,40.44472885131836,42.13167572021485,1
2017-03-28,40.76702499389648,41.018800126573,40.42471720211797,40.74169706645991,32410000.0,41.446595191955566,40.8850131225586,42.846343040327774,-0.014138045984203984,0.18122899900214115,-0.19536704498634513,42.54461033896618,40.34858004494495,2.1960302940212273,0.00172067720275626,0.004085368242646048,-0.029209298590582744,1,0.008630789064507274,40.696998596191406,41.24077606201172,1
2017-03-29,41.28795623779297,41.35524478986371,40.83952501898727,40.969635163506496,35726000.0,41.43708515167236,40.911630935668946,51.76696606606408,-0.0034026961590853944,0.14430265996989586,-0.14770535612898125,42.53713493830091,40.33703536504382,2.2000995732570914,0.012778250166022298,0.02084888217632641,-0.01863786439792159,1,0.009900360414141813,40.76702499389648,41.19757461547852,1
2017-03-30,41.292423248291016,41.40067975866689,41.16827284994304,41.391742051461605,21106000.0,41.43924503326416,40.93688812255859,51.83638716279183,0.005403310338031986,0.11652279004352309,-0.1111194797054911,42.53797978058542,40.3405102859429,2.197469494642519,0.00010819161094621776,0.014630677264620973,-0.020358632967929835,1,0.009842828478130332,41.28795623779297,40.60115432739258,0
2017-03-31,41.19608688354492,41.29938011709778,41.08832290152005,41.1667883259737,28038000.0,41.440437126159665,40.9640869140625,50.15967106422222,0.004556074817998024,0.09412944699841809,-0.08957337218042007,42.538061714518264,40.342812537801066,2.1952491767171978,-0.0023330276396428262,0.01052472898654444,-0.026475086304465156,1,0.009619143038604372,41.292423248291016,40.44472885131836,1
2017-04-03,41.64253616333008,41.756752429718965,41.17920366704653,41.17920366704653,33430000.0,41.467179489135745,40.99738914489746,57.08719820325368,0.039454552785805674,0.08319446815589561,-0.043739915370089935,42.55710776628461,40.37725121198688,2.1798565542977286,0.010837176866997034,0.008587974747283456,-0.011609781679063014,1,0.010478683111234111,41.19608688354492,40.696998596191406,0
2017-04-04,41.44488143920898,41.47517265259384,41.17006303234588,41.28547274478066,20908000.0,41.47378406524658,41.01254539489746,53.539157264229814,0.05057971220065838,0.07667151696484817,-0.02609180476418979,42.561488703572195,40.38607942692097,2.175409276651223,-0.004746462207437574,0.003692158970696191,0.004949115819022243,1,0.007981744247961435,41.64253616333008,40.76702499389648,0
2017-04-05,41.28795623779297,41.83620638637659,41.25369060350649,41.49156472812415,31106000.0,41.46395149230957,41.020034103393556,50.837653543595486,0.04620134852724789,0.07057748327732812,-0.024376134750080228,42.554638261444126,40.37326472317501,2.1813735382691135,-0.0037863590379957346,0.002230050502314729,0.002193857846196856,1,0.008087886772992775,41.44488143920898,41.28795623779297,0
2017-04-06,41.1126594543457,41.53526643878369,41.0421428669225,41.337121344808885,25088000.0,41.43713512420654,41.01229713439941,47.92832841903495,0.02826070653060242,0.06211412792798298,-0.03385342139738056,42.534657225545224,40.33961302286786,2.1950442026773658,-0.0042457122953160065,-0.012724410129731245,0.01259829025619652,1,0.0065116175729931945,41.28795623779297,41.292423248291016,0
2017-04-07,40.953250885009766,41.14270454122991,40.7468121727774,41.116630225932994,21146000.0,41.39100112915039,41.00486808776856,45.38478340573297,0.0011662355431312221,0.049924549451012636,-0.04875831390788141,42.488435339356656,40.29356691894412,2.194868420412533,-0.0038773597099198698,-0.011862274353959257,0.01257325857124214,1,0.006513775121279616,41.1126594543457,41.19608688354492,1
2017-04-10,40.95622634887695,41.18565530355066,40.90855225860102,40.98900299633599,19578000.0,41.33932991027832,41.0062784576416,45.442983736910236,-0.019837557834215147,0.03597212799396708,-0.05580968582818223,42.41627547072539,40.26238434983126,2.15389112089413,7.265513244703037e-05,-0.008034543705807473,0.006369701983620191,1,0.006278824232912186,40.953250885009766,41.64253616333008,0
2017-04-11,40.8876953125,41.09015959372034,40.5733486587276,40.955233923170944,21594000.0,41.284033203125,41.027165451049804,44.27276842202374,-0.04153431557207199,0.020470839280759268,-0.06200515485283126,42.33415415800014,40.23391224824986,2.100241909750281,-0.0016732751643958599,-0.005471894662896215,0.0029599981509955686,1,0.0063063556727186824,40.95622634887695,41.44488143920898,1
2017-04-12,40.93586730957031,41.05207267295659,40.771987853800695,40.817180301861455,18010000.0,41.22722206115723,41.0545083618164,45.338318730422074,-0.054217093912967584,0.005533252642013896,-0.05975034655498148,42.22214976927633,40.23229435303813,1.9898554162381998,0.0011781538847357442,-0.0004244736391809667,-0.008527642448438066,1,0.004592873264327861,40.8876953125,41.28795623779297,0
2017-04-13,40.89812469482422,41.03816520085013,40.79284236211906,40.82760432420952,22448000.0,41.16460075378418,41.08218406677246,44.61846683953531,-0.06654669186448814,-0.008882736259286511,-0.05766395560520163,42.07308808970489,40.25611341786347,1.8169746718414217,-0.0009219937728611738,-0.0014186281118238053,-0.009548932284644152,1,0.004580614812977122,40.93586730957031,41.1126594543457,1
2017-04-17,41.57400131225586,41.6028035408238,40.94331510180109,40.97013201495604,17900000.0,41.12747993469238,41.1205615234375,57.60086343713327,-0.02153218297880244,-0.011412625603189697,-0.010119557375612742,41.89430633574258,40.360653533642186,1.5336528021003915,0.01652585839754095,0.016785147573383563,0.009173551599190644,1,0.0071239117978079405,40.89812469482422,40.953250885009766,0
2017-04-18,41.556617736816406,41.66139995463693,41.352516707239054,41.42750025051667,16734000.0,41.09872703552246,41.15565139770508,57.2292730289306,0.012594251674116208,-0.006611250147728516,0.019205501821844724,41.746697581160944,40.45075648988397,1.2959410912769727,-0.0004181357312443845,0.015163973992581514,-0.0020632371231349422,0,0.006217263468636715,41.57400131225586,40.95622634887695,1
2017-04-19,41.62564849853516,41.82478625480294,41.53030031028868,41.7041101384619,19084000.0,41.117970657348636,41.19227081298828,58.37756216825797,0.04469468999599968,0.0036499378810171245,0.041044752114982555,41.80344729483708,40.432494019860194,1.370953274976884,0.0016611256035306,0.017788683690013185,0.004361625683290571,0,0.006022545061911016,41.556617736816406,40.8876953125,1
2017-04-20,41.796478271484375,41.97276973528948,41.68076923850333,41.78604778792849,19180000.0,41.147915840148926,41.22671516418457,61.15679698252356,0.0829627111387623,0.01951249253256616,0.06345021860619614,41.89430616907123,40.40152551122662,1.4927806578446052,0.004103954631607065,0.005351348251459553,0.012316473858929644,0,0.005921662484352406,41.62564849853516,40.93586730957031,1
2017-04-21,41.872955322265625,41.907220957908365,41.74433415919621,41.85756154986221,26472000.0,41.21150588989258,41.26128868103027,62.36824410417533,0.1181000683797393,0.03923000770200079,0.07887006067773851,41.9771889608576,40.44582281892755,1.5313661419300502,0.0018297486760607828,0.007612207216973976,0.01849298678340694,0,0.005599127074799724,41.796478271484375,40.89812469482422,1
2017-04-24,42.84479904174805,42.87906467252108,42.20418253931587,42.27072848567783,27450000.0,41.33150939941406,41.31412696838379,73.6253384705473,0.221809461864801,0.07574589853456085,0.14606356333024015,42.3034183944209,40.35960040440722,1.9438179900136845,0.023209341495073588,0.029288445638409266,0.04618798546785574,1,0.008381900336329644,41.872955322265625,41.57400131225586,1
2017-04-25,43.31856155395508,43.45264232607399,42.84728406427388,42.95604069949029,33440000.0,41.46258754730225,41.37235855102539,77.20513107856337,0.33832853794095996,0.12826242641584068,0.21006611152511928,42.72156952979922,40.20360556480528,2.517963964993939,0.011057643466722666,0.03641654381941417,0.057679513365198165,1,0.008448497159661833,42.84479904174805,41.556617736816406,0
2017-04-26,43.29025268554688,43.50478798702769,43.09250921184515,43.4144030945417,24744000.0,41.588748931884766,41.42449172973633,76.5366533535317,0.42350455917670615,0.18731085296801378,0.23619370620869237,43.035358544317845,40.14213931945169,2.893219224866158,-0.0006535043499293902,0.033847559895721524,0.05875991186796936,1,0.008355856638281336,43.31856155395508,41.62564849853516,1
2017-04-27,43.41539764404297,43.472505768829805,43.22321230404346,43.3831173267084,40536000.0,41.69512100219727,41.477926101684574,77.4655415279527,0.49539471997731965,0.24892762636987498,0.24646709360744468,43.337269946713434,40.0529720576811,3.284297889032331,0.002890834558188393,0.01331780321198206,0.06057109565363894,1,0.00826866948572101,43.29025268554688,41.796478271484375,1
2017-04-28,44.9901237487793,45.53092140380154,44.980689711627015,45.22352713220469,65526000.0,41.88000602722168,41.56431495666504,85.33366810028178,0.6716925726065952,0.33348061561721903,0.3382119569893762,44.04770037603077,39.7123116784126,4.335388697618171,0.036271143193189026,0.03858766623038057,0.10005346417443284,1,0.012250862952599775,43.41539764404297,41.872955322265625,1
2017-05-01,45.31837463378906,45.47281624804314,44.766150101679706,44.7904853686707,42320000.0,42.086120414733884,41.652124099731445,86.39967282564726,0.8283483103926343,0.4324541545723021,0.39589415582033227,44.69378083795023,39.47845999151754,5.2153208464326895,0.0072960653952118815,0.04684939039220026,0.09006526202300802,1,0.012020615932386134,44.9901237487793,42.84479904174805,1
2017-05-02,45.51055908203125,45.72559071305878,45.163583542087615,45.17187715921949,31744000.0,42.27952156066895,41.73989356994629,86.99564168452635,0.9569753736415478,0.5373583983861512,0.41961697525539665,45.27222594122684,39.28681718011105,5.985408761115792,0.0042407621587314814,0.048258487810389994,0.09514588916392763,1,0.011713237777204514,45.31837463378906,43.31856155395508,1
2017-05-03,46.03696060180664,46.0895979822705,45.31703748593248,45.4320986395571,29990000.0,42.509125518798825,41.83462532043457,88.4841576543461,1.0888380045606283,0.6476543196210467,0.4411836849395816,45.88991720154975,39.1283338360479,6.761583365501849,0.011566579940856636,0.023268147891141178,0.10597581689151858,1,0.011420924937640773,45.51055908203125,43.29025268554688,1
2017-05-04,46.26638412475586,46.47843397456853,45.91528643531832,45.98878477430695,28442000.0,42.75804691314697,41.934839477539064,89.07129379702931,1.198042363897045,0.7577319284762464,0.4403104354207986,46.46035059109319,39.05574323520075,7.404607355892438,0.0049834637202399445,0.020918876694663524,0.10694455700879169,1,0.011372207033457208,46.03696060180664,43.41539764404297,0
2017-05-05,46.04141998291016,46.42727961410406,45.94557548608355,46.35974101267183,38226000.0,43.00448493957519,42.02998825073242,84.52071831789529,1.252002572986079,0.8565860573782129,0.39541651560786617,46.887624582362704,39.12134529678768,7.766279285575024,-0.00486236705334675,0.011664565577453212,0.09955028558559831,1,0.012097775193035195,46.26638412475586,44.9901237487793,1
2017-05-08,46.397491455078125,46.52784787029026,45.948563905172,45.991270918840286,26596000.0,43.27669696807861,42.13493011474609,85.7607275685119,1.3084158163713795,0.9469520091768464,0.3614638071945331,47.30700245836932,39.2463914777879,8.060610980581416,0.007733720469527805,0.007831334835283199,0.08292003913633317,1,0.011113178884872996,46.04141998291016,45.31837463378906,0
2017-05-09,46.29171752929688,46.556404784722126,46.16061472373326,46.52909154236429,31636000.0,43.54347152709961,42.23712097167969,83.61784092493863,1.3292656988317617,1.0234147471078294,0.3058509517239323,47.63001538489708,39.45692766930215,8.173087715594932,-0.0022797337197346668,0.0005475553151659263,0.06863468842654474,1,0.011505836930168857,46.397491455078125,45.51055908203125,0
2017-05-10,46.12336730957031,46.28327234401138,45.94359775444273,46.28227968629254,23478000.0,43.80525512695313,42.341973571777345,80.18371161630836,1.3170231026179096,1.0821364182098456,0.23488668440806393,47.848306088587,39.762204165319254,8.086101923267748,-0.0036367244231114704,0.0017798609749779537,0.06544463125689504,1,0.011754214316034415,46.29171752929688,46.03696060180664,1
2017-05-11,46.213748931884766,46.30959344560144,45.83782338753241,45.95154331792755,16700000.0,44.06914920806885,42.4366854095459,80.64333214789508,1.2996324446564316,1.125635623499163,0.17399682115726867,48.01645106206315,40.12184735407455,7.894603707988594,0.0019595625295054653,-0.0039601822734588454,0.064455272546047,1,0.011788923483130442,46.12336730957031,46.26638412475586,1
2017-05-12,46.29419708251953,46.35478329958372,46.07718392880792,46.25993144890509,21012000.0,44.33895282745361,42.53758483886719,81.06432859542883,1.2776141754249295,1.1560313338843162,0.12158284154061327,48.116399619986126,40.561506034921095,7.554893585065031,0.0017407839115874957,5.356364712705286e-05,0.028985768988368577,1,0.0053330481226966505,46.213748931884766,46.04141998291016,1
2017-05-15,46.53554534912109,46.59364613303583,46.15117465931676,46.33044787695571,22162000.0,44.587030029296876,42.64485084533691,82.30755035820835,1.2650565421613464,1.1778363755397223,0.08722016662162413,48.255673844535266,40.918386214058486,7.33728763047678,0.005213358948020108,0.00893642558194685,0.026858216455638573,1,0.005179636108485951,46.29419708251953,46.397491455078125,1
2017-05-16,46.82953643798828,46.8349960553541,46.56037843848414,46.68055442961985,19390000.0,44.85067596435547,42.75928779602051,83.71052448711112,1.2642536224238867,1.1951198249165553,0.0691337975073314,48.364932356953524,41.33641957175741,7.0285127851961136,0.006317559763436842,0.013324768501493667,0.02898178757988057,1,0.005290249127619481,46.53554534912109,46.29171752929688,0
2017-05-17,45.6684799194336,46.647429866644,45.59498536069503,46.46552723443464,47242000.0,45.05281753540039,42.846401596069335,62.59851388942819,1.156597212346881,1.1874153024026206,-0.030818090055739544,48.25284149853997,41.852793572260815,6.400047926279157,-0.024793252439988422,-0.013516103583578465,-0.00800401845726062,1,0.009484286356400473,46.82953643798828,46.12336730957031,1
2017-05-18,46.19586944580078,46.34137335458567,45.62527316231934,45.73700776741191,31938000.0,45.27278709411621,42.940626831054686,66.7060187484638,1.1011413864714257,1.1701605192163818,-0.06901913274495608,48.13411045774549,42.41146373048693,5.722646727258564,0.011548217223292356,-0.007299278449881097,-0.0015241017920254452,1,0.01013131256633652,45.6684799194336,46.213748931884766,1
2017-05-19,46.38309097290039,46.56906653193917,46.23361263425482,46.256955245574495,27860000.0,45.49829387664795,43.03530891418457,68.04755463280739,1.0600795206513496,1.1481443195033754,-0.08806479885202578,47.93109922863385,43.06548852466205,4.865610703971797,0.004052776348744125,-0.009533416280536389,0.007420948140110628,1,0.010058240720676896,46.19586944580078,46.29419708251953,1
2017-05-22,46.77292251586914,46.7740667244071,46.432255261926,46.432255261926,22408000.0,45.694700050354,43.133248748779295,70.69531958806154,1.0469255378023448,1.1279005631631693,-0.08097502536082457,47.858254765675134,43.53114533503287,4.327109430642267,0.008404604669328908,0.024183914121598704,0.008091624116241425,1,0.010111828425965984,46.38309097290039,46.53554534912109,1
2017-05-23,47.11855697631836,47.2500045522546,46.80842723260877,47.07386086017955,25416000.0,45.88469982147217,43.235826873779295,72.8439727052446,1.0522609151752604,1.1127726335655876,-0.06051171839032721,47.83734833884493,43.9320513040994,3.90529703474553,0.007389627200052651,0.019973377308118767,0.0178614985822938,1,0.010240502340537637,46.77292251586914,46.82953643798828,1
2017-05-24,47.42346954345703,47.42992560701854,47.15232245141288,47.32513960354392,20496000.0,46.09136066436768,43.34442367553711,74.61242561146578,1.068772986391032,1.1039727041306766,-0.03519971773964459,47.755491873043916,44.42722945569144,3.3282624173524766,0.006471177954195939,0.02243012590869564,0.028187496050769756,1,0.010140450830091444,47.11855697631836,45.6684799194336,1
2017-05-25,48.14752197265625,48.300921702953445,47.44880075003032,47.54117096897533,33210000.0,46.32796688079834,43.46593231201172,78.23677379338616,1.1272892133321974,1.1086360059709808,0.018653207361216673,47.727540716288004,44.92839304530868,2.7991476709793233,0.015267808031964591,0.029388786991463522,0.041844106688286864,1,0.010861130494779983,47.42346954345703,46.19586944580078,1
2017-05-26,48.24335479736328,48.41766091969617,47.92354098846354,48.15545534863653,25040000.0,46.49062843322754,43.58778839111328,78.67079635138725,1.167933443096544,1.1204954933960936,0.047437949700450455,47.98352800233426,44.99772886412082,2.9857991382134372,0.001990399937123577,0.023871652555281786,0.04210371575014826,1,0.010855234762024324,48.14752197265625,46.38309097290039,1
2017-05-30,48.46235656738281,48.47825045586144,48.14502816940238,48.185749865080176,29334000.0,46.647827529907225,43.7107071685791,79.66866404364507,1.2039376566958566,1.1371839260560463,0.06675373063981027,48.270359339270506,45.025295720543944,3.2450636187265616,0.004539521990943651,0.02190660097051289,0.04140514962930619,1,0.010850240695561491,48.24335479736328,46.77292251586914,0
2017-05-31,47.91510009765625,48.63070391434178,47.68268940633594,48.41964672724828,48962000.0,46.76805458068848,43.82637565612793,70.75997218457647,1.1747702121394,1.144701183272717,0.030069028866682945,48.392034674508736,45.14407448686822,3.2479601876405155,-0.011292403186494826,-0.004827286337435899,0.02318117457996771,1,0.011837842427671406,48.46235656738281,47.11855697631836,1
2017-06-01,48.018890380859375,48.24484501261346,47.674248757684914,48.11820918291178,28210000.0,46.86715106964111,43.96193794250488,71.41287326269611,1.1468100976895528,1.1451229661560842,0.0016871315334685555,48.54168062961904,45.192621509663184,3.3490591199558537,0.00216612890282164,-0.004652753056803904,0.051466798666657265,1,0.007081935620503825,47.91510009765625,47.42346954345703,1
2017-06-02,48.44845199584961,48.462356780348514,47.971714903557256,48.14353939451364,35020000.0,46.9762544631958,44.106955490112306,74.00042643026764,1.1461019875905833,1.1453187704429841,0.0007832171475992133,48.76073012420423,45.19177880218737,3.568951322016858,0.00894567974360072,-0.00028691488648247,0.04876155762565881,1,0.0068611319812540705,48.018890380859375,48.14752197265625,1
2017-06-05,48.849708557128906,49.01011370672092,48.423627287365626,48.49563285856803,25042000.0,47.11666889190674,44.27192657470703,76.1702280322229,1.1644952795798673,1.1491540722703608,0.0153412073095065,49.02262573425112,45.21071204956236,3.8119136846887614,0.008282133788581447,0.019505509903304352,0.05317924123835671,1,0.006940293496034243,48.44845199584961,48.24335479736328,0
2017-06-06,48.49662399291992,49.076654330212975,48.425611081651645,48.82388655689689,36292000.0,47.22162551879883,44.43296447753906,70.58778115005263,1.1374690869328106,1.1468170752028508,-0.009347988270040242,49.18784521400048,45.25540582359718,3.932439390403303,-0.007227976883343312,0.009948868211477446,0.03685255024348688,1,0.007844115230228427,48.849708557128906,48.46235656738281,1
2017-06-07,48.71364212036133,48.864609443161925,48.46534130052848,48.66696068723815,29078000.0,47.34272174835205,44.59329734802246,71.94858664626977,1.1206440961712403,1.1415824793965288,-0.020938383225288515,49.362533530828465,45.32290996587563,4.039623564952834,0.004474912057241154,0.005473655268375399,0.03385258900956267,1,0.0077433564110592126,48.49662399291992,47.91510009765625,1
2017-06-08,48.8363037109375,48.89390816768896,48.52791300048353,48.783662542685406,29638000.0,47.47836856842041,44.75468292236328,72.71693589826458,1.1044762206499215,1.1341612276472075,-0.029685006997286045,49.51670901195988,45.44002812488093,4.07668088707895,0.0025180131321960175,-0.0002744099522258292,0.029791876914146975,1,0.007667511707330537,48.71364212036133,48.018890380859375,0
2017-06-09,47.16870880126953,48.89042411783728,46.46353546578647,48.89042411783728,66188000.0,47.52611656188965,44.87229797363281,51.90269810277533,0.9461949439500188,1.0965679709077698,-0.150373026957751,49.486993291697885,45.56523983208142,3.9217534596164683,-0.034146624190448116,-0.02738160066243489,-0.020329461024860218,1,0.01295716054935757,48.8363037109375,48.44845199584961,0
2017-06-12,46.82456970214844,47.14512615588789,45.45062155702196,46.6587049340819,75270000.0,47.552635192871094,44.98294090270996,48.79843195819539,0.7839498566461316,1.0340443480554422,-0.2500944914093106,49.45976210970152,45.645508276040665,3.8142538336608567,-0.007295919431905884,-0.03877912502508807,-0.029408922766133716,1,0.012974144805662044,47.16870880126953,48.849708557128906,1
2017-06-13,47.34599304199219,47.67275924736612,46.88365709007128,47.27200216444717,40266000.0,47.593157577514646,45.105939025878904,53.35096217616548,0.6894958825164252,0.965134654947639,-0.2756387724312137,49.44578022336631,45.74053493166298,3.705245291703335,0.011135678195454357,-0.030516450994458433,-0.023035683868125933,1,0.013549526211992543,46.82456970214844,48.49662399291992,0
2017-06-14,47.21489334106445,47.73086314629241,46.79228639740928,47.66978060208835,29794000.0,47.61242542266846,45.217386169433595,52.09673558533724,0.5971778823975811,0.8915433004376274,-0.29436541804004634,49.44073584107778,45.784115004259135,3.6566208368186466,-0.0027689714061220894,0.0009791351293821915,-0.014613488340099456,1,0.013180139499765103,47.34599304199219,48.71364212036133,0
2017-06-15,46.79526901245117,46.84636814957453,45.907840637582325,46.38110344001082,42662000.0,47.66876487731933,45.32439392089844,48.191495044088995,0.4845692135558579,0.8101484830612735,-0.3255792695054156,49.314300214316106,46.02322954032256,3.291070673993545,-0.008887541597988102,-0.0006257545960089983,-0.02548208337808544,1,0.013311465174728825,47.21489334106445,48.8363037109375,0
2017-06-16,46.66962432861328,46.78185905021697,46.26315754931724,46.68055114011465,61894000.0,47.692452621459964,45.43202728271484,47.05412158320889,0.38079795448703635,0.7242783773464262,-0.34348042285938984,49.264494060223996,46.12041118269593,3.1440828775280636,-0.002684986890543528,-0.01428565903727097,-0.036715882426722635,1,0.012694389357009497,46.79526901245117,47.16870880126953,1
2017-06-19,47.54314804077149,47.67325817771824,47.12997513799296,47.17516758182106,30666000.0,47.75045547485352,45.56063705444336,55.004954859295275,0.36483891140599667,0.6523904841583403,-0.28755157275234366,49.20628161399352,46.294629335713516,2.911652278280002,0.018717178994360317,0.006952354998153609,-0.026746536570006696,1,0.014132566535444523,46.66962432861328,46.82456970214844,0
2017-06-20,47.20843505859375,47.75419967884957,47.17764373161372,47.55059122408069,22520000.0,47.772231101989746,45.68574073791504,51.795334453727946,0.32147692851743415,0.5862077730301591,-0.264730844512725,49.181193885317576,46.363268318661916,2.81792556665566,-0.007040193928485761,0.008829226861216233,-0.02656244555320464,1,0.014125881687677049,47.54314804077149,47.34599304199219,1
2017-06-21,47.64643859863281,47.67871891384544,47.21489018744169,47.35791244318833,24044000.0,47.79862518310547,45.81954498291016,55.458109544524085,0.3187807635962585,0.5327223711433791,-0.21394160754712055,49.17706499426766,46.42018537194328,2.7568796223243766,0.009278077942965535,0.020930407820331398,-0.021907693107644843,1,0.014470550243162336,47.20843505859375,47.21489334106445,0
2017-06-22,47.52924728393555,47.70951316816637,47.40311155561396,47.60920169564918,18828000.0,47.803914070129395,45.95237602233887,54.269927704900326,0.30368695955286285,0.48691528882527585,-0.183228329272413,49.17735826754452,46.43046987271427,2.7468883948302505,-0.0024596028190998487,-0.00029238191850533557,-0.0267640326495312,1,0.014378697659528887,47.64643859863281,46.79526901245117,1
2017-06-23,47.951358795166016,47.97171964510687,47.385729534183646,47.51633601337251,30558000.0,47.79410591125488,46.09268585205078,57.77877994815891,0.32207322269904637,0.45394687560003,-0.13187365290098363,49.16037780028125,46.42783402222851,2.7325437780527437,0.008881089757403648,0.01573709731428652,0.01659256769554429,1,0.009507458221827827,47.52924728393555,46.66962432861328,0
2017-06-26,47.28987884521485,48.33473054230335,47.21638429449207,48.16538770081943,31968000.0,47.74643211364746,46.220520935058595,51.15473589732844,0.28004043317132954,0.41916558711429,-0.13912515394296043,49.113213656294995,46.37965057099992,2.7335630852950743,-0.01379481137910632,-0.007483450262076752,0.00993728604504529,1,0.010372518120052486,47.951358795166016,47.54314804077149,0
2017-06-27,46.05135345458984,47.09223066098071,46.02751451854566,46.80271185967484,51598000.0,47.62588195800781,46.31006797790528,41.549760038645516,0.1451176702359831,0.3643560037386286,-0.2192383335026455,49.13654776903627,46.11521614697935,3.0213316220569197,-0.026190073243343437,-0.031094408470576096,-0.027344227129297072,1,0.012773041940519432,47.28987884521485,47.20843505859375,1
2017-06-28,46.70488739013672,46.81711832533279,45.48870748080585,46.13429110013608,54428000.0,47.56537132263183,46.41303337097168,47.18503767964745,0.0898889514529273,0.30946259328148834,-0.21957364182856104,49.12112895702902,46.009613688234644,3.1115152687943777,0.014191416462739026,-0.02599449601321735,-0.01080180245761908,1,0.013843309479451333,46.05135345458984,47.64643859863281,0
2017-06-29,45.577598571777344,46.246520997266416,45.22153379485336,46.17997504825767,65984000.0,47.44330673217773,46.492072372436525,40.01804967973641,-0.04433196132546158,0.23870368236009837,-0.28303564368555995,49.206796157886615,45.67981730646885,3.5269788514177662,-0.02413642086197254,-0.03620817636353002,-0.026021229632205656,1,0.015544184218802184,46.70488739013672,47.52924728393555,0
2017-06-30,45.12768173217773,45.98779690089738,45.1068245540642,45.98779690089738,41804000.0,47.27726821899414,46.55869644165039,37.565577056056114,-0.1848763906062132,0.1539876677668361,-0.3388640583730493,49.24449475171852,45.310041686269756,3.934453065448764,-0.009871446800582717,-0.020057428351653583,-0.033039533071411165,1,0.015717618954656867,45.577598571777344,47.951358795166016,0
2017-07-03,44.62958908081055,45.38640719362754,44.43541463395933,45.29900785431118,34196000.0,47.06626224517822,46.613829116821286,35.00772892075088,-0.3326165807146566,0.056666818070537556,-0.38928339878519413,49.21088654501879,44.92163794533766,4.28924859968113,-0.01103740835443856,-0.04443428568814922,-0.06128241565876891,1,0.013797716125675744,45.12768173217773,47.28987884521485,1
2017-07-05,45.275665283203125,45.414713131116784,44.619654965087086,44.78154909427921,36278000.0,46.90521430969238,46.66244644165039,40.65248908044737,-0.3930380972103009,-0.033274164985630135,-0.3597639322246708,49.07954827381473,44.730880345570036,4.348667928244694,0.014476409388908484,-0.006624598443876417,-0.04094119563573173,1,0.015255877521692836,44.62958908081055,46.05135345458984,0
2017-07-06,45.02637100219727,45.436266622110274,44.679247717506776,44.8987462972256,28490000.0,46.72085075378418,46.69660263061523,39.236413801054816,-0.455784548821768,-0.11777624175285771,-0.3380083070689103,48.87577458308562,44.56592692448273,4.309847658602891,-0.005506142857238938,-0.0022449797129333593,-0.05498978881730565,1,0.014517500080418246,45.275665283203125,46.70488739013672,1
2017-07-07,45.617332458496094,45.76382903888058,45.13364292665403,45.13364292665403,32756000.0,46.55990219116211,46.74314422607422,44.19862898186458,-0.45260852381179717,-0.1847426981646456,-0.26786582564715156,48.5318558502708,44.58794853205342,3.9439073182173843,0.013124785390099092,0.022132029400876663,-0.04022606994000644,0,0.01567575903825371,45.02637100219727,45.577598571777344,1
2017-07-10,46.12436294555664,46.20282837565042,45.66699397768456,45.77525429634702,23856000.0,46.50768489837647,46.79732353210449,48.11374068982005,-0.4045153767728067,-0.22869723388627783,-0.17581814288652886,48.46766052072465,44.547709276028286,3.919951244696364,0.011114864893116083,0.018745117427758196,-0.03810102352706546,0,0.015893888070809423,45.617332458496094,45.12768173217773,1
2017-07-11,46.188419342041016,46.254961501021576,45.7866658002782,46.16110610261206,22264000.0,46.475877380371095,46.821289443969725,48.6043533339122,-0.35711578690278856,-0.25438094448958,-0.10273484241320857,48.43489766375578,44.51685709698641,3.9180405667693634,0.0013887757443931115,0.025808172277242525,-0.023291654156675667,0,0.015550587566880011,46.12436294555664,44.62958908081055,1
2017-07-12,46.87075424194336,46.99341187675181,46.40593280286138,46.61500091141655,30642000.0,46.45211544036865,46.85233703613281,53.63366874765032,-0.26147838644942567,-0.25580043288154913,-0.005677953567876537,48.3796182927098,44.5246125880275,3.8550057046822985,0.014772856694865943,0.02747687591306791,0.01779319663561063,0,0.013843541290939952,46.188419342041016,45.275665283203125,1
2017-07-13,47.03611755371094,47.39813826126844,46.83002744070751,46.99291042716087,25894000.0,46.443176651000975,46.882848205566404,54.78834232762135,-0.17037761323015843,-0.238715868951271,0.06833825572111257,48.35806393397131,44.52828936803064,3.8297745659406672,0.003528070210135459,0.019767310590945053,0.007091980777244489,0,0.013182332914160046,46.87075424194336,45.02637100219727,1
2017-07-14,47.4746208190918,47.52030959562875,47.07808436987258,47.27647572950478,21076000.0,46.47714424133301,46.91160140991211,57.79018739212265,-0.062080420868660724,-0.20338877933474894,0.14130835846608822,48.4393266298711,44.51496185279492,3.9243647770761783,0.009322692607019123,0.027846838999317614,0.04162181217878236,0,0.01002108773103507,47.03611755371094,45.617332458496094,0
2017-07-17,47.34699249267578,47.71050220672332,47.13946263581184,47.52477293035039,23310000.0,46.511012649536134,46.93321357727051,56.61202419570709,0.013294098912645325,-0.1600522036852701,0.17334630259791542,48.50838315318965,44.51364214588262,3.9947410073070273,-0.002688348515775596,0.010160669663520139,0.049178479268426445,0,0.009123048559820466,47.4746208190918,46.12436294555664,1
2017-07-18,47.94192123413086,48.07302403255265,47.2069491635749,47.32613628124541,23080000.0,46.5309513092041,46.97122360229492,60.640186329945635,0.11965541317176331,-0.10411068031386343,0.22376609348562676,48.57651673484879,44.48538588355941,4.091130851289378,0.012565291059344563,0.019257620048797053,0.0742182982532662,0,0.007457238291919461,47.34699249267578,46.188419342041016,1
2017-07-19,48.21455764770508,48.32132897615127,47.87389038972135,48.063093987888415,24490000.0,46.58125743865967,47.00756492614746,62.36458566982611,0.22337210647275185,-0.038614122956540375,0.26198622942929223,48.73748662370018,44.42502825361916,4.312458370081018,0.005686806172050529,0.01558594499222865,0.06491108073440621,0,0.007010199059732128,47.94192123413086,46.87075424194336,0
2017-07-20,48.07848358154297,48.463346778240926,47.74873940222601,48.41865445427706,32490000.0,46.60285968780518,47.043300247192384,60.92978798629041,0.29123116168455,0.0273549339716777,0.2638762277128723,48.80941191098553,44.396307464624826,4.413104446360705,-0.00282226100997085,0.015449578745267534,0.06778500046554403,0,0.006542426654383542,48.21455764770508,47.03611755371094,1
2017-07-21,48.31536102294922,48.33075479299607,47.68120059059123,47.785486468154446,34220000.0,46.64216537475586,47.08714012145996,62.54523503010532,0.3599744206471769,0.09387883130677754,0.26609558934039934,48.93946516678055,44.344865582731174,4.5945995840493765,0.004926890861782107,0.007789420599032981,0.05914481226862334,0,0.006134831685901411,48.07848358154297,47.4746208190918,1
2017-07-24,48.683841705322266,48.974853317089625,48.20859737819863,48.28060294631745,64966000.0,46.67878952026367,47.13654197692871,64.97153121861356,0.4391252971103654,0.1629281244674951,0.2761971726428703,49.079437763478396,44.278141277048945,4.80129648642945,0.0076265741282162125,0.009733244076325587,0.055490820822538645,0,0.00589212875115358,48.31536102294922,47.34699249267578,0
2017-07-25,47.2119140625,47.65885626122,46.94871582013421,47.36635567523618,93220000.0,46.67489128112793,47.15489631652832,50.81173038697331,0.37871508582806257,0.20608551673960862,0.17262956908845395,49.07180795165896,44.27797461059689,4.793833341062069,-0.03023441846951347,-0.018024060962181454,0.022159119862484422,0,0.0127720080826956,48.683841705322266,47.94192123413086,0
2017-07-26,47.06789779663086,47.42545154537502,46.79372349675515,47.40956144638132,41766000.0,46.72571849822998,47.16554336547851,49.67109319305843,0.3155808297304006,0.227984579337767,0.08759625039263358,49.110672762256236,44.340764234203725,4.769908528052511,-0.0030504220963905038,-0.025819184621756808,0.004206110140021702,0,0.012056716739255345,47.2119140625,48.21455764770508,0
2017-07-27,46.38706207275391,47.265552790751535,45.68735204157309,47.265552790751535,64260000.0,46.70982723236084,47.156693878173826,44.57654767166795,0.20820862456135814,0.22402938838248526,-0.015820763821127126,49.099355964153716,44.32029850056796,4.779057463585758,-0.014464969878592693,-0.04717745256158079,-0.013799087057214332,0,0.012867639321398535,47.06789779663086,48.07848358154297,1
2017-07-28,46.756534576416016,46.87075462171569,46.05980252976666,46.15415805463292,36928000.0,46.76877403259277,47.17845497131348,47.71082887301046,0.1511859441704857,0.20946069954008537,-0.05827475536959967,49.10115406729161,44.43639399789394,4.664760069397673,0.00796499039069598,-0.00964543579997934,-0.015125686741388478,0,0.012749568621699707,46.38706207275391,48.31536102294922,0
2017-07-31,46.208778381347656,46.85882890779824,45.98729071297458,46.77440754878271,39402000.0,46.82282886505127,47.178713150024414,43.7598052870576,0.061091487344036466,0.17978685710087558,-0.11869536975683911,49.048225720625496,44.597432009477046,4.4507937111484495,-0.011715072556823913,-0.01825276792677788,-0.02403983973225332,0,0.01316000602045721,46.756534576416016,48.683841705322266,1
2017-08-01,46.22517013549805,46.55377014048566,46.14720483049822,46.30214278280957,25554000.0,46.902607917785645,47.175554733276364,43.909499424983956,-0.008883932771169611,0.14205269912646656,-0.15093663189763618,48.91166526314586,44.893550572425426,4.018114690720438,0.00035473247128736674,-0.003490023511339313,-0.035808975828249046,0,0.012149856900523845,46.208778381347656,47.2119140625,0
2017-08-02,46.20331954956055,46.313068842652505,45.5224776270755,46.11492376272973,36488000.0,46.94899063110351,47.164162673950194,43.74235861070217,-0.06534980515534983,0.10057219827010329,-0.1659220034254531,48.845334051929356,45.05264721027767,3.792686841651687,-0.0004726988753843697,-0.011831822693175176,-0.041714332688485456,0,0.011778740838848629,46.22517013549805,47.06789779663086,0
2017-08-03,45.86860656738281,46.29518792552726,45.798586316387016,46.20083240738434,24050000.0,46.991102409362796,47.139163665771484,41.15788988218517,-0.13554547235195002,0.05334866414569263,-0.18889413649764264,48.747000316353414,45.23520450237218,3.5117958139812373,-0.0072443492251396124,-0.0073616275063042025,-0.04596394997384057,0,0.011804722581744788,46.20331954956055,46.38706207275391,1
2017-08-04,46.0826416015625,46.19919552044825,45.83781888821986,46.02255550464058,21646000.0,47.01436786651611,47.11234710693359,43.45845102130039,-0.17192338013720132,0.008294255289113837,-0.18021763542631516,48.70806906981874,45.32066666321348,3.3874024066052613,0.004666264144415733,-0.0030833533660937773,-0.0462113782059127,0,0.011781541083938847,45.86860656738281,46.756534576416016,1
2017-08-07,46.15216445922852,46.26836980863224,46.01013864566691,46.13726701754564,20644000.0,47.015757942199706,47.072439956665036,44.22130483831476,-0.19291936619346473,-0.03194846900740188,-0.16097089718606283,48.706578224804694,45.32493765959472,3.3816405652099775,0.0015086560850205988,-0.0011071734851680892,-0.05200241306792708,0,0.011218186589381769,46.0826416015625,46.208778381347656,0
2017-08-08,46.024539947509766,46.47267181730712,45.96593904937776,46.039437389253806,21232000.0,47.00756397247314,47.02806365966797,43.07245205762722,-0.21735157425278828,-0.06902909005647917,-0.1483224841963091,48.71584072237224,45.299287222574044,3.416553499798198,-0.0027652985123048923,0.003399566540088328,-0.025149883002378748,0,0.00699329552463154,46.15216445922852,46.22517013549805,0
2017-08-09,45.83135986328125,45.98431248173098,45.550778760682455,45.71763616262762,23842000.0,46.95559425354004,46.97544372558594,41.32247601268058,-0.2494270536764489,-0.10510868278047313,-0.14431837089597577,48.73894892615128,45.1722395809288,3.5667093452224776,-0.004197327870063106,-0.005452850130725384,-0.026271365224178833,0,0.007012306762181602,46.024539947509766,46.20331954956055,0
2017-08-10,45.053688049316406,45.6506049661208,44.9985652353183,45.56568347646835,36480000.0,46.85647277832031,46.91821548461914,35.13405956618628,-0.3337514394821923,-0.15083723412081698,-0.18291420536137534,48.821976851703056,44.89096870493756,3.9310081467654925,-0.016968115637081338,-0.02380118945196008,-0.028744524094805324,0,0.00750857222271824,45.83135986328125,45.86860656738281,1
2017-08-11,45.40876007080078,45.57710648548658,44.97125186213058,45.089938869229975,24136000.0,46.753179740905765,46.86601287841797,39.58300513683273,-0.3676892848869997,-0.19420764427405351,-0.1734816406129462,48.793591824973994,44.712767656837535,4.080824168136459,0.007881086695848527,-0.013379381465002615,-0.028825372064572363,0,0.007495133480074534,45.053688049316406,46.0826416015625,1
2017-08-14,45.819942474365234,45.91916277841966,45.5974659105163,45.81299008174496,21290000.0,46.67682723999023,46.81344268798828,44.343569839059406,-0.3572876981262354,-0.22682365504448992,-0.13046404308174547,48.73683362287513,44.61682085710533,4.1200127657698005,0.009055133919608105,-0.0002491173936377544,-0.008414762748616078,0,0.007655600174110106,45.40876007080078,46.15216445922852,0
2017-08-15,45.7975959777832,46.01262381860575,45.67841264641,45.89741111797543,17668000.0,46.56961097717285,46.752400436401366,44.14001033185196,-0.3468492786179098,-0.2508287797591739,-0.09602049885873593,48.57763536675648,44.56158658758922,4.016048779167264,-0.0004877024146098252,0.016511587856081977,-0.009249812525546464,0,0.007645887991942977,45.819942474365234,46.024539947509766,1
2017-08-16,46.03298568725586,46.31803378893454,45.85842948149338,45.95005330342328,20134000.0,46.46053237915039,46.70312767028808,46.90490052328252,-0.3159408047019667,-0.2638511847477325,-0.05208961995423422,48.33162639537545,44.589438362925335,3.742188032450116,0.00513978309225771,0.013746810427807121,-0.0036866152468109092,0,0.007883246380905998,45.7975959777832,45.83135986328125,0
2017-08-17,45.23941421508789,46.0280163154667,45.23941421508789,45.97438628053448,25544000.0,46.31857891082764,46.63364311218262,39.75985379861195,-0.35142914565641803,-0.2813667769294696,-0.07006236872694843,48.106052648909895,44.531105172745384,3.5749474761645104,-0.01723919186036349,-0.012669772765474985,-0.01371727635481168,0,0.009352417356540079,46.03298568725586,45.053688049316406,0
2017-08-18,45.22402191162109,45.45270447986538,45.04941645488731,45.20614270688362,26854000.0,46.16401195526123,46.56139747619629,39.63374244414832,-0.37645638690119654,-0.30038469892381503,-0.07607168797738151,47.758277251115764,44.5697466594067,3.1885305917090676,-0.0003402409985598931,-0.012524108611298379,-0.018632171683324206,0,0.009126399267581265,45.23941421508789,45.40876007080078,0
2017-08-21,45.02488327026367,45.33973003525255,44.86298913948178,45.19074803172797,18868000.0,45.981064033508304,46.51852096557617,37.9563656178008,-0.4076602266525313,-0.3218398044695583,-0.08582042218297303,47.163187759524156,44.79894030749245,2.364247452031705,-0.0044033819403895835,-0.0218995661902347,-0.02442531573921536,0,0.009076630884273563,45.22402191162109,45.819942474365234,1
2017-08-22,45.92025375366211,45.97835453382191,45.26399341241408,45.325822341754,23334000.0,45.916481018066406,46.50043464660644,48.50835285903221,-0.3560364132332907,-0.3286791262223048,-0.027357287010985942,46.95497697825525,44.87798505787756,2.0769919203776936,0.019886125590241832,0.015049698374457465,-0.002265882374198447,0,0.011489946346883769,45.02488327026367,45.7975959777832,1
2017-08-23,46.03496551513672,46.180469416139545,45.65556193367328,45.78319042052832,21804000.0,45.8648344039917,46.47421409606934,49.688919562029696,-0.30238221475890725,-0.3234197439296253,0.02103752917071805,46.76230861752894,44.967360190454464,1.7949484270744733,0.002498064625034102,0.0179317002167656,0.004442496414307717,0,0.011423908324765303,45.92025375366211,46.03298568725586,0
2017-08-24,45.75091552734375,46.225667336426845,45.46388211044637,46.11740702604226,25406000.0,45.833027076721194,46.44493453979492,46.82598030695899,-0.27955875669255903,-0.31464754648221205,0.03508878978965302,46.69874313535652,44.967311018085866,1.731432117270657,-0.006170309559579645,0.016125133578293482,0.015475480659078222,0,0.010012232930883394,46.03496551513672,45.23941421508789,0
2017-08-25,45.48324203491211,45.96320714408384,45.46387763399187,45.860660308766455,21068000.0,45.769362449645996,46.41869400024414,44.239224914941616,-0.27984414641640143,-0.3076868664690499,0.027842720052648484,46.535618444671655,45.00310645462034,1.5325119900513187,-0.00585066963898595,-0.009516753132383315,0.001640255404357971,0,0.009993950992070419,45.75091552734375,45.22402191162109,0
2017-08-28,45.37995147705078,45.64985585462256,45.28361064051838,45.48870811196751,21730000.0,45.727921104431154,46.39290054321289,43.24643191277113,-0.2851183378936355,-0.30317316075396705,0.018054822860331554,46.48422105712768,44.97162115173463,1.5125999053930457,-0.002270958560562697,-0.014228620153317273,-0.0096026091163387,0,0.009510077508223925,45.48324203491211,45.02488327026367,1
2017-08-29,45.75141143798828,45.85271935472772,44.94244845692927,44.947415534188906,23712000.0,45.704233169555664,46.35706581115723,47.78465094291972,-0.2563691937295758,-0.29381236734908883,0.03744317361951305,46.42562362193831,44.98284271717302,1.4427809047652858,0.008185552184324152,1.0839360017556032e-05,-0.0010084489984436562,0,0.009940056924795904,45.37995147705078,45.92025375366211,1
2017-08-30,46.162593841552734,46.224619785596026,45.66996288753133,45.68982740555826,26024000.0,45.70219688415527,46.336148986816404,52.32882859171161,-0.1981224737300309,-0.27467438862527727,0.07655191489524638,46.41815013482276,44.98624363348778,1.4319065013349785,0.008987316251910071,0.014936310083594417,0.0028155495969222066,0,0.010233668089122166,45.75141143798828,46.03496551513672,1
2017-08-31,46.64727783203125,46.77887695407523,46.27135232709874,46.27135232709874,31652000.0,45.7411304473877,46.31616577148438,57.07138819576228,-0.11156552322236735,-0.2420526155446953,0.13048709232232794,46.56552290904094,44.91673798573445,1.6487849233064935,0.010499496456852775,0.0279270099180553,0.0311202883894508,0,0.008566397510573658,46.162593841552734,45.75091552734375,0
2017-09-01,46.548458099365234,46.80371130872334,46.43970146261315,46.736669027332354,18948000.0,45.76442127227783,46.29654998779297,55.851386000593735,-0.0503619022313373,-0.2037144728820237,0.15335257065068642,46.650131549162325,44.878710995393334,1.7714205537689907,-0.0021184458613393575,0.017421247483419666,0.02928612121965668,0,0.008663696164526696,46.64727783203125,45.48324203491211,0
2017-09-05,46.10697937011719,46.531571645984286,45.78468387872006,46.33690465390773,26528000.0,45.76216201782226,46.25966239929199,50.64289962963464,-0.03705409891933442,-0.17038239808948585,0.13332829917015143,46.644127171289085,44.88019686435544,1.763930306933645,-0.009484282557880586,-0.0012047518739184415,0.024033290510897976,0,0.009269021946433626,46.548458099365234,45.37995147705078,0
2017-09-06,46.075191497802734,46.22938683793394,45.65109558651504,46.19139684639884,30554000.0,45.76469459533691,46.23536865234375,50.27931685063418,-0.02874127304562535,-0.14205417308071375,0.1133129000350884,46.6499436741866,44.87944551648722,1.7704981576993788,-0.000689437320525399,-0.012264088298753473,0.0033740611489601058,0,0.00695496431538317,46.10697937011719,45.75141143798828,1
2017-09-07,46.47942733764648,46.50226982914029,45.86711671643292,46.26985912865714,24254000.0,45.79709796905517,46.243930130004884,54.73024817911557,0.010345894256595045,-0.111574159613252,0.12192005386984704,46.73557851977893,44.85861741833141,1.8769611014475203,0.008773394677329183,-0.0014829870749187846,0.009654874670506963,0,0.007435925051411745,46.075191497802734,46.162593841552734,0
2017-09-08,46.0101432800293,46.53107640644349,45.92969254031499,46.506248597394425,20230000.0,45.84492073059082,46.23003524780273,49.22148403443734,0.003416076073690988,-0.0885761124758634,0.09199218854955439,46.72249903316877,44.96734242801287,1.7551566051559035,-0.010096597236624705,-0.0021002479757035175,0.005666066999918673,0,0.007942206202582026,46.47942733764648,46.64727783203125,1
2017-09-11,46.13825988769531,46.60009952583943,46.0309960338228,46.39500585419847,25340000.0,45.881395721435545,46.24124847412109,50.68095589197766,0.008167929948498909,-0.06922730399099093,0.07739523393948984,46.74394098130054,45.01885046157055,1.7250905197299886,0.002784529639176858,0.0013688144930572577,0.014401300863303046,0,0.007626880386963065,46.0101432800293,46.548458099365234,1
2017-09-12,46.286746978759766,46.35676723040893,45.87908673219874,46.31257123260104,22688000.0,45.90473594665527,46.26442977905273,52.38896922625064,0.02364293463676148,-0.05065325626544045,0.07429619090220194,46.78445856709316,45.02501332621738,1.7594452408757775,0.0032183071365474714,-0.004145497694861833,0.01998229332985435,0,0.007525618769117172,46.13825988769531,46.10697937011719,1
2017-09-13,46.43672180175781,46.54398565931495,46.176997853490384,46.21672689203879,22052000.0,45.936692237854004,46.30057243347168,54.117350056901905,0.047461594450638245,-0.031030286122224707,0.07849188057286295,46.844509987262576,45.02887448844543,1.8156354988171444,0.0032401245018767177,0.009271401724012307,0.01497899938449776,0,0.0072311421297235326,46.286746978759766,46.075191497802734,0
2017-09-14,45.94111251831055,46.32150877723039,45.88598970906537,46.24602512003116,27952000.0,45.93209857940674,46.313881378173825,47.92570407591719,0.026046281443491637,-0.01961497260908144,0.045661254052573076,46.838849968402556,45.025347190410926,1.81350277799163,-0.010672787919075444,-0.004272969328809495,-0.004797852651053258,0,0.007634130129547178,46.43672180175781,46.47942733764648,0
2017-09-15,45.70174789428711,46.009642247423336,45.5065845887509,45.91876482227936,50108000.0,45.955215263366696,46.32738891601562,45.23392692130203,-0.01012353529552712,-0.017716685146370575,0.007593149850843455,46.81236782799523,45.09806269873816,1.7143051292570703,-0.0052102487489399385,-0.012638587126053702,-0.020269777395131805,0,0.00668717503265994,45.94111251831055,46.0101432800293,0
2017-09-18,45.43904113769531,45.79063512070761,45.220535246594274,45.68783823769066,26138000.0,45.96596622467041,46.32382308959961,42.41802815715736,-0.05930300722321391,-0.026033949561739243,-0.03326905766147467,46.790955066078936,45.140977383261884,1.6499776828170525,-0.005748286853261342,-0.02148473504055004,-0.023833592066609177,0,0.006790494955053403,45.70174789428711,46.13825988769531,1
2017-09-19,45.7772331237793,45.807524336946194,45.31737878785614,45.55922353067906,18734000.0,46.00358371734619,46.316880493164064,46.99275076672889,-0.07017983668437466,-0.03486312698626633,-0.03531670969810834,46.71417705863722,45.29299037605516,1.4211866825820607,0.007442762382664503,-0.0035671620809342164,-0.007151764241393854,0,0.006933409168339219,45.43904113769531,46.286746978759766,1
2017-09-20,46.26241302490234,46.37663306637203,45.78666857446864,45.83533532182918,33396000.0,46.0206916809082,46.31836036682129,52.787794221674936,-0.039197989173374026,-0.035730099423687864,-0.003467889749686162,46.73887126328204,45.30251209853436,1.4363591647476852,0.010598716174285538,0.01226791438944752,0.004063391187609788,0,0.0077993861560597035,45.7772331237793,46.43672180175781,1
2017-09-21,46.30562210083008,46.508234148939,45.87755172209644,46.33293534306164,25812000.0,46.03422451019287,46.30705772399902,53.27768877139458,-0.011030883338058572,-0.030790256206562006,0.019759372868503433,46.763090535629324,45.30535848475642,1.457732050872906,0.0009339996144275275,0.01907128630880961,-0.0037394014249315655,0,0.007241983232233082,46.26241302490234,45.94111251831055,0
2017-09-22,46.1109504699707,46.41884485050869,46.00915001330824,46.07221787596049,21054000.0,46.05222625732422,46.28855438232422,50.723965204438294,-0.004366290819540097,-0.025505463129157628,0.02113917230961753,46.7699128254475,45.334539689200945,1.4353731362465538,-0.004204060371664542,0.0072900287636226135,0.00219097752701769,0,0.006569402886792177,46.30562210083008,45.70174789428711,0
2017-09-25,45.73552322387695,46.0051775620199,45.1758536976335,45.95799979803187,37136000.0,46.06484031677246,46.25377243041992,46.13161527443354,-0.029043597898613882,-0.02621309008304888,-0.0028305078155650004,46.75022276861207,45.37945786493285,1.3707649036792162,-0.008141824062773195,-0.011389155181805277,-0.008728908823147141,0,0.0069937931483404076,46.1109504699707,45.43904113769531,1
2017-09-26,45.9286994934082,46.22467440545895,45.74396286420554,45.87208769428299,33338000.0,46.092277717590335,46.22540657043457,48.70502687619596,-0.03263661644070481,-0.027497795354580072,-0.005138821086124741,46.70597974759944,45.47857568758123,1.2274040600182161,0.004223768657584781,-0.008139888642487714,-0.007735421232256012,0,0.00706570669962607,45.73552322387695,45.7772331237793,1
2017-09-27,46.90352630615234,47.17218797097169,46.07172084567055,46.07172084567055,44788000.0,46.14988346099854,46.204638671875,59.2773360717859,0.04268423006506339,-0.01346139027065138,0.05614562033571477,46.836719238544866,45.46304768345221,1.3736715550926561,0.021224785885436193,0.017188451508883817,0.010052486185122111,0,0.009911157085301405,45.9286994934082,46.26241302490234,1
2017-09-28,47.15232467651367,47.211421909016345,46.70786787130428,46.748093241062,20406000.0,46.19937000274658,46.183394012451174,61.460592900237586,0.12105702276859631,0.01344229233719816,0.10761473043139816,47.01355246474074,45.385187540752426,1.6283649239883147,0.0053044704728031356,0.030978140245634167,0.026364449875269758,1,0.009063962315284271,46.90352630615234,46.30562210083008,1
2017-09-29,47.62955856323242,47.66312706195576,47.25214027877135,47.27647175719136,31620000.0,46.24848403930664,46.17441551208496,65.30320409954423,0.2191505804054188,0.054583949950842287,0.1645666304545765,47.25952701864629,45.23744105996699,2.0220859586792983,0.010121110464707428,0.03703259810498949,0.04218242753875723,1,0.008882945088581071,47.15232467651367,46.1109504699707,0
2017-10-02,47.33954620361328,47.7998931044617,47.06988808838909,47.67276472153232,25668000.0,46.288038444519046,46.154899215698244,61.303078604352685,0.27037217573067807,0.09774159510680944,0.17263058062386863,47.39981006860371,45.17626682043438,2.223543248169335,-0.006088915546721307,0.009296100566403398,0.04182537787623675,1,0.008925777459901918,47.62955856323242,45.73552322387695,1
2017-10-03,47.56400680541992,47.57443728848602,47.13444745976578,47.37579588032299,17766000.0,46.36088981628418,46.132502517700196,63.182819344685086,0.32532757989623917,0.14325879206469538,0.1820687878315438,47.59938464007916,45.1223949924892,2.47698964758996,0.004741503030916361,0.008730897823820527,0.03903192831268942,1,0.008855365095791646,47.33954620361328,45.9286994934082,0
2017-10-04,47.26058197021485,47.69312306655933,47.21141889546128,47.524772876701135,19048000.0,46.420159339904785,46.133475875854494,59.00988104686794,0.34047154126433554,0.18270134190462342,0.15777019935971212,47.710656302852925,45.129662376956645,2.58099392589628,-0.006379295092744264,-0.007746798503868613,0.021576240408714087,1,0.009047716628948444,47.56400680541992,46.90352630615234,1
2017-10-05,48.16836929321289,48.21554705083663,47.43438992478544,47.44978748397134,24276000.0,46.50460643768311,46.15548530578613,66.20192864347376,0.42087253344414677,0.23033558021252812,0.19053695323161865,48.00374026464569,45.005472610720524,2.9982676539251685,0.01920812832076746,0.017508048894992356,0.04022723608651013,1,0.010498658241480704,47.26058197021485,47.15232467651367,1
2017-10-06,48.61183547973633,48.640141377770526,47.840612474201336,48.00647723181629,23478000.0,46.634691047668454,46.19998077392578,69.05808298516551,0.5144447156046255,0.28715740729094763,0.22728730831367783,48.3721887577108,44.897193337626106,3.4749954200846958,0.009206585006520607,0.02202986553683295,0.054236249400113845,1,0.010185980904277648,48.16836929321289,47.62955856323242,0
2017-10-09,48.51798248291016,48.936372579690655,48.4737864793337,48.66696450199574,17828000.0,46.753677177429196,46.235209732055665,67.75314011607637,0.5744067877430297,0.34460728338136404,0.22979950436166563,48.656920735882274,44.85043361897612,3.8064871169061547,-0.0019306614510634645,0.02660569253014633,0.06083803273470778,1,0.009434026523474377,48.61183547973633,47.33954620361328,0
2017-10-10,48.29947662353516,48.74492608249262,47.975692141706766,48.6669607767078,19368000.0,46.854313659667966,46.27702369689941,64.68833691834405,0.5974090060467034,0.39516762791443194,0.2022413781322715,48.85833952277302,44.85028779656291,4.0080517262101125,-0.004503605636363095,0.002721855280675811,0.05161864272832761,1,0.009999547170591146,48.51798248291016,47.56400680541992,1
2017-10-11,49.12631988525391,49.19882178651549,48.28209480452601,48.35509682341753,33866000.0,46.988793563842776,46.33504669189453,70.18450467829761,0.674581613845703,0.4510504251006862,0.22353118874501682,49.21169845324947,44.765888674436084,4.445809778813384,0.01711909361178976,0.010583521491017267,0.04739075617881672,1,0.009325019930547691,48.29947662353516,47.26058197021485,0
2017-10-12,49.05579376220703,49.36815886197005,48.9152569358924,49.03692569019757,25248000.0,47.1445276260376,46.39209617614746,69.19520175926374,0.7217309279312545,0.5051865256667999,0.2165444022644546,49.48531053015567,44.80374472191953,4.681565808236144,-0.0014356076989201494,0.011084782420338835,0.040368509903849326,1,0.009516474954684618,49.12631988525391,48.16836929321289,1
2017-10-13,49.14767456054688,49.52161479460159,49.11390525341363,49.26288347912733,23396000.0,47.316823959350586,46.45767753601074,69.79259580672408,0.757775942219908,0.5557044089774216,0.2020715332424864,49.714055144634095,44.91959277406708,4.794462370567018,0.0018729856616983565,0.017561224185158375,0.03187340053339005,1,0.009282115008939298,49.05579376220703,48.61183547973633,1
2017-10-16,49.26287841796875,49.35758250350469,48.86559940144442,49.26784549494657,18210000.0,47.50801582336426,46.521282272338865,70.56342256131066,0.78657076606126,0.6018776803941892,0.18469308566707077,49.885559086137086,45.130472560591436,4.75508652554565,0.0023440347575334197,0.0027797427740119396,0.04062844637510832,1,0.008711909398517424,49.14767456054688,48.51798248291016,1
2017-10-17,49.27181625366211,49.48336597870306,49.09353571222286,49.17795707072566,25804000.0,47.6827449798584,46.58367530822754,70.62604871978489,0.8008800335585278,0.6416781510270569,0.15920188253147083,50.039367031606844,45.32612292810995,4.713244103496891,0.0001814314546852991,0.004403608114104118,0.03590550003973969,1,0.008789199608928534,49.26287841796875,48.29947662353516,1
2017-10-18,49.303104400634766,49.49727505754901,49.01333929612928,49.25145968123735,21152000.0,47.83477954864502,46.64924659729004,70.85976751080142,0.8054600806888601,0.6744345369594176,0.13102554372944253,50.197585891197946,45.47197320609209,4.725612685105858,0.0006350110337232096,0.003162506496546591,0.04321830890079137,1,0.008164827208590731,49.27181625366211,49.12631988525391,0
2017-10-19,48.8879508972168,49.10794582946417,48.587008893110905,48.96492354930562,26272000.0,47.96389598846436,46.71037841796875,63.62577740748407,0.7667517460517672,0.6928979787778875,0.07385376727387971,50.25961789456073,45.66817408236798,4.59144381219275,-0.008420433326965626,-0.007610751397246762,0.014938882394453401,1,0.007161090190082435,49.303104400634766,49.05579376220703,1
2017-10-20,49.07417297363281,49.21322082396731,48.894403425876106,49.1357518486052,23664000.0,48.11205711364746,46.790788116455076,65.33529223291575,0.7425421139442037,0.7028268058111509,0.039715308133052796,50.289760897895086,45.93435332939983,4.355407568495252,0.003809161009990625,-0.004011284646212032,0.009510801008310255,1,0.006705161962950487,48.8879508972168,49.14767456054688,0
2017-10-23,48.0933837890625,49.1397245085174,47.97767476461677,49.1397245085174,29568000.0,48.22995014190674,46.84448059082031,51.58450391968527,0.636872841997409,0.6896360130484025,-0.052763171050993485,50.11602696437249,46.343873319440995,3.7721536449314925,-0.019985852539935456,-0.024536398392728587,-0.00875136747487848,1,0.00944377782898905,49.07417297363281,49.26287841796875,1
2017-10-24,48.197174072265625,48.28109910956792,47.72341494448853,48.17035716043205,24244000.0,48.34337387084961,46.89202522277832,52.71856416717895,0.5551052829556085,0.6627298670298437,-0.10762458407423525,49.907627672442715,46.77912006925651,3.1285076031862076,0.0021580989946214935,-0.014129797061927962,-0.0021180881951770036,1,0.00939131755797358,48.0933837890625,49.27181625366211,1
2017-10-25,48.33572006225586,48.47278257871932,47.69957433852291,48.08940459563927,24226000.0,48.41498355865478,46.942787704467776,54.25877947919739,0.4957684962074822,0.6293375928653714,-0.13356909665788919,49.833347997186884,46.99661912012268,2.8367288770642034,0.0028745666661389446,-0.015047689377744922,-0.01609320268330061,1,0.007331626220588768,48.197174072265625,49.303104400634766,0
2017-10-26,48.2974853515625,49.0443768830731,48.27960993625574,48.66695859231798,40842000.0,48.47224159240723,46.98807769775391,53.73851405456804,0.4405797148970052,0.5915860172716982,-0.15100630237469304,49.76937050889151,47.175112675922946,2.594257832968566,-0.0007910239186281753,0.004243859475457024,-0.015458080534184293,1,0.007336031705726444,48.33572006225586,48.8879508972168,1
2017-10-27,50.61711502075195,52.06321644327847,50.06737589801771,50.11653897414333,103354000.0,48.621619415283206,47.095631713867185,71.55712806885295,0.5773614727811562,0.5887411083735898,-0.011379635592433601,50.161542126753815,47.0816967038126,3.0798454229412187,0.04802795947459004,0.05020918746933023,0.029898473800521463,1,0.01737156806780067,48.2974853515625,49.07417297363281,0
2017-10-30,50.50984191894531,50.90017230156612,50.0326085342165,50.35540031477176,41702000.0,48.780134201049805,47.20134811401367,70.21030036936531,0.669389651346485,0.6048708169681689,0.06451883437831607,50.40960918052242,47.150659221577186,3.2589499589452373,-0.0021193049379178985,0.04497961039763565,0.02531243689004037,1,0.01744983539467433,50.61711502075195,48.0933837890625,0
2017-10-31,50.48650741577149,50.8520062354526,50.17762039224949,50.41599083498486,26614000.0,48.926259231567386,47.31058059692383,69.90209391702383,0.732001686706063,0.6302969909157478,0.10170469579031527,50.61632649403235,47.23619196910242,3.380134524929929,-0.0004619793348643597,0.04532372748342639,0.02465285947357576,1,0.017461078006434042,50.50984191894531,48.197174072265625,1
2017-11-01,50.92649459838867,51.13357737060361,50.50189857164349,50.51481069795317,27468000.0,49.109554862976076,47.41070541381836,72.36540962830134,0.8078134932312508,0.6658002913788484,0.1420132018524024,50.83211991382928,47.38698981212287,3.445130101706411,0.008714945935827112,0.00611215351783434,0.03292673387384104,1,0.017548182893809803,50.48650741577149,48.33572006225586,1
2017-11-02,50.93046951293945,51.055116249792526,50.30624317099283,50.7407695990364,20980000.0,49.247659873962405,47.508615493774414,72.38739650829544,0.8583214431712065,0.70430452173732,0.15401692143388646,51.08529921706727,47.41002053085754,3.6752786862097366,7.80519959626691e-05,0.008327636318267162,0.041779591458371845,1,0.017113569280709392,50.92649459838867,48.2974853515625,1
2017-11-03,51.27312469482422,51.281566073694215,50.66875909767566,50.75814754097896,21528000.0,49.380724334716795,47.61905967712402,74.28665200641099,0.9154460743779751,0.7465328322654511,0.168913242112524,51.39212702152881,47.36932164790478,4.022805373624024,0.006727901493186028,0.015580742644261347,0.04480873722258938,1,0.017130466960862397,50.93046951293945,50.61711502075195,0
2017-11-06,50.94636154174805,51.39181479868578,50.90166921178141,51.09981430101464,22504000.0,49.50214328765869,47.72832206726074,69.38542575734712,0.9237028293586462,0.7819668316840902,0.14173599767455602,51.58256386826659,47.42172270705079,4.160841161215799,-0.006372990821625457,0.0003901101679204544,0.05932162655051898,1,0.015422213109937424,51.27312469482422,50.50984191894531,1
2017-11-07,51.31533050537109,51.34711449128504,50.90811736649344,51.0143885574459,22246000.0,49.65293598175049,47.84702964782715,71.6592008212451,0.9490786905657558,0.8153892034604233,0.13368948710533246,51.798965851567615,47.50690611193336,4.292059739634254,0.007242302540500178,0.007556596200902099,0.06469583524607025,1,0.015369462825183066,50.94636154174805,50.48650741577149,1
2017-11-08,51.639122009277344,51.82147550210758,51.0729964409067,51.17579334444856,21774000.0,49.77857608795166,47.96478385925293,73.51799152349716,0.9839738734120971,0.8491061374507581,0.13486773596133894,52.075492399351155,47.48165977655217,4.593832622798985,0.006309839588237054,0.0071381901655405144,0.06834287236782122,1,0.015320420272999125,51.31533050537109,50.92649459838867,0
2017-11-09,51.2125358581543,51.34810939704506,50.63677550162925,51.34810939704506,24904000.0,49.886413192749025,48.06578269958496,67.25912620485607,0.9660703621803322,0.872498982396673,0.09357137978365915,52.23929959955214,47.53352678594591,4.705772813606231,-0.008260910227063989,0.0052245991342900755,0.06035615488824808,1,0.01589934443834211,51.639122009277344,50.93046951293945,0
2017-11-10,51.05412673950195,51.1877111924913,50.91557520903036,50.97417611476484,14400000.0,49.98173580169678,48.15391967773437,65.04464682243602,0.9283974209845454,0.8836786701142475,0.04471875087029786,52.361503201323245,47.60196840207031,4.759534799252933,-0.0030931707637188444,-0.005090170194690491,0.00863367496489742,1,0.006045515485355573,51.2125358581543,51.27312469482422,0
2017-11-13,50.938907623291016,51.22842644712833,50.78099170917024,50.82320239053347,17716000.0,50.06553726196289,48.24172866821289,63.409327336261576,0.8791102877461228,0.8827649936406226,-0.003654705894499788,52.456161977165316,47.67491254676046,4.781249430404856,-0.002256803192400736,-0.013559765517712097,0.008494695054366508,1,0.0060532375157249275,51.05412673950195,50.94636154174805,1
2017-11-14,50.95132446289063,50.99154982984127,50.36285276704677,50.7819854051663,19184000.0,50.149512672424315,48.338615570068356,63.515782639398886,0.8314671786784302,0.8725054306481841,-0.04103825196975386,52.54070572944625,47.75831961540238,4.782386114043874,0.0002437594400619414,-0.005100536243453191,0.009206757823258194,1,0.006040176954047439,50.938907623291016,51.31533050537109,0
2017-11-15,50.69855880737305,50.85647473129203,50.42592272365695,50.61413365063871,17080000.0,50.21928539276123,48.43108291625977,59.70759645761863,0.7645009049951739,0.8509045255175821,-0.08640362052240824,52.58895630769577,47.84961447782669,4.739341829869076,-0.004960924140483991,-0.00696452872346931,-0.004475780098613713,1,0.0056158343478860465,50.95132446289063,51.639122009277344,1
2017-11-16,51.27412033081055,51.44395951958307,50.77851133883399,50.77851133883399,22594000.0,50.33859386444092,48.52697677612305,64.87229180160374,0.7492359299905402,0.8305708064121738,-0.08133487642163362,52.668067461829196,48.00912026705264,4.658947194776559,0.011352621001009533,0.006580681117045684,0.006747450419317014,1,0.006747803298680654,50.69855880737305,51.2125358581543,0
2017-11-17,50.60817337036133,51.36946602666553,50.541631207647846,51.34910517815319,27942000.0,50.41529388427735,48.61893737792969,55.9379839246767,0.6756139164896453,0.7995794284276682,-0.12396551193802285,52.67310216952601,48.15748559902868,4.515616570497329,-0.012987974365092136,-0.006734880715009273,-0.012968808287395328,1,0.007613434755703983,51.27412033081055,51.05412673950195,0
2017-11-20,50.57291412353516,50.78297866830331,50.52921445433098,50.666276985380925,19070000.0,50.53927040100098,48.707630462646485,55.502141514869635,0.6074208444388205,0.7611477116298987,-0.1537268671910782,52.52998210188948,48.54855870011247,3.9814234017770076,-0.0006967105208111057,-0.00247826933927775,-0.007330207828617152,1,0.007400009572825114,50.60817337036133,50.938907623291016,1
2017-11-21,51.3729362487793,51.403727577904526,50.78521096910752,50.81773755462986,21940000.0,50.69805850982666,48.80935424804687,62.618985030657825,0.6108904778151896,0.7310962648669569,-0.12020578705176732,52.40216975284218,48.99394726681114,3.408222486031036,0.015819181850780906,0.0019272084500174813,0.0011225835016726027,1,0.008790609881726764,50.57291412353516,50.95132446289063,1
2017-11-22,51.44593811035156,51.63196289986532,51.22097613755846,51.39826402480091,14926000.0,50.853569412231444,48.90953857421875,63.1974051192001,0.6124706470210768,0.7073711412977809,-0.0949004942767041,52.196326559561854,49.510812264901034,2.6855142946608197,0.0014210178919644711,0.01655394147224598,-0.003741037635982214,1,0.008542214153590846,51.3729362487793,50.69855880737305,1
2017-11-24,51.676856994628906,51.80438697552622,51.398264985557006,51.44146832400537,10740000.0,51.02253799438476,49.02425346374512,65.04017750730713,0.625149828511951,0.690926878740615,-0.06577705022866398,51.7420118113594,50.30306417741013,1.4389476339492688,0.004488573690347053,0.021828737580696478,0.009066552333214961,1,0.008172412611371001,51.44593811035156,51.27412033081055,1
2017-11-27,52.35223388671875,52.41430908410449,51.56909525759082,51.64656422493373,26158000.0,51.109293937683105,49.15726318359375,69.80265982938546,0.6818356649064157,0.6891086359737751,-0.007272971067359468,52.008338360517605,50.210249514848606,1.7980888456689996,0.013069233141637104,0.019062520257691506,0.02542609638277127,1,0.008857213707534879,51.676856994628906,50.60817337036133,0
2017-11-28,52.01454925537109,52.757716433265045,51.646568786414825,52.39594196908772,28488000.0,51.184529304504395,49.28877334594726,65.03238274511519,0.691539632630402,0.6895948353051005,0.001944797325301506,52.1213688457459,50.24768976326289,1.873679082483008,-0.0064502430226445195,0.011052595518811437,0.02111630740169712,1,0.009202571531205125,52.35223388671875,50.57291412353516,0
2017-11-29,50.735801696777344,51.84918093128845,50.4373451513144,51.77965700703368,49188000.0,51.19699401855469,49.38794471740723,50.858383839876964,0.5892533105590374,0.6695265303558879,-0.08027321979685054,52.10246142901484,50.29152660809454,1.810934820920295,-0.02458442064576183,-0.01821038183396817,-0.00422997377173695,1,0.012519483236637768,52.01454925537109,51.3729362487793,0
2017-11-30,50.72338485717773,51.07497889066422,50.40506379863794,50.77105894551231,34480000.0,51.18683853149414,49.47716415405274,50.742733337793375,0.501408799673996,0.6359029842195096,-0.13449418454551365,52.10862258213814,50.26505448085014,1.8435681012879996,-0.00024473525960677645,-0.031113266972820575,0.0004896795961992773,1,0.012415005806095744,50.735801696777344,51.44593811035156,0
2017-12-01,50.16520309448242,50.77701738857253,49.7604753659101,50.44479155391781,38192000.0,51.14857521057129,49.55435577392578,45.71061039320537,0.382343372188096,0.5851910618132269,-0.2028476896251309,52.1681007313927,50.12904968974988,2.0390510416428214,-0.01100442654343714,-0.03555440136199395,-0.021627230836406497,1,0.012177978704816707,50.72338485717773,51.676856994628906,0
2017-12-04,49.594608306884766,50.459690504278086,49.44016668950825,50.2888586693815,38128000.0,51.064649391174314,49.62402893066406,41.21144396933505,0.23918377076328312,0.5159896036032382,-0.2768058328399551,52.28576291075611,49.843535871592515,2.4422270391635976,-0.011374314313508993,-0.022492862076230136,-0.0200276950535061,1,0.012027690483851109,50.16520309448242,52.35223388671875,1
2017-12-05,49.91591262817383,50.68365756747001,49.07814743481184,49.45854370819862,41346000.0,51.01312694549561,49.70763671875,44.522779443340546,0.14992706284652257,0.44277709545189514,-0.29285003260537257,52.33283176292259,49.693422128068626,2.639409634853962,0.006478613951356849,-0.015919131408077436,-0.012991173373091969,1,0.012321579490719436,49.594608306884766,52.01454925537109,1
2017-12-06,50.57291412353516,50.90017668005054,49.71677342206753,49.73465262607087,25440000.0,50.97600612640381,49.80052101135254,50.6445867580761,0.13069839886252765,0.38036135613402167,-0.249662957271494,52.30137439662277,49.65063785618485,2.6507365404379186,0.013162165345054877,0.008127367256639095,-0.01557283238337659,1,0.01193548592586652,49.91591262817383,50.735801696777344,1
2017-12-07,51.19615173339844,51.36052750539634,50.55756976112326,50.67471851922342,29164000.0,50.953857612609866,49.88637351989746,55.64472711719537,0.1638607261705829,0.33706123014133393,-0.17320050397075104,52.248611298791936,49.6591039264278,2.589507372364139,0.012323545531524704,0.03229269231452614,-0.0048553177593405605,1,0.01270545814762989,50.57291412353516,50.72338485717773,1
2017-12-08,51.50006866455078,51.748369458896505,51.27520519799166,51.521918497939936,25816000.0,50.96823425292969,49.9733283996582,57.88533901298484,0.21221933351331046,0.31209285081572924,-0.09987351730241878,52.28042584429255,49.65604266156683,2.6243831827257225,0.005936323744311522,0.03173649349411711,-0.003421034876337381,1,0.01277557839381904,51.19615173339844,50.16520309448242,1
2017-12-11,51.70119857788086,51.83527935760136,51.25177468654611,51.42310286363393,23856000.0,51.00058784484863,50.05476119995117,59.348865240701464,0.2637332288364931,0.30242092641988205,-0.03868769758338897,52.351006886955,49.650168802742265,2.7008380842127337,0.003905430003213306,0.022310054184135453,-0.012435673905465405,1,0.012018789437669746,51.50006866455078,49.594608306884766,0
2017-12-12,51.6703987121582,52.15855890684014,51.33320960869891,51.62818803312812,25590000.0,51.037162399291994,50.141378250122074,59.01067999223834,0.2986306421079945,0.30166286955750454,-0.0030322274495100388,52.418194342007105,49.65613045657688,2.762063885430223,-0.0005957282726484214,0.009263332549473313,-0.006616428444342404,1,0.01187556329510785,51.70119857788086,49.91591262817383,1
2017-12-13,51.676856994628906,51.9775488961124,51.56611505132387,51.950485715674205,25654000.0,51.073439025878905,50.22363525390625,59.06335533616972,0.32308391273593884,0.3059470781931914,0.017136834542747448,52.48139977002232,49.66547828173549,2.8159214882868326,0.00012498998714294274,0.003432778531416103,0.018548150741281022,1,0.008389587372075126,51.6703987121582,50.57291412353516,1
2017-12-14,52.1009635925293,52.565284932035546,51.801014250160094,51.89487344906006,31174000.0,51.143559265136716,50.32044288635254,62.47382104856421,0.37239245550788524,0.3192361536561302,0.05315630185175507,52.608393855321964,49.67872467495147,2.929669180370496,0.008206896134268948,0.007732219477392777,0.027158651561413505,1,0.008576373697649175,51.676856994628906,51.19615173339844,1
2017-12-15,52.84785079956055,53.01818631873,52.11834209057698,52.372106323926594,65518000.0,51.22224578857422,50.414032516479494,67.59406523395253,0.4663614618814691,0.348661215301198,0.11770024658027112,52.86495294117575,49.57953863597269,3.285414305203062,0.01433538183424976,0.02278774920939952,0.05347626521167581,1,0.007778312425005861,52.1009635925293,51.50006866455078,1
2017-12-18,53.49094772338867,53.55799000591776,52.73909286767121,52.94170870181027,31092000.0,51.366384506225586,50.51161476135254,71.23361536504156,0.5859704213469925,0.39612305651035695,0.18984736483663556,53.255661515122824,49.47710749732835,3.7785540177944767,0.012168837788072873,0.03510450972179502,0.07856377032748973,1,0.005380811890708779,52.84785079956055,51.70119857788086,0
2017-12-19,53.170143127441406,53.47604839449477,52.81606744218992,53.39460500063077,26774000.0,51.4962459564209,50.60465797424317,67.18026893869722,0.6474121691564108,0.44638087903956775,0.201031290116843,53.50291025680625,49.48958165603555,4.013328600770706,-0.0059973623500971796,0.02052130059002244,0.06519425024858316,1,0.006902172798620882,53.49094772338867,51.6703987121582,0
2017-12-20,52.88559341430664,53.30422596299768,52.71525789871695,53.22477167015922,25372000.0,51.571878814697264,50.69638031005859,63.71699930452888,0.6654732517865938,0.490199353588973,0.1752738981976208,53.666356437491025,49.4774011919035,4.188955245587522,-0.0053516822862924585,0.0007141750170549521,0.045729603105770567,1,0.007342936065512505,53.170143127441406,51.676856994628906,0
2017-12-21,52.82003784179688,53.10310061498053,52.728861098925485,52.88559113517567,19914000.0,51.64058380126953,50.770254669189455,62.91233174191323,0.666810427529839,0.5255215683771463,0.14128885915269274,53.80307379913034,49.47809380340872,4.32497999572162,-0.0012395733559458222,-0.012542493826454226,0.031718909594118605,1,0.006982207788427767,52.88559341430664,52.1009635925293,0
2017-12-22,52.64573287963867,52.84834492150523,52.611963574532616,52.694895956386816,15102000.0,51.68902759552002,50.842053451538085,60.71672606423996,0.6463544237658638,0.5496881394548898,0.09666628431097402,53.89555825949921,49.48249693154082,4.413061327958388,-0.003299977987147207,-0.009862870719489991,0.02224587742882922,1,0.00718065871867129,52.82003784179688,52.84785079956055,0
2017-12-26,52.47788619995117,52.64573628990056,52.15310525528409,52.543932039145744,15212000.0,51.69531021118164,50.90865768432617,58.59604879072802,0.6095722990894927,0.5616649713818105,0.047907327707682246,53.910058672895104,49.48056174946818,4.429496923426925,-0.0031882295203533584,-0.0077092302087165,0.015022623139004043,1,0.007344795407367224,52.64573287963867,53.49094772338867,0
2017-12-27,52.11188507080078,52.55882730911844,52.046335563191455,52.51016056007261,25438000.0,51.70017700195312,50.96563781738281,54.154304307184034,0.5446110310023897,0.5582541833059264,-0.013643152303536632,53.9181355712954,49.48221843261084,4.435917138684559,-0.006974387797478276,-0.0134068963206182,0.00854428008388286,1,0.0078107992653226824,52.47788619995117,53.170143127441406,0
2017-12-28,52.0508041381836,52.37905556891696,51.883446602248384,52.22262863361503,16742000.0,51.765927124023435,51.021217575073244,53.42644170184089,0.482636504047278,0.5431306474541967,-0.06049414340691872,53.943226330149095,49.588627917897774,4.35459841225132,-0.0011721113625844382,-0.011300607075130475,0.007236259426411262,1,0.007835433909821655,52.11188507080078,52.88559341430664,0
2017-12-29,51.964393615722656,52.12827306089524,51.88990261439242,51.98028371589961,17750000.0,51.82797756195068,51.074443359375,52.354391318947066,0.42168768479442775,0.5188420549222429,-0.09715437012781514,53.953002201723386,49.70295292217798,4.250049279545408,-0.0016601188760032581,-0.009784932690924508,-0.0026212562568846964,1,0.007401123806769014,52.0508041381836,52.82003784179688,1
2018-01-02,52.8880729675293,52.98441380384693,51.90629286000406,52.060734479904,24752000.0,51.96412105560303,51.15444580078125,61.29497021030806,0.44281402615304444,0.5036364491684032,-0.060822423015358784,53.99226951763398,49.93597259357208,4.056296924061897,0.01777523584008822,0.014894642473093578,0.0007610937315369881,1,0.008191452973061893,51.964393615722656,52.64573287963867,1
2018-01-03,53.756134033203125,53.945337618341206,52.79918171793548,52.853808200584375,28604000.0,52.172197341918945,51.248085021972656,67.47240823009118,0.523566725890575,0.5076225045128376,0.015944221377737322,54.03218314547771,50.31221153836018,3.719971607117529,0.016413172516358765,0.032762796334370625,0.004957592286189749,1,0.008959842283289637,52.8880729675293,52.47788619995117,1
2018-01-04,53.95079803466797,54.30686280983609,53.83171321839722,54.03025611003402,20092000.0,52.373941612243655,51.36523330688477,68.6796323236223,0.5963966904640046,0.525377341703071,0.07101934876093352,54.08018430598865,50.66769891849866,3.412485387489994,0.0036212425793977765,0.038226259958593856,0.014682204359605322,1,0.008693528743327773,53.756134033203125,52.11188507080078,1
2018-01-05,54.736915588378906,54.83723083493956,54.22889087011104,54.32821345909724,25582000.0,52.58214168548584,51.496028137207034,73.03239417152604,0.7093708927424771,0.5621760519109522,0.1471948408315249,54.372634424183126,50.79164894678855,3.5809854773945773,0.01457100881447193,0.03495764767199416,0.035006171899575333,1,0.009217832214172935,53.95079803466797,52.0508041381836,1
2018-01-08,54.97081756591797,55.18584539163745,54.70662666681977,54.7369178791859,20952000.0,52.770874977111816,51.628730087280275,74.18210841144884,0.8084582928185569,0.6114325000924732,0.19702579272608367,54.72544502925882,50.81630492496481,3.9091401042940106,0.004273203468350362,0.02259618468777136,0.040719011420683904,1,0.00906752814324684,54.736915588378906,51.964393615722656,0
2018-01-09,54.93705368041992,55.15108886962921,54.68731312366994,55.09298808320769,18050000.0,52.94272422790527,51.76152145385742,73.69370228522949,0.8741842559402144,0.6639828512620215,0.21020140467819293,55.02062983858179,50.86481861722876,4.155811221353034,-0.0006142147232494066,0.018280649808334548,0.04352339069948519,1,0.00886358159415369,54.97081756591797,52.8880729675293,0
2018-01-10,54.75579833984375,54.85462083092971,54.43300649177986,54.48216957287986,20856000.0,53.09545421600342,51.84429512023926,70.99153894832301,0.9012576271611934,0.7114378064418558,0.18981982071933756,55.23404166779623,50.95686676421061,4.2771749035856175,-0.0032993276565316254,0.0003449728809501451,0.04340708639088997,1,0.008874080038381405,54.93705368041992,53.756134033203125,1
2018-01-11,54.90030670166016,54.95021237906043,54.60582077077541,54.93903929656321,19566000.0,53.25694961547852,51.932104415893555,71.87692144310863,0.923725948266565,0.7538954348067977,0.1698305134597673,55.428256847066784,51.08564238389025,4.342614463176531,0.002639142633251712,-0.0012826962992364965,0.053508362383570374,1,0.007994969036305853,54.75579833984375,53.95079803466797,1
2018-01-12,55.73160934448242,55.83242092274711,54.68328335136789,54.745854879293375,34410000.0,53.45968723297119,52.03700645446777,76.34897569041757,0.9971172830527024,0.8025398044559787,0.1945774785967237,55.75655783109793,51.162816634844454,4.593741196253475,0.015142040049789474,0.014463019234423946,0.07071562615107885,1,0.008199698120196965,54.90030670166016,54.736915588378906,0
2018-01-16,55.70678329467773,56.60811263801479,55.51171849196348,56.24062850846902,31506000.0,53.63997821807861,52.132612228393555,75.9604988296343,1.0412740310283226,0.8502866497704475,0.19098738125787507,56.045442277918895,51.234514158238326,4.810928119680568,-0.0004454572566036097,0.0173677488716657,0.07201834599726276,1,0.008066953743952788,55.73160934448242,54.97081756591797,1
2018-01-17,56.21431350708008,56.24510484065389,55.47090000674957,55.92827274039836,24052000.0,53.80830135345459,52.23828910827637,78.38215910701004,1.1044901436108034,0.9011273485385187,0.20336279507228472,56.42991801082044,51.18668469608874,5.243233314731697,0.009110743474768812,0.023934416478955223,0.06289207287988985,1,0.007200738022612034,55.70678329467773,54.93705368041992,0
2018-01-18,56.10555267333984,56.24062989033983,55.49523113023211,56.18600340894452,23964000.0,53.93903160095215,52.33493766784668,76.60134145073044,1.132755576776077,0.9474529941860305,0.18530258259004662,56.739003452198986,51.13905974970531,5.599943702493675,-0.0019347533920617277,0.00670971703949963,0.04370512653840697,1,0.006605527827597766,56.21431350708008,54.75579833984375,1
2018-01-19,56.48892974853516,56.506312623581415,56.03156084553628,56.20685963861391,35564000.0,54.104970932006836,52.44578903198242,78.45915947134222,1.1725747503339505,0.9924773454156145,0.18009740491833603,57.0902443092842,51.11969755472947,5.970546754554732,0.006833139625723739,0.01404041676073886,0.04704530435743015,1,0.006646474120268911,56.10555267333984,54.90030670166016,1
2018-01-22,57.3977165222168,57.59983224401274,56.36975124793285,56.48794192654838,32360000.0,54.33057708740235,52.56743675231934,82.08945203246154,1.2629052443230364,1.046562925197099,0.2163423191259375,57.58316420935719,51.0779899654475,6.505174243909693,0.016087873813987352,0.02105163153842793,0.048610721032348314,1,0.006910677063392432,56.48892974853516,55.73160934448242,1
2018-01-23,58.10090255737305,58.18318706020457,57.54371470214178,57.598341185327385,26662000.0,54.594620323181154,52.69667236328125,84.29497032628858,1.375379528807592,1.1123262459191976,0.26305328288839447,58.15652609563828,51.03271455072403,7.123811544914247,0.01225111516211741,0.03556421403868204,0.05694084843656633,1,0.007295548651473427,57.3977165222168,55.70678329467773,0
2018-01-24,57.816349029541016,58.592039005136186,57.65793299087824,58.46639961314115,28332000.0,54.85315113067627,52.828748626708986,80.00178263259707,1.425127139459235,1.1748864246272053,0.2502407148320298,58.55937491454633,51.1469273468062,7.412447567740131,-0.00489757499982113,0.023498750762582343,0.05241080757389249,1,0.007807235915556716,58.10090255737305,56.21431350708008,1
2018-01-25,58.12076950073242,58.39737623011288,57.74285485105797,58.22803336742315,29610000.0,55.13529529571533,52.97008148193359,81.11019232031249,1.4721466766806728,1.234338475037899,0.23780820164277383,58.93328985612493,51.33730073530573,7.595989120819198,0.005265300841391207,0.012597242927525842,0.06145415212474603,1,0.007225615178687099,57.816349029541016,56.10555267333984,1
2018-01-26,58.39240646362305,58.39240646362305,57.51193046149692,58.35466652766521,40376000.0,55.44932136535645,53.119151458740234,82.06540545756873,1.5138777906126037,1.29024633815284,0.2236314524597638,59.234009720510954,51.66463301020194,7.569376710309015,0.004673664255033794,0.005017200997216031,0.06360801918538805,1,0.007148539282051986,58.12076950073242,56.48892974853516,0
2018-01-29,58.379493713378906,58.94115230855167,58.200716823597794,58.424189830209066,27578000.0,55.765755844116214,53.26771484375,81.85350855008888,1.528290862299201,1.3378552429821122,0.19043561931708886,59.416857178973295,52.11465450925913,7.302202669714163,-0.0002211374907485908,0.00974023253440226,0.047511356661704474,1,0.0066487029381713265,58.39240646362305,57.3977165222168,0
2018-01-30,57.789039611816406,58.426178110431614,57.78059444359821,57.99462963560469,31126000.0,56.0569881439209,53.40952445983887,72.61988561879976,1.475064983156372,1.3652971910169642,0.1097677921394078,59.361521458964546,52.75245482887725,6.609066630087298,-0.010114066841028224,-0.00570759629932005,0.03737886472683161,1,0.008034260627642788,58.379493713378906,58.10090255737305,1
2018-01-31,58.09941101074219,58.25137098376658,57.562584028148855,58.1306948817221,30774000.0,56.317555046081544,53.5460302734375,74.26337415135652,1.4413129104299358,1.3805003348995586,0.06081257553037722,59.39558258698771,53.23952750517538,6.156055081812326,0.0053707658235995215,-0.005017697858768488,0.033534119444946775,1,0.007839368484952832,57.789039611816406,57.816349029541016,0
2018-02-01,57.98816680908203,58.30102823997457,57.48262750486018,57.73539905135586,48242000.0,56.52915668487549,53.693630142211916,72.58171104850987,1.3895695791251583,1.3823141837446786,0.007255395380479701,59.451683971302046,53.60662939844893,5.845054572853115,-0.001914721676603337,-0.006703156869056426,0.03355486304008504,1,0.007837875731533252,58.09941101074219,58.12076950073242,0
2018-02-02,55.21713638305664,55.7718387966346,54.98760513373536,55.7187013008152,97158000.0,56.59247360229492,53.786514587402344,45.15323089927473,1.1121435211364883,1.3282800512230406,-0.21613653008655231,59.338347306680966,53.84659989790888,5.491747408772085,-0.04778613600855197,-0.04450503496918945,-0.022514028343960657,1,0.017812376587949225,57.98816680908203,58.39240646362305,0
2018-02-05,52.43119812011719,55.122777897330806,52.24397986149015,54.15936957572796,75966000.0,56.47718772888184,53.8076798248291,32.04273762404141,0.6598728334050463,1.1945986076594417,-0.5347257742543954,59.68051142297168,53.27386403479199,6.406647388179692,-0.0504542329687766,-0.09756059126962557,-0.08652815308736594,1,0.022151706568122098,55.21713638305664,58.379493713378906,1
2018-02-06,53.66277313232422,53.71789594583136,50.80915119580008,51.009929479955936,68960000.0,56.41178550720215,53.85201652526855,40.295700174115275,0.3962550837811989,1.034929902883793,-0.6386748191025942,59.7844000089507,53.039171005453596,6.745229003497101,0.023489354742295854,-0.074590971137242,-0.07638658316308078,1,0.023576629960802578,52.43119812011719,57.789039611816406,0
2018-02-07,52.07265472412109,53.72137198913794,52.056760834929456,53.70945251943666,47384000.0,56.268565559387206,53.8599324798584,34.47435411530839,0.05835418089980493,0.8396147584869955,-0.7812605775871906,60.09258506273021,52.4445460560442,7.648039006686005,-0.029631685345111403,-0.056947568543240124,-0.09934377389491011,1,0.024532787920342806,53.66277313232422,58.09941101074219,0
2018-02-08,49.73564910888672,52.57124410115747,49.692942094047645,52.411835394420486,57182000.0,56.017558097839355,53.807600784301755,28.058624388880133,-0.39347579699919066,0.5929966473897583,-0.986472444388949,60.75561811399321,51.2794980816855,9.476120032307705,-0.044879709467775974,-0.051411165639493994,-0.1442706361921109,1,0.026109947767576847,52.07265472412109,57.98816680908203,1
2018-02-09,51.53632354736328,51.84372159099324,49.29068941563271,50.516799710766655,70118000.0,55.84935894012451,53.7980362701416,37.68192550139574,-0.5993460433150872,0.3545281092487892,-0.9538741525638764,60.95843824787412,50.7402796323749,10.21815861549922,0.03620490474617766,-0.0396261590827115,-0.11741394697495344,1,0.030332030406007026,49.73564910888672,55.21713638305664,1
2018-02-12,52.2395133972168,52.71426520482196,51.69265372159088,52.04385374398392,41154000.0,55.67475414276123,53.82811050415039,41.00096428965976,-0.6977153247045891,0.14407942245811353,-0.8417947471627026,61.02117051329407,50.328337772228394,10.692832741065672,0.013644548183714855,0.00320434350773402,-0.10517357937886673,1,0.031233508545411705,51.53632354736328,52.43119812011719,1
2018-02-13,52.24745941162109,52.55882810219594,51.84953248317332,51.894872692952944,25302000.0,55.501787948608396,53.85859199523926,41.03917835719705,-0.7662002326247404,-0.037976508558457245,-0.7282237240662831,61.05278456645355,49.95079133076324,11.101993235690315,0.00015210735873183445,0.05050321746550934,-0.09589327383565316,1,0.031419679765369454,52.2395133972168,53.66277313232422,1
2018-02-14,53.12147903442383,53.22179050649651,51.981779158529335,52.09102833881396,31116000.0,55.34714622497559,53.91771751403809,45.24057560168497,-0.7414025098585455,-0.1786617088184749,-0.5627408010400706,60.981819487168366,49.71247296278281,11.269346524385554,0.016728461683025664,0.030758024204108114,-0.08567956008018696,1,0.03221539906935801,52.24745941162109,52.07265472412109,1
2018-02-15,54.10573959350586,54.20302382937582,52.8552940894936,53.58678803875473,36868000.0,55.247155570983885,54.00794013977051,49.596353797086074,-0.6350085512989097,-0.2699310773145619,-0.36507747398434776,60.89540594299067,49.5989051989771,11.29650074401357,0.018528485595143307,0.035724417685492726,-0.06695205986349806,1,0.033306001346644055,53.12147903442383,49.73564910888672,1
2018-02-16,54.36794662475586,54.85809217760934,54.04579890721773,54.05061822222012,33590000.0,55.14110641479492,54.09698081970215,50.72092855773344,-0.5234980963584661,-0.32064448112334276,-0.20285361523512335,60.771732279064366,49.51048055052547,11.261251728538895,0.004846196230195776,0.04058546074803249,-0.01537909811928162,1,0.030037563587346196,54.10573959350586,51.53632354736328,1
2018-02-20,54.74834442138672,55.31893693633709,54.05607935429449,54.1578835978036,28462000.0,55.00863780975342,54.18048942565918,52.380845658091246,-0.3998214416584034,-0.3364798732303549,-0.0633415684280485,60.544534345943646,49.47274127356319,11.071793072380459,0.006996729143668778,0.030625378218642085,0.04419403683968981,1,0.024549772220244744,54.36794662475586,52.2395133972168,1
2018-02-21,55.18932342529297,56.31313308607461,54.94052629703776,54.94747868911214,30258000.0,54.86305885314941,54.26035285949707,54.30252401637972,-0.26318959573667655,-0.3218218177316192,0.05863222199494267,60.216140837710995,49.50997686858783,10.706163969123168,0.00805465459397503,0.020027151276889033,0.028447100361446376,1,0.02370131464834412,54.74834442138672,52.24745941162109,0
2018-02-22,54.95542526245117,55.75942112133274,54.75479854434672,55.43017704067108,26344000.0,54.72001266479492,54.32945999145508,53.078992189569654,-0.17180108447784193,-0.29181767108086376,0.12001658660302184,59.89987363039487,49.54015169919497,10.3597219311999,-0.004238105276981985,0.010805606504693976,0.055360544869526906,1,0.021017391005120744,55.18932342529297,53.12147903442383,1
2018-02-23,55.95657730102539,55.98090878121196,54.86027779162268,55.25388551719448,25220000.0,54.61180305480957,54.41456756591797,57.49374145256778,-0.018378571616963768,-0.23712985118808377,0.21875127957112,59.58944419822815,49.63416191139099,9.95528228683716,0.01821752872974791,0.02206884778723439,0.1250798633092962,1,0.011488972282491709,54.95542526245117,54.10573959350586,1
2018-02-26,56.7988166809082,56.80924716502189,55.951863644139,56.00673640164664,31182000.0,54.53212356567383,54.51713592529297,60.83249816617738,0.16922088126032264,-0.1558597046984025,0.32508058595872513,59.31224169830397,49.752005433043685,9.560236265260286,0.015051660064050676,0.029163127136246247,0.10211231169232615,1,0.007909208745126337,55.95657730102539,54.36794662475586,0
2018-02-27,55.534461975097656,56.81320959033391,55.52006086198838,56.67416174736875,35482000.0,54.389871978759764,54.59428802490234,53.978124803375394,0.21341186203957818,-0.08200539135080635,0.29541725339038455,58.86302213862385,49.91672181889568,8.946300319728167,-0.02226022969657282,0.010536479517375685,0.06307387576195156,0,0.012679972712416434,56.7988166809082,54.74834442138672,0
2018-02-28,54.86106872558594,55.993319775245205,54.787074056126805,55.76985056920124,37652000.0,54.24347343444824,54.649490127563475,50.70142408943124,0.19188440129828876,-0.02722743282098733,0.2191118341192761,58.44548240313285,50.04146446576363,8.404017937369218,-0.012125682424251716,-0.019577833889768304,0.050023663224924686,0,0.013870051141161228,55.534461975097656,55.18932342529297,0
2018-03-01,53.11253356933594,55.12873475872801,52.98743977156734,55.01700016170242,50318000.0,53.99412956237793,54.65478378295899,43.343819340288995,0.03334715433518909,-0.015112515389752047,0.04845966972494113,57.82692801572698,50.16133110902888,7.665596906698099,-0.031872057852101676,-0.06490070263754877,-0.0001683963859909765,0,0.017369349456261163,54.86106872558594,54.95542526245117,1
2018-03-02,53.57934188842773,53.732245268704624,52.04956169802064,52.29612346619665,45432000.0,53.773688316345215,54.656551666259766,45.61295600250096,-0.054004693521285674,-0.022890951016058772,-0.031113742505226902,57.14116655227568,50.40621008041475,6.734956471860926,0.008789042580361839,-0.03520552855174197,-0.009729054792207537,0,0.01647233838936869,53.11253356933594,55.95657730102539,1
2018-03-05,54.175758361816406,54.48215993613759,53.086710681876056,53.39162326980277,24044000.0,53.7216194152832,54.67666397094727,48.45354182335037,-0.0742499303633366,-0.03316274688551434,-0.04108718347782226,57.02989518789778,50.41334364266862,6.616551545229157,0.011131463216376147,-0.012491742864096267,-0.0035349553343613227,0,0.016830033845647515,53.57934188842773,56.7988166809082,1
2018-03-06,54.380855560302734,54.718048485848506,54.11840369458124,54.58744201683332,30656000.0,53.81910228729248,54.70656921386719,49.43164808826558,-0.07290440002856968,-0.04111107751412541,-0.03179332251444427,57.084153279467685,50.554051295117276,6.530101984350409,0.00378577438854788,0.023879900011003263,-0.006712328289883995,0,0.016707114454494545,54.175758361816406,55.534461975097656,1
2018-03-07,55.10490417480469,55.23302900747795,53.90521669832355,54.08935470562029,25850000.0,53.89120883941651,54.752266540527344,52.83421708650366,-0.013260526386886795,-0.03554096728867769,0.022280440901790897,57.20263301942045,50.57978465941256,6.622848360007893,0.013314402780939316,0.02847295678908779,-0.0015296301032310389,0,0.01708647396214167,54.380855560302734,54.86106872558594,1
2018-03-08,55.91734313964844,55.99680121956863,55.26182913538599,55.386972201367485,27102000.0,54.08344326019287,54.81769874572754,56.38082583211578,0.09843006726735126,-0.008746760377471904,0.10717682764482317,57.39664866225498,50.77023785813076,6.62641080412422,0.014743496554617375,0.032146938603069275,0.017503601739108143,0,0.017612149153186072,55.10490417480469,53.11253356933594,1
2018-03-09,57.60776901245117,57.645512733274806,56.23819328122338,56.41393913889506,42560000.0,54.47704925537109,54.92029640197754,62.670504071836056,0.3196640200431986,0.0569353957066622,0.26272862433653643,57.48722182910707,51.466876681635114,6.020345147471957,0.030230797421491484,0.05933914461073764,0.029508447283024264,0,0.019189610315034803,55.91734313964844,53.57934188842773,1
2018-03-12,57.82925796508789,58.45249543196276,57.477663922141424,57.79698143568713,43446000.0,54.79169597625732,55.03464385986328,63.41488634152998,0.5070212041087601,0.1469525573870818,0.36006864672167826,57.822045097491866,51.76134685502278,6.060698242469087,0.0038447757383008874,0.04943940709235184,0.01814194985731188,0,0.01873454831928502,57.60776901245117,54.175758361816406,0
2018-03-13,56.52170944213867,58.43809574392449,56.28135367284526,58.10239179307025,38144000.0,55.005805778503415,55.12406196594238,56.279980279611095,0.5437271361857299,0.22630747314681143,0.31741966303891844,57.88599776897385,52.12561378803298,5.760383980940873,-0.022610501482460688,0.010808208483383819,0.017777204134681535,0,0.018785118749396586,57.82925796508789,54.380855560302734,1
2018-03-14,57.0838623046875,57.535771628609325,56.68409782151433,56.87131988833076,25828000.0,55.24762592315674,55.22645133972168,58.44471461566611,0.611133127433007,0.30327260400405054,0.3078605234289564,57.968575540807535,52.526676305505944,5.441899235301591,0.009945786638394294,-0.009094375927844678,0.04051677502346762,1,0.018239773881203566,56.52170944213867,55.10490417480469,1
2018-03-15,57.08832931518555,57.65942193786314,56.34144156735542,57.10720117704432,27908000.0,55.44596843719482,55.31045646667481,58.462314660686054,0.6573359518695057,0.3740852735771416,0.28325067829236406,58.09544866684095,52.79648820754869,5.29896045929226,7.825347335832511e-05,-0.012812349249745725,0.0748560740500055,1,0.01338478140692848,57.0838623046875,55.91734313964844,0
2018-03-16,56.400535583496094,57.401187558269925,56.21331731579902,57.31478087568807,61840000.0,55.56070823669434,55.363344497680664,54.62601145507466,0.6311770015141107,0.42550361916453544,0.20567338234957527,58.16648674178592,52.95492973160276,5.2115570101831565,-0.012047886843773892,-0.0021438463174335842,0.052654504434622273,1,0.014689877985885271,57.08832931518555,57.60776901245117,0
2018-03-19,54.61724472045898,55.71820823303676,54.08041769116771,55.61988207458997,56118000.0,55.573173141479494,55.37667343139648,46.16703927404879,0.4612323761043342,0.4326493705524952,0.028583005551839014,58.15831312819253,52.988033154766455,5.1702799734260765,-0.03161833207057241,-0.04321041857789598,0.008149149582624693,1,0.0185092929665748,56.400535583496094,57.82925796508789,0
2018-03-20,54.512454986572266,54.88440606151624,53.8047962052916,54.57651550051874,36638000.0,55.56137866973877,55.37218421936035,45.71902045329273,0.3144693731387136,0.4090133710697389,-0.0945439979310253,58.163560144959156,52.95919719451839,5.204362950440768,-0.0019186199234884072,-0.04512085674099586,0.0024199587320505866,1,0.018500656804707805,54.61724472045898,56.52170944213867,0
2018-03-21,54.17327880859375,54.93903845187656,53.888727036817016,54.26564901784914,37578000.0,55.51057643890381,55.35623344421387,44.22311264258073,0.16884362871848424,0.36097942259948795,-0.1921357938810037,58.178666427503735,52.84248645030389,5.336179977199848,-0.0062219941857702965,-0.039489993345986685,-0.016906396629519982,1,0.018009944301135193,54.512454986572266,57.0838623046875,0
2018-03-22,52.09748458862305,53.77699325186029,51.940064987171965,53.726341186785326,53340000.0,55.3676794052124,55.29944206237793,36.378130948428414,-0.11276518150834391,0.2662305017779216,-0.37899568328626554,58.4181263508686,52.3172324595562,6.100893891312396,-0.038317677379376414,-0.04613488184423298,-0.06831259027249637,1,0.02033953568194232,54.17327880859375,57.08832931518555,0
2018-03-23,50.7313346862793,52.80663345011149,50.71395559832001,51.99568512074473,43134000.0,55.1064172744751,55.21895278930664,32.315127078617536,-0.441094410431333,0.12476551933607072,-0.5658599297674037,58.7481165054181,51.464718043532095,7.283398461886009,-0.026222953241049285,-0.06936250259182697,-0.11936644039601019,0,0.016341375018218845,52.09748458862305,56.400535583496094,1
2018-03-26,52.30257797241211,52.42275774489176,50.07730475395165,51.94452787661624,53302000.0,54.881605339050296,55.16699821472168,40.54053781418929,-0.5679643486090526,-0.013780454252953961,-0.5541838943560987,58.63117484495264,51.13203583314795,7.499139011804687,0.030971849959188447,-0.03453180012956647,-0.09556892457469013,0,0.020957392592651263,50.7313346862793,54.61724472045898,0
2018-03-27,49.91343307495117,52.88008160333813,49.50721252981443,52.788757093046144,61906000.0,54.60055389404297,55.050634689331055,33.81200159248084,-0.851478401980394,-0.181320043798442,-0.670158358181952,58.912701223661536,50.2884065644244,8.624294659237137,-0.04567929517204927,-0.04192239857485991,-0.11691572021459118,0,0.023624572105867738,52.30257797241211,54.512454986572266,0
2018-03-28,49.88661575317383,50.86342882991546,48.69874546067157,49.56084595130788,67386000.0,54.35183124542236,54.93423133850098,33.7443015207826,-1.066040613031575,-0.3582641576450686,-0.7077764553865064,59.12444391903066,49.57921857181406,9.5452253472166,-0.0005372766432850673,-0.01665083204156126,-0.12608198290960182,0,0.022754021247067272,49.91343307495117,54.17327880859375,1
2018-03-29,51.23885726928711,51.7955487579482,49.80417526715805,50.23770901257453,54536000.0,54.258147430419925,54.83472221374512,40.241707088423084,-1.1141251803699674,-0.5094363621900484,-0.604688818179919,59.195117630121494,49.321177230718355,9.87394039940314,0.027106298867893175,-0.020337825483211946,-0.10246353529814145,0,0.025889328651223103,49.88661575317383,52.09748458862305,0
2018-04-02,49.98146438598633,51.3883368540401,49.18193548169573,50.79340529965234,53608000.0,54.07825355529785,54.71224044799805,36.64328159052627,-1.2394065365779454,-0.6554303970676278,-0.5839761395103176,59.351779482726,48.804727627869696,10.547051854856306,-0.02453983071270538,0.0013629860108599345,-0.11381223832541254,0,0.026273595794518313,51.23885726928711,50.7313346862793,1
2018-04-03,50.32610321044922,50.702525031699146,49.36567289041611,50.35093101657945,45502000.0,53.88577079772949,54.58898391723633,38.27254892179201,-1.2959445984751596,-0.7835332373491342,-0.5124113611260255,59.40625105437594,48.36529054108304,11.040960513292902,0.006895332673756638,0.008809726830335762,-0.07856752078894869,0,0.025848408430705388,49.98146438598633,52.30257797241211,1
2018-04-04,50.90861892700195,51.08630464932609,49.3125428509459,49.33290369942068,49694000.0,53.71215896606445,54.45920196533203,41.03273760531593,-1.2790037111941217,-0.8826273321181317,-0.39637637907599,59.37597418722905,48.04834374489985,11.327630442329195,0.011574822594883294,-0.006445076254327442,-0.06611032397014638,0,0.026535302322830478,50.32610321044922,49.91343307495117,1
2018-04-05,51.04121017456055,51.78511994615038,50.65987050626826,51.71261804955385,27260000.0,53.50897426605225,54.31800811767578,41.672073165023676,-1.2405783158132024,-0.954217528857146,-0.2863607869560565,59.24940216093022,47.76854637117428,11.480855789755935,0.0026044950806605183,0.021202775900886817,-0.057815747964960695,0,0.02669180605486738,50.90861892700195,49.88661575317383,0
2018-04-06,50.00976943969727,51.22048212741883,49.81063171022314,50.65336394061128,34928000.0,53.21359558105469,54.16187652587891,38.202150384712816,-1.2786154770187963,-1.019097118489476,-0.25951835852932037,59.03530983917363,47.39188132293575,11.643428516237876,-0.020207999209575056,-0.006285679807735756,-0.04007324279494462,0,0.024771727127387292,51.04121017456055,51.23885726928711,1
2018-04-09,50.42741394042969,51.62670738697837,50.35937899870158,50.49445622443475,35032000.0,52.85457782745361,54.00800941467285,40.3673886931195,-1.2605291847195303,-1.0673835317354867,-0.19314565298404363,58.42840878214316,47.28074687276406,11.147661909379096,0.008351258272366602,-0.009452328440931912,-0.005990789474178859,0,0.02368382422001489,50.00976943969727,49.98146438598633,1
2018-04-10,51.23141860961914,51.46184025306581,50.22331776278824,50.97318360338671,39490000.0,52.524685859680176,53.86478965759277,44.40569390911904,-1.1678568831284224,-1.0874782020140739,-0.08037868111434854,57.6442285487085,47.405143170651854,10.239085378056643,0.015943801324795892,0.0037265659338421298,-0.020480049059110828,0,0.021884231788924662,50.42741394042969,50.32610321044922,0
2018-04-11,50.65188217163086,51.21770846863485,50.44827366503199,51.05015768733002,29678000.0,52.231194496154785,53.710237426757814,42.18795388342004,-1.128172295645804,-1.09561702074042,-0.032555274905384124,57.065592892023275,47.396796100286295,9.66879679173698,-0.011312129425974371,0.0128397458962064,0.014794596387926573,0,0.016195373819258927,51.23141860961914,50.90861892700195,1
2018-04-12,51.27461624145508,51.680836781622816,50.72463082821065,50.90365399378575,27140000.0,51.94073219299317,53.57994895935059,45.346563898885755,-1.0345469261432925,-1.0834030018209944,0.04885607567770189,56.242739383970765,47.63872500201557,8.604014381955196,0.012294391503836266,0.016800431250077574,0.02782310379899733,0,0.016513493456144192,50.65188217163086,51.04121017456055,0
2018-04-13,51.11371612548828,51.96538608874161,50.80135100759755,51.69026836576851,24460000.0,51.6420015335083,53.44023506164551,44.66750448974283,-0.9622393447452993,-1.0591702704058554,0.09693092566055617,55.245825298935735,48.038177768080864,7.207647530854871,-0.003138007219968486,-0.0022974668148025845,-0.002442309420390587,0,0.014187429937099283,51.27461624145508,50.00976943969727,1
2018-04-16,51.5462532043457,51.80746614132314,50.9880764996685,51.49758645777638,24224000.0,51.399287414550784,53.311396789550784,46.966638123660054,-0.8601180328608677,-1.019359822896858,0.15924179003599015,54.26721514125925,48.53135968784232,5.7358554534169315,0.008462250676423366,0.01765721221739236,0.03130738239830566,0,0.011460877025652513,51.11371612548828,50.42741394042969,1
2018-04-17,53.342960357666016,53.52769698062618,52.05676017815766,52.21120558717647,46406000.0,51.33557319641113,53.27391326904297,55.27915589699306,-0.6269794767565102,-0.9408837536687884,0.3139042769122782,53.96108162273177,48.7100647700905,5.251016852641271,0.034856212462186065,0.04033855868313063,0.05994617017338233,0,0.015258579997948168,51.5462532043457,51.23141860961914,0
2018-04-18,53.23966598510742,53.50534587873895,52.94890443644345,53.50534587873895,26882000.0,51.27193374633789,53.29008262634277,54.74786222611065,-0.4454160055198031,-0.8417902040389914,0.3963741985191883,53.634917636701886,48.9089498559739,4.725967780727984,-0.0019364199486867628,0.04159255129092476,0.04578884886757506,0,0.01530260832811393,53.342960357666016,50.65188217163086,1
2018-04-19,54.01536178588867,54.33641458253585,53.04599739060233,53.10658361250024,34954000.0,51.264037895202634,53.29713439941406,58.011507742728206,-0.23621058946838502,-0.7206742811248702,0.4844636916564852,53.588938395405286,48.93913739499998,4.649801000405304,0.014569884811039824,0.04790083523150823,0.05826961392875574,0,0.015594958180465888,53.23966598510742,51.27461624145508,0
2018-04-20,53.28337097167969,54.24628308361266,53.11502455336005,53.73229854263541,37794000.0,51.32333221435547,53.32134872436524,54.050017473590835,-0.12800378327418116,-0.6021401815547324,0.4741363982805512,53.78660516051947,48.86005926819146,4.926545892328008,-0.013551530342618467,-0.0011170993433206045,0.06545924063756758,0,0.014463036293069005,54.01536178588867,51.11371612548828,0
2018-04-23,53.009742736816406,53.76805364341214,52.674535118665,53.52670521919866,46826000.0,51.437252616882326,53.38683059692383,52.60390398203666,-0.06359553182024769,-0.49443125160783546,0.4308357197875878,53.989605658736,48.884899575028655,5.104706083707342,-0.005135340160980384,-0.004318645581948832,0.05120882858354081,0,0.014888990621313679,53.28337097167969,51.5462532043457,0
2018-04-24,50.65237045288086,52.49078751174178,50.18606006610717,52.24248671218052,95206000.0,51.354742240905765,53.36915153503418,42.142715959993346,-0.2004609810313127,-0.43563719749253094,0.23517621646121822,53.89653778928756,48.81294669252397,5.083591096763584,-0.04447054753009205,-0.06225990573456419,-0.01130259853139337,0,0.021003814314121075,53.009742736816406,53.342960357666016,1
2018-04-25,50.71196365356445,51.27362225222184,50.42045949537755,50.927491611331256,47822000.0,51.39466876983643,53.33860054016113,42.454267124326364,-0.3006534168996211,-0.408640441373949,0.1079870244743279,53.868836617622755,48.9205009220501,4.948335695572652,0.00117651355999282,-0.04825909605985601,0.0011861648443785011,0,0.020687213061114967,50.65237045288086,53.23966598510742,1
2018-04-26,51.648555755615234,52.04285682034747,50.563482387138,51.1256335327743,41590000.0,51.4827657699585,53.32662246704101,47.26091582770979,-0.3010116144459616,-0.38711467598835153,0.08610306154238995,53.85942501212892,49.10610652778807,4.753318484340852,0.01846885891560124,-0.02567805295640113,0.007292877871562187,0,0.021171047643772464,50.71196365356445,54.01536178588867,0
2018-04-27,51.15244674682617,52.11833671299272,50.93096285625735,51.9445269097178,32396000.0,51.47844524383545,53.287241821289065,45.111465096666976,-0.33743756918543255,-0.37717925462776775,0.039741685442335195,53.857175650098185,49.09971483757272,4.757460812525466,-0.00960547689148361,0.009872712559632513,0.0007577344062170699,0,0.021406609895070233,51.648555755615234,53.28337097167969,0
2018-04-30,50.520774841308594,51.49758789043829,50.49693590180427,51.15046459125742,33426000.0,51.505410766601564,53.215542526245116,42.463339156602395,-0.412520761866638,-0.3842475560755418,-0.028273205791096212,53.82719584929731,49.18362568390582,4.643570165391495,-0.012348811165260098,-0.003770092863332075,-0.019894333715620216,0,0.021534358447805373,51.15244674682617,53.009742736816406,1
2018-05-01,51.51298141479492,51.570585866134046,50.06786895558887,50.33851591539938,28558000.0,51.56475467681885,53.1584432220459,47.66061253080295,-0.3874951518445471,-0.38489707522934286,-0.0025980766152042256,53.82273106554664,49.30677828809106,4.515952777455581,0.019639575533094256,-0.0026249396297121086,-0.03430591273152139,0,0.019050958766777946,50.520774841308594,50.65237045288086,0
2018-05-02,50.870880126953125,51.66588906132989,50.79589279498349,51.05561296507841,32062000.0,51.56286773681641,53.080893936157224,44.83792663230154,-0.41469404841468815,-0.390856469866412,-0.023837578548276173,53.82309619509991,49.30263927853291,4.520456916566999,-0.01246484420444316,-0.005504460446762782,-0.04449287602249252,0,0.019255863470070068,51.51298141479492,50.71196365356445,0
2018-05-03,50.83810424804688,51.13382910206482,49.97252567420491,50.60370821178082,36302000.0,51.55271244049072,52.9938695526123,44.692423504792224,-0.4338924671397706,-0.39946366932108374,-0.03442879781868685,53.82402291331026,49.28140196767119,4.542620945639072,-0.0006442954952705637,0.006281166663319349,-0.058821369195602324,0,0.01816297494063458,50.870880126953125,51.648555755615234,1
2018-05-04,52.05427551269531,52.06917295438441,50.499417551091646,50.499417551091646,38774000.0,51.654937744140625,52.93584655761719,51.041104336154056,-0.3469728086516852,-0.388965497187204,0.041992688535518796,53.820862418605266,49.489013069675984,4.331849348929282,0.02392243539834893,0.010507916316117694,-0.02306714902924678,0,0.020163124815828038,50.83810424804688,51.15244674682617,1
2018-05-07,52.38104248046875,52.723202495259606,51.99915721398557,52.10493209016548,29322000.0,51.75261917114258,52.86433586120606,52.61497160794238,-0.2488523744166855,-0.3609428726331003,0.11209049821641481,53.86381450332252,49.64142383896263,4.222390664359892,0.006277428022098741,0.029686184900808987,-0.011860088804222957,0,0.02029767826985626,52.05427551269531,50.520774841308594,0
2018-05-08,52.337345123291016,52.66708935392069,52.00139488740154,52.56727041950382,24354000.0,51.80791549682617,52.77510643005371,52.37251077493727,-0.1726272948972678,-0.32327975708593387,0.15065246218866607,53.919541855545596,49.69628913810674,4.223252717438854,-0.0008342208384651828,0.02949049531684156,0.03326546527526486,0,0.01345080267658001,52.38104248046875,51.51298141479492,1
2018-05-09,53.77003860473633,53.90312672017447,52.45925687394358,52.545417287106645,40656000.0,51.963823318481445,52.739817962646484,59.03752708425592,0.0033494103104132478,-0.25795392360666447,0.2613033339170777,54.16937079966429,49.7582758372986,4.411094962365695,0.027374210099314622,0.032961040666535935,0.06030283055223262,0,0.015389992556120714,52.337345123291016,50.870880126953125,1
2018-05-10,54.50550842285156,54.64803057868303,53.9130622685806,53.93242667133613,28860000.0,52.12536792755127,52.732706756591796,61.97899034260187,0.19985468437906917,-0.16639220200951776,0.36624688638858693,54.56608184028757,49.68465401481496,4.881427825472613,0.013678060072109588,0.04055791640983397,0.05531524793751319,0,0.01502829068147451,53.77003860473633,50.83810424804688,1
2018-05-11,54.53976821899414,54.69222831243921,54.174769510688535,54.30835395339943,25074000.0,52.296670532226564,52.76125144958496,62.115462436171036,0.35426723686726547,-0.062260314234161104,0.4165275511014266,54.90452097925967,49.688820085193456,5.215700894066217,0.0006285565832502282,0.04208129186749687,0.06622012606617189,0,0.014211653390933035,54.50550842285156,52.05427551269531,1
2018-05-14,54.6361083984375,55.160023257487815,54.58198203489954,54.62617803312649,30362000.0,52.45116329193115,52.782386779785156,62.52283734095778,0.47889375541768686,0.04597049969620849,0.4329232557214784,55.22377588218997,49.678550701672336,5.545225180517633,0.001766420771289745,0.01610692155286797,0.08145824307041272,0,0.012755395467054526,54.53976821899414,52.38104248046875,0
2018-05-15,53.5947380065918,54.13206135422336,53.30869724523134,54.12957970993695,29898000.0,52.46375217437744,52.77076637268066,55.56725234035729,0.4880058540160235,0.1343775705601715,0.35362828345585195,55.254672968690365,49.672831380064515,5.581841588625849,-0.01906011285158593,-0.01670969490265173,0.040412271521115706,0,0.014553433372091779,54.6361083984375,52.337345123291016,1
2018-05-16,53.72087478637695,54.0933260039402,53.44724604915736,53.49939088667489,21946000.0,52.48781261444092,52.75756675720215,56.20282077717541,0.49964583558999465,0.20743122356613614,0.2922146120238585,55.31315971966673,49.66246550921511,5.6506942104516185,0.002353529179854208,-0.01501461152766681,0.056024087892943664,0,0.01339143850220432,53.5947380065918,53.77003860473633,0
2018-05-17,53.562950134277344,53.97413390664841,53.310178597632,53.6275069754084,20876000.0,52.465192031860354,52.726727676391604,55.13937857471466,0.49047353169167707,0.2640396851912443,0.22643384650043274,55.248183649716324,49.682200414004384,5.56598323571194,-0.0029397259952970156,-0.019641923548691986,0.053598495194382645,0,0.013528313670267692,53.72087478637695,54.50550842285156,0
2018-05-18,52.95560836791992,53.133392587263245,52.67353826848486,52.73213537734949,31304000.0,52.44880390167236,52.66749298095703,51.132375715615495,0.4292488959172829,0.29708152733645204,0.13216736858083084,55.2161467324099,49.68146107093483,5.534685661475066,-0.01133884083746084,-0.011925231141036052,0.017315251174800927,0,0.0127105921214892,53.562950134277344,54.53976821899414,1
2018-05-21,53.61212158203125,54.0302616002795,53.31763564871697,53.33799649844075,20464000.0,52.478922843933105,52.58758003234863,54.943962291206866,0.4287605756138433,0.3234173369919303,0.10534323862191297,55.28290017441125,49.67494551345496,5.607954660956295,0.012397425586163857,-0.0020244123867707575,0.023502378785636546,0,0.01309224073283855,52.95560836791992,54.6361083984375,0
2018-05-22,53.12296295166016,53.96023176732551,52.97199564032962,53.809764573575045,21800000.0,52.60245246887207,52.493454132080075,51.70779115259393,0.384470626792492,0.33562799495204265,0.048842631840449346,55.288890519805975,49.91601441793817,5.372876101867803,-0.009124030460585852,-0.008214394119707258,0.015010654944733526,1,0.013573560309565592,53.61212158203125,53.5947380065918,1
2018-05-23,53.617584228515625,53.67171438405742,52.72469240404421,52.89453159229031,21214000.0,52.74773349761963,52.43537162780762,54.61849586108574,0.3848460607495099,0.3454716081115361,0.03937445263797379,55.32141413009454,50.174052865144716,5.147361264949822,0.009310875172861666,0.012500580788280091,-0.0028353034547993206,1,0.010644443304322144,53.12296295166016,53.72087478637695,0
2018-05-24,53.5952377319336,53.65631649109144,52.94518332936868,53.58331826190626,15336000.0,52.84506759643555,52.365599136352536,54.458793833111336,0.3789718675611411,0.3521716600014571,0.026800207559683986,55.39221318209406,50.297922010777036,5.094291171317025,-0.0004167755206349044,-0.00031492598314386555,-0.01670052655698795,1,0.009465688814155092,53.617584228515625,53.562950134277344,0
2018-05-25,53.41745376586914,53.7601063263529,53.32384462808707,53.58431119202052,17988000.0,52.9583179473877,52.29218162536621,53.127846901969214,0.35586861500600975,0.35291105100236764,0.0029575640036421103,55.39330874487786,50.52332714989754,4.869981594980317,-0.0033171597624713778,0.005543569067804954,-0.020577910207072336,1,0.009442722854737337,53.5952377319336,52.95560836791992,0
2018-05-29,52.65566253662109,53.30372781109111,52.40239843488871,52.882609843771405,37302000.0,53.06506233215332,52.21728416442871,47.743477687834336,0.27294262260820545,0.3369173653235352,-0.06397474271532977,55.23614489849672,50.89397976580992,4.342165132686802,-0.014261092125188446,-0.017940414618362377,-0.03624793053293396,1,0.010065146583330502,53.41745376586914,53.61212158203125,1
2018-05-30,53.02711868286133,53.09713893315077,52.48234666250976,52.79024102102777,22770000.0,53.14076919555664,52.18548164367676,50.38400454866483,0.23449348783583446,0.3164325898259951,-0.08193910199016063,55.192395453556244,51.08914293755704,4.103252515999202,0.00705443875066436,-0.01060017779777045,-0.010590952486056682,1,0.008945125095886337,52.65566253662109,53.12296295166016,1
2018-05-31,53.88077926635742,54.4866338469949,53.01520073596584,53.01520073596584,61766000.0,53.29126415252686,52.17284812927246,55.899177529848544,0.26979551155134374,0.3071051741710648,-0.03730966261972107,55.079452922887434,51.50307538216628,3.576377540721154,0.016098566256288027,0.008673672513838993,0.0029765799722423214,1,0.01045165070551254,53.02711868286133,53.617584228515625,1
2018-06-01,55.59455108642578,55.619382683488816,54.55168841886432,54.59389910285567,48432000.0,53.5290864944458,52.2012735748291,64.44399578893265,0.4310903418575407,0.33190220770836,0.0991881341491807,55.21099274919502,51.84718023969658,3.3638125094984446,0.031806737827535736,0.05581334291940121,0.03792922060968262,1,0.014303681717011853,53.88077926635742,53.5952377319336,1
2018-06-04,56.57732772827149,56.706445213382665,55.71895162592636,55.73509178516148,37792000.0,53.75523910522461,52.29087043762207,68.24387784446328,0.6309463616252202,0.39171103849173206,0.23923532313348816,55.76709647438794,51.74338173606128,4.02371473832666,0.017677571320216412,0.06695081938437686,0.06839161085996648,1,0.013821663882059734,55.59455108642578,53.41745376586914,1
2018-06-05,56.595703125,56.89753546827716,56.27440029390383,56.6617489595322,33560000.0,53.965972137451175,52.40815780639648,68.31206736798562,0.7818042849813693,0.46972968778965957,0.31207459719170977,56.22559607235731,51.70634820254504,4.5192478698122756,0.00032478375113020874,0.050387613089659666,0.05565124928704068,1,0.013798149700640312,56.57732772827149,52.65566253662109,0
2018-06-06,56.45764923095703,56.76156919336508,55.9045835518841,56.72035116615059,33964000.0,54.17198734283447,52.49125923156738,67.1455161044324,0.8800755178868158,0.5517988538090908,0.32827666407772504,56.54839998065939,51.79557470500955,4.75282527564984,-0.0024392999189012388,0.015524869392137042,0.06277297225177936,1,0.013157153922906036,56.595703125,53.02711868286133,0
2018-06-07,55.81106948852539,56.40500459143527,55.44656332985396,56.18153538180646,30400000.0,54.27403888702393,52.609211959838866,61.82076976015105,0.8954602876570874,0.6205311405786902,0.2749291470783972,56.74601875202707,51.802059022020785,4.943959730006284,-0.011452473690263143,-0.01354355658906814,0.04090981142793071,1,0.01420542486631259,56.45764923095703,53.88077926635742,0
2018-06-08,55.66259002685547,55.95061990290676,55.22955255502781,55.52900557275249,25816000.0,54.33189296722412,52.7247314453125,60.6316911594133,0.8854646911027757,0.6735178506835073,0.21194684041926837,56.8759439295635,51.787842004884745,5.088101924678753,-0.0026603944885960074,-0.01648734880249858,0.038573432685607534,1,0.01430221015603983,55.81106948852539,55.59455108642578,1
2018-06-11,56.11548614501953,56.476514215651655,55.54985693605794,55.54985693605794,21586000.0,54.41067886352539,52.82226402282715,62.97124053347317,0.9036710828171621,0.7195484971102384,0.18412258570692375,57.07055948676243,51.750798240288354,5.319761246474073,0.008136454267499094,-0.006060526617709172,0.050508442258891284,1,0.014118963369419316,55.66259002685547,56.57732772827149,1
2018-06-12,56.57881546020508,56.60215428149233,56.15248415089527,56.16912063860182,18240000.0,54.50781421661377,52.95421104431152,65.24664229853103,0.9445978469635463,0.7645583670809,0.18003947988264635,57.33044125324535,51.68518717998219,5.64525407326316,0.008256710348871765,0.013756159462909645,0.07450581256774624,1,0.012390554914042711,56.11548614501953,56.595703125,0
2018-06-13,56.353851318359375,56.93537440070571,56.28383106840276,56.66820173871819,30128000.0,54.645769882202146,53.07476600646973,63.215453062825446,0.9479524702704438,0.8012371877188088,0.14671528255163502,57.54506726060168,51.746472503802615,5.798594756799062,-0.003976119683946622,0.012418776976967694,0.06273643973368048,1,0.012893674232270716,56.57881546020508,56.45764923095703,1
2018-06-14,57.2144660949707,57.38082718665807,56.64436990817077,56.80377860733619,26868000.0,54.82044944763184,53.2008829498291,67.39694017713873,1.0084308898528818,0.8426759281456235,0.16575496170725823,57.89167515492225,51.74922374034143,6.142451414580819,0.015271623083034092,0.019584254284299885,0.06187154072388856,1,0.012825444522677726,56.353851318359375,55.81106948852539,1
2018-06-15,57.221412658691406,57.27902089712634,56.785647348359696,57.052569940005824,42450000.0,55.00337257385254,53.32448699951172,67.42912422728278,1.0448763189410286,0.8831160063047047,0.16176031263632396,58.18696297279691,51.81978217490816,6.36718079788875,0.00012141271595855763,0.011357558359246678,0.029262968051249283,1,0.009156628542671243,57.2144660949707,55.66259002685547,1
2018-06-18,58.27421569824219,58.31642638249536,56.79086685941903,56.79384483247558,28274000.0,55.269302940368654,53.48977592468262,71.94869503404817,1.1455072956672296,0.9355942641772097,0.20991303149001994,58.60897167980415,51.92963420093316,6.679337478870991,0.018398760020666316,0.03407689687496451,0.029992366873891285,1,0.009287626252950891,57.221412658691406,56.11548614501953,0
2018-06-19,58.00605392456055,58.165462634583854,57.30832919187405,57.53130209660337,32420000.0,55.48899955749512,53.64134872436524,69.31053327004561,1.1899031924021273,0.9864560498221933,0.20344714257993401,58.93994610212113,52.03805301286911,6.901893089252013,-0.004601722570926503,0.01383544903269529,0.024919750470200563,1,0.009571509223363306,58.27421569824219,56.57881546020508,1
2018-06-20,58.09444427490234,58.911155253696585,58.06067497083531,58.36608390514915,32970000.0,55.73757362365723,53.7786092376709,69.70484916915674,1.218177234117391,1.032800286681233,0.18537694743615818,59.187199455462085,52.28794779185237,6.899251663609718,0.0015238125051006968,0.015257079048682343,0.028991555019400428,1,0.009424944308544748,58.00605392456055,56.353851318359375,0
2018-06-21,57.48958206176758,58.46465981906434,57.22002625620092,58.34324111806928,24762000.0,55.93117351531983,53.915363235473635,63.67558677984771,1.1781957827426197,1.0618793858935103,0.11631639684910944,59.31717859706256,52.545168433577096,6.7720101634854615,-0.010411704951897915,-0.013464507880082466,0.030074904290936066,1,0.009253000023619576,58.09444427490234,57.2144660949707,0
2018-06-22,57.38132858276367,57.729796924061695,56.97312270327826,57.56308725083389,26220000.0,56.12047805786133,54.037497482299806,62.63143496811473,1.1248089460727044,1.0744652979293492,0.050343648143355235,59.384058349716554,52.8568977660061,6.5271605837104545,-0.0018830103667756282,-0.010770002431286896,0.030877804196300707,1,0.009203237533649019,57.48958206176758,57.221412658691406,0
2018-06-25,55.85824966430664,56.8067568129822,55.26083644504233,56.79136304135695,43146000.0,56.2425178527832,54.13238815307617,50.16696658982787,0.9486641438353445,1.0493050671105484,-0.10064092327520391,59.266400482229116,53.21863522333729,6.047765258891829,-0.0265431100337844,-0.03849240040947888,-0.00458405510464821,1,0.012885138367912944,57.38132858276367,58.27421569824219,0
2018-06-26,55.54290771484375,56.275394380758144,55.453470013515066,56.01666686451935,31264000.0,56.38688011169434,54.212321243286134,48.035456724618086,0.7746924863550717,0.9943825509594532,-0.21969006460438145,58.953061899229745,53.82069832415893,5.132363575070812,-0.005645396183339257,-0.03386134108319483,-0.01830910981319389,1,0.01259596656455025,55.85824966430664,58.00605392456055,0
2018-06-27,54.82382583618164,56.20715866247022,54.80594663240623,55.68592626132702,25878000.0,56.47671546936035,54.241938552856446,43.49698210679569,0.5721988443179384,0.9099458096311503,-0.3377469653132119,58.66395934296826,54.28947159575244,4.374487747215824,-0.012946421212837178,-0.044570295072433375,-0.027150326843398354,1,0.01308027611637409,55.54290771484375,58.09444427490234,1
2018-06-28,55.33234405517578,55.73409761350508,54.42803293266167,54.72996756524977,21448000.0,56.54929370880127,54.283792114257814,47.28974717264262,0.4475947508545488,0.8174755978758301,-0.3698808470212813,58.466871762488324,54.63171565511422,3.835156107374104,0.009275496761456115,-0.009415003375354836,-0.032895911965179825,1,0.012279257190151053,54.82382583618164,57.48958206176758,1
2018-06-29,55.40336227416992,56.02793718273445,55.37108195569077,55.61938277163557,26302000.0,56.539734268188475,54.311552124023436,47.816570333128034,0.3505349372533644,0.7240874657513371,-0.3735525284979727,58.478049293137225,54.601419243239725,3.8766300498975,0.0012834847358593748,-0.002512389905660939,-0.03177220379660339,1,0.012320361096902314,55.33234405517578,57.38132858276367,1
2018-07-02,55.98984909057617,56.016666003236985,54.318285530261,54.57652050244744,24346000.0,56.51036033630371,54.365681686401366,52.07640109491831,0.31728149671215533,0.6427262719435007,-0.3254447752313454,58.46325713657452,54.557463536032905,3.905793600541614,0.010585762169161406,0.021268549514926516,-0.03920029776968614,1,0.010976042867733135,55.40336227416992,55.85824966430664,0
2018-07-03,54.76970291137695,56.40501186491869,54.62717695749545,56.40501186491869,13580000.0,56.41906032562256,54.400880889892576,44.024593716984384,0.19027888943791993,0.5522367954423846,-0.36195790600446465,58.513095693179785,54.325024958065335,4.188070735114451,-0.021792274832271086,-0.010168395238014494,-0.055793331802791,1,0.012351805314685112,55.98984909057617,55.54290771484375,1
2018-07-05,55.8314323425293,55.99183369885461,55.04729718783454,55.1491014311372,21334000.0,56.38774948120117,54.50446212768555,51.10849491961218,0.1733033666860635,0.47645010969112034,-0.30314674300505684,58.497210586139325,54.27828837626301,4.218922209876311,0.019385342163902752,0.007726427617172682,-0.0389540163542057,1,0.014593361585537373,54.76970291137695,54.82382583618164,1
2018-07-06,56.62102508544922,56.65876880839074,55.655979998330174,55.79716470940152,19922000.0,56.42824726104736,54.622643356323245,55.607898233111676,0.22101594383208578,0.42536327651931344,-0.20434733268722766,58.52291606810826,54.33357845398646,4.189337614121797,0.014142441090812863,0.011273043330621846,-0.015108076022977035,1,0.015412906676626868,55.8314323425293,55.33234405517578,1
2018-07-09,57.310306549072266,57.341097878788005,56.78242108359122,57.03369985428242,18180000.0,56.510633087158205,54.73587837219238,59.14273185051965,0.3108643082801521,0.4024634828714812,-0.0915991745913291,58.60797598505596,54.41329018926045,4.1946857957955075,0.012173595631354672,0.046387026086416316,-0.0012377202732238857,1,0.01599533505217276,56.62102508544922,55.40336227416992,0
2018-07-10,57.25021743774414,57.585425034895565,57.0888234324606,57.45581122859597,15968000.0,56.567369651794436,54.857833786010744,58.70388400499803,0.372922279428046,0.3965552421827942,-0.023632962754748188,58.68022077325218,54.45451853033669,4.225702242915489,-0.001048486999047471,0.02541194154773807,0.024919645384573696,1,0.01305813992437704,57.310306549072266,55.98984909057617,1
2018-07-11,57.302860260009766,57.818830067313776,56.662243719679154,56.84052427600509,22400000.0,56.60357189178467,54.99347549438477,58.99097534767456,0.42149279786507066,0.4015427533192495,0.019950044545821166,58.740640102762626,54.46650368080671,4.274136421955916,0.0009195217873692041,0.012042084606055159,0.0316863595655017,1,0.012762500654308642,57.25021743774414,54.76970291137695,1
2018-07-12,58.77180862426758,58.81799372695928,57.40391878787665,57.60032482056205,25038000.0,56.72446975708008,55.13865203857422,66.07773603728495,0.5719243522181756,0.4356190730990347,0.13630527911914092,59.05607293851979,54.39286657564037,4.663206362879421,0.025634817487163897,0.025501557454485013,0.07201217222385847,1,0.01316502911452373,57.302860260009766,55.8314323425293,1
2018-07-13,59.03699493408203,59.36460226703109,58.59899043145784,58.84729123837079,24438000.0,56.815596199035646,55.301974334716796,67.18036974440646,0.7044206391498946,0.48937938630920674,0.21504125284068787,59.35029392038826,54.28089847768303,5.069395442705229,0.004512134576456717,0.031209968735592897,0.06695271892353016,1,0.013161972842494164,58.77180862426758,56.62102508544922,0
2018-07-16,58.79067993164063,59.14525194104461,58.563236299685386,59.06530132350502,21114000.0,56.894059562683104,55.46102584838867,65.06484890032166,0.7805516257062095,0.5476138341886073,0.2329377915176022,59.56750683002638,54.220612295339826,5.346894534686555,-0.004172214434634114,0.02596414323613061,0.061139207413228425,1,0.013514249031463112,59.03699493408203,57.310306549072266,1
2018-07-17,59.53260040283203,59.7431612764593,58.1321839963052,58.21263473117882,32208000.0,56.9569787979126,55.6105923461914,68.30264243327812,0.8904877738359005,0.616188622118066,0.2742991517178345,59.81055520865408,54.103402387171116,5.707152821482964,0.012619695367600325,0.012944842031802128,0.0632748858909169,1,0.013605363478234678,58.79067993164063,57.25021743774414,0
2018-07-18,59.38759231567383,59.81566266282916,59.112474598224125,59.421361619329176,27872000.0,57.02605571746826,55.750723342895505,66.99571018804434,0.9549044781090998,0.6839317933162727,0.2709726847928271,60.04023496544829,54.01187646948823,6.028358495960063,-0.0024357761323542393,0.005938604801671632,0.08431466958601352,1,0.010099752106104707,59.53260040283203,57.302860260009766,0
2018-07-19,58.94462585449219,59.5921947956134,58.76386365167626,59.14525257689235,25534000.0,57.06856479644775,55.882868957519534,63.02823673004221,0.9591549477661019,0.7389764242062387,0.22017852355986323,60.16468170379726,53.97244788909825,6.192233814699009,-0.00745890587426179,0.0026185429906671054,0.05576058828050945,1,0.010352826668176027,59.38759231567383,58.77180862426758,0
2018-07-20,58.84282684326172,59.436265684304495,58.80856120696755,58.94463109439221,24948000.0,57.13622703552246,55.98432472229004,62.11781915539406,0.9434338282508747,0.7798679050151659,0.16356592323570884,60.32398129898168,53.94847277206324,6.375508526918438,-0.0017270278630958646,-0.011586484630318639,0.039239871663564685,1,0.010091933555879118,58.94462585449219,59.03699493408203,1
2018-07-23,59.86532974243164,59.91449282026018,58.64865344050142,58.649149769354345,52384000.0,57.26042709350586,56.09152114868164,67.23694226528976,1.0019325120032079,0.8242808264127743,0.17765168559043354,60.66302315972792,53.8578310272838,6.80519213244412,0.017376848700582315,0.008044397964787064,0.044582263596367744,1,0.01068265327562302,58.84282684326172,58.79067993164063,1
2018-07-24,61.97985458374024,62.86976459960588,61.358109898458814,62.700425537872,66364000.0,57.56650733947754,56.24032287597656,74.81604055444735,1.205026824084456,0.9004300259471106,0.3045967981373453,61.47346246853881,53.659552210416265,7.813910258122547,0.035321359631798055,0.05149288311271438,0.08261343550597466,1,0.014219059743149787,59.86532974243164,59.53260040283203,1
2018-07-25,62.75555038452149,62.86281424697385,61.53539979571826,61.53539979571826,42556000.0,57.92713947296143,56.402711715698246,76.92486619023109,1.4122926672408198,1.0028025542058525,0.4094901130349673,62.32149024346139,53.53278870246147,8.788701540999924,0.012515289136943997,0.06649448626392473,0.09515563620682,1,0.01404387596999629,61.97985458374024,59.38759231567383,1
2018-07-26,62.9854736328125,63.05703212614065,62.02653602168558,62.12486217294581,48112000.0,58.33522186279297,56.59052642822266,77.52559841242349,1.576927388469258,1.1176275210585338,0.45929986741072426,63.00806163487263,53.66238209071331,9.345679544159324,0.0036637914396766558,0.052119380345939215,0.07169534351891715,1,0.012858918836048562,62.75555038452149,58.94462585449219,0
2018-07-27,61.50410842895508,63.26158224813694,61.13165722273762,63.11806365589738,42612000.0,58.64381008148193,56.74619110107422,65.6643526959934,1.5697724399676503,1.208056504840357,0.36171593512729316,63.29778023276345,53.98983993020041,9.30794030256304,-0.023519156377125316,-0.0076758191509208595,0.04178927971567159,1,0.016110819977902376,62.9854736328125,58.84282684326172,0
2018-07-30,60.572486877441406,61.32613001607943,60.161799389540505,60.98317815411208,36998000.0,58.902266311645505,56.8863818359375,59.49901302931989,1.4719601777448759,1.260837239421261,0.21112293832361484,63.378436339208086,54.426096284082924,8.952340055125163,-0.015147306014358541,-0.03478677971436506,0.03030764311405454,1,0.017089988514912228,61.50410842895508,59.86532974243164,0
2018-07-31,60.44932556152344,60.96221508369372,59.87028791185487,60.58589175979802,32894000.0,59.12524013519287,57.03625617980957,58.71415762633981,1.368727329688049,1.2824152574746188,0.08631207221343029,63.44026880975697,54.810211460628764,8.630057349128208,-0.0020332880861761993,-0.04026560292416137,0.01539870848053515,1,0.016810963238427762,60.572486877441406,61.97985458374024,1
2018-08-01,60.585899353027344,61.254325526361335,60.09923184388879,60.9826858709686,31344000.0,59.41604995727539,57.17573173522949,59.35443881704829,1.2831436363197568,1.2825609332436465,0.0005827030761103025,63.27788309975467,55.55421681479611,7.723666284958554,0.0022593104262991215,-0.01492923154862702,0.020177733944557463,1,0.016749451897701093,60.44932556152344,62.75555038452149,1
2018-08-02,60.89080429077149,61.07603723366422,59.830062482187294,59.8851852902492,30626000.0,59.6690185546875,57.33108856201172,60.815491162741424,1.225791066619685,1.2712069599188542,-0.045415893299169285,63.207784745789716,56.13025236358528,7.0775323822044385,0.0050326056227620874,0.005255148496282613,0.03301706318543007,1,0.016417788781671813,60.585899353027344,62.9854736328125,0
2018-08-03,60.7696418762207,61.08200322430772,60.34007871912728,61.06313136128772,21792000.0,59.87644939422607,57.47412971496582,59.89414012085147,1.1572222103763252,1.2484100100103486,-0.09118779963402335,63.15287693714503,56.60002185130711,6.552855085837919,-0.0019898310748566184,0.00529892288659628,0.03274511331842356,1,0.01642706951564862,60.89080429077149,61.50410842895508,1
2018-08-06,60.8222770690918,60.8877318560435,60.37667606491397,60.83370021001906,21634000.0,60.052047920227054,57.61867050170898,60.17639694177723,1.0945112733163924,1.2176302626715574,-0.12311898935516497,63.12995926599784,56.97413657445627,6.155822691541573,0.0008661428839469298,0.003901530200733694,0.015985000513275116,1,0.015672789408199182,60.7696418762207,60.572486877441406,1
2018-08-07,61.68885040283203,62.13330721379069,61.38840473666652,61.429622764664536,29880000.0,60.273979568481444,57.78409843444824,64.59436694736044,1.1020340669345643,1.1945110235241587,-0.09247695658959443,63.144919708807436,57.40303942815545,5.7418802806519835,0.014247630563976488,0.013106184445349722,-0.0046951413949356535,1,0.011514401367363924,60.8222770690918,60.44932556152344,1
2018-08-08,61.85719299316406,62.39799440107856,61.47967619255029,61.60193979042473,27406000.0,60.50169620513916,57.968129043579104,65.39745582725689,1.1087982393179132,1.1773684666829096,-0.0685702273649964,63.103749391274384,57.89964301900394,5.204106372270445,0.002728898159598536,0.017896289715818137,-0.014315186240148159,1,0.01067934543240981,61.68885040283203,60.585899353027344,1
2018-08-09,62.03050994873047,62.35041850459936,61.87705719955,62.070235198722,16972000.0,60.6646312713623,58.148196868896484,66.24633125443236,1.1152877812096804,1.1649523295882638,-0.04966454837858336,63.220691036759774,58.10857150596483,5.112119530794942,0.0028018884656721976,0.019864972800445635,-0.015161649647174147,1,0.010637429303212733,61.85719299316406,60.89080429077149,0
2018-08-10,61.45991516113281,61.86141867043205,61.18131934293752,61.7275841673323,22174000.0,60.78577728271485,58.29977958679199,60.94544355025644,1.0621448149494483,1.1443908266605007,-0.08224601171105239,63.24979663811688,58.32175792731282,4.92803871080406,-0.009198615134218047,-0.0037111283514648097,-0.0007185417194253141,1,0.007969418103178718,62.03050994873047,60.7696418762207,0
2018-08-13,61.33079528808594,62.03909819011221,61.262809606110416,61.42862510832055,19946000.0,60.91278305053711,58.41450447082519,59.779733026864726,0.9981042125942636,1.1151335038472534,-0.11702929125298978,63.20847374414945,58.617092356924765,4.591381387224686,-0.0021008794546552023,-0.008509886718207516,0.012519023895763759,1,0.006061583932187523,61.45991516113281,60.8222770690918,1
2018-08-14,61.68288803100586,61.87010630000391,60.83916310403284,61.339735364931016,26962000.0,61.0202974319458,58.51661567687988,61.9187271800888,0.9646427148840218,1.0850353460546072,-0.1203926311705854,63.24776009153917,58.79283477235243,4.454925319186742,0.005740880111957614,-0.005604047395578848,0.0204065547137815,1,0.006090542899187885,61.33079528808594,61.68885040283203,0
2018-08-15,60.30631256103516,61.34222286914161,60.06446401267896,61.04525529643301,36576000.0,61.066233444213864,58.59082786560059,50.59051478824303,0.8176210741745251,1.0315524916785908,-0.21393141750406564,63.19272330095621,58.93974358747152,4.252979713484692,-0.022316974997648287,-0.01876999987834649,-0.004614717202810814,1,0.009812737390687928,61.68288803100586,61.85719299316406,0
2018-08-16,59.91448974609375,60.88335771621795,59.7188263137549,60.820289856203765,26864000.0,61.11472663879395,58.65996467590332,47.904021770667974,0.6618590391028221,0.9576138011634371,-0.295754762060615,63.08389186990704,59.14556140768085,3.9383304622261903,-0.006497210628569894,-0.02309289379567714,-0.016033858577652382,1,0.00977833963656068,60.30631256103516,62.03050994873047,0
2018-08-17,59.63986587524414,60.04012664218229,59.00818706615897,59.69300336773125,27792000.0,61.154578590393065,58.73654060363769,46.05792593820554,0.5103733861543276,0.8681657181616153,-0.35779233200728766,62.963997312917925,59.345159867868205,3.6188374450497207,-0.004583596923105171,-0.033121376462379004,-0.018591124879059784,1,0.009824949568117611,59.91448974609375,61.45991516113281,1
2018-08-20,59.978057861328125,60.13845922479993,59.32532479017626,59.84149164944365,17416000.0,61.16021499633789,58.82284996032715,48.68076791894597,0.4128501026924951,0.7771025950677913,-0.3642524923752962,62.954170604463556,59.36625938821223,3.587911216251328,0.005670569192617325,-0.005443123377421144,-0.013880098681683162,1,0.010085518664816471,59.63986587524414,61.33079528808594,0
2018-08-21,59.67264938354492,60.44933206894477,59.609778534935565,59.989481482141365,24112000.0,61.044854736328126,58.89399322509766,46.48271360999172,0.307375057847203,0.6831570876236737,-0.3757820297764707,62.908521349591595,59.18118812306466,3.7273332265269374,-0.005092003453818439,-0.0040364253050255705,-0.032683394262029375,1,0.008490156935201266,59.978057861328125,61.68288803100586,1
2018-08-22,59.95620727539063,60.1801728290644,59.5425380140308,59.59219742079416,17748000.0,60.90488758087158,58.96154106140137,48.79447576005122,0.24385506755612596,0.5952966836101641,-0.3514416160540381,62.65034590625728,59.15942925548588,3.4909166507713962,0.004751890435149786,0.0053041936882993745,-0.030731845817567383,1,0.00867153116270503,59.67264938354492,60.30631256103516,0
2018-08-23,59.859371185302734,60.648965996753866,59.802759384796495,59.946770530375545,19852000.0,60.748582458496095,59.031651458740235,48.03142275664367,0.1835849019643021,0.5129543272809918,-0.32936942531668967,62.26573533256962,59.23142958442257,3.034305748147048,-0.0016151136719357861,-0.001978834931597784,-0.035001143231326415,1,0.008448116921713232,59.95620727539063,59.91448974609375,1
2018-08-24,60.61767959594727,60.66733900153541,59.90798618343914,60.03020053043364,18932000.0,60.704261016845706,59.09971572875977,54.08647626260538,0.19476439014788838,0.44931633985437114,-0.25455194970648276,62.181812537445516,59.226709496245896,2.955103041199621,0.01266816532865156,0.01583690722910913,-0.013703819196258293,1,0.009571427850315416,59.859371185302734,59.63986587524414,1
2018-08-27,61.66898727416992,61.73205513974052,60.86926127820025,60.96282116480366,23126000.0,60.75908603668213,59.18866722106934,60.8899962142956,0.2851687111738954,0.41648681411827604,-0.13131810294438062,62.29329652757883,59.22487554578542,3.068420981793409,0.01734325175807183,0.028567183893273285,0.0055142279583269005,1,0.011230353566156889,60.61767959594727,59.978057861328125,0
2018-08-28,61.13910675048828,61.70498601828036,61.01694545084099,61.6426607576285,26080000.0,60.79357509613037,59.24596504211426,56.3571125252137,0.3104788501322133,0.39528522132106353,-0.0848063711888502,62.3293930175264,59.25775717473434,3.0716358427920625,-0.0085923337986058,0.021379034557913235,-0.008815755842110362,1,0.011415457730276971,61.66898727416992,59.67264938354492,1
2018-08-29,62.04043960571289,62.10797821308192,61.397788501599045,61.45196790726364,25978000.0,60.86630210876465,59.32665275573731,61.59449231044125,0.3986717069963106,0.39596251845611297,0.002709188540197638,62.49107538292045,59.24152883460885,3.2495465483115993,0.014742329470121218,0.023471040449736025,0.028755315505696766,1,0.009521966579879455,61.13910675048828,59.95620727539063,0
2018-08-30,61.53490447998047,62.255721739399256,61.21062366551087,61.78866492057784,26628000.0,60.8985071182251,59.39546195983887,57.43153610994185,0.42289781893116185,0.4013495785511228,0.021548240380039052,62.54927218226298,59.24774205418721,3.3015301280757683,-0.008148477492185169,-0.0021742337618314567,0.02704545662916824,1,0.009715004763821925,62.04043960571289,59.859371185302734,0
2018-08-31,60.495513916015625,61.51205599487815,60.1526113098396,61.32930847478208,36328000.0,60.88480072021484,59.45558059692383,49.95573960329581,0.3541446956130514,0.3919086019635086,-0.03776390635045718,62.544147968185676,59.225453472244006,3.3186944959416707,-0.01689107300561421,-0.010526696719649342,0.014346914236214925,1,0.011379318227373052,61.53490447998047,60.61767959594727,0
2018-09-04,59.44321060180664,60.23727987199287,59.21974139506892,59.80424245406728,36620000.0,60.815847396850586,59.49681823730469,43.74701601248471,0.2122980275424453,0.3559864870792959,-0.1436884595368506,62.59046555821517,59.041229235486,3.549236322729172,-0.01739473303210337,-0.041863484856208055,-0.00891738209926829,1,0.012697617615126527,60.495513916015625,61.66898727416992,0
2018-09-05,58.9207878112793,59.54302879634427,57.70510427829342,59.284297514390566,41226000.0,60.677444267272946,59.55806900024414,41.021231694510064,0.05707049488047744,0.2962032886395322,-0.23913279375905477,62.58492198153862,58.76996655300727,3.8149554285313485,-0.008788603193506939,-0.04248185141087912,-0.012599768571243564,1,0.012888094434046,59.44321060180664,61.13910675048828,0
2018-09-06,58.17390060424805,58.91185066503176,57.20850690343771,58.91185066503176,37770000.0,60.49327964782715,59.610688858032226,37.4304749805447,-0.12477763975895328,0.21200710295983513,-0.33678474271878844,62.60940572287183,58.377153572782476,4.2322521500893515,-0.012676123907635062,-0.0383766193802505,-0.029726808151091078,1,0.013170219481487562,58.9207878112793,62.04043960571289,0
2018-09-07,57.84564971923828,58.36360486638052,57.467485024073696,57.539740653672176,28026000.0,60.28403663635254,59.67112533569336,35.94142872047486,-0.29201453789878684,0.11120277478811073,-0.4032173126868976,62.571444003270194,57.996629269434884,4.574814733835311,-0.005642579947368942,-0.02687541380074454,-0.03364087236784874,1,0.013186932873014014,58.17390060424805,61.53490447998047,0
2018-09-10,57.83621597290039,58.3278543594178,57.61125774784629,58.21115266260741,22308000.0,60.102851676940915,59.72120277404785,35.89723029835878,-0.4204653462586663,0.004869150578755324,-0.4253344968374216,62.556980370232715,57.648722983649115,4.9082573865836,-0.0001630848021186848,-0.018407286777168408,-0.04588535294631835,1,0.01202993946155979,57.84564971923828,60.495513916015625,1
2018-09-11,58.467891693115234,58.53344120114919,57.4190692544128,57.68673827028372,24186000.0,59.959706497192386,59.782493362426756,41.11859761821646,-0.4659217301558698,-0.08928902556816971,-0.3766327045877001,62.44442684375237,57.474986150632404,4.969440693119964,0.010921802361876898,0.005053659558900581,-0.05190770470776751,1,0.01083974172442319,57.83621597290039,59.44321060180664,0
2018-09-12,57.74583053588867,58.529965704628005,57.524346629614776,58.23746888557414,25910000.0,59.76285362243652,59.81761299133301,37.37136310709302,-0.5538263770317968,-0.18219649586089515,-0.3716298811709017,62.29370514279944,57.23200210207361,5.061703040725831,-0.012349704022448726,-0.0017256126231461888,-0.05550091250838418,0,0.011031384374075961,58.467891693115234,58.9207878112793,1
2018-09-13,58.36708068847656,58.52996748563474,57.7473250683904,58.13914071148943,28624000.0,59.66589202880859,59.889560546875,42.24796268783715,-0.5668277106793482,-0.25912273882458575,-0.3077049718547625,62.25397435142014,57.077809706197044,5.176164645223096,0.01075835513703094,0.009178759478748022,-0.05920910523171197,0,0.01025838536670144,57.74583053588867,58.17390060424805,0
2018-09-14,58.22803497314453,58.62010447824802,58.01946318040815,58.55430490832154,18880000.0,59.581569290161134,59.93749259948731,41.46965671460413,-0.5816463315900577,-0.32362745737768017,-0.25801887421237757,62.240677266362766,56.9224613139595,5.318215952403264,-0.002382262633181198,-0.004102366495950527,-0.053739735761055396,0,0.01028855322140628,58.36708068847656,57.84564971923828,0
2018-09-17,57.409629821777344,58.461926463578735,57.30931457057218,58.10933978108433,26130000.0,59.47005748748779,59.953264694213864,37.13349163924877,-0.6519137950156022,-0.38928472490526456,-0.26262907011033765,62.2920957957068,56.648019179268786,5.644076616438014,-0.0140551737963448,-0.005822077732562603,-0.05101013107388974,0,0.009972723009618224,58.22803497314453,57.83621597290039,1
2018-09-18,57.66637420654297,58.40432424507568,57.46127673699693,57.46127673699693,24072000.0,59.35447330474854,59.96038604736328,39.27852934837833,-0.6790564003960142,-0.4472390600034145,-0.2318173403925997,62.27157858215717,56.43736802733991,5.834210554817261,0.004472148410687549,-0.012005165817243535,-0.02989132614599499,0,0.009375636693062168,57.409629821777344,58.467891693115234,1
2018-09-19,58.156517028808594,58.26179556719146,57.336627306778375,57.85309342257574,23828000.0,59.27866668701172,59.97851203918457,43.25886748414835,-0.653483727617072,-0.488487993526146,-0.16499573409092594,62.237262514546074,56.32007085947737,5.917191655068706,0.008499629619682425,-0.0012282390152599243,-0.01297115688470818,0,0.00977320959473679,57.66637420654297,57.74583053588867,1
2018-09-20,58.94015502929688,59.09012968926177,58.26924726764407,58.598495143695246,24508000.0,59.22786407470703,60.01125793457031,49.01341445662951,-0.5634886166816031,-0.5034881181572375,-0.06000049852436562,62.17304173110357,56.28268641831049,5.890355312793076,0.013474637762438624,0.02665972960060725,0.01317179039207983,0,0.00987772433519179,58.156517028808594,58.36708068847656,0
2018-09-21,57.90822219848633,59.20534546172257,57.905736765431406,59.19491497818568,88112000.0,59.13030662536621,59.993986206054686,42.85045634059376,-0.5688775320340653,-0.5165660009326031,-0.05231153110146225,62.11435292095185,56.14626032978057,5.968092591171285,-0.017508145852307644,0.004193917083760823,0.0010817145204824463,0,0.011405940962306328,58.94015502929688,58.22803497314453,1
2018-09-24,58.26974487304688,58.49967394511351,56.95573889058176,57.46525265154408,25420000.0,59.012909889221206,59.97864120483399,45.43882861251031,-0.5377772662394662,-0.5208082539939758,-0.01696901224549041,61.93781364058747,56.08800613785494,5.849807502732531,0.006243028378964954,0.001946950230568234,0.007495803327617789,0,0.011564154591754349,57.90822219848633,57.409629821777344,1
2018-09-25,58.82991027832031,58.94065601840704,58.00307189850204,58.40779965058158,19554000.0,58.87095603942872,59.979425811767584,49.272565445110395,-0.4625968858801315,-0.509165980371207,0.04656909449107549,61.52994207350707,56.211970005350366,5.317972068156706,0.009613314877109369,-0.0018704523413922702,0.006191750287580566,0,0.011443770324036625,58.26974487304688,57.66637420654297,0
2018-09-26,58.62332534790039,59.3056524452344,58.339019864831485,58.85473960715712,29246000.0,58.745166969299326,59.961240310668956,47.934870135740816,-0.41490282864201333,-0.4903133500253683,0.07541052138335497,61.19267137808578,56.297662560512876,4.895008817572901,-0.0035115629012959504,0.012348905254990772,0.015195812474571024,0,0.010638943428428851,58.82991027832031,58.156517028808594,1
2018-09-27,59.32601165771485,59.696477540364384,58.77925432978321,58.93319961249763,25216000.0,58.60944557189943,59.96000869750978,52.64433446046842,-0.31675270405553135,-0.455601220831401,0.13884851677586962,60.56195892676627,56.65693221703258,3.90502670973369,0.011986462822509036,0.018127190825518058,0.016429311830009174,0,0.010763279371707032,58.62332534790039,58.94015502929688,0
2018-09-28,59.26791763305664,59.36425847512857,58.82246437349704,59.188459549843934,27612000.0,58.49609622955323,59.96647453308106,52.2237557235485,-0.2408790220410708,-0.412656781073335,0.17177775903226417,59.95759246074338,57.034599998363085,2.922992462380293,-0.0009792336116135614,0.007445317401711948,0.017858797062132004,0,0.010713425332795588,59.32601165771485,57.90822219848633,1
2018-10-01,59.35929107666016,60.083832703729946,59.11049392225879,59.58673472378685,27152000.0,58.43928508758546,59.97680381774903,52.861642109505354,-0.17139971986716773,-0.36440536883210156,0.19300564896493383,59.652771001060756,57.225799174110165,2.4269718269505915,0.0015417016026990638,0.012554145033434772,0.033960526499393184,0,0.009168896020353763,59.26791763305664,58.26974487304688,1
2018-10-02,59.59766387939453,60.08681682804497,58.92824503958615,59.14327289613585,33758000.0,58.44700775146485,59.97145050048829,54.56589749094892,-0.09599560176501853,-0.310723415418685,0.21472781365366644,59.687614256967365,57.20640124596234,2.481213011005025,0.004015762291138536,0.004578973271404108,0.03349074221199144,0,0.009164008001998434,59.35929107666016,58.82991027832031,1
2018-10-03,59.73869323730469,59.91051773776184,59.28579505840794,59.84049748257566,25124000.0,58.487903022766126,59.92662727355958,55.5889289316187,-0.024574129096542663,-0.2534935581542565,0.22891942905771384,59.83742574524478,57.13838030028747,2.6990454449573065,0.002366357147749243,0.007943177743526375,0.027205484257462276,0,0.008983602017627754,59.59766387939453,58.62332534790039,0
2018-10-04,58.012508392333984,59.46854403910731,57.3860959062914,59.36028372739779,44190000.0,58.47983341217042,59.83176643371583,42.8661052726113,-0.10603844293974163,-0.22400253511135354,0.11796409217161191,59.83866806406419,57.120998760276656,2.717669303787531,-0.028895590971728224,-0.02268865850481372,-0.015738788547498772,0,0.01260980359632235,59.73869323730469,59.32601165771485,0
2018-10-05,57.47418975830078,58.27620032720415,56.86684617901979,57.97824010795789,23686000.0,58.461260414123544,59.72154075622559,39.806365281895836,-0.21159814176610325,-0.22152165644230348,0.009923514676200229,59.863714629632526,57.05880619861456,2.8049084310179637,-0.009279354555617458,-0.035630157003988305,-0.007495178123373525,0,0.011684563161167902,58.012508392333984,59.26791763305664,0
2018-10-08,57.05804061889648,58.00307348601481,55.9850799373282,57.114652418200826,38648000.0,58.42235164642335,59.632619400024424,37.5735781399596,-0.32508731701824445,-0.2422347885574917,-0.08285252846075275,59.931156241401034,56.91354705144567,3.0176091899553654,-0.0072406264647549845,-0.04487297048429972,-0.020794741023671293,0,0.011573084017144996,57.47418975830078,59.35929107666016,0
2018-10-09,56.55398941040039,57.32520865974794,56.49201271389319,56.91799546963316,26174000.0,58.32665653228761,59.552249450683604,35.011920564475815,-0.4505078519588679,-0.28388940123776696,-0.16661845072110093,60.04059987912753,56.61271318544769,3.427886693679838,-0.008834008371629176,-0.02514145694355685,-0.038686458251469324,0,0.010963669610646817,57.05804061889648,59.59766387939453,0
2018-10-10,53.69356155395508,56.22374743186782,53.68909080569668,56.16961727901381,53514000.0,58.12404308319093,59.417134170532236,24.714451112721306,-0.771820090367136,-0.3814755390636408,-0.39034455130349516,60.76961202109238,55.478474145289475,5.291137875802903,-0.05057871047235574,-0.06577958245683113,-0.08409218966494325,0,0.01838065818966578,56.55398941040039,59.73869323730469,0
2018-10-11,53.59920883178711,54.94400618936249,53.05046613088281,53.28237673697221,58980000.0,57.88564949035646,59.27740036010743,24.45891057397229,-1.0222914904284153,-0.5096387293365957,-0.5126527610918196,61.180299779809026,54.59099920090389,6.589300578905139,-0.0017572446199747294,-0.060619533190978014,-0.09653106059057015,0,0.017143355430217763,53.69356155395508,58.012508392333984,1
2018-10-12,55.12675476074219,55.37108115365448,53.95089871193376,55.02346153187485,42026000.0,57.73058547973634,59.16211936950685,35.99699533795396,-1.0850242056546122,-0.624715824600199,-0.4603083810544132,61.23164183493623,54.229529124536455,7.002112710399771,0.0284994118802957,-0.025236674981513052,-0.06987191448084085,0,0.020967875641831,53.59920883178711,57.47418975830078,0
2018-10-15,54.24131393432617,55.293909981209,54.07991991515867,55.06865245701574,27448000.0,57.57216968536378,59.031552810668956,32.863597540101,-1.1924422768917466,-0.7382611150585086,-0.4541811618332381,61.389421841471034,53.75491752925653,7.634504312214503,-0.016061907330822467,0.010201453666296212,-0.08622032119157774,0,0.020908434374056154,55.12675476074219,57.05804061889648,1
2018-10-16,55.68294906616211,55.828949314941056,54.75033198460813,54.85412154773386,38570000.0,57.47299842834474,58.92876625061036,41.75354649306709,-1.1480104158981277,-0.8202109752264324,-0.3277994406716953,61.377371653546426,53.56862520314305,7.808746450403376,0.02657817496053716,0.038876324479238056,-0.06568570911025096,0,0.023499107749594603,54.24131393432617,56.55398941040039,0
2018-10-17,55.40534591674805,56.065826976524896,54.73493449169192,55.94018758582437,29344000.0,57.33543987274171,58.80309616088868,40.63765102682187,-1.1222613695925787,-0.8806210540996617,-0.24164031549291698,61.326685129939015,53.3441946155444,7.9824905143946125,-0.004985424695883367,0.005053646949017443,-0.0725383681116516,0,0.02330438716241635,55.68294906616211,53.69356155395508,0
2018-10-18,54.02876663208008,55.71075688521833,53.488465326188,55.71075688521833,41890000.0,57.08987045288086,58.646527633667,35.562142257150754,-1.1991109045165445,-0.9443190241830383,-0.2547918803335062,61.256477799461884,52.923263106299835,8.333214693162049,-0.02484560400969993,-0.003918550028184087,-0.06867039317300638,0,0.022918523218929576,55.40534591674805,53.59920883178711,1
2018-10-19,54.450382232666016,55.14065817068047,54.01784113717514,54.29692948530633,25352000.0,56.916978454589845,58.49492507934571,38.11167075230762,-1.2120224192448035,-0.9978597031953914,-0.21416271604941206,61.218198038070135,52.615758871109556,8.602439166960579,0.0078035392415491955,-0.022135444587023656,-0.052611572922575234,0,0.023349966375902618,54.02876663208008,55.12675476074219,1
2018-10-22,54.68378448486328,55.23352361808213,54.17923779794611,54.77814000822821,30284000.0,56.737680435180664,58.359402465820324,39.53785418273651,-1.1897070739791857,-1.0362291773521504,-0.15347789662703537,61.096961849698644,52.378399020662684,8.71856282903596,0.004286512649258167,-0.013023317875661022,-0.041611245466548485,0,0.023518784512908807,54.450382232666016,54.24131393432617,1
2018-10-23,54.80942535400391,55.01799712327059,53.13637287414337,53.67717048776406,36974000.0,56.53665618896484,58.228975067138684,40.33492587470782,-1.1486429925549686,-1.058711940392714,-0.0899310521622545,60.86214342730082,52.21116895062886,8.650974476671962,0.0022975891358691936,0.014448945822507664,-0.030847762900271136,0,0.023527446353777574,54.68378448486328,55.68294906616211,0
2018-10-24,52.17842864990234,54.93009842185369,52.08059882740994,54.83723567644148,39648000.0,56.21441135406494,58.03888587951661,31.09155583772062,-1.3132604095149816,-1.1096216342171676,-0.20363877529781393,60.821195995787086,51.6076267123428,9.213569283444286,-0.04800263252366643,-0.04172520907301702,-0.02821814869796313,0,0.022954227965659272,54.80942535400391,55.40534591674805,1
2018-10-25,54.40618133544922,55.17144458626176,53.11402526992672,53.225263543851405,50916000.0,55.96841983795166,57.920883255004895,43.00227428180154,-1.249555773704806,-1.1376084621146954,-0.11194731159011062,60.40665657130851,51.530183104594805,8.876473466713705,0.04269489793367032,-0.005076516777855811,0.015055679388751297,0,0.027074085994084944,52.17842864990234,54.02876663208008,0
2018-10-26,53.20937728881836,54.950460995090985,51.353077092271256,51.499081126115954,83752000.0,55.66549282073974,57.78678100585938,39.09292530608182,-1.2808763302946815,-1.1662620357506925,-0.11461429454398897,59.987068020582484,51.343917620897,8.643150399685481,-0.021997574857382296,-0.02919293633989306,-0.03478125059683834,0,0.026242879389392012,54.40618133544922,54.450382232666016,0
2018-10-29,50.657344818115234,54.47919085049269,49.45308425147086,53.75564185274782,77614000.0,55.2303955078125,57.607130584716806,32.34117156335073,-1.4943992844847855,-1.231889485497511,-0.26250979898727445,59.725532179058476,50.73525883656653,8.990273342491946,-0.04796208113563882,-0.029151583731909625,-0.06607452615455267,0,0.029689445745504115,53.20937728881836,54.68378448486328,1
2018-10-30,51.45835876464844,51.52192295512571,49.697406772134414,50.08028847905828,64254000.0,54.8234302520752,57.43673660278321,36.07315948915326,-1.580760608591369,-1.3016637101162827,-0.27909689847508634,59.1332813455752,50.5135791585752,8.619702187000001,0.015812395012198888,-0.05418175836722583,-0.07586865229594864,0,0.02853287275552147,50.657344818115234,54.80942535400391,1
2018-10-31,53.47257232666016,54.225916117482505,52.49078846198879,52.63033642364346,50596000.0,54.51012420654297,57.31273506164552,44.38101504085402,-1.4697302438011022,-1.3352770168532468,-0.13445322694785533,58.21352468713012,50.80672372595582,7.406800961174298,0.03914259238667128,0.004946403270483568,-0.03488424371525567,0,0.03214672398451942,51.45835876464844,52.17842864990234,0
2018-11-01,53.136375427246094,53.83037576380471,52.761938882223546,53.4244052874649,29640000.0,54.26631755828858,57.176338424682626,43.36792690381256,-1.3928107050292127,-1.34678375448844,-0.04602695054077266,57.64292925308401,50.88970586349314,6.753223389590872,-0.006287277473024266,0.04893723936838379,-0.016516964211137797,0,0.031274236358134866,53.47257232666016,54.40618133544922,0
2018-11-02,52.53002166748047,53.78071346584297,52.37210196057646,53.32160551728607,36780000.0,54.01910915374756,57.02975143432618,41.52675211713875,-1.3650437229524357,-1.3504357481812392,-0.014607974771196464,57.13389878229261,50.9043195252025,6.2295792570901085,-0.01141127438388867,0.02082582749545936,-0.035268082361292974,0,0.031248415741294513,53.136375427246094,53.20937728881836,0
2018-11-05,51.65103912353516,52.56379162621848,50.71494401087702,52.39147080380744,48828000.0,53.74875907897949,56.85041862487794,38.945544178536615,-1.3978511767061192,-1.3599188338862154,-0.037932342819903875,56.69563675238354,50.801881405575436,5.893755346808106,-0.016732956051481174,-0.034064813489752876,-0.05545968315648664,0,0.03139973822692422,52.53002166748047,50.657344818115234,1
2018-11-06,52.43169784545898,52.85554752266318,51.55072551469225,51.62074576931289,24666000.0,53.54264450073242,56.66567283630372,42.371620872527004,-1.3453503244598792,-1.3570051320009482,0.011654807541068957,56.24212996293579,50.84315903852905,5.39897092440674,0.015114095188998755,-0.013261679520311986,-0.04338172664988982,0,0.031997670821209905,51.65103912353516,51.45835876464844,1
2018-11-07,54.29792785644531,54.400724764732935,52.93276960775486,53.08671870013473,41168000.0,53.572862815856936,56.52884925842286,49.646093604722886,-1.140012501174489,-1.3136066058356564,0.17359410466116731,56.29188921743235,50.853836414281524,5.438052803150825,0.035593545272689875,0.033655158190412315,0.04062021914772518,0,0.030075930410962105,52.43169784545898,53.47257232666016,0
2018-11-08,53.75216293334961,54.29197172947581,53.24587717428315,54.19811252998653,29764000.0,53.58051052093506,56.363083724975596,47.747883103976456,-1.009680496725771,-1.2528213840136793,0.24314088728790817,56.30065050020226,50.860370541667855,5.440279958534404,-0.010051302962032271,0.0406792166327794,-0.012021031177820829,0,0.02709002324134738,54.29792785644531,53.136375427246094,0
2018-11-09,52.94518280029297,53.41248588325865,52.29761383723727,53.33452057754619,26864000.0,53.4714319229126,56.19128929138184,45.007649848629946,-0.9604366805300089,-1.1943444433169452,0.23390776278693637,56.108499035694834,50.83436481013037,5.274134225564467,-0.01501297973920157,0.009793406964380136,-0.004965186626623264,0,0.02657004738260593,53.75216293334961,52.53002166748047,0
2018-11-12,51.57853698730469,52.745053785624485,51.19962968345924,52.70880283486861,29436000.0,53.33829307556152,56.01294975280763,40.7431702166257,-1.019930374512107,-1.1594616295559776,0.13953125504387054,56.07348698674446,50.603099164378584,5.470387822365879,-0.025812467550508034,-0.050082774361670745,0.018184770095964975,0,0.022799905625730987,52.94518280029297,51.65103912353516,0
2018-11-13,51.450416564941406,52.47117939612699,51.20707902403573,51.80995568121496,30274000.0,53.12666645050049,55.853093872070325,40.35711723174576,-1.0651395373987214,-1.1405972111245264,0.07545767372580503,55.756395641700955,50.49693725930002,5.259458382400936,-0.0024839871358665055,-0.04282146508713092,-0.0001543422662070304,0,0.02230013983579245,51.57853698730469,52.43169784545898,1
2018-11-14,51.82832336425781,52.36981811650264,51.19962628892773,52.14317012513652,31318000.0,52.947815322875975,55.71124458312989,42.099818896228456,-1.0582750680635726,-1.1241327825123357,0.0658577144487631,55.414835316224426,50.480795329527524,4.934039986696902,0.007345067825435425,-0.02109463745262541,-0.030749389656397064,0,0.017979782281466856,51.450416564941406,54.29792785644531,1
2018-11-15,52.8736686706543,53.22824066310302,51.238359984639246,51.88046548223224,36722000.0,52.89006042480469,55.60523994445802,46.7359759991415,-0.9574474386660796,-1.0907957137430846,0.13334827507700497,55.306722075348524,50.47339877426085,4.833323301087674,0.020169383042735634,0.02510989568526134,-0.0049440097198856225,0,0.019333602212629347,51.82832336425781,53.75216293334961,0
2018-11-16,52.71376419067383,52.98738912581441,52.092515862787685,52.61047096709673,33162000.0,52.80322952270508,55.502602233886726,46.12752734026636,-0.8802962637386642,-1.0486958237422006,0.1683995600035364,55.111776761681966,50.494682283728196,4.617094477953771,-0.0030242743505561887,0.024554662723436094,0.003497857365383661,0,0.018978043286985463,52.8736686706543,52.94518280029297,0
2018-11-19,50.65336227416992,52.679001345641865,50.467633006373234,52.50072079860747,37172000.0,52.60170841217041,55.35894515991212,39.06945683680231,-0.9741808663087923,-1.033792832255519,0.059611965946726686,54.92206092132688,50.28135590301394,4.640705018312943,-0.03908660191769109,-0.02267025081691476,-0.01931571690124323,0,0.02226635823124546,52.71376419067383,51.57853698730469,1
2018-11-20,50.93940734863281,51.23637870194227,49.46251457617415,49.66016332956261,48982000.0,52.40820751190186,55.20837547302247,40.43217109750821,-1.013816992111039,-1.0297976642266229,0.01598067211558396,54.60186006398157,50.214554959822145,4.387305104159424,0.005647109325430888,-0.03658269552033244,-0.028461609258289777,0,0.021663968476491675,50.65336227416992,51.450416564941406,1
2018-11-21,51.52788543701172,52.07166485886432,51.322291623103176,51.4856747507233,30686000.0,52.37568035125732,55.084016571044934,43.244451266536636,-0.9863733458220594,-1.0211128005457102,0.03473945472365081,54.60105968533745,50.1503010171772,4.450758668160248,0.011552511483915007,-0.022496567488001884,-0.051015619357650754,0,0.017963704771556607,50.93940734863281,51.82832336425781,0
2018-11-23,50.84604263305664,51.526884487958974,50.77249504214198,51.14996255644476,13830000.0,52.1976734161377,54.933595809936534,40.83866522864441,-1.0080232102037812,-1.0184948824773246,0.010471672273543398,54.311659879002555,50.08368695327284,4.227972925729716,-0.013232501162667942,0.003803900673834848,-0.054065178807714886,0,0.018089335825351327,51.52788543701172,52.8736686706543,1
2018-11-26,52.07463836669922,52.108903999412384,51.34413705682218,51.56462829536438,38856000.0,52.14093647003174,54.81052787780763,46.60304428846833,-0.9154902737996906,-0.9978939607417978,0.0824036869421072,54.203551562684964,50.078321377378515,4.1252301853064495,0.024163055176369408,0.022285909419730965,-0.016442372800513416,0,0.019923814150596894,50.84604263305664,52.71376419067383,0
2018-11-27,51.865570068359375,52.51959506032867,51.57158048851522,51.69622722074401,36064000.0,52.201347732543944,54.699646682739264,45.78550905219488,-0.8492378343330031,-0.968162735460039,0.1189249011270358,54.15448352684865,50.24821193823924,3.906271588609414,-0.004014781569247283,0.006553434678790548,0.005564971358635873,0,0.01807178578788805,52.07463836669922,50.65336227416992,1
2018-11-28,53.942359924316406,53.97265113884249,51.43600913951251,52.081592780282605,49508000.0,52.325547790527345,54.62516639709474,54.352000655891786,-0.6219828823174254,-0.8989267648315163,0.27694388251409097,54.386822877088825,50.264272703965865,4.12255017312296,0.0400417821151835,0.06089593468669974,0.04843388111794256,0,0.021847454462859565,51.865570068359375,50.93940734863281,1
2018-11-29,54.0451545715332,54.34038307932818,53.43433291913466,53.43830733848577,29378000.0,52.354176902770995,54.54293914794923,54.733267801618936,-0.42864586392533255,-0.8048705846502796,0.37622472072494706,54.492833704870314,50.215520100671675,4.277313604198639,0.001905638673595611,0.037840228307645773,0.04277258192774536,0,0.02184907965170349,53.942359924316406,51.52788543701172,1
2018-11-30,54.34956741333008,54.40617920569787,53.52769240010628,54.08338741916605,51604000.0,52.4148365020752,54.45112739562988,55.90775160703563,-0.24800249331610047,-0.6934969663834438,0.44549447306734336,54.702430067550125,50.12724293660027,4.575187130949857,0.0056325649211339535,0.04789299224315413,0.027913681418042513,0,0.021156840566994472,54.0451545715332,50.84604263305664,1
2018-12-03,54.94549179077149,55.85029924314678,54.80818298898292,55.77531570251056,39824000.0,52.53561000823974,54.391872787475585,58.19447900102955,-0.05610842078287703,-0.5660192572633305,0.5099108364804534,55.07587162374561,49.995348392733874,5.080523231011739,0.010964657232860553,0.018596365970315887,0.042336714790944585,0,0.02117977142980718,54.34956741333008,52.07463836669922,0
2018-12-04,52.183895111083984,54.84568026645201,52.1421807542154,54.78111962693876,46904000.0,52.562252807617185,54.27015579223633,46.229211355367696,-0.12542296038823508,-0.4778999978883114,0.3524770375000763,55.07588310341262,50.04862251182175,5.027260591590874,-0.05026065996830953,-0.034438970065034935,0.030215819211167005,0,0.023852575940172857,54.94549179077149,51.865570068359375,1
2018-12-06,53.07330703735352,53.19596845946744,51.1882084146088,51.3615219001124,55384000.0,52.594333267211915,54.15502372741699,49.80851127584707,-0.10734966299328619,-0.40378993090930637,0.2964402679160202,55.116841345674075,50.071825188749756,5.045016156924319,0.01704380104965808,-0.023482438531121308,0.04189094062512644,0,0.024249334750349367,52.183895111083984,53.942359924316406,0
2018-12-07,51.47672653198242,53.39758340434202,51.07547311143295,52.640265216831104,42024000.0,52.45327320098877,54.01209175109863,44.129725713886934,-0.21932886161096832,-0.3668977170496388,0.1475688554386705,54.89311280530879,50.01343359666875,4.879679208640042,-0.03008255174766883,-0.06313102578093,-0.0009928392092051208,0,0.026363093064284734,53.07330703735352,54.0451545715332,1
2018-12-10,51.62422180175781,52.06619693605015,50.81674784847902,51.40074880172383,36154000.0,52.34687614440918,53.858055953979495,44.75634857936159,-0.29279637334802544,-0.35207744830931614,0.0592810749612907,54.735929994233466,49.95782229458489,4.778107699648572,0.002865280675603099,-0.010725019819520787,0.015304616217963973,0,0.02593871729685232,51.47672653198242,54.34956741333008,1
2018-12-11,52.230079650878906,52.66956937982034,51.63862615068184,52.46546834619843,27894000.0,52.31112098693848,53.717299194335936,47.36764152581931,-0.2986891381882302,-0.3413997862850989,0.04271064809686875,54.68464130189314,49.937600671983816,4.747040629909321,0.011735922169396451,-0.015887975209103566,0.002984970977332635,0,0.025031468281856206,51.62422180175781,54.94549179077149,1
2018-12-12,52.82251739501953,53.714912808924005,52.77832139819867,53.03705268211636,30476000.0,52.37332000732422,53.586563720703126,49.86330260637958,-0.2526421209300125,-0.32364825321408164,0.07100613228406916,54.73194104659491,50.01469896805352,4.717242078541389,0.011342845886903818,0.026143676059140475,0.01845053135247321,0,0.025188651713344657,52.230079650878906,52.183895111083984,0
2018-12-13,52.73412704467773,53.62105529175752,52.33833322112314,53.04052863664331,26596000.0,52.43750553131103,53.44929298400879,49.48628257543881,-0.22073736759622165,-0.3030660760905096,0.08232870849428797,54.76179042602184,50.113220636600225,4.6485697894216145,-0.0016733460406818113,0.021499699253231697,-0.022398591410051072,0,0.02137609482859685,52.82251739501953,53.07330703735352,0
2018-12-14,51.75085067749024,52.76888544144721,51.6857975066548,52.14217372639754,33732000.0,52.433631896972656,53.2895361328125,45.37605776740028,-0.271663241226058,-0.2967855091176193,0.0251222678915613,54.76221916111649,50.10504463282882,4.657174528287669,-0.018645921005849386,-0.009175344487160841,-0.04245161129118913,0,0.021933919666535108,52.73412704467773,51.47672653198242,0
2018-12-17,50.481048583984375,52.29960513955605,50.05248186582283,51.52291865657004,47708000.0,52.31400089263916,53.138906936645505,40.677349190041674,-0.4097613064723902,-0.3193806685885735,-0.09038063788381667,54.78156288463354,49.84643890064478,4.93512398398876,-0.024536835180144823,-0.044327096217794515,-0.07117846587306764,0,0.02251253124107837,51.75085067749024,51.62422180175781,1
2018-12-18,51.08590698242188,52.117346498997726,50.72487511472432,50.95579684107859,43850000.0,52.232608032226565,53.01114128112793,43.669593129199654,-0.4650373394085747,-0.34851200275257377,-0.11652533665600096,54.74896329033346,49.716252774119674,5.032710516213783,0.011981890539203288,-0.03125528295669766,-0.0702438850314896,0,0.022605456586162097,50.481048583984375,52.230079650878906,0
2018-12-19,50.80284118652344,52.73908805382493,50.05992410669754,51.3481095275268,49586000.0,52.24008197784424,52.88603729248047,42.58698397709606,-0.525625949052376,-0.3839347920125342,-0.1416911570398418,54.73845415974513,49.74170979594335,4.996744363801781,-0.00554097622257832,-0.018318722852978198,-0.026465136832363623,0,0.01677224008503585,51.08590698242188,52.82251739501953,0
2018-12-20,50.12746810913086,51.35953440869282,49.47940280411201,50.56050556645086,53470000.0,52.19948501586914,52.75750686645508,40.036681710834095,-0.6209815331629969,-0.4313441402426268,-0.18963739292037007,54.80516106623515,49.593808965503136,5.2113521007320145,-0.01329400209946796,-0.007004222074849964,-0.055505094607150696,0,0.01553201225196177,50.80284118652344,52.73412704467773,0
2018-12-21,48.64411544799805,50.852998446616745,48.35360395984508,50.419961022898505,91920000.0,52.05529651641846,52.65651794433594,35.06930310570223,-0.806943738318239,-0.5064640598577492,-0.30047967846048973,55.07925216092124,49.031340871915674,6.047911289005569,-0.029591613482321755,-0.04779775242639872,-0.05502702434321416,0,0.015446516191402098,50.12746810913086,51.75085067749024,0
2018-12-24,48.47924423217773,49.83595719257549,48.17582061163347,48.36403153470467,31806000.0,51.936956596374515,52.55411865234375,34.55611194414503,-0.956596802441851,-0.5964906083745696,-0.3601061940672814,55.306446378263736,48.56746681448529,6.738979563778443,-0.0033893352628967532,-0.04573753947765613,-0.060920580685111636,0,0.015193099501113857,48.64411544799805,50.481048583984375,1
2018-12-26,51.619747161865234,51.64656407139832,48.81593659453135,49.11439311212945,47466000.0,51.91421203613281,52.48397850036621,49.66576655742571,-0.8124205158121498,-0.6396765898620856,-0.17274392595006416,55.285817772464675,48.542606299800944,6.743211472663731,0.06478036073844207,0.02976968733959562,-0.011685459664111386,0,0.026891743027711718,48.47924423217773,51.08590698242188,1
2018-12-27,51.83925247192383,51.83974880077464,49.511182215145226,50.5118342211436,42196000.0,51.912896156311035,52.43593727111816,50.5255652808477,-0.672693138125382,-0.646279899514745,-0.026413238610637046,55.2845973432721,48.541194969349974,6.743402373922123,0.004252351515211528,0.06568393719362575,-0.018614503275991345,0,0.02662650863823595,51.619747161865234,50.80284118652344,0
2018-12-28,51.501564025878906,52.41928366320624,51.303915265777775,52.12430140401568,28296000.0,51.79085636138916,52.3523095703125,49.135034968110524,-0.5824922124071321,-0.6335223620932224,0.05103014968609032,55.034139919012866,48.547572803765455,6.486567115247411,-0.00651414574752629,0.06234255177796566,-0.023373156774825543,0,0.02667264608150533,51.83925247192383,50.12746810913086,0
2018-12-31,51.42856216430664,52.277254205164695,50.8316490400796,52.19084751824311,29866000.0,51.660026741027835,52.27277389526367,48.82221878768261,-0.511007393893955,-0.609019368453369,0.09801197455941402,54.7357871364249,48.58426634563077,6.151520790794123,-0.0014174688274628533,-0.0037037182099921573,-0.006227694984032084,0,0.026030234288804202,51.501564025878906,48.64411544799805,1
2019-01-02,51.93708419799805,52.25838704840341,50.44032682387078,50.48303383922111,30652000.0,51.53940258026123,52.23094024658203,51.15502341841875,-0.4086114633809643,-0.5689377874388881,0.1603263240579238,54.36265028787556,48.716154872646904,5.646495415228657,0.009887930214085294,0.0018872132874061531,0.028843212549186426,0,0.024715893561652498,51.42856216430664,48.47924423217773,0
2019-01-03,50.457706451416016,52.48979795071456,50.35888018130735,51.69622876067198,36822000.0,51.315013313293456,52.15108673095703,44.76259129883358,-0.44174323021772466,-0.5434988759946555,0.10175564577693086,53.6989281622487,48.93109846433821,4.767829697910486,-0.028484035432991384,-0.020268463574006468,-0.012296943875774291,0,0.02636084453835889,51.93708419799805,51.619747161865234,1
2019-01-04,53.171630859375,53.17808692282261,51.02174278747316,51.278587269384445,41878000.0,51.36440010070801,52.120843658447264,55.69940360222436,-0.24617166194531848,-0.48403343318478814,0.23786177123946967,53.85673001762551,48.87207018379051,4.984659833834996,0.05378612304885744,0.03389300850954213,0.04662711016800247,0,0.03140205126998515,50.457706451416016,51.83925247192383,0
2019-01-07,53.05641555786133,53.33501135252876,52.379548108136966,53.21086095542733,39638000.0,51.3635555267334,52.08578346252441,55.19972417747251,-0.09933166342590738,-0.40709307923301197,0.3077614158071046,53.85357886786241,48.87353218560439,4.9800466822580205,-0.0021668566423773683,0.021551678865838753,0.05842998976836311,0,0.030874432837015357,53.171630859375,51.501564025878906,1
2019-01-08,53.4482421875,53.85942981335492,52.66609609518983,53.43980080803659,35298000.0,51.462131309509275,52.111179733276366,56.624841019801984,0.048102729384410736,-0.31605391750952744,0.3641566468939382,54.11316311976684,48.81109949925171,5.302063620515128,0.007385094253330449,0.05926816628027809,0.09876069685423117,0,0.02822341050055581,53.05641555786133,51.42856216430664,0
2019-01-09,53.36779022216797,53.76358024974248,52.95759529257134,53.71491350422063,23986000.0,51.549309730529785,52.09041191101074,56.229328645484316,0.15664800595422435,-0.2215135328167771,0.37816153877100145,54.32755051623835,48.771068944821224,5.556481571417123,-0.0015052312674718182,0.003689173335904572,0.10083791666755215,0,0.028131630244399814,53.4482421875,51.93708419799805,0
2019-01-10,53.15275955200195,53.19348124839768,52.52605158361613,53.02016776868738,29128000.0,51.59544372558594,52.08927955627441,55.12112496904534,0.22275199532240464,-0.13266042718894075,0.3554124225113454,54.44704489168202,48.743842559489856,5.703202332192163,-0.0040292219196420564,0.0018158783085442387,0.02969817704316946,0,0.020669380426482538,53.36779022216797,50.457706451416016,0
2019-01-11,52.50022506713867,52.82723755189398,52.06768398535762,52.79768893852365,30416000.0,51.579329109191896,52.12613716125488,51.785677583144036,0.21995035292579246,-0.0621382711659941,0.2820886240917866,54.40654936665246,48.75210885173133,5.654440514921134,-0.012276587149249951,-0.017737105685077914,0.012750426823242123,0,0.021222220082890025,53.15275955200195,53.171630859375,0
2019-01-14,51.87947463989258,52.21914920260332,51.70889286530694,51.990216587105415,22886000.0,51.53659648895264,52.13455947875977,48.7627846662009,0.16573022462475961,-0.016564572007843358,0.18229479663260298,54.31817443868276,48.75501853922252,5.5631558994602415,-0.011823766973422689,-0.027887899725276055,0.007337847328748648,0,0.021508565598274687,52.50022506713867,53.05641555786133,1
2019-01-15,53.4914436340332,53.63545856374724,52.01107654522952,52.15161338424672,29272000.0,51.623626136779784,52.13493690490723,55.95316905216707,0.24995152278616217,0.03673864695095776,0.21321287583520443,54.5325750453524,48.714677228207165,5.817897817145237,0.03107142092956172,0.006371900252890805,0.04011159135921316,0,0.02347727898241959,51.87947463989258,53.4482421875,1
2019-01-16,53.681148529052734,54.24752416479875,53.60020146000563,53.63297810846463,26636000.0,51.7836311340332,52.14583236694336,56.722886641286394,0.32822157396504537,0.09503523235377528,0.23318634161127008,54.774477225394634,48.79278504267177,5.981692182722867,0.003546453079812384,0.02249368379666694,0.03358032816023804,0,0.023391594036549095,53.4914436340332,53.36779022216797,1
2019-01-17,54.12460708618164,54.21896260217479,53.310180768848845,53.60665198337117,24854000.0,51.935566139221194,52.177724075317386,58.546517572201346,0.421179458232686,0.16026407752955746,0.26091538070312853,55.074274988790556,48.79685728965183,6.277417699138724,0.008260973717596709,0.0432759287150275,0.07267275690178976,0,0.02050872279018305,53.681148529052734,53.15275955200195,1
2019-01-18,54.53976821899414,55.04093909972792,54.17426939308579,54.62617868994846,39112000.0,52.122412490844724,52.235498657226564,60.23586336355857,0.5223282105387312,0.23267690413139222,0.28965130640733905,55.4105133920749,48.83431158961455,6.576201802460346,0.007670469222094134,0.019597986401958867,0.025730588614772953,0,0.012494663562031433,54.12460708618164,52.50022506713867,0
2019-01-22,53.16220474243164,54.204571198007216,52.812099643951285,54.03026503649512,32270000.0,52.274149322509764,52.250108795166014,52.57902195788801,0.48573224671610404,0.2832879726483346,0.20244427406776944,55.45845210968332,49.08984653533621,6.368605574347114,-0.025257963529128902,-0.00966715133414553,0.001993899954567002,1,0.015295917763173022,54.53976821899414,51.87947463989258,1
2019-01-23,53.41298294067383,53.877800596966445,52.62735877156961,53.501378730954166,19340000.0,52.51259269714355,52.232409896850584,53.732044149846836,0.4715298835044024,0.3209363548195482,0.1505935286848542,55.25782902298614,49.76735637130097,5.490472651685167,0.004717227200361496,-0.01314788566270253,-0.0006596895497981148,1,0.015181530095079838,53.16220474243164,53.4914436340332,0
2019-01-24,53.33004760742188,53.606904374210856,52.67453362132586,53.458172431673006,27226000.0,52.755132865905765,52.22396759033203,53.270736812192204,0.44841319191383633,0.3464317222384058,0.10198146967543054,54.79990329042091,50.71036244139062,4.089540849030286,-0.001552718621689042,-0.022180523516617368,-0.0007072171170844355,1,0.015182073649158061,53.41298294067383,53.681148529052734,1
2019-01-25,54.178741455078125,54.32821979037982,53.72335784534207,53.88127755977976,22382000.0,52.88308258056641,52.248638763427735,57.309805819639074,0.49289377533068546,0.37572413285686174,0.11716964247382372,54.94781348668709,50.81835167444573,4.1294618122413596,0.01591399006248273,0.019121417510269856,0.019302514332720566,1,0.01588291914329557,53.33004760742188,54.12460708618164,0
2019-01-28,53.14035034179688,53.78195957508593,52.82848153888592,53.63844097248774,25686000.0,52.94813747406006,52.27987503051758,51.450132195999075,0.4392915934686812,0.3884376249792256,0.05085396848945556,54.95848725434008,50.937787693780045,4.020699560560033,-0.019166025001562947,-0.005104238405478356,0.012192810103949014,1,0.016700660867883063,54.178741455078125,54.53976821899414,0
2019-01-29,52.67055892944336,53.392122533628864,52.43442764916078,53.26946111589013,20436000.0,53.006587219238284,52.304277877807614,49.008690363218825,0.35481317201048057,0.38171273438547665,-0.026899562374996078,54.91046110416765,51.102713334308916,3.807747769858736,-0.008840578003943111,-0.01236617455947564,0.015248502322775526,1,0.016464406132434214,53.14035034179688,53.16220474243164,1
2019-01-30,54.08289337158203,54.179234203936936,52.9799408763929,53.05840629396684,25596000.0,53.13930377960205,52.3493692779541,55.799265145580094,0.39724777540318,0.38481974258901736,0.01242803281416266,54.95257027961052,51.326037279593585,3.6265330000169342,0.026814495058437027,-0.0017691087116810111,0.011056903634818482,1,0.015653871569967833,52.67055892944336,53.41298294067383,1
2019-01-31,55.43911361694336,55.48678770419799,54.398236324628215,54.77515827459556,30766000.0,53.314405250549314,52.400678176879886,61.14962444386384,0.5341557289686918,0.41468693986495225,0.11946878910373954,55.29784972233297,51.33096077876566,3.9668889435673123,0.025076695435713336,0.04325833872680396,0.03274827637004085,1,0.017394670424712145,54.08289337158203,53.33004760742188,0
2019-02-01,55.1600227355957,55.86768155074635,54.86901491736181,55.241962456522494,29244000.0,53.5495210647583,52.44960334777832,59.55208877311521,0.6130688903274049,0.4543633299574428,0.15870556036996208,55.211462508586024,51.88757962093058,3.3238828876554436,-0.005034187293758596,0.04726480707157843,0.019130220155970656,1,0.017486613826069773,55.43911361694336,54.178741455078125,1
2019-02-04,56.255027770996094,56.255027770996094,55.074110002850354,55.25487219438818,51530000.0,53.703690910339354,52.56163665771484,63.57309041394763,0.7552597302235498,0.5145426100106643,0.2407171202128855,55.72912150742252,51.67826031325619,4.05086119416633,0.019851424656751826,0.04016305829812383,0.03144970373021483,1,0.018326922560342466,55.1600227355957,53.14035034179688,1
2019-02-05,56.9100456237793,56.95275263344802,55.48271386087382,55.859734312624624,71044000.0,53.896372413635255,52.68104942321777,65.76551021153917,0.9103079978260524,0.5936956875737419,0.3166123102523105,56.33075395522762,51.46199087204289,4.8687630831847315,0.011643721081245673,0.026532386809055897,0.07049822142452089,1,0.015435517941253947,56.255027770996094,52.67055892944336,0
2019-02-06,55.38250350952149,56.9602040299795,55.260338420411706,56.59123090728862,42112000.0,53.99308547973633,52.75814178466797,57.12995943929437,0.8995554690515917,0.654867643869312,0.24468782518227972,56.50114305649641,51.48502790297625,5.016115153520161,-0.02684134404593652,0.004033369873544634,0.036873442755204655,1,0.018800392532054216,56.9100456237793,54.08289337158203,0
2019-02-07,54.56211853027344,54.86653481279246,53.93093601252303,54.83276550807552,40896000.0,54.0528018951416,52.832463302612304,53.09745594525197,0.815435962760624,0.6869813076475744,0.12845465511304965,56.55533051594924,51.55027327433396,5.005057241615276,-0.014813071408139034,-0.030093474446660662,0.023102753103113383,1,0.019666517499452953,55.38250350952149,55.43911361694336,0
2019-02-08,54.380855560302734,54.572048245552025,53.958248610694575,53.98059477437094,21516000.0,54.11420669555664,52.87858764648438,52.22040037978531,0.7257779250391536,0.6947406311258902,0.031037293913263375,56.585456561001564,51.642956830111714,4.94249973088985,-0.0033221395146182386,-0.04444189133490639,0.0037305057259808816,1,0.01913805782419528,54.56211853027344,55.1600227355957,0
2019-02-11,54.378379821777344,54.92141287519801,54.27161228010415,54.47472066811042,21304000.0,54.20811443328857,52.928843841552734,52.20771602279651,0.6470645553745555,0.6852054159756233,-0.038140860601067805,56.56709120159025,51.84913766498689,4.7179535366033605,-4.552592083895135e-05,-0.018130702371941698,0.0232973526146798,1,0.017863563063523956,54.380855560302734,56.255027770996094,1
2019-02-12,55.68741607666016,55.88233312076289,54.91668939665483,54.96386715650336,32182000.0,54.398511505126955,52.96374496459961,58.01477606369333,0.6824451259086146,0.6846533579622216,-0.0022082320536069844,56.58321313840946,52.21380987184445,4.3694032665650155,0.02407273367049778,0.020624154206225764,0.05727786468448404,1,0.018570490338139022,54.378379821777344,56.9100456237793,0
2019-02-13,55.627323150634766,56.35087203126092,55.54488710480258,55.86718256738005,20996000.0,54.505305480957034,52.99538833618164,57.668364385847234,0.6975940560069702,0.6872414975711714,0.010352558435798853,56.71092163089015,52.29968933102392,4.411232299866228,-0.0010791114089881981,0.02292107355592865,0.028556715123238208,1,0.01708912663676266,55.68741607666016,55.38250350952149,1
2019-02-14,55.70231246948242,56.02808224531176,55.14487837694995,55.52254292988098,18952000.0,54.606363677978514,53.022443237304685,58.00534788288297,0.7074951399977252,0.6912922260564822,0.016202913941242958,56.83674700241986,52.375980353537166,4.4607666488826965,0.0013480662847031866,0.024346673292661603,0.004747529954350238,1,0.015220814102899301,55.627323150634766,54.56211853027344,0
2019-02-15,55.30403900146485,56.19891610116407,55.15506078697294,56.11995814002343,28996000.0,54.66533527374268,53.02961418151855,55.47930206801822,0.6754186739948125,0.6881175156441484,-0.012698841649335879,56.90400261530339,52.426667932181964,4.477334683121427,-0.007150034717782527,-0.006884447191220944,0.002610881191247527,1,0.015321869158162462,55.70231246948242,54.380855560302734,1
2019-02-19,55.5478744506836,55.71324288777152,55.122782052480055,55.122782052480055,20928000.0,54.71574058532715,53.096893768310544,56.721930313633926,0.6620417216624475,0.6829023568478082,-0.020860635185360743,56.98600276118839,52.445478409465906,4.540524351722482,0.004408998937894815,-0.0014282315856908312,-0.012570491000221118,1,0.013847056884293595,55.30403900146485,54.378379821777344,0
2019-02-20,55.31148910522461,55.78872634091661,54.88838581276556,55.6188871560549,21756000.0,54.823204803466794,53.14165740966797,55.11586115335949,0.6251596178137291,0.6713538090409924,-0.046194191227263315,56.99027301909464,52.65613658783895,4.334136431255686,-0.0042555245866132685,-0.007016286163557983,-0.028089180056583007,1,0.01310416462761044,55.5478744506836,55.68741607666016,0
2019-02-21,54.4757080078125,55.21912146218688,54.254720435235,55.16449498008729,28302000.0,54.87634105682373,53.20163703918457,49.75196726649855,0.5224670601009365,0.6415764592529813,-0.11910939915204488,56.95270722627441,52.799974887373054,4.152732338901359,-0.015110442892291687,-0.01497776669856632,-0.016373320891011955,1,0.011078074564970768,55.31148910522461,55.627323150634766,1
2019-02-22,55.14115524291992,55.1843585835385,54.40767216621085,54.67087041808242,20990000.0,54.96689643859863,53.271975708007815,53.62205528567544,0.4891399973419155,0.6110891668707683,-0.12194916952885282,56.91992382838725,53.013869048810015,3.9060547795772322,0.012215485753980238,-0.007321958072847079,0.010612430899749725,1,0.010788111230213799,54.4757080078125,55.70231246948242,0
2019-02-25,55.09298706054688,55.54687789741087,54.987208395663146,55.42074217223056,28262000.0,55.01260871887207,53.32923385620117,53.30203545582766,0.4536123296651553,0.5795937994296457,-0.12598146976449043,56.93221796253921,53.092999475204934,3.8392184873342785,-0.0008735432212263472,-0.003950391649410245,0.013095261060291019,1,0.010703839826246704,55.14115524291992,55.30403900146485,1
2019-02-26,55.377540588378906,55.59505008245633,54.62220762231489,54.91172647806793,29426000.0,55.12446823120117,53.38033432006836,55.01022346523531,0.44330731784044275,0.5523365031118052,-0.1090291852713624,56.84505365894049,53.40388280346185,3.4411708554786458,0.005164968229428135,0.016554765666140003,0.018374228321554664,1,0.010754889518764178,55.09298706054688,55.5478744506836,1
2019-02-27,55.423221588134766,55.51906229934932,54.6758337775312,54.97131232695406,19368000.0,55.262101364135745,53.4341162109375,55.29295224525551,0.43382572373790396,0.528634347237025,-0.094808623499121,56.565235754146364,53.958966974125126,2.6062687800212387,0.0008249012012904178,0.005115350666343943,-0.004744240389277565,1,0.007418347511783747,55.377540588378906,55.31148910522461,1
2019-02-28,55.61540985107422,55.99928422620776,55.17293836102821,55.1873394753294,30850000.0,55.338727188110354,53.51140739440918,56.53065185938637,0.43678449892068727,0.5102643775737574,-0.07347987865307015,56.53100746148451,54.146446914736195,2.384560546748318,0.003467648711719784,0.009482564268174398,-0.0002141627330922713,1,0.0075142640421407055,55.423221588134766,54.4757080078125,1
2019-03-01,56.66175079345703,56.76007694956396,55.85526944654441,55.862718168142216,29006000.0,55.39985904693604,53.635021438598635,62.60120077551702,0.5175938196223839,0.5117302659834828,0.00586355363890112,56.72448980252995,54.07522829134212,2.649261511187831,0.018813867328941525,0.02319009099056335,0.017224389463188938,1,0.009601358825281162,55.61540985107422,55.14115524291992,1
2019-03-04,56.99993133544922,57.52037187602105,56.15024672091556,56.95970596912871,28920000.0,55.49185447692871,53.75330192565918,64.33480333118347,0.6019848255775528,0.5297811779022968,0.072203647675256,56.982269176451354,54.00143977740606,2.980829399045291,0.0059684096812488985,0.028448540199113914,0.030664891111107595,1,0.009134995173496831,56.66175079345703,55.09298706054688,1
2019-03-05,57.70659637451172,58.083018199728286,56.920225902964354,57.11216117596989,28864000.0,55.56443290710449,53.89137702941895,67.70374659867637,0.7176150490223066,0.5673479521262987,0.1502670968960078,57.31508852762852,53.81377728658046,3.5013112410480574,0.012397647198971518,0.03760084712199796,0.03886236773550489,1,0.009603145688065903,56.99993133544922,55.377540588378906,0
2019-03-06,57.49951934814453,57.981519071821126,57.38182500130454,57.72944463569061,21986000.0,55.59390659332276,54.03881805419922,65.74396373423218,0.7835116145862315,0.6105806846182853,0.17293092996794623,57.45081194878899,53.737001237856525,3.7138107109324636,-0.0035884463714213055,0.014785433611843812,0.03955833188214131,1,0.009542623611761246,57.70659637451172,55.423221588134766,0
2019-03-07,56.77647018432617,57.44464631078108,56.35981913772044,57.393247855763775,23332000.0,55.66360492706299,54.201465148925784,59.290391661232924,0.7685319350558046,0.6421709347057892,0.1263610003500154,57.58699234119455,53.74021751293143,3.846774828263122,-0.012574873181817159,-0.003920375794980502,0.04223464477384509,1,0.008998730412563596,57.49951934814453,55.61540985107422,0
2019-03-08,56.7277946472168,56.96417597641528,55.78325819926275,55.95358990974161,24248000.0,55.771888732910156,54.36643615722656,58.871427902284665,0.7441545713801503,0.6625676620406615,0.08158690933948876,57.67881377339768,53.864963692422634,3.813850080975044,-0.000857318832103271,-0.01696169569493522,0.028774141515662155,1,0.00864453631471656,56.77647018432617,56.66175079345703,1
2019-03-11,58.388431549072266,58.4097888442425,56.83357347993431,56.83357347993431,34384000.0,55.97226753234863,54.5018098449707,67.34846922584154,0.8490475627067298,0.6998636421738753,0.14918392053285445,58.08367016123863,53.86086490345863,4.222805257779996,0.029273778615628743,0.015459471853070728,0.05981604310007205,1,0.011853506474587806,56.7277946472168,56.99993133544922,1
2019-03-12,59.25450897216797,59.59219824711911,58.512584467242725,58.512584467242725,40262000.0,56.216073989868164,54.65011497497559,70.73612460486393,0.9906417228510733,0.7580192583093149,0.2326224645417584,58.63821784881666,53.79393013091967,4.844287717896989,0.014833031135077057,0.04364552392561194,0.07000976104385992,1,0.012177728953142567,58.388431549072266,57.70659637451172,1
2019-03-13,59.26046752929688,59.63838216706605,59.191936260193664,59.6242273228948,28718000.0,56.3947265625,54.805293045043946,70.75860287413511,1.090763280537388,0.8245680627549296,0.26619521778245836,59.14006524349246,53.649387881507536,5.490677361984922,0.00010055871244696313,0.04464606632128865,0.06923534632608952,1,0.012219669539745884,59.25450897216797,57.49951934814453,0
2019-03-14,58.87460708618164,59.48691775183204,58.82146958967304,59.31956021202615,23456000.0,56.557090759277344,54.95421394348145,67.16093082861686,1.125994855564052,0.884853421316754,0.24114143424729795,59.48003718827862,53.634144330276065,5.845892858002557,-0.006511262215818325,0.00832657299076045,0.058602413320963276,1,0.0129085651503253,59.26046752929688,56.77647018432617,0
2019-03-15,58.82047271728516,59.421856527727954,58.728602633647625,59.263440496011846,49236000.0,56.71299877166748,55.09188171386719,66.64893895823627,1.1364476800112726,0.9351722730556579,0.20127540695561474,59.7666583771454,53.65933916618956,6.107319210955836,-0.0009194858628480684,-0.007324948977075696,0.03809839783625968,1,0.012183590936088402,58.87460708618164,56.7277946472168,0
2019-03-18,58.810546875,59.09559497274024,58.470921547938985,58.76287278429932,25852000.0,56.88832416534424,55.258938522338866,66.54876258177254,1.1308944390396363,0.9743167062524536,0.15657773278718268,60.00036354391975,53.77628478676873,6.22407875715102,-0.00016874808764066884,-0.007592256238519446,0.031765223170097556,1,0.01221743416207681,58.82047271728516,58.388431549072266,1
2019-03-19,59.53508377075195,59.59219189379471,58.89049283401012,59.03649306763664,30414000.0,57.087684631347656,55.386207580566406,70.0835256478257,1.1714537383493209,1.0137441126718272,0.1577096256774937,60.338456371479666,53.83691289121565,6.501543480264019,0.012319846256351408,0.011218362503948365,0.03168593386401586,1,0.012210948269362544,58.810546875,59.25450897216797,1
2019-03-20,60.78255081176758,60.93997040531024,59.4019951085095,59.46059600993491,44548000.0,57.36123771667481,55.54073028564453,74.98476550496119,1.2893941073100095,1.0688741115994635,0.22051999571054592,60.87800112260801,53.8444743107416,7.033526811866409,0.020953477546435728,0.033357060966050955,0.057096676647767186,1,0.013128822249449534,59.53508377075195,59.26046752929688,1
2019-03-21,61.15847396850586,61.17088976643344,60.24522515914881,60.38675464696844,24080000.0,57.695376014709474,55.69493492126465,76.24763117201572,1.397091752391546,1.1345176397578802,0.2625741126336658,61.32023125799233,54.070520771426615,7.249710486565718,0.00618472163010142,0.03992357184666728,0.07717992629611192,1,0.011471863068851128,60.78255081176758,58.87460708618164,0
2019-03-22,59.86532974243164,61.08200225559199,59.73248789326207,60.89925472969942,34284000.0,57.93158473968506,55.82488571166992,64.23456347059684,1.3623921713595806,1.1800925460782203,0.18229962528136023,61.47465238984635,54.388517089523766,7.0861353003225815,-0.021144154557226735,0.005547081666187781,0.055308603387929756,1,0.014509638117131433,61.15847396850586,58.82047271728516,0
2019-03-25,59.24457931518555,59.90992521027976,58.9486043936044,59.43974264530455,29936000.0,58.13916435241699,55.94672210693359,59.39679246547378,1.2701615006128009,1.1981063369851364,0.07205516362766451,61.47296620396554,54.80536250086844,6.6676037030971,-0.0103691139749309,-0.025302845570677746,0.014662969074511478,1,0.012576991395979994,59.86532974243164,58.810546875,0
2019-03-26,58.82841873168945,59.73272983620744,58.436103006416815,59.51919099305321,38024000.0,58.31170825958252,56.07328598022461,56.333611032120906,1.1502282333885674,1.1885307162658225,-0.03830248287725513,61.40441748335993,55.218999035805105,6.185418447554824,-0.007024449971736457,-0.03809864906073834,-0.007190849234421148,1,0.011888215803449415,59.24457931518555,59.53508377075195,0
2019-03-27,58.25236511230469,58.97437201842313,57.57450116246461,58.87212448936261,28004000.0,58.453165435791014,56.20074378967285,52.31202030995154,0.9972024135509798,1.150265055722854,-0.15306264217187415,61.24902721414017,55.65730365744186,5.591723556698312,-0.009792097625674567,-0.026943218003921077,-0.017011381432213923,1,0.012224927571688037,58.82841873168945,60.78255081176758,0
2019-03-28,58.02740478515625,58.18011115403908,57.577533830475446,58.17886843752765,19234000.0,58.573765182495116,56.29146301269531,50.787221848992345,0.8480007062299109,1.0898121858242653,-0.24181147959435445,61.06060031225759,56.08693005273264,4.973670259524951,-0.0038618230644323903,-0.02054490966260114,-0.014389944034534974,1,0.012136184646718713,58.25236511230469,61.15847396850586,1
2019-03-29,58.26675796508789,58.5488280437099,57.74880290446576,58.3457159153422,25398000.0,58.65401554107666,56.383175201416016,52.3777409719552,0.7405346569417901,1.0199566800477704,-0.2794220231059803,60.987742038321166,56.320289043832155,4.667452994489011,0.004124829997444124,-0.009547439463964524,-0.009413639955915487,1,0.01226173537187053,58.02740478515625,59.86532974243164,1
2019-04-01,59.31558990478516,59.42633185800589,58.6983121585543,58.802601836762726,25050000.0,58.76979846954346,56.48699485778808,58.679703642103384,0.7315659735501256,0.9622785387482415,-0.2307125651981159,60.99083287578881,56.54876406329811,4.442068812490703,0.01800051995900831,0.018252045053118282,0.008587626822423866,1,0.013646430525689856,58.26675796508789,59.24457931518555,1
2019-04-02,59.61652755737305,59.65923456773753,58.88254817635296,59.35978158883607,16558000.0,58.865295028686525,56.58853004455566,60.302931825666604,0.7402087155602572,0.9178645741106447,-0.17765585855038746,61.05933827191403,56.67125178545902,4.388086486455009,0.005073500121484997,0.02738572883106616,0.0013679965066430988,1,0.013158637283993795,59.31558990478516,58.82841873168945,1
2019-04-03,59.88618850708008,60.40165823904125,59.61703049963988,59.96365748665708,20286000.0,58.9846284866333,56.72300971984863,61.7528433943311,0.7600560824615101,0.8863028757808178,-0.12624679331930766,61.12757970244371,56.841677270822885,4.285902431620826,0.0045232582432366275,0.027793386804917386,-0.01474703336264005,1,0.011154540487144328,59.61652755737305,58.25236511230469,1
2019-04-04,60.33709716796875,60.370370143518585,59.79729220424032,59.887176976723154,19000000.0,59.16265983581543,56.861492004394535,64.11317651875981,0.8029143276833892,0.8696251661613321,-0.0667108384779429,61.12635557532443,57.19896409630643,3.9273914790179987,0.00752942660285294,0.0172215645974918,-0.013430302413367734,1,0.011264084478742893,59.88618850708008,58.02740478515625,0
2019-04-05,59.94725799560547,60.39767826628397,59.84197946073216,60.33659572627506,18144000.0,59.32363300323486,56.9938362121582,60.629485623922015,0.7962444225526539,0.8549490174395965,-0.058704594886942574,60.96371125502309,57.68355475144663,3.280156503576464,-0.006461019682104219,0.005547630024478334,0.0013685425859395473,1,0.009147110715494854,60.33709716796875,58.26675796508789,0
2019-04-08,59.78289413452149,60.02374623693548,59.58524537525405,59.98401719578536,17204000.0,59.39335613250732,57.10591926574707,59.1696732799214,0.768833055853186,0.8377258251223144,-0.06889276926912846,60.98636436171867,57.80034790329597,3.1860164584226993,-0.0027418078254058953,-0.0017248446617432744,0.009086313474724328,1,0.008462657777813506,59.94725799560547,59.31558990478516,0
2019-04-09,59.45562744140625,59.70591356354088,59.24854465942755,59.39355223969487,17528000.0,59.40341205596924,57.23222480773926,56.26478160349426,0.7124885388361122,0.8126783678650741,-0.1001898290289619,60.995326176876496,57.811497935061986,3.18382824181451,-0.005474253092846881,-0.014609084094792113,0.010661661884495466,1,0.008313498094491488,59.78289413452149,59.61652755737305,1
2019-04-10,59.699466705322266,59.78016371711469,59.4151611948339,59.6259683564908,14492000.0,59.425362014770506,57.37280296325684,57.92234009971817,0.679676011926162,0.7860778966772917,-0.10640188475112966,61.020889015205775,57.82983501433524,3.191054000870537,0.004101197387182953,-0.004133488312365596,0.02484193715101024,1,0.0074035734275693845,59.45562744140625,59.88618850708008,1
2019-04-11,59.821624755859375,59.98748951898137,59.59865186594909,59.788851897323,14204000.0,59.47271289825439,57.48757759094238,58.765483812140005,0.6559673978723097,0.7600557969162953,-0.10408839904398559,61.056214277531716,57.88921151897707,3.167002758554645,0.002046216780127841,0.0006478545727601759,0.03092021739290507,1,0.007069328980090123,59.699466705322266,60.33709716796875,1
2019-04-12,60.47962188720703,60.503457036940944,59.99493595492114,60.08879514493199,18668000.0,59.55567035675049,57.58838775634766,63.05928484195952,0.6824066606114414,0.7445259696553246,-0.062119309043883186,61.167389485558346,57.943951227942634,3.2234382576157117,0.010999318959206361,0.017222834740242776,0.03797815425812834,1,0.00750395611293351,59.821624755859375,59.94725799560547,1
2019-04-15,60.64002227783203,60.79396756294576,60.044598196269504,60.486076992718296,23748000.0,59.64714412689209,57.697987747192386,64.04225330842593,0.708139941375876,0.7372487639994348,-0.02910882262355885,61.28674492123468,58.007543332549496,3.279201588685183,0.0026521394416807453,0.0157548404435901,0.02232857120991083,1,0.005594150740098647,60.47962188720703,59.78289413452149,1
2019-04-16,60.9394760131836,61.122723655804506,60.591360050489726,60.83370113647908,17126000.0,59.717363739013685,57.791676712036136,65.86825739604274,0.7441194201068129,0.7386228952209105,0.005496524885902354,61.449437763206724,57.985289714820645,3.464148048386079,0.004938219415216771,0.01868640749706052,0.022190968008617862,1,0.005586654975686408,60.64002227783203,59.45562744140625,1
2019-04-17,61.39684295654297,61.6064073748365,60.97373591198642,61.230978205601865,24438000.0,59.748078346252456,57.8814126586914,68.49941921671265,0.800313589293836,0.7509610340354956,0.04935255525834037,61.573869206488936,57.922287486015975,3.6515817204729615,0.007505265441738018,0.015165787098446737,0.025225423208963926,1,0.00579931306288641,60.9394760131836,59.699466705322266,1
2019-04-18,61.39833831787109,61.677923014226025,61.310935185321775,61.537882501620885,26636000.0,59.7600715637207,58.0017293548584,68.50796704619867,0.83533926532359,0.7678366802931146,0.06750258503047546,61.62548448015318,57.89465864728822,3.7308258328649657,2.4355671335962725e-05,0.01250520714792458,0.01758853507566016,1,0.00555809232981293,61.39684295654297,59.821624755859375,1
2019-04-22,62.01759719848633,62.030009207801015,60.99807338942072,61.379462306894624,16146000.0,59.86768493652344,58.150838928222655,71.90763410509292,0.9026610673296105,0.7948015577004138,0.10785950962919666,61.97730844280526,57.75806143024162,4.219247012563642,0.010085922479029064,0.017691671406388387,0.0345360116893525,1,0.005295926256648897,61.39833831787109,60.47962188720703,1
2019-04-23,62.79775619506836,63.01874375536895,61.8954304216518,62.10946558986722,26398000.0,60.04534378051758,58.31917694091797,75.49651544373205,1.007354238801497,0.8373120939206306,0.17004214488086655,62.487406857471356,57.6032807035638,4.884126153907559,0.012579639196358183,0.022817349737623616,0.05043017913724501,1,0.0055284346638752304,62.01759719848633,60.64002227783203,0
2019-04-24,62.373165130615234,62.96958569981128,62.32350572444534,62.77640769245761,20376000.0,60.22258110046387,58.479072647094725,70.2374121898693,1.0440284706957357,0.8786553692756517,0.165373101420084,62.796603037859676,57.648559163068064,5.148043874791611,-0.006761245786142789,0.015877087873246376,0.04907084181533916,1,0.00580597483093084,62.79775619506836,60.9394760131836,1
2019-04-25,62.74312973022461,62.939683515879146,62.17601155196187,62.808679231855535,22146000.0,60.447119331359865,58.62018692016601,72.06353603961938,1.090376928465524,0.9209996811136262,0.16937724735189785,63.077366874207726,57.816871788512,5.260495085695723,0.005931470670674344,0.011698817182746124,0.050983085660143646,1,0.005809746585003645,62.373165130615234,61.39684295654297,1
2019-04-26,63.17667007446289,63.22086607564376,62.58769821200528,63.01875035519845,24828000.0,60.704582595825194,58.77117385864258,74.07122130237397,1.1488482897518537,0.9665694028412717,0.18227888691058203,63.34506334017335,58.06410185147704,5.280961488696306,0.006909765995135597,0.006033876086551704,0.0560841557262266,1,0.005738119043893686,62.74312973022461,61.39833831787109,1
2019-04-29,63.941436767578125,64.02536560354024,62.88442294355659,63.26705462794849,49988000.0,60.98831653594971,58.93595634460449,77.18589000019212,1.2425739267944707,1.0217703076319116,0.22080361916255908,63.737310163798234,58.23932290810118,5.497987255697055,0.012105207384527361,0.025143371090416533,0.057239360504390824,1,0.005865415964689576,63.17667007446289,62.01759719848633,0
2019-04-30,59.02010726928711,59.23513509717516,58.350688518707415,58.84729012312195,124140000.0,60.97354240417481,59.01027770996094,42.12125770964864,0.9092606177556988,0.9992683696566691,-0.09000775190097032,63.76124029545121,58.185844512898406,5.575395782552803,-0.07696620137235333,-0.05933753188508939,-0.02671362818969658,1,0.0268405615932503,63.941436767578125,62.79775619506836,0
2019-05-01,58.00704574584961,58.99876007430978,57.96235341528157,58.99876007430978,52784000.0,60.89306831359863,59.05946113586426,38.267378120555215,0.5569417427900873,0.9108030442833528,-0.35386130149326545,63.915828284534726,57.87030834266254,6.045519941872186,-0.017164684550898368,-0.0818280596701303,-0.048120372198467765,1,0.027081342773558885,59.02010726928711,62.373165130615234,0
2019-05-02,57.73540496826172,58.310468251889645,57.35758883420425,57.9911545138007,38896000.0,60.785529136657715,59.107939453125,37.282360410635896,0.2528921719662449,0.7792208698199312,-0.5263286978536863,64.0843509437772,57.486707329538234,6.597643614238962,-0.004682892812332695,-0.0970580598911911,-0.059635606848268075,1,0.026749485176013388,58.00704574584961,62.74312973022461,1
2019-05-03,58.86715316772461,58.93667708749997,58.05272685998224,58.28364478164267,39614000.0,60.71203193664551,59.19576835632324,43.77584479526938,0.10207664182533449,0.6437920242210119,-0.5417153823956774,64.11150733544105,57.312556537849964,6.798950797591083,0.019602325472299675,-0.0025915591929480675,-0.04122562954459841,1,0.02791375561856939,57.73540496826172,63.17667007446289,1
2019-05-06,59.06530380249024,59.13780570190495,57.91666245395548,57.91666245395548,31278000.0,60.66793422698976,59.27425132751465,44.852421266141924,-0.0014400521422217594,0.5147456089483652,-0.516185661090587,64.12828412669839,57.207584327281126,6.920699799417264,0.003366064504615407,0.0182436123583547,-0.047604124141529036,1,0.027620710831002,58.86715316772461,63.941436767578125,0
2019-05-07,58.305999755859375,59.11744437193548,57.65743435333278,58.62233172370482,31028000.0,60.59408950805664,59.338511581420896,41.567809711295034,-0.14309772717975733,0.3831769417227407,-0.526274668902498,64.18731882922219,57.00086018689108,7.186458642331111,-0.012855331264695069,0.009882926913066914,-0.07152733969118674,1,0.027037272525452696,59.06530380249024,59.02010726928711,0
2019-05-08,57.91715621948242,58.6200449779598,57.89083563665726,58.20220430482164,26186000.0,60.517165946960446,59.38930389404297,39.95417886778047,-0.2834711993881811,0.24984731350055633,-0.5333185128887374,64.26704637283166,56.767285521089235,7.499760851742423,-0.006669014132424267,-0.01613798013189882,-0.07144112218454068,1,0.02703739829164077,58.305999755859375,58.00704574584961,0
2019-05-09,57.72397994995117,58.08550815046832,57.15139832922457,57.55761885798497,23714000.0,60.41839160919189,59.435319061279294,39.141263268022435,-0.4056300472703498,0.1187518413463751,-0.5243818886167249,64.34894232403433,56.48784089434947,7.861101429684858,-0.003335389410336176,-0.02270916707758508,-0.07999520906678037,1,0.02670002623985905,57.91715621948242,57.73540496826172,1
2019-05-10,57.81783676147461,58.23150599456592,56.73673408388552,57.784067457878415,26290000.0,60.31820220947266,59.479367599487304,39.7823309645301,-0.489228828626068,-0.0028442926481135056,-0.4863845359779545,64.40359426243819,56.23281015650713,8.170784105931062,0.0016259587714639867,-0.008372431592440166,-0.08482297827144292,1,0.02642371860991054,57.72397994995117,58.86715316772461,0
2019-05-13,56.216793060302734,57.00688412406757,55.72416208480722,56.70991657584328,37212000.0,60.105060768127444,59.47046844482422,33.33221891992423,-0.6768697778885482,-0.13764938969620044,-0.5392203881923477,64.56239307228273,55.647728463972165,8.914664608310567,-0.027691172670069375,-0.029358540200696392,-0.12080810344243342,1,0.025968944652519147,57.81783676147461,59.06530380249024,0
2019-05-14,55.641231536865234,56.633442123881885,55.59703553829508,56.47403342745319,36732000.0,59.8551212310791,59.44329444885254,31.363538005092153,-0.862082041683081,-0.28253592009357653,-0.5795461215895045,64.7075278194379,55.002714642720306,9.704813176717593,-0.010238248966285002,-0.036081164446591485,-0.057249569490026575,1,0.01278181099267796,56.216793060302734,58.305999755859375,1
2019-05-15,57.81485748291016,58.16844063383195,55.453817396826906,55.513607972720536,45786000.0,59.69889030456543,59.44545967102051,44.65733181685267,-0.8239724060349403,-0.3908232172818493,-0.43314918875309094,64.60252033372491,54.79526027540595,9.80726005831896,0.03906502221477237,-5.1528710365622565e-05,-0.0033131882596036943,1,0.018373849355514026,55.641231536865234,57.91715621948242,1
2019-05-16,58.54834365844727,59.004223617394025,57.74682558063116,57.82975796670032,30628000.0,59.55646533966065,59.46643615722656,48.29652875129702,-0.7262127127517033,-0.4579011163758201,-0.2683115963758832,64.41985827625024,54.69307240307106,9.726785873179175,0.012686811097889938,0.04147427256555747,0.014080418949731888,1,0.018718788029522412,57.81485748291016,57.72397994995117,0
2019-05-17,57.72000503540039,58.606436912031015,57.60628133033188,58.02640661297888,24172000.0,59.37254867553711,59.485306854248044,44.72010522198135,-0.7074227268298046,-0.507805438466617,-0.1996172883631876,64.22160091020655,54.523496440867675,9.698104469338872,-0.014147942901325261,0.03736030711609706,-0.019487066565895605,0,0.01813698813802926,58.54834365844727,57.81783676147461,0
2019-05-20,56.555477142333984,56.95012676301317,56.18764443375572,56.83605448418663,27066000.0,59.099442672729495,59.48186050415039,40.21180097370797,-0.777536242413909,-0.5617515992560753,-0.21578464315783363,63.937095211550385,54.261790133908605,9.67530507764178,-0.020175464162766166,-0.021782987892834393,-0.042492402452528166,0,0.018900888591764933,57.72000503540039,56.216793060302734,1
2019-05-21,57.0908088684082,57.24366298744961,56.51028223044764,57.034197073675,23196000.0,58.81409530639648,59.45590805053711,43.05385606616473,-0.7809031469321326,-0.6055819087912868,-0.17532123814084577,63.412856767761625,54.21533384503134,9.197522922730286,0.009465603565273373,-0.02489455207378488,-0.02084160965491466,0,0.01907884175498267,56.555477142333984,55.641231536865234,1
2019-05-22,57.17970275878906,57.53228945358092,56.905081366384096,56.94779216693845,18290000.0,58.55442218780517,59.41441192626953,43.53385335762488,-0.7675506034110953,-0.6379756477152485,-0.12957495569584676,62.89950431150132,54.20934006410903,8.690164247392289,0.0015570613228788055,-0.009360745486421074,-0.012732901765734383,0,0.019029630755072593,57.0908088684082,57.81485748291016,0
2019-05-23,56.650821685791016,56.909200609254654,56.077444467753416,56.63741323060101,23978000.0,58.249806785583495,59.36221900939941,41.30321523049836,-0.7905321366362159,-0.6684869454994421,-0.12204519113677381,62.21518965330898,54.28442391785801,7.930765735450976,-0.009249454744966301,0.0016858587050212481,-0.018591203605340834,0,0.01919733362182173,57.17970275878906,58.54834365844727,0
2019-05-24,56.28831100463867,57.09752411363782,56.19842622128663,56.97809071178289,22240000.0,57.905388832092285,59.310493087768556,39.79795952340257,-0.828446929122336,-0.700478942224021,-0.127967986898315,61.24671538709618,54.56406227708839,6.6826531100077915,-0.0063990365958499495,-0.014056515920439216,-0.02645421970984385,0,0.01921010735237465,56.650821685791016,57.72000503540039,1
2019-05-28,56.32207489013672,57.18799822756347,56.27092270908838,56.31462616871305,27300000.0,57.524420738220215,59.260525131225585,40.017224503700284,-0.8460178448580891,-0.7295867227508346,-0.11643112210725448,59.47339946176803,55.5754420146724,3.897957447095635,0.0005998383127052698,-0.014998816490358835,0.001872782563762554,0,0.017052035690963176,56.28831100463867,56.555477142333984,0
2019-05-29,55.44358444213867,56.07128883829994,55.034382175031375,55.992823420798814,30764000.0,57.345594596862796,59.19318588256836,36.311512143838534,-0.9202220129260184,-0.7677137807858714,-0.15250823214014697,59.36776254436028,55.32342664936531,4.044335894994973,-0.015597622241574904,-0.02131014533819442,-0.0035521696638869393,0,0.017498986302396855,56.32207489013672,57.0908088684082,1
2019-05-30,55.517578125,55.77482043574638,55.22805928477842,55.39789846622987,19038000.0,57.22112121582031,59.11283576965332,36.84202416415419,-0.9619696911222064,-0.8065649628531384,-0.15540472826906804,59.3677497438416,55.07449268779902,4.293257056042577,0.0013345761030034708,-0.013692592047666152,-0.039735103707368435,0,0.010917428042310051,55.44358444213867,57.17970275878906,0
2019-05-31,54.80644607543945,55.102917314032965,54.6351179040759,54.690240716220266,30156000.0,57.0746732711792,58.99331367492676,33.91785209514997,-1.0404438510286411,-0.853340740488239,-0.18710311054040207,59.448585587686736,54.700760954671665,4.747824633015071,-0.012809133135444184,-0.026910031593361805,-0.06391124580461027,0,0.009470645793445386,55.517578125,56.650821685791016,0
2019-06-03,51.45934677124024,52.91290058563506,50.901662643717,52.91290058563506,102612000.0,56.70428295135498,58.79933113098144,24.187102203925136,-1.357074617660345,-0.9540875159226603,-0.4029871017376847,59.98307621026412,53.425489692445844,6.5575865178182795,-0.06107127069673568,-0.07186111271460827,-0.10846600343018697,0,0.019727686511640793,54.80644607543945,56.28831100463867,1
2019-06-04,52.29463958740234,52.44362160555277,51.33322022888142,51.79058918989725,56670000.0,56.365749740600585,58.64791732788086,29.614086346705278,-1.5230488726476423,-1.0678797872676566,-0.4551690853799857,59.98046595672113,52.751033524480036,7.229432432241097,0.01623209132201664,-0.058052578056288606,-0.07533907890491909,0,0.02119894026012322,51.45934677124024,56.32207489013672,0
2019-06-05,51.756813049316406,52.31946427978988,51.17430108856353,52.21964535572635,43368000.0,56.038290405273436,58.498162002563475,28.213651471000574,-1.6786325413009777,-1.190030338074321,-0.4886022032266568,60.054856142121814,52.02172466842506,8.033131473696756,-0.010284544311411459,-0.05564369238474831,-0.09343002708871095,0,0.020335432171474817,52.29463958740234,55.44358444213867,1
2019-06-06,51.862091064453125,52.01852178239668,51.33370926043239,51.894371381176605,34064000.0,55.735537147521974,58.35883544921875,28.922214699362456,-1.7730006162030776,-1.3066243937000723,-0.46637622250300526,60.04230658822821,51.42876770681574,8.613538881412467,0.0020340899861126527,0.007826455609770244,-0.09299823954608732,0,0.020364969041123875,51.756813049316406,55.517578125,1
2019-06-07,52.939720153808594,53.182065031160526,52.06371487838151,52.17446062231556,36048000.0,55.496324157714845,58.25258255004883,35.897008106118136,-1.740765868713929,-1.3934526887028438,-0.34731318001108513,59.86575308770012,51.12689522772957,8.738857859970551,0.020778743533811816,0.012335500760610518,-0.06550834430197205,0,0.022510298697995108,51.862091064453125,54.80644607543945,1
2019-06-10,53.65184783935547,54.261673064153214,53.2516855552984,53.28435990567152,29284000.0,55.288024711608884,58.165071411132814,40.08140012596716,-1.6388650304527275,-1.4425351570528206,-0.19632987339990682,59.59161495245604,50.98443447076173,8.607180481694314,0.013451670758324541,0.03661420938405513,-0.04683855525645342,0,0.02338042740341557,52.939720153808594,51.45934677124024,0
2019-06-11,53.56940460205078,54.72499437762428,53.5139332314977,54.32721907186465,28734000.0,55.15565528869629,58.07112434387207,39.75783726485408,-1.546928335298567,-1.4634137927019701,-0.08351454259659685,59.49950279887832,50.81180777851426,8.68769502036406,-0.0015366336971568417,0.03292026030103257,-0.04887373722391031,0,0.023338034131177368,53.65184783935547,52.29463958740234,0
2019-06-12,53.48548889160156,53.679163231734776,53.01421138034348,53.53365931220592,21220000.0,55.047868156433104,57.9545223236084,39.40911045462429,-1.4639634788427003,-1.4635237299301163,-0.00043974891258402593,59.444829974373796,50.65090633849241,8.793923635881384,-0.0015664857780780528,0.010309248636134027,-0.035316900417587394,0,0.023032974915255636,53.56940460205078,51.756813049316406,1
2019-06-13,54.06849670410156,54.336662046791176,53.64042632901229,53.81373981798493,21154000.0,54.86055011749268,57.84356170654297,43.14058718873461,-1.335771432715248,-1.4379732704871426,0.10220183777189473,59.085891374638585,50.63520886034677,8.450682514291813,0.010900298839589428,0.0077657877878432036,-0.026101308267370227,0,0.023443824423482196,53.48548889160156,51.862091064453125,0
2019-06-14,53.898658752441406,54.26316112936922,53.64151495348822,53.95179245859316,22230000.0,54.62806587219238,57.723811111450196,42.3228876488288,-1.2336619290986448,-1.397111002209443,0.16344907311079826,58.51424597630219,50.74188576808257,7.772360208219624,-0.0031411628214784715,0.006146309686219986,-0.01656351374706,0,0.02316395508906178,54.06849670410156,52.939720153808594,1
2019-06-17,54.25372695922852,54.58545647750905,53.94483993336099,53.94483993336099,18832000.0,54.45475196838379,57.60214370727539,44.683497115192466,-1.11127825103312,-1.3399444519741786,0.2286662009410585,58.073902881391085,50.83560105537649,7.238301826014592,0.006587700232355553,0.014363485938848619,0.05430267508856157,0,0.009872735810078,53.898658752441406,53.65184783935547,1
2019-06-18,54.80495834350586,55.44011151982296,54.57602571052356,55.10738932395313,27734000.0,54.36722602844238,57.4992977142334,48.226221216019496,-0.958756589403734,-1.2637068794600896,0.30495029005635566,57.86143979125266,50.873012265632106,6.988427525620551,0.010160249169455016,0.01362090097371671,0.04800336661481186,0,0.009298843155843181,54.25372695922852,53.56940460205078,0
2019-06-19,54.741886138916016,54.97379672665775,54.30239265308928,54.90427280434015,26776000.0,54.249779891967776,57.39847755432129,47.848613610412805,-0.833364960978713,-1.1776384957638144,0.34427353478510136,57.520689365304875,50.97887041863068,6.541818946674198,-0.001150848508898017,0.015644682186760628,0.0576749786884152,0,0.008019895011695512,54.80495834350586,53.48548889160156,1
2019-06-20,55.19329833984375,55.62534312837503,54.8615688097547,55.61888706460702,25240000.0,54.150459671020506,57.313230972290036,50.816819831466205,-0.6896165299622723,-1.080034102603506,0.3904175726412338,57.17048393728103,51.130435404759986,6.040048532521041,0.008246193778968625,0.017318098373616087,0.06423202780718329,0,0.007948815033703998,54.741886138916016,54.06849670410156,1
2019-06-21,55.71274566650391,55.82348761830398,55.02743298931354,55.08504123376665,38952000.0,54.103555870056155,57.233496551513674,54.05721821069655,-0.5276968439341871,-0.9695666508696423,0.4418698069354552,56.99311157430864,51.21400016580367,5.779111408504974,0.009411420268123027,0.016563963379157,0.05238081169750619,0,0.006281930014803022,55.19329833984375,53.898658752441406,0
2019-06-24,55.39690399169922,55.71869935084206,55.17293466421706,55.60001235363825,27912000.0,54.05898551940918,57.14500213623047,51.82156259100718,-0.4200183990939408,-0.8596570005145021,0.4396386014205613,56.837745130546054,51.2802259082723,5.557519222273754,-0.005669109842392661,0.011965569675860266,0.032525555458384314,0,0.006378893864496444,55.71274566650391,54.25372695922852,0
2019-06-25,53.94832229614258,55.338804668333744,53.82168644826174,55.25487962446082,30938000.0,53.94029788970947,57.01437614440918,43.03143323276835,-0.4464247852709846,-0.7770105574657986,0.330585772194814,56.51775643108846,51.36283934833048,5.154917082757976,-0.026149145370537252,-0.022556652368108776,0.0070733975280601324,0,0.011283030658730436,55.39690399169922,54.80495834350586,0
2019-06-26,53.623043060302734,54.27706425318252,53.24761009430409,53.95576522687758,36218000.0,53.849270820617676,56.87403656005859,41.335885430807956,-0.4879742885790108,-0.7192033036884411,0.23122901510943028,56.334890432889694,51.36365120834566,4.9712392245440356,-0.006029459712468266,-0.03750851948152267,0.00257180352188513,0,0.011472088952929145,53.94832229614258,54.741886138916016,0
2019-06-27,53.434837341308594,53.98556919065067,53.39908271681172,53.83162387936986,20086000.0,53.745133781433104,56.72394378662109,40.345330280088035,-0.5299799193118488,-0.6813586268131226,0.1513787075012738,56.11423233036986,51.37603523249635,4.73819709787351,-0.0035097918404685124,-0.03541834487148643,-0.011719566872013698,0,0.010884960769555987,53.623043060302734,55.19329833984375,1
2019-06-28,53.67816925048828,53.68263621009912,53.3037289185293,53.45370358285116,33864000.0,53.68871994018555,56.5695703125,42.27149170932262,-0.5374395640903487,-0.6525748142685679,0.11513525017821924,56.00723626344838,51.37020361692272,4.637032646525654,0.004553806491922829,-0.0050076264498333245,-0.004090816117815477,0,0.010997952891378822,53.434837341308594,55.71274566650391,1
2019-07-01,54.52437210083008,55.0026019603388,54.31346645479557,54.52685753365799,28726000.0,53.841971206665036,56.43209098815918,48.49912392912606,-0.4696559864497729,-0.6159910487048089,0.146335062255036,55.946066285305996,51.73787612802408,4.208190157281919,0.0157643761357249,0.016808614153317247,0.004988507827396793,0,0.011980562546529055,53.67816925048828,55.39690399169922,1
2019-07-02,55.18485641479492,55.2106806696115,54.53530214627036,54.737417858923685,19832000.0,53.98648204803467,56.29543617248535,52.78089171280634,-0.35850878249542717,-0.5644945954629326,0.2059858129675054,56.0420850435852,51.93087905248413,4.111205991101073,0.012113561119849958,0.03275052682032675,0.006931819360356917,0,0.012168869847983911,54.52437210083008,53.94832229614258,1
2019-07-03,55.69784164428711,55.95508394414988,55.314467416111455,55.49075886498348,15340000.0,54.1835334777832,56.15343788146973,55.8510178886356,-0.2264201709763256,-0.4968797105656112,0.2704595395892856,56.097077879207006,52.269989076359394,3.827088802847612,0.0092957608811437,0.03762558265305316,0.01746296251000934,0,0.012432336596628435,55.18485641479492,53.623043060302734,1
2019-07-05,56.194942474365234,56.25900678260704,55.4276938609159,55.51012991383004,25286000.0,54.40017604827881,56.02987342834473,58.656273097817454,-0.08069688865766977,-0.4136431461840229,0.33294625752635315,56.1904973650935,52.60985473146412,3.580642633629381,0.008924956791913852,0.03063896582698522,0.018147930358392905,0,0.012473210020796235,55.69784164428711,53.434837341308594,0
2019-07-08,55.43812561035156,55.91635172068283,55.18287239554647,55.87612635098986,24728000.0,54.525096321105956,55.88377334594727,53.122040283172275,-0.025979458458579074,-0.33611040863893415,0.3101309501803551,56.237320516102336,52.812872126109575,3.4244483899927616,-0.013467704221939769,0.004589469140826363,-0.004929214183702624,0,0.013022564186538434,56.194942474365234,53.67816925048828,1
2019-07-09,55.8592414855957,56.01790379539106,54.982243590921726,55.21216887048429,26608000.0,54.63546600341797,55.737424774169924,55.63058670442251,0.05077967443435227,-0.2587323920242769,0.30951206645862916,56.39229892337554,52.87863308346039,3.5136658399151486,0.007596142016127461,0.0028977755069823363,0.00834590853607553,0,0.013103523670118116,55.43812561035156,54.52437210083008,1
2019-07-10,56.636417388916016,56.714386476879056,56.16415105695111,56.1765668546699,24190000.0,54.78881664276123,55.59132438659668,59.895843852371286,0.1723368486246315,-0.17251854389449522,0.3448553925191267,56.677165164996175,52.90046812052629,3.776697044469884,0.013913112363344915,0.007856132511429692,0.04982722313434462,0,0.00955548825233342,55.8592414855957,55.18485641479492,1
2019-07-11,56.82165145874024,57.26164127189394,56.59172618705293,56.77397737091699,23910000.0,54.95562477111817,55.547355270385744,60.861563856458616,0.28038650521410347,-0.08193753407277549,0.36232403928687895,56.940898345995365,52.97035119624097,3.9705471497543954,0.003270582398463562,0.024956216198809278,0.05964988586791797,0,0.008794134285618132,56.636417388916016,55.69784164428711,1
2019-07-12,56.85592269897461,56.97709514013758,56.55200272710515,56.81073403954897,17280000.0,55.09499607086182,55.52433280944824,61.048451337385266,0.36457939486599145,0.007365851714977903,0.35721354315101356,57.19938218842722,52.99060995329641,4.208772235130809,0.0006031369971577494,0.017842727306562445,0.06402350091971365,0,0.008395108425825493,56.82165145874024,56.194942474365234,1
2019-07-15,57.12607192993164,57.149910869980936,56.58279264011142,56.95325476965373,18076000.0,55.25636672973633,55.51214614868164,62.56586215052551,0.4479381001127152,0.09548030139452536,0.35245779871818983,57.46160780653262,53.05112565294004,4.410482153592582,0.004751470350544462,0.00864557759106166,0.06423286650022986,0,0.008390884891307333,56.85592269897461,55.43812561035156,1
2019-07-16,57.28697204589844,57.53527286247472,56.860886995969096,56.9105464015304,24776000.0,55.40802898406982,55.48054252624512,63.47843005090079,0.5209782562080747,0.18057989235723526,0.34039836385083944,57.730677631057965,53.08538033708168,4.645297293976284,0.0028165793748982093,0.008189142258494098,0.05066724913327891,0,0.007737716278387892,57.12607192993164,55.8592414855957,0
2019-07-17,56.92792892456055,57.52434569398189,56.899126696839645,57.15735787742021,23400000.0,55.51417751312256,55.43779502868652,59.96546754683277,0.5436247590682726,0.25318886569944277,0.2904358933688298,57.90977911246963,53.118575913775494,4.791203198694134,-0.006267448051717972,0.0012664683320184889,0.03158606587038815,1,0.008032892218284196,57.28697204589844,56.636417388916016,0
2019-07-18,56.92693328857422,56.99024741673293,56.25155480390448,56.69899333415589,25814000.0,55.62342987060547,55.41021369934082,59.955558874874534,0.5550931677368354,0.3135697261069213,0.24152344162991407,58.06700342080024,53.1798563204107,4.887147100389541,-1.7489411702431568e-05,-0.0034859501910384783,0.02206713236998792,1,0.007776153384184097,56.92792892456055,56.82165145874024,0
2019-07-19,56.12095260620117,57.1658006117316,56.09711366630162,57.01930403669093,32944000.0,55.66981258392334,55.37428962707519,52.406267519406086,0.4934577848492552,0.3495473378553881,0.14391044699386707,58.11418354974836,53.225441618098316,4.888741931650046,-0.014158160923360641,-0.0203540071687337,-0.0013166641855326677,1,0.008906101613826406,56.92693328857422,56.85592269897461,1
2019-07-22,56.51674270629883,56.57534360962515,55.82994481738897,56.28731374781138,26030000.0,55.710012435913086,55.35014488220215,55.37762170225191,0.47111750384997464,0.3738613710543054,0.09725613279566925,58.18217237869384,53.23785249313233,4.944319885561512,0.007052448002351275,-0.007222926005381547,0.019456233126068367,1,0.007775010377756179,56.12095260620117,57.12607192993164,1
2019-07-23,56.92097473144531,56.95524036407721,56.2053708655286,56.81122544125863,21874000.0,55.78621597290039,55.33220764160156,58.244867946448196,0.4804920036046809,0.3951874975643805,0.08530450604030043,58.30852154978133,53.263910396019455,5.044611153761878,0.007152429630404633,-0.00010467026387495082,0.019007297944126256,1,0.007740435685072763,56.51674270629883,57.28697204589844,0
2019-07-24,56.50382995605469,56.81122800597324,55.96650662133127,56.21034048011561,31796000.0,55.913991355895995,55.337948379516604,54.3628689273433,0.4490844984969513,0.4059668977508947,0.04311760074605664,58.30650939376245,53.52147331802954,4.785036075732904,-0.0073284896711400815,0.006822360135975369,-0.002341027892899139,1,0.00695584726663792,56.92097473144531,56.92792892456055,0
2019-07-25,56.22126388549805,56.69700834770129,55.66507247333215,56.50432666883815,44196000.0,56.04390239715576,55.34954902648926,51.8422926599352,0.39681882364168786,0.4041372829290533,-0.007318459287365464,58.19467656238667,53.893128231924855,4.301548330461813,-0.005000830399928713,-0.005228164374870281,-0.010566176058401822,1,0.006987361733293138,56.50382995605469,56.92693328857422,1
2019-07-26,62.09556579589844,62.847420647904094,60.78404144167514,60.78602675706773,96116000.0,56.476938819885255,55.43516319274902,76.37069766373668,0.8199530618509385,0.48730043871343043,0.3326526231375081,59.613629627311234,53.34024801245928,6.2733816148519566,0.10448541182503779,0.0909083354399145,0.09215650451519841,1,0.03414526680459457,56.22126388549805,56.12095260620117,0
2019-07-29,61.54930114746094,61.944594847328375,60.99409863737424,61.63074453902785,44474000.0,56.87049541473389,55.4951823425293,72.66426669026231,1.0985476290984835,0.609549876790441,0.48899775230804243,60.44798500156991,53.293005827897865,7.1549791736720465,-0.008797160335619059,0.08929432208985322,0.07742925547120838,1,0.034613535357327835,62.09556579589844,56.51674270629883,0
2019-07-30,60.84064865112305,61.32384179780918,60.74927489594887,60.85405710655123,29066000.0,57.186309242248534,55.55759521484375,68.05030341856897,1.2477699811760345,0.7371938976675598,0.5105760835084747,60.98776194780673,53.384856536690336,7.602905411116396,-0.01151357502240502,0.08216437067357618,0.06203289296521719,1,0.03514425536902007,61.54930114746094,56.92097473144531,0
2019-07-31,60.42052459716797,61.28063971108436,59.97775382373371,60.73437869534831,34510000.0,57.44809265136719,55.63489616394043,65.39903623764394,1.3169483099107353,0.853144780116195,0.4638035297945403,61.381003477680345,53.515181825054036,7.865821652626309,-0.006905318455169396,-0.026975214369350464,0.061351181021106926,1,0.03517069450712792,60.84064865112305,56.50382995605469,0
2019-08-01,60.03963470458984,61.28610586818452,59.87625158472427,60.288928179554816,33970000.0,57.66518230438233,55.693872680664064,63.00247981633919,1.3257555183728726,0.9476669277675307,0.37808859060534195,61.66640939405287,53.663955214711784,8.002454179341086,-0.006303981885585674,-0.024527759287700346,0.054678888114992885,1,0.03535576868126235,60.42052459716797,56.22126388549805,0
2019-08-02,59.293739318847656,59.93485220793562,59.042953069751775,59.6289431473505,32902000.0,57.820122146606444,55.73615341186523,58.48280045425234,1.258045801714232,1.009742702556871,0.24830309915736093,61.82161078992391,53.81863350328898,8.00297728663493,-0.01242338314368785,-0.025425589085116274,0.05653479788395299,1,0.03525068806254658,60.03963470458984,62.09556579589844,0
2019-08-05,57.22439956665039,58.36261040008416,56.61953763568654,58.10437543340391,51950000.0,57.90943584442139,55.74762496948242,48.1604405652538,1.025584638325327,1.0129110897105624,0.012673548614764663,61.771585400670716,54.04728628817206,7.724299112498656,-0.03489980183353836,-0.05289800199231287,0.012521189765465568,1,0.03753914924373812,59.293739318847656,61.54930114746094,1
2019-08-06,58.09990692138672,58.59700486187781,57.605786953817166,57.77016272379351,34188000.0,58.02146911621094,55.783856887817386,52.0190626486329,0.9016104145286477,0.9906509546741795,-0.08904054014553187,61.76747897248804,54.27545925993383,7.49201971255421,0.01529954637123998,-0.03230745477961461,0.020711735796929753,1,0.037754886453156423,57.22439956665039,60.84064865112305,1
2019-08-07,58.30053329467773,58.52176712903884,57.09051394819349,57.40714521226035,28886000.0,58.104674911499025,55.8234260559082,52.88452352106969,0.8102092329045618,0.954562610320256,-0.1443533774156942,61.797478552573274,54.411871270424776,7.385607282148499,0.0034531272754441122,-0.016750605301329324,0.031797903611497036,1,0.03759150477663619,58.09990692138672,60.42052459716797,1
2019-08-08,59.830562591552734,59.84098928533,58.252362005491165,58.73952578186306,29360000.0,58.25512046813965,55.91116561889648,58.963682476156485,0.8514190859936122,0.9339339054549273,-0.08251481946131511,61.97167412579695,54.53856681048235,7.433107315314601,0.02624383020891985,0.04554286361479232,0.06419810684806904,1,0.03807963255153294,58.30053329467773,60.03963470458984,0
2019-08-09,58.996768951416016,59.78487470410133,58.77791446440276,59.49237790242709,21314000.0,58.36216278076172,55.980749435424805,54.81311116682296,0.8074897735482836,0.9086450790735985,-0.10115530552531493,62.0344095696611,54.68991599186234,7.344493577798758,-0.013935915091235263,0.015436548482647527,-0.04990367355163228,1,0.016835248022161613,59.830562591552734,59.293739318847656,0
2019-08-12,58.3362922668457,58.84530971154173,57.98678203412523,58.55976149194646,20060000.0,58.42267379760742,56.05134635925293,51.70808454857767,0.7111824596319636,0.8691525551852716,-0.157970095553308,62.051075633724786,54.79427196149006,7.2568036722347244,-0.011195133162533288,0.000613355833080087,-0.052202199224284485,1,0.01691258786027074,58.996768951416016,57.22439956665039,1
2019-08-13,59.45662307739258,59.82957063516509,58.174897400507255,58.174897400507255,25888000.0,58.531156349182126,56.21129188537598,56.23669022136116,0.7169944867823759,0.8387209415046925,-0.12172645472231658,62.14696504948995,54.9153476488743,7.231617400615647,0.019204696887868522,-0.00624997489515422,-0.022748369789198808,1,0.018369047044736443,58.3362922668457,58.09990692138672,0
2019-08-14,57.8188362121582,58.71321706179279,57.63261058606478,58.415749357905405,31574000.0,58.57570171356201,56.32177581787109,49.002294251555746,0.5827275275022501,0.7875222587042041,-0.20479473120195402,62.13288427280479,55.018519154319236,7.114365118485551,-0.027545911295744574,-0.01996605509409921,-0.043059678848463845,1,0.020046302923722687,59.45662307739258,58.30053329467773,1
2019-08-15,57.9663200378418,58.39240507922258,57.71057050500092,57.77959810031406,24374000.0,58.62767105102539,56.445965957641604,49.63067139459228,0.4826569383486685,0.726549194633097,-0.24389225628442845,62.116700465221946,55.13864163682883,6.978058828393117,0.0025507920142566753,-0.0063420593703753525,-0.03453243306607834,1,0.020138896515767845,57.8188362121582,59.830562591552734,1
2019-08-16,58.47980117797852,58.73406169376037,58.19226769061914,58.57663833130919,26266000.0,58.745613479614256,56.57832015991211,51.85493523445385,0.43971514961133806,0.6691823856287452,-0.22946723601740715,62.041873514082035,55.44935344514648,6.592520068935556,0.008858267004038023,-0.01642915202470485,-0.013727218931028129,1,0.02019496379720975,57.9663200378418,58.996768951416016,1
2019-08-19,59.51522445678711,59.93932041059927,59.10006621106485,59.10006621106485,24632000.0,58.895537567138675,56.70983024597168,56.067832614032326,0.48365816757553404,0.6320775420181031,-0.14841937444256903,62.04201313722631,55.74906199705104,6.292951140175276,0.017705656619066756,0.029339716185297293,0.04003230977493355,1,0.017046310803543362,58.47980117797852,58.3362922668457,0
2019-08-20,58.73258209228516,59.39654132013643,58.703779861965565,59.35631594795765,18310000.0,58.986117935180665,56.81144493103027,52.33970726737192,0.45014167487978796,0.5956903685904401,-0.14554869371065215,62.00158150149952,55.97065436886181,6.030927132637714,-0.013150288378231845,0.013219090912501175,0.01088943518884622,1,0.017334421071270954,59.51522445678711,59.45662307739258,1
2019-08-21,59.15766906738281,59.54253608769476,58.9679653658341,59.25202458931948,14814000.0,59.11880989074707,56.92321022033691,54.12398142885933,0.45266256693644635,0.5670848082596414,-0.114422241323195,61.91096445943368,56.32665532206047,5.584309137373211,0.0072376687684141405,0.011591487586307903,0.014702022850678231,1,0.017429670816737367,58.73258209228516,57.8188362121582,0
2019-08-22,59.0722541809082,59.493470652093,58.52847479875999,59.29770871056255,18950000.0,59.26135940551758,57.034945526123046,53.689039805486026,0.44266535390666917,0.542200917389047,-0.0995355634823778,61.71821198455217,56.80450682648299,4.9137051580691775,-0.0014438514536013747,-0.007442974128418878,-0.012674265087916692,1,0.015126433363957196,59.15766906738281,57.9663200378418,0
2019-08-23,57.173248291015625,59.29820634433836,56.997453161925456,58.697815152148834,33740000.0,59.01524353027344,57.09704055786133,45.02580395500951,0.2783005108416816,0.48942083607957393,-0.21112032523789231,61.26453873801442,56.76594832253245,4.498590415481971,-0.03214717156512925,-0.026549723266370173,-0.030908822513688206,1,0.017709637687658104,59.0722541809082,58.47980117797852,1
2019-08-26,58.047271728515625,58.07607395813242,57.256184127946426,57.46972299448576,24522000.0,58.84014205932617,57.18001281738281,49.096976683944554,0.2160757882313149,0.43475182650992217,-0.21867603827860727,60.79968055382164,56.8806035648307,3.9190769889909376,0.015287279691564182,-0.018770133380380583,-0.004954386490797602,1,0.018316410957206097,57.173248291015625,59.51522445678711,0
2019-08-27,57.99512100219727,58.71817358632811,57.67779260219999,58.62531084280315,21544000.0,58.697865676879886,57.25484069824219,48.86444849483663,0.160701650887475,0.37994179138543277,-0.21924014049795776,60.45889595147354,56.936835402286235,3.5220605491873016,-0.0008984182161438925,-0.018234164137569953,-0.02458098020960453,1,0.016987410348674896,58.047271728515625,58.73258209228516,1
2019-08-28,58.15303802490234,58.42120333785982,57.47170361456674,57.69070206636132,16040000.0,58.5844913482666,57.321802291870114,49.64220003083374,0.12808336673543153,0.3295701064554325,-0.20148673972000097,60.17057752418003,56.99840517235317,3.172172351826859,0.002722936343198201,0.017137206004100403,0.005780154611169097,1,0.014517069453229774,57.99512100219727,59.15766906738281,1
2019-08-29,59.23712539672852,59.3965340906206,58.654609641903214,58.654609641903214,21768000.0,58.544365882873535,57.411707077026364,54.73230075655232,0.18754799580204207,0.30116568432475443,-0.11361768852271237,60.017772462295426,57.070959303451644,2.9468131588437814,0.018641973122057065,0.020498011926861848,0.021923167764610785,1,0.015599843212240814,58.15303802490234,59.0722541809082,0
2019-08-30,59.00123977661133,59.5177059380946,58.787852470145424,59.5177059380946,22596000.0,58.52974090576172,57.487865905761716,53.46593642364273,0.2131827070465775,0.283569088869119,-0.07038638182254153,59.97870813455219,57.08077367697125,2.897934457580945,-0.003982057173392506,0.017348334774160312,0.008916559019170656,1,0.015526623841602142,59.23712539672852,57.173248291015625,0
2019-09-03,58.022438049316406,58.94115412350281,57.76470318985102,58.45150487126502,29598000.0,58.56964282989502,57.53405975341797,48.45591369185328,0.15275640049330264,0.2574065511939558,-0.10465015070065314,59.91270850633212,57.22657715345791,2.686131352874213,-0.016589511186558603,-0.002245797984449349,-0.02508242926235771,1,0.015210377730362646,59.00123977661133,58.047271728515625,1
2019-09-04,58.66901779174805,58.77181470198729,58.15205526725654,58.4356143987664,21378000.0,58.59809837341309,57.59950202941894,51.677181456002195,0.15525204973535978,0.23697565090223657,-0.0817236011668768,59.924156913318484,57.27203983350769,2.652117079810793,0.011143615542009488,-0.00959039793331784,-0.0010822664060170517,1,0.015248328024906792,58.022438049316406,57.99512100219727,1
2019-09-05,60.157325744628906,60.23976179329759,59.17157125108534,59.17157125108534,28162000.0,58.690937995910645,57.72368209838867,58.159110616113566,0.2741634970951594,0.24441322014082115,0.029750276954338267,60.17164170464078,57.21023428718051,2.961407417460265,0.025367868917863357,0.01959426568653,0.016898175553662353,1,0.017162549420772142,58.66901779174805,58.15303802490234,0
2019-09-06,59.83701705932617,60.188861155662366,59.717435910685,59.995933214785445,21442000.0,58.691260719299315,57.84796157836914,56.40549645217605,0.33865167614668934,0.2632609113419948,0.07539076480469453,60.17296030307702,57.20956113552161,2.9633991675554086,-0.005324516695812909,0.03127374634736069,0.012946228123881909,1,0.017287721442778545,60.157325744628906,59.23712539672852,0
2019-09-09,59.81119537353516,60.58539634292538,59.225701651747805,59.79083452569012,29438000.0,58.73198204040527,57.97548873901367,56.25823030822886,0.3832574748145987,0.2872602240365156,0.09599725077808313,60.28793333224252,57.176030748568024,3.1119025836744925,-0.0004315336402115344,0.019468155847459423,0.04613953485889444,1,0.01276163205394046,59.83701705932617,59.00123977661133,1
2019-09-10,59.89015579223633,60.08879720189738,59.323037579725984,59.35134347859069,25202000.0,58.809675216674805,58.099728469848635,56.631110509874084,0.4201362681423788,0.3138354328576882,0.10630083528469059,60.43257346133486,57.18677697201475,3.2457964893201137,0.0013201611873503438,-0.004441187321503115,0.03174798761154163,1,0.012213791942418138,59.81119537353516,58.022438049316406,1
2019-09-11,60.59383392333984,60.71451001639176,59.70144234213127,59.7615322242638,26140000.0,58.86653575897217,58.22111770629883,59.910918197596764,0.5003758999471231,0.3511435262755752,0.14923237367154785,60.64805263474278,57.085018883201556,3.5630337515412265,0.011749479055366274,0.012647971125688162,0.04480916456824202,1,0.012396077465487983,59.89015579223633,58.66901779174805,1
2019-09-12,61.29305648803711,61.67096732029968,60.73537232297564,60.79893651198631,34518000.0,59.04024677276611,58.34328170776367,62.91233067780866,0.6133178570925324,0.40357839243896665,0.20973946465356574,61.04303633111706,57.03745721441516,4.005579116701895,0.011539500299352135,0.024775647857351313,0.053995776829237174,1,0.01257095820124817,60.59383392333984,60.157325744628906,1
2019-09-13,61.5567512512207,61.622300755740135,60.933513791222566,61.14904174417859,26028000.0,59.219768333435056,58.46045989990235,64.00676868248128,0.7158512478496846,0.46603296352111023,0.24981828432857434,61.437458411800094,57.00207825507002,4.435380156730076,0.0043021963382599004,0.02782753587694664,0.03915831227388167,1,0.011671108002219328,61.29305648803711,59.83701705932617,0
2019-09-16,61.14655685424805,61.556751797853664,60.86399040777263,61.05816485644338,21066000.0,59.35310611724854,58.5594921875,60.991646715747954,0.7553037673698668,0.5238871242908616,0.23141664307900522,61.694051641575385,57.01216059292169,4.681891048653696,-0.00666367845337712,0.009121768587996737,0.03636054235062258,1,0.011901117059593536,61.5567512512207,59.81119537353516,0
2019-09-17,61.03979110717773,61.33030261226768,60.768647793514425,61.10186631225088,19102000.0,59.429334449768064,58.67152549743653,60.19680739539164,0.7690894849784158,0.5729275964283724,0.19616188855004335,61.88300673697321,56.97566216256292,4.907344574410288,-0.0017460631074421862,-0.004132040321872532,0.052003210470003225,1,0.009845657386792135,61.14655685424805,59.89015579223633,1
2019-09-18,61.20167922973633,61.36059159739816,60.41307712617032,60.95834549554752,22702000.0,59.552789306640626,58.77837425231934,61.02618000006777,0.784039860574083,0.6151500492575146,0.16888981131656844,62.10047290562643,57.00510570765482,5.095367197971612,0.0026521736005673535,-0.005768205993121445,0.04316863539420823,1,0.00963284509235405,61.03979110717773,60.59383392333984,1
2019-09-19,61.51454162597656,61.79909339015752,61.182315771884426,61.18430108723955,19920000.0,59.670632934570314,58.87593673706055,62.646090084404676,0.811775874651687,0.654475214336349,0.15730066031533796,62.34899319221984,56.99227267692079,5.356720515299045,0.005111990392711707,0.006018078378569491,0.0225611073056855,1,0.006235648955957669,61.20167922973633,61.29305648803711,0
2019-09-20,61.078521728515625,61.743473546733945,60.73835082810815,61.23693776798632,45400000.0,59.77094631195068,58.961074142456056,58.96760461611311,0.7894731488506181,0.6814748012392029,0.10799834761141525,62.501913415320296,57.039979208581066,5.46193420673923,-0.007088078459757452,0.0006345143165691347,0.020748104270614798,1,0.006493318589385846,61.51454162597656,61.5567512512207,1
2019-09-23,61.28212738037109,61.53340615402711,60.79247817089335,60.88335559716085,21248000.0,59.976390266418456,59.04959823608399,60.14448336677574,0.7792447045807052,0.7010287819075034,0.07821592267320177,62.50551641762046,57.44726411521645,5.058252302404014,0.0033335065436006506,0.0013144761981573883,0.024592921068532503,1,0.006440800096789966,61.078521728515625,61.14655685424805,0
2019-09-24,60.5238151550293,61.91330846597254,60.12256173683451,61.5785972057646,31664000.0,60.10021743774414,59.11755310058594,53.93931987917861,0.7018585413267999,0.7011947337913627,0.0006638075354372663,62.47735469720934,57.72308017827894,4.754274518930401,-0.012374117181589206,-0.0161055653632457,0.010580359232845948,1,0.007979907978530579,61.28212738037109,61.03979110717773,1
2019-09-25,61.90238952636719,61.99078531782688,60.0932708240808,60.37782260162092,29060000.0,60.29558086395264,59.20986145019531,61.67956458293243,0.7432017132280251,0.7095961296786951,0.033605583549329965,62.589353460342664,58.00180826756261,4.5875451927800555,0.022777387179025776,0.013488666302591934,0.021595524136711175,1,0.010098682197840575,60.5238151550293,61.20167922973633,0
2019-09-26,61.64762878417969,61.82690200020933,61.19462832342842,61.67593468262966,30760000.0,60.47031040191651,59.304255447387696,59.683539903616506,0.7468007577826583,0.7170370552994878,0.029763702483170507,62.61198727541688,58.328633528416134,4.283353747000746,-0.004115523554692246,0.005964241442533158,0.005784868898025763,1,0.009692586833351773,61.90238952636719,61.51454162597656,0
2019-09-27,60.83816909790039,61.77823484153433,60.30978348989402,61.7280791085424,27078000.0,60.5503625869751,59.38248016357422,53.733533781054724,0.6765376894224673,0.7089371821240837,-0.03239949270161646,62.62016001034622,58.48056516360398,4.139594846742241,-0.013130426948181784,0.005193888423356885,-0.01167349053863631,1,0.010491301188747113,61.64762878417969,61.078521728515625,0
2019-09-30,60.53573989868164,60.88335952672294,60.20301771344643,60.63356972337542,28082000.0,60.62708759307861,59.47077590942383,51.66128807834399,0.5896530394655741,0.6850803535923818,-0.09542731412680772,62.57146434047919,58.68271084567804,3.8887534948011506,-0.004971043732957869,-0.022077493908428614,-0.00998939248570252,1,0.010405301910358732,60.83816909790039,61.28212738037109,0
2019-10-01,59.845462799072266,61.143082327961565,59.76997914001535,60.535738753676455,25470000.0,60.718238830566406,59.5373503112793,47.188141332799454,0.4597964876562557,0.6400235804051566,-0.18022709274890092,62.30339319466054,59.13308446647227,3.1703087281882745,-0.011402802720586025,-0.029233338258906394,-0.019566389177321786,1,0.010922138233536561,60.53573989868164,60.5238151550293,0
2019-10-02,58.431636810302734,59.44221912639637,58.16644945656304,59.44221912639637,32302000.0,60.70636978149414,59.56756355285645,39.62101929768415,0.24003333841484675,0.5600255320070947,-0.31999219359224795,62.35500535290791,59.05773421008037,3.2972711428275403,-0.02362461450948039,-0.039556290455175946,-0.045260889150369965,1,0.012713684872265619,59.845462799072266,61.90238952636719,1
2019-10-03,58.98782730102539,59.048909844312,57.72645876370944,58.598989667049366,32424000.0,60.647894859313965,59.61724349975586,43.4620701033206,0.10948728241823602,0.469917882089323,-0.360430599671087,62.446424748358524,58.849364970269406,3.5970597780891183,0.009518653268747457,-0.025570226782508754,-0.041075073603152434,1,0.013154453324935263,58.431636810302734,61.64762878417969,1
2019-10-04,60.03913497924805,60.16030361920413,59.0543731449456,59.18945035803195,23248000.0,60.658000755310056,59.69360092163086,49.944093119919124,0.08982489057063958,0.3938992837855863,-0.3040743932149467,62.44039083670752,58.87561067391259,3.564780162794932,0.01782245128062865,0.003236204903720452,-0.01701722176393672,1,0.014784949217355198,58.98782730102539,60.83816909790039,0
2019-10-07,59.97358322143555,60.496206110741845,59.77841990658086,59.810700224232654,16858000.0,60.66612014770508,59.6511612701416,49.56253267552312,0.06816703718282469,0.328752834465034,-0.2605857972822093,62.43443016162995,58.89781013378021,3.536620027849736,-0.0010918171595103443,0.02638889641477471,-0.021352786120063305,1,0.014686220049459254,60.03913497924805,60.53573989868164,0
2019-10-08,59.05239486694336,59.894134538658896,59.04643513168291,59.47252020948983,20786000.0,60.62423210144043,59.60122314453125,44.42605139911237,-0.023063309700830814,0.25838960563186103,-0.28145291533269184,62.500478245161936,58.74798595771892,3.752492287443019,-0.01535990189365477,0.0010945913567637078,-0.024311426573439765,1,0.014947260189577578,59.97358322143555,59.845462799072266,1
2019-10-09,59.7069091796875,60.00685470126635,59.47449847592596,59.559912497405534,17354000.0,60.57988586425781,59.57854835510254,48.509217982501966,-0.04206527949389027,0.19829862860671077,-0.24036390810060104,62.498360439416196,58.661411289099426,3.8369491503167694,0.011083620134609173,-0.005533487444070895,-0.03546681094991544,1,0.013106426970067671,59.05239486694336,58.431636810302734,1
2019-10-10,60.02275085449219,60.33710130972949,59.46010335958975,59.52168223783309,16932000.0,60.516370582580564,59.57059288024902,50.40294217297522,-0.031278138982735015,0.15238327508882163,-0.18366141407155664,62.42025223531006,58.61248892985107,3.807763305458991,0.0052898681098056954,0.0008198215016619326,-0.026357508986695755,1,0.013393834235848062,59.7069091796875,58.98782730102539,1
2019-10-11,60.35943984985352,61.00204167615114,60.274522159352486,60.69514377020528,25454000.0,60.45650501251221,59.576988983154294,52.41216168800711,0.0043881518053439095,0.12278425043212608,-0.11839609862678217,62.300109326219584,58.612900698804836,3.6872086274147478,0.005609356295207757,0.022133649039216552,-0.007868896371232004,1,0.013061549500669387,60.02275085449219,60.03913497924805,1
2019-10-14,60.44336700439453,60.89974703768053,60.17619812590616,60.20500035255357,17350000.0,60.42134552001953,59.599981536865236,52.92411251668509,0.03897686316331317,0.10602277297836352,-0.06704590981505035,62.23758678110406,58.60510425893499,3.63248252216907,0.0013904561531681292,0.012334549465467415,-0.0015259232718013438,1,0.012985798251727331,60.35943984985352,59.97358322143555,1
2019-10-15,61.72808074951172,61.942612260668966,60.60526367063044,60.60526367063044,27634000.0,60.45576000213623,59.69005516052246,60.01524039388062,0.16811638747690694,0.1184414958780722,0.04967489159883473,62.342294204130084,58.56922580014238,3.7730684039877076,0.02125483421570107,0.028411391859623603,0.03145798966849389,1,0.013895504510755271,60.44336700439453,59.05239486694336,1
2019-10-16,61.759368896484375,62.31059704968608,61.50163402570495,61.63670746642111,21892000.0,60.48364448547363,59.76324440002441,60.172586882558605,0.2698741417548689,0.14872802505343155,0.12114611670143735,62.42902394684167,58.5382650241056,3.890758922736069,0.000506870561869821,0.023193208056821346,0.05695086203018862,1,0.010369519563752072,61.72808074951172,59.7069091796875,1
2019-10-17,62.2276611328125,62.73692484016027,62.07222685071434,62.12138992797225,19048000.0,60.51930046081543,59.84178695678711,62.54810404675209,0.3838800348506126,0.19575842701286778,0.18812160783774484,62.56262737660298,58.47597354502788,4.086653831575106,0.007582529496262147,0.029520098181960108,0.054923769530511146,1,0.01030615560866429,61.759368896484375,60.02275085449219,0
2019-10-18,61.85123825073242,62.51668261683466,61.63223599211912,62.2470282952592,27056000.0,60.55793628692627,59.882200469970705,59.477172544040876,0.4387981538354708,0.2443663723773884,0.19443178145808243,62.670157853556276,58.445714720296266,4.22444313326001,-0.006049124701580477,0.001995161678855162,0.03018203496953631,1,0.009866626986977696,62.2276611328125,60.35943984985352,1
2019-10-21,61.88400650024414,62.30507518527,61.60839246435833,62.187430104119535,20544000.0,60.58803024291992,59.939945220947266,59.66283464677039,0.479438612786538,0.2913808204592183,0.18805779232731967,62.757052892859825,58.419007592980016,4.338045299879809,0.0005297913257433784,0.0020181165382158195,0.03185441282964363,1,0.009804639927998952,61.85123825073242,60.44336700439453,0
2019-10-22,61.71764755249024,62.104996202513206,61.64713097247706,61.968433790628666,20476000.0,60.64772186279297,60.00757232666015,58.20482591387944,0.49254494105800717,0.3316136445789761,0.1609312964790311,62.87141006839501,58.42403365719093,4.4473764112040755,-0.0026882381597779226,-0.008195930411617702,0.045133693418399456,1,0.007744049784460711,61.88400650024414,61.72808074951172,1
2019-10-23,62.528602600097656,62.56634253601734,61.69580068918184,61.69580068918184,18230000.0,60.679032516479495,60.06901191711426,62.957051902302354,0.5618919548569608,0.377669306634573,0.18422264822238776,62.988485284558,58.36957974840099,4.6189055361570155,0.013139759530168549,0.010951508304802848,0.047259077034423225,1,0.007963897008219289,61.71764755249024,61.759368896484375,1
2019-10-24,62.6209716796875,62.77045002072806,62.259693520614114,62.61650093114042,20562000.0,60.72769966125488,60.165054626464844,63.46658885923671,0.6171888072894376,0.42557320676554594,0.19161560052389165,63.154773603437675,58.30062571907209,4.854147884365588,0.0014772292318858682,0.01190881491230611,0.04328726671481542,1,0.008021268442824922,62.528602600097656,62.2276611328125,1
2019-10-25,62.82656097412109,63.04854120105886,62.075698809640514,62.12635087152809,24262000.0,60.82711925506592,60.26225944519043,64.63267575084373,0.6698793469871873,0.47443443480987424,0.19544491217731308,63.42129618833997,58.23294232179186,5.188353866548113,0.0032830741669931385,0.017967525750033353,0.04087382405145945,1,0.008012008971209808,62.6209716796875,61.85123825073242,1
2019-10-28,64.06161499023438,64.52395102058992,63.19454738920079,63.33905865603972,52264000.0,61.00341300964355,60.373895721435545,70.68590728200999,0.8020499836826502,0.5399575445844295,0.2620924390982208,63.94974092008019,58.057085099206915,5.892655820873273,0.01965815089929901,0.02451697825299437,0.05986178740798431,1,0.009316454784330434,62.82656097412109,61.88400650024414,0
2019-10-29,62.70191192626953,63.64396295170973,62.43334878599491,63.377786736247096,37728000.0,61.14623546600342,60.43762947082519,58.76186608096504,0.7879959647809542,0.5895652286237345,0.19843073615721973,64.13087365439053,58.161597277616316,5.969276376774211,-0.02122492641142626,0.0012925421693557038,0.015776145393367358,1,0.0110459260785407,64.06161499023438,61.71764755249024,0
2019-10-30,62.6358642578125,63.036621368689126,62.1745209312892,62.22269134875727,28178000.0,61.35644683837891,60.515695114135745,58.24785947567779,0.7627362104393995,0.6241994249868675,0.138536785452532,64.13156835760027,58.58132531915755,5.550243038442723,-0.0010533597210671264,-0.0030352881544342125,0.014192103594796057,1,0.011074402047871856,62.70191192626953,62.528602600097656,0
2019-10-31,62.5772705078125,62.95269971367393,62.11706757623557,62.635371293682766,29114000.0,61.53591899871826,60.584087142944334,57.76511507004616,0.7295795087707759,0.6452754417436493,0.08430406702712667,64.13370051472786,58.93813748270866,5.195563032019201,-0.0009354664567063908,-0.02317057543192047,0.005618231002669782,1,0.010877459855786854,62.6358642578125,62.6209716796875,1
2019-11-01,63.25413513183594,63.2978348014475,62.5966358284961,62.82010504238802,33402000.0,61.696669006347655,60.66772476196289,61.712664932644486,0.7492826383397215,0.6660768810628638,0.08320575727685775,64.3019496823867,59.091388330308604,5.210561352078102,0.010816461289070434,0.008807119090973758,0.022681791355840808,1,0.011035955751331716,62.5772705078125,62.82656097412109,1
2019-11-04,64.129638671875,64.26670120084444,63.38399365995271,63.38871067810195,30020000.0,61.90447177886963,60.80685256958008,66.12327353272642,0.8260214679670668,0.6980657984437044,0.12795566952336235,64.58865187456236,59.220291683176896,5.368360191385463,0.013841048307977166,0.023848547980659163,0.036287763165786524,1,0.011587672972410581,63.25413513183594,64.06161499023438,1
2019-11-05,64.16242218017578,64.50507851901453,64.12264009749326,64.2051291931279,25654000.0,62.15997314453125,60.92915557861328,66.27991769384639,0.8793463412094411,0.7343219069968517,0.14502443421258937,64.67721339038309,59.64273289867942,5.034480491703668,0.0005112068145045612,0.025331109195077195,0.03961224584275169,1,0.011436985760277806,64.129638671875,62.70191192626953,0
2019-11-06,64.15099334716797,64.24684164220056,63.689157479854565,64.03479178148491,23060000.0,62.38217735290527,61.0522730255127,66.16505669046921,0.9101923453478946,0.7694959946670603,0.1406963506808343,64.77556978641843,59.98878491939212,4.786784867026313,-0.0001781234657214359,0.01417864956121484,0.02594637781122877,1,0.01101579679665073,64.16242218017578,62.6358642578125,1
2019-11-07,64.99820709228516,65.7371460746189,64.27242271964337,64.27415797633661,40600000.0,62.630950164794925,61.189176406860355,70.27709945871003,0.9915708827267053,0.8139109722789895,0.1776599104477159,65.02596985829165,60.235930471298204,4.790039386993442,0.013206556920051016,0.013543946892547787,0.03796228881208452,1,0.011494697324730114,64.15099334716797,62.5772705078125,1
2019-11-08,65.12284088134766,65.45209253183815,64.77497121734183,64.82041371919429,25028000.0,62.86912021636963,61.306890716552736,70.83857190304875,1.0539713395415689,0.8619230457315054,0.1920482938100635,65.26059914892159,60.47764128381767,4.782957865103917,0.0019174957993155495,0.014968554311663995,0.03654950822745873,1,0.011509523311809556,64.99820709228516,63.25413513183594,0
2019-11-11,64.51799011230469,64.8772791475001,64.42959053654617,64.71612761504201,20238000.0,63.07285137176514,61.417225723266604,64.47333574225911,1.042599313139057,0.8980582992130157,0.14454101392604124,65.29096872839604,60.85473401513424,4.436234713261797,-0.009287843725137801,0.005720827472625922,0.0071240027610899315,1,0.01064531093260034,65.12284088134766,64.129638671875,0
2019-11-12,64.49862670898438,65.0548181492645,64.34815191850642,64.55821648400294,21718000.0,63.21137866973877,61.54674949645996,64.27422270598441,1.0202634732353033,0.9224993340174733,0.09776413921783,65.42229947695937,61.00045786251817,4.421841614441199,-0.00030012409386293015,-0.007686064056989683,0.028654864381608913,1,0.007407588685664717,64.51799011230469,64.16242218017578,0
2019-11-13,64.4588851928711,64.77173902871758,64.23590854226391,64.26371810889643,16534000.0,63.346354484558105,61.66254684448242,63.83846067744588,0.9879666860055423,0.9355928044150872,0.052373881590455085,65.51542916335148,61.17727980576472,4.338149357586765,-0.0006161606555220578,-0.010195434957855687,0.02910506555086312,1,0.007383216400553557,64.49862670898438,64.15099334716797,1
2019-11-14,65.1273193359375,65.40243707980748,64.34219526405447,64.43406535871058,23870000.0,63.49133739471436,61.76194671630859,67.7935336871126,1.004726437497439,0.9494195310315576,0.05530690646588132,65.7284956328716,61.254179156557115,4.474316476314485,0.01036993024416022,0.009444330528154632,0.04075040038390032,1,0.007593646668120424,64.4588851928711,64.99820709228516,1
2019-11-15,66.28985595703125,66.29035607459745,65.26735043784288,65.49876847529693,35652000.0,63.7132682800293,61.8910034942627,73.2693598847942,1.0991453870726673,0.9793647022397797,0.11978068483288762,66.12909523977545,61.29744132028314,4.831653919492311,0.01785021451746216,0.02777158738788099,0.04799244853902729,1,0.008556957124655989,65.1273193359375,65.12284088134766,0
2019-11-18,65.58617401123047,66.32258195695339,65.4272578691305,66.15825545220515,29748000.0,63.898376655578616,62.0065030670166,65.95905556541175,1.1044603018945267,1.004383822170729,0.10007647972379763,66.2924265507226,61.50432676043464,4.7880997902879585,-0.01061522816186089,0.01748849386684781,0.022712358427714907,1,0.009139152503623271,66.28985595703125,64.51799011230469,0
2019-11-19,65.3259506225586,65.93379043963074,65.19385139633167,65.93379043963074,25384000.0,64.07879180908203,62.11521896362305,63.43836440025919,1.0752794058421813,1.0185629389050195,0.056716466937161814,66.32773689334101,61.829846724823064,4.497890168517948,-0.003967656180513202,0.0030498919446770856,0.018134110322635344,1,0.009343253182612836,65.58617401123047,64.49862670898438,0
2019-11-20,64.70967864990234,65.30312129815819,64.1187290124141,65.14122714907006,26172000.0,64.18784561157227,62.197535858154296,57.80436711332678,0.9910016871181284,1.0130506885476414,-0.022049001429512938,66.334743231189,62.040947991955555,4.2937952392334395,-0.009433800301153816,-0.023837392378000755,0.008708911173221034,1,0.01000048696199122,65.3259506225586,64.4588851928711,0
2019-11-21,64.62525177001953,65.18343607560185,64.21059364355068,64.63170783382844,19910000.0,64.28805961608887,62.26417976379395,57.05677470838353,0.9069437610944604,0.9918293030570052,-0.08488554196254483,66.3169125058067,62.259206726371055,4.0577057794356435,-0.0013047025057810746,-0.014651292832638774,-0.005737932459215389,1,0.009023410618390284,64.70967864990234,65.1273193359375,0
2019-11-22,64.32679748535156,64.99174934852405,64.13163794395689,64.83730392927706,27714000.0,64.36307144165039,62.31958068847656,54.3793339175697,0.8069425512038961,0.9548519526863835,-0.14790940148248732,66.27797128775939,62.44817159554139,3.829799692217996,-0.004618230126670508,-0.015294888596110279,-0.012223720360210688,1,0.00906234214127853,64.62525177001953,66.28985595703125,1
2019-11-25,64.89044952392578,65.11987471619895,64.46535708209427,64.51749813794629,20724000.0,64.40451316833496,62.394458541870115,58.354027157586025,0.7643617938117444,0.9167539209114557,-0.15239212709971128,66.32738136030721,62.481644976362695,3.8457363839445193,0.008762320846185112,0.0027935677907080514,0.005772954349209547,1,0.009068335503525277,64.32679748535156,65.58617401123047,1
2019-11-26,65.2311019897461,65.2931771906439,64.81098048542756,65.0478543599473,21394000.0,64.53097267150879,62.478284759521486,60.58886528334307,0.7494646815179635,0.8832960730327573,-0.13383139151479373,66.31712319091261,62.74482215210498,3.5723010388076304,0.005249654892507838,0.009374821809322809,0.011356447697198568,1,0.009175456160708367,64.89044952392578,65.3259506225586,0
2019-11-27,65.20330047607422,65.4699768451025,65.03644304289142,65.30311941191968,19912000.0,64.65934448242187,62.55831718444824,60.304442778102036,0.7270344621741742,0.8520437508610407,-0.12500928868686645,66.2393869331313,63.079302031712444,3.1600849014188555,-0.000426200276000932,0.01362578311040985,0.0115486838001575,1,0.00917154862452261,65.2311019897461,64.70967864990234,0
2019-11-29,64.8045425415039,65.06500536829218,64.75537945360927,64.9118102160163,11740000.0,64.77070808410645,62.62411720275879,56.227404804051766,0.6693658857177383,0.8155081778323802,-0.14614229211464191,66.0293330588492,63.51208310936368,2.5172499494855245,-0.006115609664830268,-0.0013238771352662715,-0.004956089053330448,1,0.00881203813861695,65.20330047607422,64.62525177001953,0
2019-12-02,64.0576400756836,64.84772739422539,63.614672267390304,64.60787553415649,30218000.0,64.81088333129883,62.68369956970215,49.47962248645537,0.556973888249459,0.763801319915796,-0.206827431666337,65.91513652604804,63.70663013654961,2.2085063894984316,-0.011525464674670971,-0.017989300782423667,-0.033673566628272145,1,0.006663687881529463,64.8045425415039,64.32679748535156,1
2019-12-03,64.32380676269531,64.48177570670812,63.5153402418968,63.54364613676703,22876000.0,64.82059173583984,62.744533157348634,51.70395192249,0.4838028693878016,0.7078016298101972,-0.22399876042239564,65.90393284794476,63.73725062373492,2.1666822242098362,0.00415511228164589,-0.013488484585249316,-0.01924745981247511,1,0.0065220269181531275,64.0576400756836,64.89044952392578,1
2019-12-04,65.5782470703125,65.83946007239525,64.80007147130783,64.90634648738495,30750000.0,64.89138298034668,62.845621795654296,60.52525660014991,0.5210310373330316,0.6704475113147642,-0.14941647398173263,65.97846772973458,63.804298230958786,2.1741694987757896,0.019501960016842457,0.011939047765256117,0.003862116744563382,1,0.009324829812372724,64.32380676269531,65.2311019897461,1
2019-12-05,65.95514678955078,66.01613082090294,65.37461639567003,65.94869072658955,24254000.0,64.98159065246583,62.92667694091797,62.72800245682054,0.5743268042113101,0.6512233698940735,-0.07689656568276337,66.10670703866143,63.85647426627023,2.2502327723911932,0.005747328360792725,0.02962186417772017,0.019247014753183578,1,0.00876021109919528,65.5782470703125,65.20330047607422,1
2019-12-06,66.57540130615234,66.74325137232466,66.21884020896762,66.21884020896762,26296000.0,65.06045036315918,63.02523239135742,66.08229081177359,0.6590167048937161,0.652782036894002,0.006234667999714061,66.3829490305875,63.73795169573086,2.6449973348566402,0.009404186735883835,0.03500406236471143,0.030176277580670208,1,0.00897114879559563,65.95514678955078,64.8045425415039,1
2019-12-09,66.72140502929688,67.51050720359544,66.43734582643977,66.44727998001156,27086000.0,65.14037857055663,63.14289710998535,66.83882117794658,0.7295060499539261,0.668126839505987,0.06137921044793915,66.64849800125153,63.63225913986174,3.0162388613897875,0.0021930581007407746,0.01743196883196174,0.037225660806301075,1,0.008577256569439745,66.57540130615234,64.0576400756836,1
2019-12-10,66.77603912353516,67.03997999056595,66.34796874399038,66.61910827385073,21882000.0,65.25328102111817,63.26770309448242,67.13423317088248,0.7807775608667953,0.6906569837781487,0.09012057708864663,66.89066917735639,63.61589286487996,3.274776312476426,0.0008188390849126481,0.01244622101446713,0.02905804495797404,1,0.008422211632286429,66.72140502929688,64.32380676269531,1
2019-12-11,66.79391479492188,67.10081273636702,66.67721310369951,67.08293731986201,17008000.0,65.36804542541503,63.406672134399415,67.23707366285709,0.8134757775516874,0.7152207425328565,0.09825503501883093,67.09696600168427,63.6391248491458,3.457841152538464,0.0002676958924390238,0.0032821955930040225,0.02395809295727447,1,0.008415144078683325,66.77603912353516,65.5782470703125,1
2019-12-12,67.05462646484375,67.32800894278013,66.56945175179673,66.83959862027363,25620000.0,65.49783248901367,63.57913192749024,68.77186458639915,0.8506211713862939,0.7423008283035439,0.10832034308274996,67.32139611180314,63.67426886622422,3.647127245578922,0.003903224877930045,0.004994220901082036,0.02839313309682634,1,0.008364685233719972,66.79391479492188,65.95514678955078,0
2019-12-13,66.93345642089844,67.19481332306121,66.73679654783501,66.9394123666553,30992000.0,65.58813934326172,63.73804450988769,67.1963171429623,0.8603640129489918,0.7659134652326336,0.09445054771635819,67.50582289121841,63.67045579530502,3.835367095913398,-0.001807034806298402,0.002357391954201704,0.03285130634216071,1,0.007953266542991182,67.05462646484375,66.57540130615234,1
2019-12-16,67.5959243774414,67.77023051418952,67.17380997263811,67.36400620931931,27946000.0,65.65344276428223,63.88918029785156,71.09523767100865,0.9110390219551192,0.7949385765771309,0.11610044537798836,67.74346930727229,63.56341622129217,4.18005308598012,0.009897411428705594,0.012007225283649614,0.05523594527643172,1,0.006223512356617927,66.93345642089844,66.72140502929688,0
2019-12-17,67.29547882080078,67.78612451939068,67.10691932174733,67.68134229977522,37080000.0,65.73890800476075,64.03561820983887,67.19454793550497,0.9163922863509129,0.8192293185318873,0.09716296781902556,67.94737923759052,63.530436771930965,4.4169424656595595,-0.004444728870974579,0.0035918827477670057,0.0461986348082386,1,0.006965811998610367,67.5959243774414,66.77603912353516,0
2019-12-18,67.17132568359375,67.56115977757484,67.09088252490885,67.36897822232179,30452000.0,65.8311767578125,64.19799682617187,65.59301783455263,0.9002392684638636,0.8354313085182826,0.06480795994558097,68.11580986107029,63.54654365455471,4.569266206515579,-0.001844895665838675,0.0035538171105271577,0.024292790436639233,1,0.004811912155614552,67.29547882080078,66.79391479492188,1
2019-12-19,67.34115600585938,67.44345276907507,66.99080095815266,67.13159161448951,29398000.0,65.96275062561035,64.35068176269532,66.7601040608883,0.8908723511722485,0.8465195170490758,0.0443528341231727,68.27678553253145,63.64871571868926,4.628069813842188,0.002528315773691947,-0.003768990126674754,0.02101442091746164,1,0.00466967889773398,67.17132568359375,67.05462646484375,0
2019-12-20,67.0208511352539,67.7185757352286,66.99154879345562,67.70417841187283,66300000.0,66.08253059387206,64.49064376831055,62.45710544163196,0.8478298211527715,0.8467815778698149,0.0010482432829566068,68.35486491945498,63.81019626828915,4.544668651165836,-0.004756450432445769,-0.004080923270910586,0.00669090715733156,1,0.00434131086193878,67.34115600585938,66.93345642089844,0
2019-12-23,66.9836196899414,67.52789165434014,66.86791065439253,67.33273211206371,17662000.0,66.21537170410156,64.62312736511231,61.95721238143793,0.8014751330937457,0.8377202889146012,-0.03624515582085541,68.3691564675109,64.06158694069221,4.307569526818696,-0.0005555203295966038,-0.002794436342324458,0.0039299930888654355,1,0.004321522615682043,67.0208511352539,67.5959243774414,0
2019-12-24,66.72140502929688,67.05412718733173,66.68266865015195,66.96672785300906,6950000.0,66.30691947937012,64.74868812561036,58.41133168324505,0.7351063289722362,0.8171974969261282,-0.08209116795389204,68.38186406055897,64.23197489818128,4.14988916237769,-0.003914608703714295,-0.009203153217455573,-0.000818169136046043,1,0.004525070658212811,66.9836196899414,67.29547882080078,1
2019-12-26,67.55767822265625,67.60371934992692,66.76659830086497,66.85101966342629,13350000.0,66.42324829101562,64.86528007507324,65.24331092670388,0.7414419499544493,0.8020463875317925,-0.06060443757734313,68.50475454320768,64.34174203882357,4.163012504384113,0.012533806699546846,0.008009851834304138,0.011434625894879202,1,0.006037363025870458,66.72140502929688,67.17132568359375,0
2019-12-27,67.13507843017578,67.76278667677775,67.00695738628835,67.68630656700985,20768000.0,66.5198371887207,64.97279426574707,59.88921744879762,0.7042446102987157,0.7824860320851772,-0.07824142178646154,68.54444493157914,64.49522944586226,4.049215485716871,-0.006255392482371391,0.0022611310188289657,0.0011997973827235775,1,0.006368916743147015,67.55767822265625,67.34115600585938,0
2019-12-30,66.35292053222656,67.19019307204604,66.24763821220691,67.04121108745511,21018000.0,66.59725608825684,65.05529945373536,51.470295926219535,0.6046814536346119,0.7469251163950642,-0.1422436627604523,68.46599546471083,64.72851671180285,3.7374787529079754,-0.011650509930701936,-0.005522732875731795,-0.008673329000392305,1,0.0073829088443175435,67.13507843017578,67.0208511352539,1
2019-12-31,66.3966293334961,66.44529987002558,66.00257454427881,66.05348045497554,19236000.0,66.71420555114746,65.14620727539062,51.87740985553241,0.5232719167069178,0.7021944764574349,-0.17892255975051718,68.18240120238384,65.24600989991107,2.936391302472771,0.0006587321389766032,-0.01718603894783921,-0.01774212062325975,1,0.00640199052281132,66.35292053222656,66.9836196899414,1
2020-01-02,67.90381622314453,67.9420524872171,66.62159046238858,66.62159046238858,28132000.0,66.89320602416993,65.26660346984863,63.30787850553331,0.5737577360465451,0.676507128375257,-0.10274939232871183,67.973792545259,65.81261950308085,2.1611730421781488,0.02269975004421032,0.01145061286802962,0.009039796030929192,1,0.009926442570411274,66.3966293334961,66.72140502929688,0
2020-01-03,67.57058715820312,68.15856627305749,66.81992586515675,66.93493774743344,23728000.0,66.99282302856446,65.3836622619629,59.91911779836673,0.5801912276586734,0.6572439482319403,-0.07705272057326695,67.92765920104817,66.05798685608075,1.8696723449674266,-0.004907368738251039,0.018351364434443518,0.005943927271736094,1,0.010068283746861025,67.90381622314453,67.55767822265625,1
2020-01-06,69.23670196533203,69.35041810666512,67.04122344136731,67.04122344136731,34646000.0,67.15690078735352,65.51782424926758,68.88670938874992,0.7115292900014225,0.6681010165858368,0.04342827341558575,68.40505012410695,65.90875145060009,2.496298673506857,0.024657397207871412,0.04277434954673476,0.02814840243175687,1,0.012634688692552028,67.57058715820312,67.13507843017578,0
2020-01-07,69.19348907470703,69.67270781341017,69.04649239035008,69.42192915117019,30054000.0,67.28780517578124,65.64927459716797,68.45888900439843,0.8028737032400386,0.6950555539166772,0.10781814932336142,68.78821944267857,65.78739090888392,3.000828533794646,-0.0006241327128296836,0.018992641699612234,0.032417343299155466,1,0.012424053737768018,69.23670196533203,66.35292053222656,1
2020-01-08,69.73876953125,70.09930131527037,69.06934689950678,69.13092199097464,30560000.0,67.43867340087891,65.78751876831055,70.91363615032114,0.9087884371741239,0.7378021305681666,0.17098630660595737,69.25457029115121,65.62277651060661,3.631793780544598,0.007880516849702923,0.032087665125219544,0.0411316953915275,1,0.012422279217301413,69.19348907470703,66.3966293334961,1
2020-01-09,70.50898742675781,70.88143863523739,70.03423186106627,70.54573849204765,30018000.0,67.62532081604004,65.91646621704102,73.99260304529207,1.0428553863404915,0.7988127817226316,0.24404260461785987,69.8514567714917,65.39918486058839,4.452271910903306,0.011044328723962993,0.01837588194282902,0.056767125869094714,1,0.012248337880218329,69.73876953125,67.90381622314453,1
2020-01-10,71.00061798095703,71.2587998695222,70.43548516664643,70.89285022974859,36414000.0,67.8356559753418,66.08244033813476,75.75668037350563,1.1752275942976667,0.8740957442376387,0.30113185006002796,70.466054570823,65.20525737986058,5.260797190962421,0.006972594163402235,0.026117036883323896,0.05096296748022566,1,0.012022899231942162,70.50898742675781,67.57058715820312,1
2020-01-13,71.47240447998047,71.53646500448443,70.81639409579765,71.31845917411077,33046000.0,68.05654487609863,66.25917114257813,77.34478887946746,1.303180496815287,0.9599126947531684,0.3432678020621185,71.09743547971192,65.01565427248534,6.081781207226584,0.0066448224316861815,0.02485898389637664,0.06460595788706414,1,0.011348534403918822,71.00061798095703,69.23670196533203,0
2020-01-14,71.0577392578125,71.60002592316594,70.93309629884654,71.46147817790887,31178000.0,68.26275901794433,66.42878051757812,72.82904318683765,1.3554987303890158,1.039029901880338,0.31646882850867786,71.52252689030583,65.00299114558284,6.519535744722987,-0.0058017527909547395,0.007782721764721279,0.07090597803153043,1,0.010432182775072608,71.47240447998047,69.19348907470703,1
2020-01-15,71.47090148925781,71.5799043888649,71.02445561952192,71.02445561952192,25654000.0,68.45650787353516,66.59311584472657,74.4308925439597,1.4140003309351528,1.114023987691301,0.2999763432438518,71.98431654765614,64.92869919941418,7.055617348241952,0.005814457872720613,0.006623653732519941,0.07642364087903819,1,0.010213329373472356,71.0577392578125,69.73876953125,1
2020-01-16,72.09165954589844,72.10606444889174,71.55632152029573,71.88010979220724,23474000.0,68.69631690979004,66.75235626220703,76.65753220869686,1.493240115585806,1.189867213270202,0.303372902315604,72.51582844789063,64.87680537168946,7.63902307620117,0.008685465604962639,0.008664253993181603,0.06167316589382654,1,0.008742016863046948,71.47090148925781,70.50898742675781,1
2020-01-17,73.51640319824219,73.56134558132662,72.41543984206496,72.64834307701408,47924000.0,69.01357078552246,66.93943588256836,80.79196832186733,1.6519603508627654,1.2822858407887148,0.3696745100740506,73.29931401402366,64.72782755702126,8.571486457002408,0.019762947077625048,0.03460093110349516,0.08799414493939661,1,0.008791307652805978,72.09165954589844,71.00061798095703,1
2020-01-21,73.71554565429688,74.08551143622914,73.06002787895284,73.45334005966713,40734000.0,69.33229026794433,67.13072692871094,81.29078044542459,1.7733740604560495,1.3805034847221818,0.39287057573386774,74.00386236746422,64.66071816842444,9.343144199039784,0.002708816636712852,0.03140640621940993,0.0646888653247446,1,0.006831682501069138,73.51640319824219,71.47240447998047,1
2020-01-22,73.79252624511719,74.64985671867298,73.74187038901091,74.04331251492921,32216000.0,69.6708740234375,67.30661331176758,81.49087810862665,1.8544302725338326,1.4752888422845118,0.3791414302493208,74.59786304967493,64.74388499720008,9.853978052474844,0.0010442924913196538,0.02359311340496828,0.06646632843510258,1,0.006661815484058293,73.71554565429688,71.0577392578125,1
2020-01-23,73.82727813720703,74.26776808793879,73.60133106334078,73.87644879125217,27024000.0,70.01305694580078,67.48070205688477,81.5866199466985,1.8995749739861623,1.560146068624842,0.3394289053613202,75.09417258274989,64.93194130885168,10.162231273898215,0.00047094053907859035,0.004228647287416232,0.058626050236303184,1,0.00689614027648538,73.79252624511719,71.47090148925781,0
2020-01-24,72.8370590209961,74.2665239390797,72.76454954658043,74.17191835980502,35692000.0,70.31883964538574,67.64708343505859,70.41050323987528,1.8343053379449827,1.6149779224888703,0.21932741545611245,75.30599584454806,65.33168344622341,9.974312398324656,-0.01341264558569566,-0.011917250635579801,0.03301808293101072,1,0.008860804178442852,73.82727813720703,72.09165954589844,0
2020-01-27,71.20770263671875,71.41478920034972,70.57701648729619,71.06369150781515,35104000.0,70.50134086608887,67.78126495361329,56.65746653775064,1.6322872467117264,1.6184397873334417,0.013847459378284688,75.335770840306,65.66691089187174,9.66885994843426,-0.022369881570968753,-0.03502825746624272,0.0029166599059358145,1,0.011857185089542387,72.8370590209961,73.51640319824219,1
2020-01-28,72.13436126708984,72.30519688737174,71.13668730667496,71.65961328386072,31548000.0,70.75130500793458,67.93477447509765,61.28861053610904,1.529330886524832,1.60061800717172,-0.07128712064688791,75.37610678263837,66.12650323323078,9.249603549407595,0.01301346056758268,-0.02293077725242587,0.009261711452491994,1,0.012391563342309184,71.20770263671875,73.71554565429688,1
2020-01-29,72.4358139038086,72.77349940796584,71.84534923411006,72.4442552836585,21554000.0,71.05544967651367,68.08094436645507,62.685418065427186,1.4552863031363046,1.5715516663646372,-0.11626536322833259,75.26462208714604,66.84627726588131,8.418344821264725,0.0041790435435140605,-0.005508804481958007,0.019393730512536456,1,0.012183804833349667,72.13436126708984,73.79252624511719,0
2020-01-30,72.29724884033203,72.36875807813423,71.3318551861541,71.50864675414853,26788000.0,71.35048065185546,68.2010922241211,61.58541219772015,1.3696360825615699,1.5311685496040237,-0.16153246704245383,75.00239123560927,67.69857006810166,7.303821167507607,-0.0019129358256478879,0.01530095991401148,0.011562011026241548,1,0.012159295828062926,72.4358139038086,73.82727813720703,0
2020-01-31,71.2240982055664,73.00689625279898,70.941031637002,72.9458137062416,48344000.0,71.51649475097656,68.3138507080078,53.72261231073753,1.2013153624426707,1.4651979121717533,-0.26388254972908265,74.8109603457313,68.22202915622182,6.588931189509481,-0.0148435888222479,-0.012618993854441096,-0.012034143003459175,1,0.012812480171794816,72.29724884033203,72.8370590209961,1
2020-02-03,73.79202270507812,73.99364588484838,72.45368519801852,72.60315974868554,60736000.0,71.82756652832032,68.4831721496582,65.1789832226512,1.2605986288354245,1.4242780555044876,-0.1636794266690631,74.72377251205513,68.9313605445855,5.792411967469633,0.03605415251591104,0.018722904157196574,0.003749088568611114,1,0.016320527251819747,71.2240982055664,71.20770263671875,0
2020-02-04,71.86172485351562,72.9756003128433,70.83028543793051,72.35832643111584,78660000.0,71.9588176727295,68.62621307373047,54.2975683038773,1.1386959618807708,1.3671616367797443,-0.22846567489897351,74.6001845859153,69.31745075954369,5.2827338263716115,-0.02615862502207389,-0.006024074135632107,-0.025148301953499708,1,0.01831609005561939,73.79202270507812,72.13436126708984,1
2020-02-05,71.91934204101562,72.69453954452206,71.04184774666115,72.62402295669747,39724000.0,72.09511032104493,68.77209487915039,54.54152070877703,1.034807825099989,1.3006908744437933,-0.26588304934380425,74.41317409070808,69.77704655138177,4.63612753932631,0.0008017785214236017,0.00976135680149448,-0.025384470479834165,1,0.018311192274015446,71.86172485351562,72.4358139038086,1
2020-02-06,73.30982208251953,73.5963591584658,71.98588197112542,72.02362569501838,33588000.0,72.2736629486084,68.95175537109375,60.07958766170862,1.0525427887666439,1.2510612573083635,-0.19851846854171962,74.37854584942454,70.16878004779227,4.2097658016322725,0.019333881568478706,-0.006534590120747752,-0.007009008969906971,1,0.01957012681859804,71.91934204101562,72.29724884033203,1
2020-02-07,73.45881652832031,73.78706801442215,72.8191887392822,72.86636650775492,23446000.0,72.42115440368653,69.12312271118164,60.63302109177106,1.0663285105207194,1.2141147079508348,-0.14778619743011534,74.42155910546086,70.4207497019122,4.000809403548658,0.0020323940444579858,0.022224510726123414,0.008536279686210069,1,0.019042947372830427,73.30982208251953,71.2240982055664,1
2020-02-10,74.9212875366211,74.96200923112285,73.21496973059205,73.21496973059205,28398000.0,72.61718788146973,69.31692642211914,65.66470169202573,1.1816417517535172,1.2076201167113711,-0.025978364957853994,74.78385602958397,70.45051973335549,4.333336296228481,0.019908719979676803,0.04174044715110803,0.05215144938530014,1,0.017935837432871957,73.45881652832031,73.79202270507812,1
2020-02-11,74.9267578125,75.96167544925687,74.77022857534816,75.0767324778294,26892000.0,72.7899055480957,69.51139556884766,65.68237040466082,1.2589572561883244,1.2178875446067619,0.041069711581562585,75.10935421978313,70.47045687640828,4.63889734337485,7.30136394977432e-05,0.02205619498244582,0.0387110455594224,1,0.01777887433663849,74.9212875366211,71.86172485351562,1
2020-02-12,75.39752960205078,75.51795943123352,74.89298673750011,75.20931868546857,23352000.0,73.00689506530762,69.72325531005859,67.2445588447496,1.3427394351120796,1.2428579227078256,0.09988151240425402,75.44643702399316,70.56735310662208,4.8790839173710765,0.006283093027044551,0.0263918364786484,0.040887449710652835,1,0.0177943719239724,74.9267578125,71.91934204101562,0
2020-02-13,75.21826171875,75.84000639352533,74.71868213211165,75.12042810921417,18590000.0,73.19426307678222,69.94646774291992,66.0122559856193,1.3787782975940246,1.2700419976850654,0.10873629990895917,75.70764946238819,70.68087669117625,5.026772771211938,-0.002377636034588404,0.003963815784449043,0.040402822033643426,1,0.017812582871950318,75.39752960205078,73.30982208251953,1
2020-02-14,75.52020263671875,75.52020263671875,74.85475066001621,75.26494562756126,23956000.0,73.36569023132324,70.17039566040039,67.10567214481759,1.4153877554153524,1.299111149231123,0.11627660618422953,76.01869119327657,70.71268926936992,5.306001923906649,0.004014196965861139,0.007920332355816129,0.060318130231048483,1,0.016535399484326474,75.21826171875,73.45881652832031,0
2020-02-18,75.46704864501953,76.06098370013684,75.11545843026866,75.23513807534238,22414000.0,73.46322250366211,70.36817169189453,66.69887280418601,1.4237003996080233,1.324028999306503,0.09967140030152022,76.27017146729109,70.65627354003313,5.613897927257966,-0.0007038380439060576,0.0009220334318069678,0.022699282097685902,1,0.012767544646506288,75.52020263671875,74.9212875366211,1
2020-02-19,75.815673828125,76.0846310031763,75.55296812288319,75.7352230948315,18986000.0,73.56822891235352,70.56538223266601,68.06622026809013,1.441799204968433,1.3475830404388893,0.09421616452954362,76.55636029388226,70.58009753082477,5.976262763057491,0.004619568266745366,0.00794238122131552,0.05502162636186636,1,0.007934278805954792,75.46704864501953,74.9267578125,0
2020-02-20,75.3915786743164,75.96217498532641,74.82893120236896,75.5827675764969,21932000.0,73.64818153381347,70.74170578002929,64.59176788124485,1.4057174680670101,1.3592099259645136,0.046507542102496524,76.73981839456484,70.5565446730621,6.183273721502729,-0.005593766201564376,-0.0017031728982650485,0.048279593983501234,1,0.008577651906895987,75.815673828125,75.39752960205078,0
2020-02-21,73.75080108642578,75.09683723926696,73.51889050316402,74.8890080751722,34634000.0,73.64435768127441,70.88229370117188,53.26367187630879,1.2305404880638804,1.333476038384387,-0.10293555032050672,76.7352881281156,70.55342723443323,6.181860893682369,-0.021763406692657417,-0.02274168116294839,0.006015278599501572,1,0.010457820676937941,75.3915786743164,75.21826171875,0
2020-02-24,70.59638977050781,71.36016787022542,70.0898615612343,70.82085164728578,57342000.0,73.53232421875,70.95870071411133,39.075232938473434,0.8276363618564204,1.232308103078794,-0.4046717412223735,76.88364045150756,70.18100798599245,6.702632465515109,-0.04277121427089903,-0.06884175519496616,-0.0389664153751913,1,0.017214270484832837,73.75080108642578,75.52020263671875,0
2020-02-25,68.9506607055664,71.41827153797638,68.6502188115759,71.16302209412986,49566000.0,73.41947212219239,71.00183563232422,33.98828324822868,0.371255752247194,1.060097632912474,-0.6888418806652801,77.2007329064855,69.63821133789928,7.56252156858622,-0.023311802066526055,-0.08543285711755788,-0.07969199445666597,1,0.015972528479479924,70.59638977050781,75.46704864501953,1
2020-02-26,69.18555450439453,70.30390860126039,68.4813736345288,69.33255121906714,44048000.0,73.27203178405762,71.04445419311523,35.28328462354642,0.02819972864507747,0.8537180520589948,-0.8255183234139173,77.45125278832089,69.09281077979435,8.358442008526538,0.003406693952233031,-0.06190097618982349,-0.07662420576735096,1,0.016196515640641236,68.9506607055664,75.815673828125,0
2020-02-27,65.45657348632812,68.11904834218122,65.41088091856138,67.64012506513951,59566000.0,72.92306976318359,71.01491653442383,26.4216713566628,-0.5383662938934322,0.5753011828685095,-1.1136674767619417,78.31335879499679,67.5327807313704,10.780578063626393,-0.053898260189987335,-0.07280565338947242,-0.1318472391362312,1,0.02087820795607442,69.18555450439453,75.3915786743164,1
2020-02-28,66.51134490966797,66.60122968273528,63.11806590820636,63.440857722867264,75782000.0,72.63377456665039,70.99322494506836,31.650808501765738,-0.8919805137481518,0.28184484354517725,-1.173825357293329,78.70536099504614,66.56218813825464,12.143172856791494,0.016114064136891537,-0.03537770009652008,-0.11575535794270575,1,0.022741753162867535,65.45657348632812,73.75080108642578,1
2020-03-02,68.9834213256836,69.07082823713633,65.8898455959875,67.1211653604801,48630000.0,72.52174072265625,71.02698379516602,42.046390809492095,-0.9616609945362313,0.03314367592889553,-0.9948046704651269,78.77326323296097,66.27021821235152,12.503045020609449,0.03716774062189043,-0.0029216095781684492,-0.0865567236687591,1,0.027294766076871944,66.51134490966797,70.59638977050781,0
2020-03-03,66.6136474609375,70.0282760870977,66.14733327280929,69.4954235267835,48046000.0,72.16282196044922,71.0158302307129,36.34035715973064,-1.1943366539421305,-0.2123523900453097,-0.9819842638968208,78.88774819946852,65.43789572142992,13.449852478038594,-0.03435280273441277,0.017676971356452853,-0.11731479292010594,1,0.028260159112222478,68.9834213256836,68.9506607055664,1
2020-03-04,68.85479736328125,68.93277023558767,66.69905582632043,67.49957731533306,38266000.0,72.0124755859375,71.04610305786133,44.07062052808474,-1.1842405355809547,-0.4067300191524387,-0.7775105164285159,78.89031610782138,65.13463506405361,13.755681043767765,0.03364400521166422,0.03523387561619784,-0.09181315832691983,1,0.03146934496482203,66.6136474609375,69.18555450439453,0
2020-03-05,65.50374603271484,67.48369652452459,64.81147716481703,67.0511554058777,51226000.0,71.69169578552246,71.01576095581055,36.86267080809292,-1.4301551867610414,-0.6114150526741593,-0.8187401340868821,79.13239930273181,64.2509922683131,14.881407034418714,-0.048668378368555754,-0.05044219648863968,-0.1311530122524155,1,0.033792844631117085,68.85479736328125,65.45657348632812,0
2020-03-06,64.479248046875,64.86708921670449,62.62394449639975,63.41900260284171,53212000.0,71.25016708374024,70.96567352294922,34.97908364124653,-1.688251631008896,-0.8267823683411066,-0.8614692626677893,79.27914537409323,63.22118879338725,16.057956580705984,-0.015640296134028286,-0.03204147341299879,-0.12571460788182898,1,0.03368062572667627,65.50374603271484,66.51134490966797,0
2020-03-09,60.36491012573242,62.31158768699376,59.59219807855447,59.85539634719823,67308000.0,70.59547176361085,70.83854362487793,28.648134736095102,-2.199433902906648,-1.101312675254215,-1.098121227652433,79.84058538501786,61.35035814220383,18.49022724281403,-0.0638087143657684,-0.12330131759383112,-0.14492921915745993,0,0.03631270543365306,64.479248046875,68.9834213256836,1
2020-03-10,63.58437347412109,63.62211719647888,60.52431311858821,62.571802076565305,52228000.0,70.02862606048583,70.75907752990723,38.09059603547811,-2.3180447730074434,-1.344659094804861,-0.9733856782025825,79.52996455001947,60.5272875709522,19.002676979067274,0.05333335776832815,-0.029301722036403133,-0.07782793053079617,0,0.0419926296427509,60.36491012573242,66.6136474609375,0
2020-03-11,60.357460021972656,62.619480640458136,59.39703339121399,62.06030746741676,52170000.0,69.30016117095947,70.62352516174316,33.329593476892114,-2.6419746500611296,-1.6041222058561146,-1.037852444205015,79.40267275414925,59.19764958776969,20.20502316637956,-0.05075010220021725,-0.06392425702461502,-0.12760025623356286,0,0.0439110617310574,63.58437347412109,68.85479736328125,0
2020-03-12,55.366607666015625,59.287775749531086,55.28665705134688,55.91733941644847,84534000.0,68.29861507415771,70.40379890441895,27.586462206226003,-3.263788563326983,-1.9360554773502885,-1.3277330859766947,79.67585394176271,56.92137620655271,22.754477735210003,-0.08268824357652149,-0.08280145616560963,-0.15414747951051833,0,0.04769417972471956,60.357460021972656,65.50374603271484,1
2020-03-13,60.57199096679688,60.57347995332645,55.47750501442033,58.549333478932624,74002000.0,67.56630153656006,70.28730613708495,39.32901333259372,-3.2985262826230652,-2.208549638404844,-1.089976644218221,78.95314806504344,56.17945500807669,22.77369305696675,0.09401665589088193,-0.04737614515538546,-0.08929835881288506,0,0.05856648455501942,55.366607666015625,64.479248046875,0
2020-03-16,53.84800338745117,57.22176643234208,53.35686516792831,54.427537393440815,85048000.0,66.48269157409668,70.0061898803711,32.09011007941339,-3.8245388749239453,-2.5317474857086646,-1.2927913892152807,78.72805248913642,54.23733065905694,24.49072183007948,-0.11100819821213292,-0.10784841893863273,-0.2194066001275189,0,0.06438773684112356,60.57199096679688,60.36491012573242,1
2020-03-17,55.60944747924805,56.15868644095474,52.44162325247867,54.28401468890709,77230000.0,65.4898115158081,69.766967086792,35.442342549668666,-4.052558455587011,-2.835909679684334,-1.216648775902677,77.87962078523026,53.10000224638595,24.77961853884431,0.03271140954146068,0.004386033811160761,-0.16519437684511062,0,0.06648512958865148,53.84800338745117,63.58437347412109,0
2020-03-18,54.46726608276367,54.94897026257438,51.51149149929896,52.46645848002609,84668000.0,64.42239112854004,69.47157836914063,34.26132550560281,-4.276137458326481,-3.1239552354127635,-1.1521822229137175,76.74815453962977,52.09662771745031,24.651526822179456,-0.020539340854098698,-0.10078461656278681,-0.20895466737935875,0,0.06416759045253881,55.60944747924805,60.357460021972656,1
2020-03-19,55.38547897338867,57.50497346006347,52.64513398475478,54.28103751071133,73022000.0,63.42208614349365,69.19541816711425,36.104626041770395,-4.329327529501839,-3.3650296942305786,-0.9642978352712603,75.26229495038663,51.58187733660067,23.680417613785963,0.016858068279574923,0.028552137297922497,-0.1544685254225424,0,0.06440799119043526,54.46726608276367,55.366607666015625,0
2020-03-20,53.251590728759766,56.81073476192847,52.91241245924176,56.400043458327744,72036000.0,62.39712562561035,68.86567459106445,33.73709409658299,-4.491888299601065,-3.5904014153046764,-0.9014868842963888,74.0306845505354,50.7635667006853,23.267117849850095,-0.03852793700049406,-0.04240029091042796,-0.17412822975157793,0,0.06484823881907321,55.38547897338867,60.57199096679688,0
2020-03-23,52.471923828125,53.20192884609394,50.332363822196605,52.70532720543696,80882000.0,61.49090232849121,68.50493331909179,32.88850158749828,-4.630256766258199,-3.7983724854953813,-0.831884280762818,73.25147502897391,49.730329628008505,23.52114540096541,-0.014641194562732385,-0.03663378755979274,-0.1307545440085529,0,0.06273787954259938,53.251590728759766,53.84800338745117,1
2020-03-24,56.33746719360352,56.36428410553778,54.160364348778806,54.81339669421403,66890000.0,60.860242652893064,68.21167030334473,40.834463257123765,-4.377536216492615,-3.914205231694828,-0.4633309847977869,72.30148923998608,49.418996065800044,22.88249317418604,0.07366879434686524,0.01718840818677858,-0.11397307049769179,0,0.06536966714407728,52.471923828125,55.60944747924805,0
2020-03-25,54.74983215332031,57.05455969067583,53.93143138205992,55.94068413874498,81630000.0,60.13845653533936,67.87721885681152,38.80241909821374,-4.256298282237417,-3.982623841803346,-0.27367444043407074,71.20297109669282,49.073941973985896,22.129029122706925,-0.028180802570113905,0.02813514871681355,-0.09290695577002295,0,0.0641888158652566,56.33746719360352,54.46726608276367,1
2020-03-26,57.69269943237305,58.10090530022894,54.30487981231966,55.212172773862456,71434000.0,59.7502628326416,67.60991806030273,44.332282328449146,-3.8780478296373957,-3.961708639370156,0.08366080973276047,70.58357151723145,48.916954148051765,21.666617369179683,0.053751165315202964,0.09949655403047575,0.04201253904499547,0,0.060927633722197796,54.74983215332031,55.38547897338867,0
2020-03-27,55.15803527832031,57.14245634110623,54.91966863467143,55.900952354857296,64170000.0,59.18259735107422,67.28366073608399,40.90397257978079,-3.7396989137682297,-3.917306694249771,0.17760778048154124,69.7252187172921,48.63997598485634,21.085242732435752,-0.04393388035212065,-0.020935124953880058,-0.08938051403072222,0,0.053955569411295014,57.69269943237305,53.251590728759766,1
2020-03-30,56.95126724243164,57.190134018651946,54.45137635611727,55.8696682045626,51482000.0,58.58098964691162,66.98085289001465,44.19215532027463,-3.4456383937847193,-3.822973034156761,0.3773346403720419,68.14569950383328,49.01627978998995,19.129419713843333,0.03251080200849987,0.04020898334348266,0.05763006350767785,0,0.041051403363405334,55.15803527832031,52.471923828125,1
2020-03-31,57.74533462524414,58.36608667743064,56.52022073924125,56.97510802494447,49728000.0,58.13757400512695,66.66543151855468,45.63468622418253,-3.112638156493105,-3.6809060586240303,0.5682679021309252,66.96549281270435,49.30965519754954,17.655837615154816,0.013942927370383051,0.0009123371481827292,0.03840871008101909,0,0.04013190366201301,56.95126724243164,56.33746719360352,0
2020-04-01,54.905269622802734,56.10059242596996,54.499549198520704,55.71870336433194,46884000.0,57.440097618103025,66.2892259979248,41.50267431691848,-3.0428267667130484,-3.5532902002418343,0.5104634335287859,64.8633071836239,50.016888052582146,14.846419131041756,-0.049182588011185135,-0.004582571772945743,0.008041592162410183,0,0.04303411016730382,57.74533462524414,54.74983215332031,1
2020-04-02,55.661094665527344,55.96004753136843,54.447400209617925,54.53976662386721,39298000.0,56.94796504974365,65.92659736633301,42.98230667350919,-2.8931614092980595,-3.4212644420530793,0.5281030327550198,63.41045277077193,50.48547732871537,12.924975442056564,0.013765983628112544,-0.022653974869641713,0.004976316847798756,0,0.042923474867368513,54.905269622802734,57.69269943237305,0
2020-04-03,54.52090072631836,55.795177659080736,53.62354197540714,55.570465724724194,46268000.0,56.45004768371582,65.54046981811524,41.28578096053791,-2.8338873676215286,-3.3037890271667694,0.46990165954524077,61.982329695716494,50.91776567171515,11.064564024001342,-0.020484576274694466,-0.05583886421044615,0.023836095414011327,0,0.04141516615402071,55.661094665527344,55.15803527832031,1
2020-04-06,58.94264221191406,59.32701290979929,56.16266645797611,56.51326785048676,53294000.0,56.3789342880249,65.2625814819336,49.59472805106304,-2.4024210641223505,-3.123515434557886,0.7210943704355355,61.74207625039526,51.015792325654544,10.726283924740713,0.08110176880223907,0.07353342615104053,0.12331772711410949,0,0.04747590050591814,54.52090072631836,56.95126724243164,0
2020-04-07,58.92228317260742,60.83370244866455,58.70973696814291,60.635061029853695,47746000.0,56.14582977294922,65.01687309265137,49.55995184532291,-2.038623729027826,-2.9065370934518744,0.8679133644240484,60.556724782533855,51.734934763364585,8.82179001916927,-0.00034540425306084366,0.05859008930163623,0.04588094047822899,0,0.04241361229154996,58.94264221191406,57.74533462524414,1
2020-04-08,60.10269927978516,60.5392110015241,59.00421752445156,59.91498469056219,39502000.0,56.13309173583984,64.77623985290528,51.67575047254236,-1.6362008997740318,-2.652469854716306,1.0162689549422743,60.496478395665996,51.769705076013686,8.72677331965231,0.020033441401444252,0.1023790597570291,0.09776956231527412,0,0.04089879913007483,58.92228317260742,54.905269622802734,1
2020-04-09,60.16080093383789,60.86200368668178,59.43005335532061,60.78800901556082,43508000.0,56.37280139923096,64.53073959350586,51.782960998846114,-1.297631304453894,-2.381502144663824,1.0838708402099297,61.056420615512856,51.68918218294906,9.367238432563795,0.0009667062336460308,0.020666849605150528,0.04278013554137705,0,0.03794069076347739,60.10269927978516,55.661094665527344,1
2020-04-13,60.46422576904297,60.61072612776736,58.97631149130826,60.04807488064795,34796000.0,56.36741313934326,64.29407913208007,52.3771640478384,-0.9933775742071944,-2.103877230572498,1.1104996563653038,61.03190506233488,51.70292121635165,9.328983845983231,0.005043563757383573,0.0261690911046093,0.09619977332311258,0,0.03389031046307389,60.16080093383789,54.52090072631836,1
2020-04-14,63.03017044067383,63.6678090602389,61.426149208825926,61.83137710091896,49408000.0,56.826521492004396,64.13020057678223,57.18262670284513,-0.5389908593344401,-1.7908999563248869,1.2519090969904467,62.16724661631305,51.48579636769574,10.68145024861731,0.04243740226546655,0.0487078150560416,0.1067386819043965,0,0.034765610876094276,60.46422576904297,58.94264221191406,0
2020-04-15,62.69446563720703,63.58785374129268,61.59846549641983,61.85719300099704,33434000.0,57.180772399902345,63.90824943542481,56.38104458267493,-0.20362739628522775,-1.4734454443169551,1.2698180480317274,63.063940755318804,51.29760404448589,11.766336710832917,-0.005326097028133137,0.04211487653157331,0.08570616213555216,0,0.035100007997068965,63.03017044067383,58.92228317260742,1
2020-04-16,62.74412536621094,63.51534838440943,61.70871143617545,63.27201464982272,50362000.0,57.594615364074706,63.72589744567871,56.47823465307652,0.06540375566856937,-1.1656756043198502,1.2310793599884196,63.811058224835996,51.378172503313415,12.432885721522581,0.0007920911120173901,0.03770658712933117,0.14277055366927183,0,0.028945144163727062,62.69446563720703,60.10269927978516,1
2020-04-17,63.72639846801758,64.28159717465645,63.129485409059896,63.805856542207415,38980000.0,58.01166133880615,63.56203857421875,58.45032521401527,0.3537957745153193,-0.8617813285528163,1.2155771030681355,64.68190485378969,51.3414178238226,13.340487029967086,0.015655220246892032,0.01104594866991615,0.14490020095643796,0,0.028951073310879212,62.74412536621094,60.16080093383789,0
2020-04-20,62.90006637573242,63.64447256020972,62.63984606718603,63.118072207737306,33910000.0,58.49408512115478,63.353843460083006,56.145477772030276,0.5097938471672023,-0.5874662934088126,1.097260140576015,65.11291160660983,51.875258635699744,13.237652970910084,-0.012966872632852011,0.0032794081014284604,0.15368721972286248,0,0.028039745037553444,63.72639846801758,60.46422576904297,0
2020-04-21,60.40364074707031,62.28725026459147,60.07439288386016,61.9262184135737,43060000.0,58.890670967102054,63.09273994445801,49.76142123345313,0.42705987847221394,-0.3845610590326073,0.8116209375048212,64.94506919661899,52.83627273758511,12.108796459033876,-0.039688759845653454,-0.03730205187306712,0.024786783902621456,0,0.021539159322835507,62.90006637573242,63.03017044067383,1
2020-04-22,62.7312126159668,63.84374694238709,61.67791949213439,61.8537184049048,41848000.0,59.210358238220216,62.84893844604492,54.90940383715184,0.5430482870878564,-0.1990391898085146,0.742087476896371,65.36609704407034,53.05461943237008,12.311477611700262,0.03853363539199206,-0.015616540020698566,0.06464327650375434,0,0.024271921838444305,60.40364074707031,62.69446563720703,1
2020-04-23,63.38176345825195,64.22598474646331,62.85338160702561,63.14538210375596,31324000.0,59.641954803466795,62.61803855895996,56.2585401336276,0.6796296056204412,-0.023305430722723453,0.7029350363431646,65.69578694323127,53.588122663702315,12.107664279528954,0.010370449018222372,0.007658133135219902,0.05455768572393671,0,0.023864322491047273,62.7312126159668,62.74412536621094,1
2020-04-24,63.53074264526367,63.584869009749326,62.0478901562001,62.6299058083651,32792000.0,59.93385696411133,62.38070281982422,56.578945114729606,0.7907770740258684,0.13951107022699494,0.6512660037988734,66.14454701967225,53.72316690855041,12.421380111121834,0.002350505553696758,0.05177008967534835,0.056015572584079854,0,0.02383858650254152,63.38176345825195,63.72639846801758,0
2020-04-27,63.36040878295898,64.36702430836527,63.01874888535672,64.35957558686549,32012000.0,60.34397563934326,62.1435457611084,56.07321187794848,0.855258832917194,0.28266062276503473,0.5725982101521592,66.31778837274076,54.370162905945755,11.94762546679501,-0.0026811249988968333,0.010030033547160144,0.04789911682618153,0,0.023987635401647823,63.53074264526367,62.90006637573242,0
2020-04-28,61.264251708984375,63.96476934334331,61.19125348198349,63.958813397277744,59026000.0,60.5596248626709,61.85842674255371,50.13427264959007,0.7288173807581018,0.3718919743636482,0.3569254063944536,66.33610370182461,54.78314602351719,11.552957678307422,-0.03308307370861485,-0.03340884875603578,-0.028017038814000972,0,0.02272829683246633,63.36040878295898,60.40364074707031,1
2020-04-29,66.61811065673828,67.53731921132398,65.81659644188422,66.61711799909568,75872000.0,61.00326366424561,61.681447982788086,61.384130835696844,1.048536416855903,0.5072208628620991,0.5413155539938039,67.19498800803126,54.81153932045996,12.383448687571303,0.08738960810597418,0.04859644139080088,0.06258359457493645,0,0.03633344564692998,61.264251708984375,62.7312126159668,1
2020-04-30,66.97467041015625,67.18125685872208,65.67506183367425,65.79375640618407,53378000.0,61.60673370361328,61.50462791442871,61.99901014326581,1.3155229192922988,0.6688812741481391,0.6466416451441597,67.65447538418269,55.55899202304387,12.095483361138818,0.005352294592309903,0.05704290260465217,0.0674253568641432,1,0.03628009290823086,66.61811065673828,63.38176345825195,0
2020-05-01,65.58170318603516,67.14400980795767,65.10446979781985,65.9735225578649,41450000.0,62.10276412963867,61.308430404663085,58.10639677804057,1.3985887717636558,0.8148227736712425,0.5837659980924134,67.73134711860837,56.474181140668975,11.257165977939394,-0.020798418500464266,0.07047260607310468,0.029113597545430192,1,0.03714856067638526,66.97467041015625,63.53074264526367,1
2020-05-04,65.88909149169922,65.93180607605001,64.50853975799883,64.96690505999969,30080000.0,62.671173667907716,61.15119621276855,58.72228694177869,1.4722515264678293,0.9463085242305599,0.5259430022372694,67.33581870222208,58.00652863359334,9.329290068628744,0.00468710464551525,-0.01094325788966699,0.04752022196784189,1,0.03669696937743501,65.58170318603516,63.36040878295898,1
2020-05-05,67.0963363647461,68.23008020447531,66.4184800167768,66.44132629750841,33030000.0,63.078858375549316,61.08119514465332,61.13867074762246,1.6094911500663613,1.0789450493977202,0.5305461006686412,67.79374009493584,58.363976656162784,9.429763438773058,0.018322378495672087,0.0018165965408230011,0.11079954014196391,1,0.03322592725123999,65.88909149169922,61.264251708984375,0
2020-05-06,66.9071273803711,68.09003419891603,66.90663484036196,67.62174231331143,24308000.0,63.4781005859375,61.040324478149415,60.540497013754674,1.6835796980060493,1.1998719791193861,0.4837077188866632,68.06811556289519,58.88808560897981,9.18002995391538,-0.0028199599952287713,0.02021027405427578,0.06656837306762675,1,0.031974304442023746,67.0963363647461,66.61811065673828,1
2020-05-07,68.16155242919922,68.41183856226588,67.30292626177416,67.8328008735499,27952000.0,63.8810432434082,61.019844436645506,63.11696995387475,1.822508282788334,1.3243992398531759,0.49810904293515823,68.62731164984842,59.13477483696797,9.492536812880452,0.018748750662939795,0.03448918305067661,0.07541268513451183,1,0.032184164792217425,66.9071273803711,66.97467041015625,1
2020-05-08,68.9466781616211,69.46264794423483,68.306557980747,68.68645789632211,27738000.0,64.32033710479736,61.08964653015137,64.67177166803424,1.9732172519956919,1.4541628422816792,0.5190544097140126,69.23147121576355,59.40920299383117,9.822268221932376,0.011518601094618663,0.02757738942430854,0.0852490509452779,1,0.03214392139459888,68.16155242919922,65.58170318603516,1
2020-05-11,69.6861343383789,70.34512275383814,68.38960194799752,68.4456227073229,28242000.0,64.78143253326417,61.153142318725585,66.12036043311906,2.127795230551996,1.5888893199357428,0.5389059106162533,69.88566992418936,59.67719514233897,10.208474781850391,0.010725044287477115,0.04153529028692238,0.09983719608073693,1,0.031896810957457965,68.9466781616211,65.88909149169922,0
2020-05-12,68.31946563720703,70.26912081787479,68.27129522521334,69.87780157669526,27812000.0,65.04589729309082,61.13986320495606,61.13126164052274,2.1156329500618654,1.6942380459609674,0.42139490410089797,70.30551940610314,59.78627518007848,10.51924422602466,-0.019611773764572238,0.002316748993823836,0.11516037054914374,1,0.030109251456104952,69.6861343383789,67.0963363647461,0
2020-05-13,67.00794982910156,68.80326603129674,65.9685614229895,68.38453118019004,36252000.0,65.26157150268554,61.147749252319336,56.70910002054794,1.977371976950792,1.7508648321589324,0.22650714479185963,70.47133610171548,60.051806903655596,10.419529198059884,-0.019196810101969164,-0.02811924206087013,0.005851849722547708,1,0.015543533516633156,68.31946563720703,66.9071273803711,1
2020-05-14,67.34564971923828,67.40971024747103,65.74559897875558,66.29731970984452,32062000.0,65.49164772033691,61.11756629943848,57.560403812900006,1.8734527217099952,1.775382410069145,0.09807031164085012,70.64248030411618,60.34081513655765,10.301665167558525,0.005039698886445398,-0.03358608769681215,0.0055390986892527305,1,0.015533432498998167,67.00794982910156,68.16155242919922,1
2020-05-15,68.19283294677734,68.25689345986531,66.49494898101025,67.04121375372277,34154000.0,65.7149694442749,61.171348037719724,59.70136784800313,1.8382661812343173,1.7879591643021795,0.050307016932137794,70.9272285780418,60.502710310507986,10.42451826753382,0.0125796280987851,-0.0018535374837698182,0.039814912298560046,1,0.01391120478858566,67.34564971923828,68.9466781616211,1
2020-05-18,68.72667694091797,69.14307784630368,67.25226977527652,67.62472095633485,36448000.0,66.00629997253418,61.25629661560058,61.03529234000805,1.8323353222035053,1.7968343958824449,0.03550092632106039,71.20798161626847,60.80461832879989,10.40336328746858,0.007828447229304425,0.02564960002805461,0.043066088558471494,1,0.013963831335673907,68.19283294677734,69.6861343383789,0
2020-05-19,68.2074966430664,69.1269554220177,68.2074966430664,68.87851059767719,25612000.0,66.39649276733398,61.41314834594726,58.990216323262494,1.7653912314281968,1.7905457629915955,-0.025154531563398752,70.99427326790646,61.798712266761505,9.19556100114496,-0.0075542761699053385,0.012797365938574057,0.016560669904238434,1,0.013468182377486152,68.72667694091797,68.31946563720703,1
2020-05-20,69.85794067382812,70.04168842343,68.8910618188774,69.00676326589259,33108000.0,66.75282917022705,61.538619689941406,63.210307776349566,1.8244830917484336,1.797333228742963,0.02714986300547051,71.26294575492975,62.24271258552434,9.020233169405408,0.02419739928879938,0.0244176353305392,0.04410312337400879,1,0.01506963838834105,68.2074966430664,67.00794982910156,0
2020-05-21,69.66326904296875,70.29345505378288,69.19894777802982,69.9215039863047,27700000.0,67.0669044494629,61.72473587036133,62.39472358614249,1.834458942338216,1.804758371462014,0.029700570876202148,71.46780137249802,62.66600752642778,8.80179384607024,-0.0027866786364102447,0.013627780997703898,0.02203172551460586,1,0.014315544933073921,69.85794067382812,67.34564971923828,1
2020-05-22,70.04169464111328,70.1578962160352,69.11850779560382,69.36085267784398,26188000.0,67.39245204925537,62.018237609863284,63.383770821857055,1.8515570616854689,1.8141181095067052,0.037438952178763696,71.66011605243433,63.124788046076404,8.535328006357929,0.005432211312264457,0.026891442851880942,0.015882077406620176,1,0.014004839638228135,69.66326904296875,68.19283294677734,1
2020-05-26,70.36943817138672,71.56029390552685,70.1266007759835,71.37506096232993,41212000.0,67.74290351867675,62.21418655395508,64.26047943880744,1.8699974418034344,1.8252939759660511,0.04470346583738327,71.77312755815224,63.71267947920127,8.06044807895097,0.00467926328671453,0.0073219664454011735,0.009805448953300377,1,0.013697402545712672,70.04169464111328,68.72667694091797,1
2020-05-27,70.41015625,70.60383056180191,69.09167967012947,70.38086148536028,33716000.0,68.20019874572753,62.54542961120605,64.37460401829313,1.8663826867219484,1.8335117181172307,0.03287096860471772,71.10441837962856,65.29597911182651,5.808439267802044,0.0005786329928356704,0.010721391879708664,0.030601682745808434,1,0.011646101165235649,70.36943817138672,68.2074966430664,0
2020-05-28,70.35504150390625,71.55234573499438,69.32558734289624,69.36829435363889,33844000.0,68.38704528808594,62.84034149169922,64.07634511420764,1.837884677363192,1.834386309966423,0.0034983673967690088,71.34050327468431,65.43358730148758,5.906915973196732,-0.0007827669902912282,0.004473719038331714,0.04995066530674608,1,0.008853443778783835,70.41015625,69.85794067382812,1
2020-05-29,70.96039581298828,71.14165812703393,70.18719129549719,70.3654680591171,36418000.0,68.58633155822754,63.17020408630371,65.94278696363382,1.8429029946600224,1.836089646905143,0.006813347754879295,71.66683801567498,65.5058251007801,6.161012914894883,0.008604277620224643,0.008397930365200201,0.05367452996325306,1,0.008930173019944889,70.35504150390625,69.66326904296875,1
2020-06-01,71.10442352294922,71.4093361594686,70.41811813757194,70.4374863300952,24342000.0,68.86246757507324,63.48458297729492,66.3902125488206,1.8373223711753894,1.8363361917591925,0.0009861794161969417,71.80306525798397,65.9218698921625,5.881195365821469,0.0020296914681889877,0.009860328536754448,0.042696430846981936,1,0.00858830847351611,70.96039581298828,70.04169464111328,1
2020-06-02,71.4719009399414,71.4912691316603,70.45932945206445,71.04134512872544,25562000.0,69.14160804748535,63.848989181518554,67.5611831650721,1.8413263789611563,1.8373342291995853,0.003992149761570918,71.9574689371401,66.32574715783059,5.631721779309515,0.005168137209826007,0.01587461839494675,0.03994408170474206,1,0.008505002910174773,71.10442352294922,70.36943817138672,0
2020-06-03,71.33086395263672,71.83600546103794,71.00296109058361,71.42621213078971,25124000.0,69.35333442687988,64.22616798400878,66.60210231398204,1.8122288318976558,1.8323131497391993,-0.02008431784154352,72.15898967002114,66.54767918373862,5.61131048628252,-0.0019733207799133012,0.005220773297612169,0.04579214108846519,1,0.007821372256036973,71.4719009399414,70.41015625,0
2020-06-04,70.12909698486328,71.45899318822453,69.7591311592007,71.0339007571692,29686000.0,69.51443290710449,64.50200057983399,58.92606092893027,1.6729119775737047,1.8004329153061005,-0.1275209377323958,72.10121975345251,66.92764606075647,5.1735736926960385,-0.016847783710728703,-0.013716819429260174,0.0038815388547053242,1,0.007079233104311475,71.33086395263672,70.35504150390625,1
2020-06-05,71.43067932128906,71.76141616660131,69.82218753740298,70.17824851809759,34698000.0,69.67788925170899,64.83561752319336,63.79321801739996,1.6485260019912005,1.7700515326431205,-0.12152553065192007,72.31473153530291,67.04104696811507,5.273684567187843,0.018559804594471263,-0.0005767527952975637,0.025370762851082418,1,0.008973183424006216,70.12909698486328,70.96039581298828,1
2020-06-08,71.83889770507812,71.90742898351817,70.6336443853567,70.6336443853567,28084000.0,69.82250022888184,65.11854148864747,65.1865717873333,1.643197989036608,1.7446808239218181,-0.10148283488521015,72.59672903435666,67.04827142340702,5.54845761094964,0.005714888723834299,0.007122215045351821,0.025659045989300244,1,0.00898372915835257,71.43067932128906,71.10442352294922,1
2020-06-09,72.31314086914062,72.90112004210671,71.67004267427679,71.77681020500805,28184000.0,69.95385055541992,65.46164360046387,66.78572280864555,1.6581290804186466,1.7273704752211838,-0.06924139480253722,72.93114342992232,66.97655768091752,5.954585749004792,0.00660148163755836,0.031143191316847396,0.02762140423829962,1,0.009054090642766386,71.83889770507812,71.4719009399414,1
2020-06-10,72.79434204101562,73.21193260203525,72.31859387314728,72.48098052002258,30504000.0,70.17759437561035,65.77850509643555,68.3732025269,1.6893175893100363,1.7197598980389543,-0.030442308728918066,73.29904647936605,67.05614227185465,6.242904207511401,0.0066544083978565816,0.01909071469967305,0.03386139042995828,1,0.009094816052091132,72.31314086914062,71.33086395263672,0
2020-06-11,69.71491241455078,72.22945026843763,69.62353488139478,71.63377999052126,39826000.0,70.31294250488281,66.01789665222168,51.431975092754456,1.4488490424350573,1.665577726918175,-0.21672868448311777,73.08849152819802,67.5373934815676,5.551098046630415,-0.04230314527370482,-0.029565950458301682,-0.00909855321910269,1,0.017130469811623125,72.79434204101562,70.12909698486328,1
2020-06-12,70.17874908447266,71.36165610250637,68.82998487354737,70.93904912586369,38928000.0,70.45459747314453,66.32336624145508,53.3085910695542,1.280937874906428,1.5886497565158257,-0.3077118816093978,72.87658924446865,68.03260570182042,4.843983542648232,0.006653335044928932,-0.029515960156265453,-0.011015253220621912,1,0.017022499629063183,69.71491241455078,71.43067932128906,1
2020-06-15,70.5099868774414,70.75580227390762,68.924341174515,69.06735966381535,30078000.0,70.57045516967773,66.62034408569336,54.65601464186329,1.1612094863968139,1.5031617024920234,-0.34195221609520954,72.759027754641,68.38188258471446,4.377145169926536,0.004719915890350812,-0.03138094389653401,-0.008360051541884128,1,0.017096346504240703,70.17874908447266,71.83889770507812,1
2020-06-16,71.64571380615234,72.25653170525558,70.81042644799199,71.76986421688697,34184000.0,70.71640701293946,66.96284034729004,59.0224939739273,1.1447713360212504,1.431483629197869,-0.2867122931766186,72.77940841699609,68.65340560888282,4.12600280811327,0.016107320097577427,0.027695672629125534,0.0024319049014380756,1,0.017847391196733002,70.5099868774414,72.31314086914062,1
2020-06-17,72.06285095214844,72.50383341430023,71.0825598812217,71.8661986589021,30992000.0,70.90917472839355,67.22524452209473,60.52602437759028,1.1521225137720421,1.3756114061127038,-0.22348889234066172,72.70109917772984,69.11725027905726,3.583848898672585,0.005822220532615718,0.026847185113087813,0.010261855232788886,1,0.017902921730033505,71.64571380615234,72.79434204101562,0
2020-06-18,71.30999755859375,72.07725367365481,70.86554459700417,71.96551528630526,31638000.0,70.98177757263184,67.47299880981446,56.49692713446519,1.0846957012559386,1.317428265141351,-0.2327325638854123,72.7141233005134,69.24943184475028,3.4646914557631305,-0.010447177479206315,0.011346061977616007,0.016838953080849706,1,0.017291216255341586,72.06285095214844,69.71491241455078,0
2020-06-19,71.09945678710938,71.89799316545846,70.58447955372054,71.7092820955755,63158000.0,71.05358695983887,67.69293395996094,55.386525220781955,1.0027119467017513,1.254485001453431,-0.25177305475167966,72.6770006777464,69.43017324193133,3.246827435815078,-0.002952472005224527,-0.0076244200807454865,-0.004636978638966505,1,0.016284450320614163,71.30999755859375,70.17874908447266,1
2020-06-22,72.099609375,72.14380158720957,70.67684292152231,70.96437266985775,30848000.0,71.1564826965332,67.93171012878418,59.46246234466631,1.006836995624056,1.2049554002875562,-0.19811840466350028,72.77115583207352,69.54180956099289,3.2293462710806295,0.014066951184807941,0.0005100883793227595,0.0036291156775842826,1,0.016834559649416405,71.09945678710938,70.5099868774414,1
2020-06-23,72.72283935546875,73.2954740398959,71.77085787242056,72.28732025413952,28596000.0,71.2741527557373,68.1768824005127,61.804228218211044,1.0483112974025772,1.1736265797105605,-0.12531528230798328,72.9825412311693,69.56576428030532,3.4167769508639765,0.008644013273736872,0.019812674873731506,0.005665615978007743,1,0.01692904403989604,72.099609375,71.64571380615234,0
2020-06-24,71.11187744140625,73.26961245580065,71.00163180227766,72.57883627127924,35120000.0,71.30923881530762,68.33851654052734,53.242419683063474,0.9403490586724814,1.1269710755029447,-0.1866220168304633,72.97346107204713,69.64501655856812,3.3284445134790133,-0.022152076683751742,0.00017469408147618992,-0.023112573758292898,1,0.018205354354040377,72.72283935546875,72.06285095214844,1
2020-06-25,71.5766830444336,71.6546483512698,70.51743391312633,71.00907227184344,24610000.0,71.37032089233398,68.51616088867188,55.17201956018654,0.882125540151975,1.0780019684327509,-0.1958764282807759,72.97871090119784,69.76193088347011,3.2167800177277286,0.006536258354454594,-0.007252831674116167,0.02670548617793611,1,0.011599298797171984,71.11187744140625,71.30999755859375,0
2020-06-26,67.5328598022461,71.1853627454788,67.14004772285006,71.08306595981846,85354000.0,71.19894409179688,68.61193557739257,39.78792303245348,0.5038719203941326,0.9631759588250273,-0.4593040384308946,73.51865359926032,68.87923458433343,4.639419014926887,-0.0564963766157921,-0.0713665692816815,-0.03770214369369507,1,0.02185981984180963,71.5766830444336,71.09945678710938,1
2020-06-29,69.27442932128906,69.30571697957973,66.89273305649421,67.44743163965026,36204000.0,71.10744438171386,68.722896194458,46.68318326140971,0.34070586175658946,0.8386819394113397,-0.49797607765475027,73.57453335538885,68.64035540803887,4.93417794734998,0.025788475775240904,-0.02583883573642365,-0.01752315680188621,1,0.02369101248448715,67.5328598022461,72.099609375,1
2020-06-30,70.2000961303711,70.45038982710655,68.72767418167281,69.04947711567303,40848000.0,71.04385414123536,68.86889678955077,49.963051729693035,0.28282888478207724,0.7275113284854873,-0.44468244370341004,73.53552899614084,68.55217928632987,4.983349709810966,0.01336231591008663,-0.01923233734102958,-0.020177308578327113,1,0.023479183141876452,69.27442932128906,72.72283935546875,1
2020-07-01,71.41329956054688,71.65961505445209,70.01188670171123,70.07545467926525,35504000.0,71.04797592163087,69.0890899658203,53.96053034216652,0.33104031451941296,0.6482171256922724,-0.31717681117285945,73.5418080497974,68.55414379346433,4.987664256333062,0.017282076479250064,0.057460024196572146,-0.009013678795928848,1,0.024161375085080487,70.2000961303711,71.11187744140625,1
2020-07-02,72.73724365234375,73.64354014024406,71.82945438911075,71.85527864461241,37182000.0,71.17838325500489,69.28921058654785,57.912130352000275,0.47065403671314243,0.6127045078964464,-0.14205047118330394,73.73827227334206,68.61849423666771,5.119778036674347,0.01853918107612973,0.04998690519692972,0.020014670349375097,1,0.024588620512071897,71.41329956054688,71.5766830444336,1
2020-07-06,74.2767105102539,74.81750435855518,73.1424664907637,73.50002027573657,31280000.0,71.32068481445313,69.50710952758789,61.99672591044603,0.6974809013225638,0.6296597865816699,0.06782111474089392,74.21537452943622,68.42599509947004,5.789379429966175,0.021164767601975942,0.05807135039120159,0.0446874542608402,1,0.025195612675059282,72.73724365234375,67.5328598022461,0
2020-07-07,73.75428771972656,75.32453585801346,73.67333686045679,73.99364705161962,29164000.0,71.41645431518555,69.71158042907715,59.87318358080531,0.8255710039651092,0.6688420300583577,0.15672897390675145,74.49432972804028,68.33857890233081,6.155750825709475,-0.0070334669769095415,0.03278084297442252,0.02294989333604236,1,0.025205083136131186,74.2767105102539,69.27442932128906,1
2020-07-08,74.2916030883789,74.78224116974226,73.77662595131834,74.20817438251765,24994000.0,71.51537742614747,69.93020431518555,61.33990266322517,0.9593810453699803,0.7269498331206823,0.23243121224929797,74.82092740579024,68.20982744650469,6.6110999592855535,0.0072852085656931465,0.021369512480626796,0.021571816320895332,1,0.025172302335627252,73.75428771972656,70.2000961303711,1
2020-07-09,75.0360107421875,75.61852652719074,73.89854626151997,74.81055620422666,28466000.0,71.62746086120606,70.20563949584961,63.33921326228196,1.1126678018130036,0.8040934268591466,0.308574374953857,75.23692502839812,68.017996694014,7.218928334384117,0.010020077947746397,0.010222588301467272,0.055182529866611985,1,0.02369430631842919,74.2916030883789,71.41329956054688,1
2020-07-10,76.56305694580078,76.66684650358317,74.31842305623277,74.79565649049827,37126000.0,71.96986808776856,70.40453842163086,67.09813957430165,1.3418999400344944,0.9116547294942162,0.4302452105402782,76.05639646389994,67.88333971163718,8.173056752262767,0.020350844727873074,0.03808279237605561,0.06966478033456402,1,0.024150382351610374,75.0360107421875,72.73724365234375,0
2020-07-13,75.05339813232422,78.32063642081529,74.75062236130547,76.97325885502242,36928000.0,72.21360054016114,70.56611297607422,60.49441947288888,1.3857768388192113,1.0064791513592153,0.37929768745999604,76.42336326338814,68.00383781693414,8.419525446454003,-0.019717849230409534,0.010254120415722712,0.11136117072637286,1,0.01411862838362361,76.56305694580078,74.2767105102539,1
2020-07-14,75.51225280761719,75.62994715584107,73.67085759265213,74.00904319407056,31700000.0,72.46371383666992,70.76472396850586,61.72737515063635,1.4409647895847968,1.0933762790043315,0.34758851058046525,76.83036438319492,68.09706329014493,8.733301093049988,0.006113709528301037,0.006346846810206586,0.0900451082375231,1,0.013118465115103806,75.05339813232422,73.75428771972656,0
2020-07-15,75.1676025390625,76.24473454373101,74.3909199532047,75.63887999564545,32214000.0,72.63980827331542,70.95029418945313,60.207432274747255,1.4402884926693247,1.1627587217373303,0.2775297709319944,77.1422496117447,68.13736693488615,9.004882676858557,-0.004564163506454388,-0.018226210687043554,0.07076210265390626,1,0.01363095921492739,75.51225280761719,74.2916030883789,1
2020-07-16,75.38412475585938,75.41839038766379,73.81039112568035,74.49024035607862,30386000.0,72.80587196350098,71.1160499572754,60.859487665140236,1.4406175138883413,1.2183304801675325,0.2222870337208087,77.45359700381773,68.15814692318422,9.295450080633515,0.0028805257781683302,0.004406550959252575,0.05560344109217197,1,0.013170354275526845,75.1676025390625,75.0360107421875,0
2020-07-17,75.262451171875,75.65427055818434,74.41177391177511,75.56389325060115,29134000.0,73.00349464416504,71.28315643310548,60.26189694738804,1.4147518455923773,1.2576147532525015,0.15713709233987583,77.7156658410856,68.2913234472445,9.424342393841101,-0.001614047843341404,-0.0033080940702246986,0.03471684370665429,1,0.012477779306842279,75.38412475585938,76.56305694580078,1
2020-07-20,77.75391387939453,77.98086118912214,74.66902175040603,75.24805943564259,31146000.0,73.33621749877929,71.47500366210937,67.33487953410463,1.5771133545575964,1.3215144735135205,0.2555988810440759,78.39091471493619,68.2815202826224,10.109394432313792,0.033103661503527615,0.03440726127972482,0.04681418098961987,1,0.014725665332063455,75.262451171875,75.05339813232422,0
2020-07-21,77.39138793945312,78.81018368976436,77.1857941396302,78.81018368976436,24324000.0,73.60080642700196,71.64389785766602,65.50779836975627,1.6574274150386117,1.3886970618185388,0.2687303532200729,78.91615931025397,68.28545354374994,10.630705766504036,-0.004662478348083199,0.026627133897150213,0.049313746118027746,1,0.014533905919631298,77.75391387939453,75.51225280761719,1
2020-07-22,77.89146423339844,77.96645156030748,76.7795740339241,77.49468155363509,18640000.0,73.85923767089844,71.8080044555664,66.8442654638159,1.7413556008009863,1.4592287696150283,0.28212683118595794,79.47293637040012,68.24553897139675,11.227397399003365,0.006461652998606793,0.03493127078095859,0.04845582805282933,1,0.014521339495018857,77.39138793945312,75.1676025390625,0
2020-07-23,75.26890563964844,78.05931158247867,74.85732404036652,77.81598165545643,32552000.0,74.06708908081055,71.94699325561524,54.842883662705184,1.5780598402780583,1.4829949837476344,0.09506485653042396,79.56514686194397,68.56903129967712,10.996115562266851,-0.03366939650654932,-0.03195991192932912,0.003103775042907486,1,0.018746382936665102,77.89146423339844,75.38412475585938,0
2020-07-24,75.0797119140625,75.3660519890377,73.91418778068258,74.43711380413019,30880000.0,74.24224052429199,72.10842849731445,54.08842123835625,1.4170456014708748,1.4698051072922826,-0.05275950582140787,79.63395489055317,68.8505261580308,10.783428732522367,-0.002513570829522971,-0.02986993885158329,-0.01937416152007021,1,0.017397755935489603,75.26890563964844,75.262451171875,1
2020-07-27,75.98997497558594,76.5248128096962,75.24556515459534,75.26493334342516,24920000.0,74.66509628295898,72.2813150024414,57.14321433954525,1.347359754305046,1.4453160366948354,-0.09795628238978948,79.13310624764922,70.19708631826875,8.936019929380478,0.012123955171343015,-0.024412036370439316,0.012478806643910545,1,0.01665577352187016,75.0797119140625,77.75391387939453,0
2020-07-28,74.50712585449219,75.80524170279428,74.37404153040482,75.7406886448372,34044000.0,74.92673110961914,72.4076008605957,51.170226366227006,1.159118095107189,1.3880764483773063,-0.22895835327011715,78.65264506292124,71.20081715631704,7.451827906604194,-0.01951374666948058,-0.01012077668304745,-0.013310779585476884,1,0.017777885042486088,75.98997497558594,77.39138793945312,1
2020-07-29,75.58375549316406,76.04221934410337,74.55628665022627,74.80409491291189,22130000.0,75.19591407775879,72.54474243164063,54.85955121832976,1.0843109760843248,1.3273233539187101,-0.24301237783438534,78.2308304635542,72.16099769196337,6.069832771590825,0.014450022414962849,0.006713445833123277,0.005536334006200239,1,0.018384193898187354,74.50712585449219,77.89146423339844,1
2020-07-30,76.05206298828125,76.37088040383222,74.10389262408187,74.34126664032823,33428000.0,75.4278522491455,72.70163375854492,56.40257454214353,1.05070245251639,1.271999173638246,-0.22129672112185617,77.93394480162989,72.92175969666111,5.012185104968779,0.006195874921292255,0.0008170553117732293,0.008860462790873713,1,0.01845754039776178,75.58375549316406,75.26890563964844,0
2020-07-31,73.64402770996094,74.93469468226937,72.20735672643626,74.73903506146729,68798000.0,75.47319145202637,72.77735549926757,47.425497825669645,0.8203031887436794,1.1816599766593328,-0.3613567879156534,77.8100287123911,73.13635419166164,4.673674520729463,-0.03166298432550563,-0.011584101985316564,-0.02150373043548781,1,0.02118187307195219,76.05206298828125,75.0797119140625,0
2020-08-03,73.22142791748047,74.01697860344038,72.78391595891422,73.8267823694175,46604000.0,75.4204273223877,72.8485186767578,46.04056790499998,0.5967310962026033,1.0646742005679868,-0.46794310436538344,77.90587429269706,72.93498035207833,4.970893940618737,-0.0057384122734953635,-0.031254435033957084,-0.05829270496845318,1,0.017228255751240963,73.64402770996094,75.98997497558594,0
2020-08-04,72.75064849853516,73.77315413869968,72.43680195599123,73.32670822757262,38070000.0,75.37024536132813,72.90269775390625,44.48218254318368,0.3772123680998192,0.9271818340743533,-0.5499694659745341,78.02311423933625,72.71737648332001,5.305737756016242,-0.006429530703442099,-0.04340992683202827,-0.059964545984737105,1,0.01722375068340486,73.22142791748047,74.50712585449219,1
2020-08-05,73.1797103881836,73.61672225544746,72.6756600275489,72.96567520295099,39590000.0,75.31465072631836,72.95890319824218,46.26727299202023,0.23515320345448743,0.7887761079503801,-0.5536229044958927,78.09895406705763,72.53034738557909,5.568606681478542,0.005897705360758065,-0.006304887663206138,-0.06049127322984038,1,0.017179172406400614,72.75064849853516,75.58375549316406,1
2020-08-06,74.49520874023438,74.60893245480757,72.80180291922724,73.08734734461783,39908000.0,75.2876106262207,73.04060424804688,51.42432741874839,0.2261135190275354,0.6762435901658113,-0.45013007113827586,78.09263993279824,72.48258131964316,5.610058613155076,0.017976271634209562,0.01739628492617551,-0.01027910387216402,1,0.015661482094507264,73.1797103881836,76.05206298828125,0
2020-08-07,74.21661376953125,75.3267611105131,73.57847890605598,74.49023870030395,31556000.0,75.17028846740723,73.11783569335938,50.32280008546326,0.19423025272209316,0.5798409226770677,-0.3856106699549745,77.9482707649653,72.39230616984916,5.555964595116137,-0.0037397703209959277,0.020150545751157267,-0.011495757276202223,1,0.015680121660234827,74.49520874023438,73.64402770996094,1
2020-08-10,74.29656219482422,74.69260225535274,73.1533843953107,73.8535944370824,25786000.0,75.13244667053223,73.18455902099609,50.64949291526028,0.1734146876603262,0.4985556756737194,-0.3251409880133932,77.93626629543257,72.32862704563189,5.607639249800684,0.0010772308413482534,0.015261768606575021,-0.022284686648545105,1,0.015024780065979425,74.21661376953125,73.22142791748047,0
2020-08-11,73.512939453125,74.98685440540952,73.39773052954467,74.11482348364235,29088000.0,75.03248100280761,73.23272933959962,47.361791162225956,0.09261874489621391,0.41736828951821836,-0.32474954462200445,77.91642658744946,72.14853541816576,5.7678911692837005,-0.010547227469884346,-0.013185670645404324,-0.013343507617093908,1,0.014113222026008834,74.29656219482422,72.75064849853516,1
2020-08-12,74.8189926147461,75.10533266498275,73.75775067614931,73.77414089337864,28740000.0,75.01505050659179,73.2996711730957,52.85460745833311,0.13244817306052425,0.3603842662266796,-0.22793609316615532,77.8997325928601,72.13036842032348,5.769364172536626,0.017766303066331535,0.008116495951774994,-0.010118085207966865,1,0.014555222198705593,73.512939453125,73.1797103881836,1
2020-08-13,75.40647888183594,76.34009241770399,74.887781120674,75.00373263620752,29104000.0,75.01616821289062,73.38118347167969,55.12310503597809,0.20900918597065754,0.33010925017547516,-0.12110006420481761,77.90143870559362,72.13089772018762,5.770540985406001,0.007852100737507861,0.01493900463525133,-0.008488712614472926,1,0.014654281550880681,74.8189926147461,74.49520874023438,0
2020-08-14,74.87410736083984,75.57779549589343,74.63325529200144,75.26791204913721,27096000.0,74.99675102233887,73.47608367919922,52.65077953394087,0.2241426310376653,0.3089159263479132,-0.08477329531024791,77.8803569081816,72.11314513649614,5.767211771685453,-0.007060023606596633,0.018516031569963065,0.01670304692898439,1,0.010309880218851921,75.40647888183594,74.21661376953125,1
2020-08-17,75.38314056396484,75.76204787160965,74.88603878818462,75.218760989836,27566000.0,74.87821235656739,73.55513290405274,54.74100374261822,0.274051624076904,0.3019430658937114,-0.027891441816807416,77.47983631387665,72.27658839925813,5.203247914618515,0.006798521158613902,0.007540170343159014,0.029522951244826734,1,0.010063427294379345,74.87410736083984,74.29656219482422,1
2020-08-18,77.40033721923828,77.59251879359505,75.66769476657103,75.79035240966357,40542000.0,74.87865982055663,73.66636169433593,61.91582941115905,0.4709469885701765,0.3357438504290044,0.13520313814117207,77.48201513185151,72.27530450926176,5.206710622589753,0.026759254658033083,0.02644147249637241,0.06391267729794525,1,0.011923835575740916,75.38314056396484,73.512939453125,0
2020-08-19,76.85060119628906,78.14920971351708,76.67281694977144,77.13763083885325,33212000.0,74.82661666870118,73.7571109008789,59.16319403199492,0.5759892354043359,0.3837929274240707,0.1921963079802652,77.22013654329683,72.43309679410552,4.787039749191308,-0.007102501651796156,0.02639756125470627,0.050162685649248084,1,0.012656110985559948,77.40033721923828,74.8189926147461,1
2020-08-20,78.54997253417969,78.75457370010795,76.38727433165317,76.6479871835819,34138000.0,74.99067001342773,73.87222351074219,64.42791216663221,0.7872856980787333,0.4644914815550032,0.3227942165237301,77.88114320372975,72.10019682312571,5.7809463806040355,0.022112661598445493,0.04200981740111631,0.05442986015495732,1,0.01318469131799085,76.85060119628906,75.40647888183594,0
2020-08-21,78.48391723632812,79.3430359206154,77.86738589831718,78.31556704353055,28930000.0,75.16088027954102,74.04760360717773,64.08208109154756,0.9385900744414215,0.5593112001322869,0.37927887430913465,78.42858875263646,71.89317180644558,6.535416946190878,-0.000840933430279911,0.013999680828528982,0.05749795429967142,1,0.012992077378781235,78.54997253417969,74.87410736083984,1
2020-08-24,78.87027740478516,80.15995194578811,78.49137010472516,79.1573070347942,28198000.0,75.30489540100098,74.22143417358399,65.25678741203276,1.077257960249895,0.6629005521558086,0.4143574080940865,78.93936964741614,71.67042115458581,7.268948492830333,0.0049227941476677195,0.026280551837681854,0.061560253595146275,1,0.012897217094806027,78.48391723632812,75.38314056396484,1
2020-08-25,79.86446380615234,80.03330652773612,78.56584792351784,78.56584792351784,44942000.0,75.57276229858398,74.4085237121582,68.14394376942303,1.2529327636533338,0.7809069944553136,0.4720257691980202,79.69016899539638,71.45535560177159,8.23481339362479,0.01260533668804964,0.016734458709080746,0.08640008684562739,1,0.011595971323600171,78.87027740478516,77.40033721923828,1
2020-08-26,82.05745697021484,82.39712773008722,79.63503143883125,79.85353735128562,79868000.0,75.89644737243653,74.61675857543945,73.39571767762833,1.551230907456997,0.9349717770556505,0.6162591304013465,80.89086211548758,70.90203262938547,9.988829486102105,0.027458935545918717,0.045532127596615624,0.09674634878794297,1,0.012809203055683938,79.86446380615234,76.85060119628906,0
2020-08-27,81.16108703613281,82.18756319004888,80.7350020229949,82.1220099009033,37232000.0,76.1518985748291,74.79872329711914,68.42985913130386,1.6957571403968217,1.087128849723885,0.6086282906729368,81.64931617513237,70.65448097452584,10.99483520060653,-0.010923686489667794,0.029045284316556286,0.07631450559194675,1,0.014338099471122223,82.05745697021484,78.54997253417969,1
2020-08-28,81.66165924072266,81.7987217645733,80.9833028021912,81.1193726684443,29980000.0,76.55278015136719,75.00575653076172,69.66422212125806,1.8295967621215397,1.235622432203416,0.5939743299181237,82.41728229414178,70.68827800859259,11.729004285549195,0.006167638000794451,0.02250306768392618,0.09065285876693863,1,0.01342976383881353,81.16108703613281,78.48391723632812,0
2020-08-31,81.15364837646484,81.83821090436959,80.96146681070046,81.83449033230153,36468000.0,76.9493911743164,75.20684036254883,66.80930012320472,1.8730816758725126,1.3631142809372352,0.5099673949352774,82.93079571774987,70.96798663088293,11.96280908686694,-0.006220922633475956,-0.011014338332201334,0.07654905021638836,1,0.014250884213414704,81.66165924072266,78.87027740478516,1
2020-09-01,82.47113037109375,82.72042384830421,81.05631278645836,81.2753112601159,36506000.0,77.43541526794434,75.41427078247071,70.2180417012162,1.9909036713928572,1.4886721590283596,0.5022315123644976,83.55132528803283,71.31950524785584,12.231820040176984,0.016234414853627088,0.016141273888775176,0.065513837975826,1,0.013004075859769234,81.15364837646484,79.86446380615234,1
2020-09-02,85.82667541503906,86.07000538523695,82.75022441290704,83.11994775327499,50224000.0,78.06776351928711,75.67634750366211,76.76363391493312,2.3282047976407085,1.6565786867508294,0.6716261108898791,84.86962669759595,71.26590034097828,13.60372635661767,0.040687511239950735,0.05100332534315455,0.11679901105553658,1,0.01592666090373799,82.47113037109375,82.05745697021484,0
2020-09-03,81.53404998779297,84.90468375126595,80.20414625325805,84.90468375126595,62156000.0,78.41970558166504,75.88479095458985,58.922531201853545,2.223508155374901,1.7699645804756439,0.45354357489925734,85.17398486829754,71.66542629503255,13.508558573264992,-0.050015049592540994,0.004687424643726068,0.03798954165534307,1,0.024480880037049253,85.82667541503906,81.16108703613281,0
2020-09-04,79.01131439208984,81.69643848183921,76.85472372878253,80.66102066120379,52172000.0,78.65944061279296,76.03348358154297,51.366714996196556,1.9148978820863505,1.7989512407977852,0.11594664128856524,85.13456232453724,72.18431890104868,12.950243423488558,-0.03094088415920493,-0.04195184379595429,0.006719811833214573,1,0.026876485349041825,81.53404998779297,81.66165924072266,0
2020-09-08,76.09873962402344,77.66179665496126,75.88122634285476,76.15435876646477,52218000.0,78.74954948425292,76.20480117797851,44.303140437834514,1.4189448616061213,1.7229499649594526,-0.3040051033533313,85.02642920588377,72.47266976262208,12.553759443261697,-0.03686275554932417,-0.11334396612677178,-0.03514045939685728,1,0.029334291786280695,79.01131439208984,81.15364837646484,1
2020-09-09,77.31889343261719,77.91679923851517,76.28055068277376,77.34720312263474,35494000.0,78.93984718322754,76.36569046020507,47.556672994975656,1.111541575458375,1.600668287059237,-0.48912671160086196,84.78615410357261,73.09354026288247,11.692613840690143,0.016033824142450914,-0.051698113313478955,-0.03187363005045374,1,0.029558475548494903,76.09873962402344,82.47113037109375,0
2020-09-10,76.08036804199219,78.6657262624126,75.77173482818942,77.50164179877346,32372000.0,79.00291595458984,76.4832958984375,44.702185017894806,0.7592316582789778,1.4323809613031853,-0.6731493030242075,84.69522916137204,73.31060274780764,11.384626413564405,-0.016018405536343705,-0.03709527391928924,-0.07284028958382438,1,0.027749101454252103,77.31889343261719,85.82667541503906,0
2020-09-11,75.51921081542969,78.22469569220368,74.35914248627901,76.27801809213614,31942000.0,79.00855255126953,76.56541412353516,43.43022584757049,0.42978847821858324,1.231862464686265,-0.8020739864676818,84.68681557220164,73.33028953033742,11.356526041864214,-0.0073758479487476825,-0.0076154849798695246,-0.0695145472631653,1,0.027718665020512984,76.08036804199219,81.53404998779297,0
2020-09-14,75.44767761230469,77.66847981675642,75.27188630032498,76.4272259936839,33932000.0,79.03723106384277,76.61962280273437,43.26123967293309,0.16107349782832614,1.0177046713146773,-0.8566311734863512,84.63692924912093,73.43753287856461,11.199396370556315,-0.0009472186262622362,-0.0242012752283276,-0.07609423671028237,1,0.027437830758427754,75.51921081542969,79.01131439208984,1
2020-09-15,76.54815673828125,77.44849721003351,76.0711733800464,76.27800988927446,26622000.0,79.0954818725586,76.66505172729492,46.69734709013048,0.03649373124345345,0.8214624833004326,-0.7849687520569791,84.56463810206215,73.62632564305504,10.938312459007108,0.014585990726334597,0.006148612425624256,-0.056750272234454724,1,0.02832380853706183,75.44767761230469,76.09873962402344,0
2020-09-16,75.52812957763672,77.5691622960093,75.47449576037594,77.24835962752213,26234000.0,79.00187149047852,76.70052856445312,44.03537672949153,-0.14289706999261398,0.6285905726418233,-0.7714876426344373,84.64519636578613,73.35854661517091,11.286649750615226,-0.013325300100066606,0.00011809925065064952,-0.0841870453601854,1,0.027333072975904486,76.54815673828125,77.31889343261719,0
2020-09-17,74.26825714111328,74.90232288704672,73.00043632835278,74.2916035393257,37596000.0,78.87275428771973,76.70006164550782,40.93174097807119,-0.3823196064103058,0.42640853683139746,-0.8087281432417033,84.81718519622927,72.92832337921018,11.888861817019091,-0.01668083723996361,-0.015632296559901726,-0.13467162998021065,1,0.0212176650796831,75.52812957763672,76.08036804199219,0
2020-09-18,72.50334167480469,74.63937440248993,71.3681125318831,74.3914221412699,62078000.0,78.57042274475097,76.64940826416016,36.99780730221353,-0.70633542448968,0.19985974456718195,-0.9061951690568619,85.13271557372295,72.008129915779,13.124585657943953,-0.023764061986201845,-0.052840136664633386,-0.11075996242478248,1,0.017604181394207764,74.26825714111328,75.51921081542969,0
2020-09-21,71.07164764404297,71.92580317521356,69.84951158640277,71.51362285444189,57776000.0,78.19980926513672,76.539580078125,34.13204530893505,-1.0663537753022183,-0.05338295940669813,-1.0129708158955202,85.53186891640064,70.8677496138728,14.664119302527837,-0.01974659371126941,-0.05900426713219287,-0.100487718868296,1,0.01655748744477967,72.50334167480469,75.44767761230469,1
2020-09-22,72.77497863769531,72.9765942138725,71.23898878022005,72.0117007268917,31664000.0,77.89504432678223,76.49401168823242,40.07877669086832,-1.2003889990913166,-0.28278416734362183,-0.9176048317476948,85.58812069590273,70.20196795766172,15.386152738241009,0.02396639236764786,-0.020106551047517796,-0.04367695184900089,1,0.016929060276810442,71.07164764404297,76.54815673828125,0
2020-09-23,70.27955627441406,72.55150718172865,69.90661251749657,72.44325445378254,33148000.0,77.41579895019531,76.38935775756836,35.081715545847246,-1.4907877361782482,-0.5243848811105472,-0.9664028550677011,85.72772583481171,69.10387206557891,16.623853769232795,-0.03428956503999159,-0.030671488362079224,-0.09104291132073494,1,0.01766749940997294,72.77497863769531,75.52812957763672,1
2020-09-24,70.92911529541016,71.69482570377673,70.01338475181507,70.07198186797439,29004000.0,76.85938186645508,76.30458801269532,37.2740494334737,-1.6495024061676986,-0.7494083861219776,-0.900094020045721,85.34207859470055,68.37668513820961,16.965393456490943,0.009242503160660664,-0.0020054741005397503,-0.06770804189247381,1,0.01840032978341088,70.27955627441406,74.26825714111328,1
2020-09-25,71.75695037841797,72.00723650932608,70.18669474785692,71.14463971858872,26460000.0,76.38917503356933,76.23204452514648,40.05260979382994,-1.6890156320885268,-0.9373298353152875,-0.7516857967732393,84.90843520480915,67.86991486232951,17.038520342479643,0.011671301405071777,-0.013988712581360141,-0.04981858783199877,1,0.019301702891761426,70.92911529541016,72.50334167480469,1
2020-09-28,72.7282943725586,73.33811955209461,71.97251821532628,73.20950598351357,40158000.0,75.94250679016113,76.18136138916016,43.230241402020674,-1.6232391157464576,-1.0745116914015216,-0.548727424344936,84.24312937443108,67.64188420589119,16.60124516853989,0.013536584108133631,0.034842822407460394,-0.03604329948656493,0,0.020158095166744334,71.75695037841797,71.07164764404297,1
2020-09-29,72.9671630859375,73.33132446249498,72.4444871678634,73.0198042504251,19564000.0,75.53318252563477,76.08562637329102,44.01614086616023,-1.534151302550839,-1.1664396136313853,-0.3677116889194538,83.56869648415193,67.49766856711761,16.071027917034314,0.0032843986709667483,0.028733585383648785,-0.04678092595471883,0,0.019332573464145224,72.7282943725586,72.77497863769531,1
2020-09-30,72.9805679321289,73.98121976338362,72.49787115955114,72.8415125252503,34032000.0,75.05865440368652,75.99740997314453,44.06293989391906,-1.4458006201224691,-1.2223118149296022,-0.22348880519286696,82.49807111568617,67.61923769168686,14.87883342399931,0.0001837106668876043,0.017052251346497682,-0.03372997133325173,0,0.01912683812683207,72.9671630859375,70.27955627441406,1
2020-10-01,73.99810791015625,74.44256845643194,73.45780665142134,73.70908542006934,35590000.0,74.46722602844238,75.91954284667969,47.64093860980407,-1.2789323593445374,-1.2336359238125894,-0.045296435531948065,80.03325400136943,68.90119805551534,11.132055945854091,0.013942615231134381,0.017459690874818135,-0.0036374790705501203,0,0.019190655922837065,72.9805679321289,70.92911529541016,0
2020-10-02,72.42537689208984,73.65596180627743,72.05292564730294,72.60465391032743,25682000.0,74.01179237365723,75.86267227172851,43.056683554118734,-1.2590804144856946,-1.2387248219472105,-0.02035559253848418,78.59402082108292,69.42956392623154,9.164456894851384,-0.021253665296089963,-0.007425068632715859,-0.0010753267492763507,0,0.018861717164444628,73.99810791015625,71.75695037841797,1
2020-10-05,73.7959976196289,73.90475046640069,72.7158875630726,72.81222840015846,22266000.0,73.75102653503419,75.83699798583984,47.77328021935152,-1.1198411356674143,-1.2149480846912513,0.09510694902383698,77.71777478097079,69.78427828909759,7.9334964918732,0.018924592268000362,0.011173243927867782,0.03833244431352778,0,0.01830721466643405,72.42537689208984,72.7282943725586,0
2020-10-06,72.17807006835938,73.83274719316634,71.93721795579611,73.277548406462,24908000.0,73.55499305725098,75.76075988769531,43.22215431234707,-1.1270542559461916,-1.1973693189422394,0.07031506299604784,77.42460055783326,69.6853855566687,7.739215001164553,-0.02192432656861565,-0.024595734853202544,-0.008202112601194966,0,0.018475040001593484,73.7959976196289,72.9671630859375,1
2020-10-07,72.51824951171875,72.9487977690782,71.3120036178403,72.71688715086094,34924000.0,73.31496086120606,75.72098236083984,44.42104029140232,-1.092724816170744,-1.1764404183879404,0.08371560221719654,76.79705486003986,69.83286686237226,6.964187997667608,0.004713058177327145,0.0012823215233974672,0.03185411741308486,0,0.014214171562891363,72.17807006835938,72.9805679321289,1
2020-10-08,73.7915267944336,73.99364250506075,72.75660918447879,72.75660918447879,23756000.0,73.20051879882813,75.68513778686524,48.78051152024707,-0.9518038500198855,-1.1315131047143296,0.1797092546944441,76.45451915481813,69.94651844283813,6.508000711980003,0.017558025618214623,-6.058357281590876e-05,0.04035594532797826,0,0.014834557424195994,72.51824951171875,73.99810791015625,1
2020-10-09,75.24607849121094,75.31063155444552,73.96633807127485,74.2270509124122,28706000.0,73.18686218261719,75.66901809692382,53.2880766044702,-0.7145163041471534,-1.0481137446008943,0.33359744045374096,76.40390564852927,69.9698187167051,6.434086931824169,0.019711635738739908,0.042506102198990314,0.04862425304298301,0,0.015495861729703391,73.7915267944336,72.42537689208984,1
2020-10-12,77.92424011230469,79.1513468413504,76.10767659400082,76.62563172156159,49652000.0,73.3106903076172,75.7546223449707,60.22829698448824,-0.30682209981036124,-0.8998554156427877,0.5930333158324265,77.01937305108811,69.60200756414628,7.417365486941833,0.03559204246645975,0.07454662291196579,0.07144325031368526,0,0.018200392422221896,75.24607849121094,73.7959976196289,1
2020-10-13,78.04988098144531,78.95965548891367,77.62876681977845,78.64828682700247,32020000.0,73.38577651977539,75.85119140625,60.52461003088092,0.026115617932646273,-0.714661208927701,0.7407768268603473,77.40168535904681,69.36986768050397,8.031817678542836,0.0016123464144091049,0.05770790186893038,0.06965760597711079,0,0.01824668894922537,77.92424011230469,72.17807006835938,0
2020-10-14,77.8711166381836,78.84465629449534,76.99957825302243,78.39304246496536,38586000.0,73.50292587280273,75.95360076904296,59.8414641629384,0.2724062398593503,-0.5172477191702908,0.7896539590296411,77.88223492701827,69.1236168185872,8.75861810843108,-0.002290385853429,0.034886045885823336,0.06701165590548497,0,0.018364359078250563,78.04988098144531,72.51824951171875,0
2020-10-15,77.4266586303711,78.2199816705384,76.72645598717607,76.83173075934108,30800000.0,73.66084594726563,76.03853973388672,58.086017775841064,0.4268092935677714,-0.32843631662267836,0.7552456101904498,78.35558578597585,68.96610610855541,9.38947967742044,-0.0057076105621755024,-0.006385451833941236,0.04633295116650249,0,0.01854873480174817,77.8711166381836,73.7915267944336,1
2020-10-16,78.11592864990234,78.51917498369669,77.61883449131766,77.76036777120736,28694000.0,73.94147529602051,76.11095413208008,60.04357866803578,0.5979009264521551,-0.14316886800771167,0.7410697944598668,78.98401037046034,68.89894022158069,10.085070148879652,0.008902231243398617,0.0008462238202866512,0.07857124121412773,0,0.01615898783356423,77.4266586303711,75.24607849121094,0
2020-10-19,76.208984375,78.86779152424204,75.88073293035221,78.4859062532082,32142000.0,74.19834213256836,76.15080154418945,52.709011003216325,0.5730124809824275,6.740179031616833e-05,0.5729450791921114,79.15257012735454,69.24411413778218,9.90845598957236,-0.02441172124380453,-0.02134465685019571,0.03269807080606868,0,0.018463710809748325,78.11592864990234,77.92424011230469,1
2020-10-20,77.26773071289062,78.33889916811343,75.76501384832301,75.83354510877699,44834000.0,74.42297973632813,76.21022491455078,55.92792968409392,0.6314413272298225,0.12634218687821744,0.5050991403516051,79.50447197148172,69.34148750117454,10.16298447030718,0.013892670878290048,-0.0020526252881346574,0.0705153329773276,0,0.01636534062441192,76.208984375,78.04988098144531,1
2020-10-21,79.12403106689453,80.38639610675189,78.04739909800621,78.13182046570503,51366000.0,74.86520347595214,76.32244674682617,60.947038298719164,0.818103940680615,0.264694537638697,0.553409403041918,79.96674256900572,69.76366438289857,10.203078186107149,0.02402426390521928,0.012905209403708984,0.09109129908200986,0,0.01718970772090754,77.26773071289062,77.8711166381836,1
2020-10-22,80.21755981445312,80.54829670808118,78.71136458721318,79.11112529379649,28672000.0,75.32962570190429,76.43041809082031,63.57844663708565,1.0422595186518038,0.42020753384131837,0.6220519848104854,80.6016210304282,70.05763037338038,10.543990657047829,0.01382043777109998,0.05259977510956193,0.0870836164959834,0,0.017020052620674585,79.12403106689453,77.4266586303711,1
2020-10-23,81.4923324584961,81.55986349231203,80.47479011727754,80.75090050890515,27516000.0,75.8163948059082,76.55213516235352,66.4190733156014,1.3076936494229443,0.5977047569576436,0.7099888924653007,81.46344246124683,70.16934715056958,11.29409531067725,0.01589144131274467,0.05467485205826916,0.08301102319923226,0,0.016782015646995926,80.21755981445312,78.11592864990234,0
2020-10-26,78.98199462890625,81.35525695236471,78.28923332724133,80.69825405484927,37066000.0,76.12907981872559,76.63429290771484,56.992431563725354,1.3004975016618374,0.7382633058984824,0.562234195763355,81.75002201228043,70.50813762517075,11.241884387109678,-0.030804589264497473,-0.0017951112458893803,0.013574139639695115,0,0.017813706122583334,81.4923324584961,76.208984375,1
2020-10-27,79.66779327392578,79.79616434310381,78.60109568941122,79.24121577912751,24580000.0,76.464111328125,76.71998596191406,58.716253597418536,1.3347465940253613,0.8575599635238582,0.4771866305015031,82.09003007911217,70.83819257713783,11.251837501974336,0.008682974496171392,-0.006853443831986161,0.02072920896400965,0,0.017958707384895137,78.98199462890625,77.26773071289062,0
2020-10-28,75.31559753417969,77.53689261986658,75.21627872388264,77.45694200054528,36680000.0,76.58086280822754,76.6782911682129,46.09054270599207,0.999185435367167,0.88588505789252,0.11330037747464694,82.00610381936274,71.15562179709234,10.850482022270398,-0.05462929950603401,-0.0757952894213969,-0.032817291112926306,0,0.025469160130669567,79.66779327392578,79.12403106689453,1
2020-10-29,77.82938385009766,79.14388977996157,75.59467678858971,75.60063273392373,40062000.0,76.77242660522461,76.69786682128907,52.450420945787926,0.9254246275986162,0.8937929718337393,0.03163165576487692,82.08882479021035,71.45602842023887,10.632796369971487,0.03337670281082428,-0.014593335914395267,0.005201376720247453,1,0.027896494292892177,75.31559753417969,80.21755981445312,1
2020-10-30,80.49962615966797,83.77670009021313,79.67775100323058,83.0372609927354,86582000.0,77.17613906860352,76.73685989379882,58.104458031652975,1.0700994538699007,0.9290542682409717,0.14104518562892898,82.3347425337872,72.01753560341983,10.317206930367377,0.03430892263920904,0.010441269320490054,0.03051487130683439,1,0.029800811183727034,77.82938385009766,81.4923324584961,1
2020-11-02,80.74891662597656,82.47411027540336,80.25231497531756,80.85469150454024,50708000.0,77.5237850189209,76.7821598815918,58.59940451673076,1.191140230125626,0.9814714606179027,0.20966876950772328,82.661453316485,72.38611672135681,10.27533659512818,0.0030967903604190994,0.07214068891017078,0.05957213953458562,1,0.02817186977984586,80.49962615966797,78.98199462890625,1
2020-11-03,81.9496841430664,82.52028036640087,80.28160271488179,81.0344463156404,33234000.0,78.01236572265626,76.84374801635742,60.9899908275688,1.3681862216593714,1.0588144128261965,0.30937180883317494,82.87479043306934,73.14994101224318,9.72484942082616,0.014870385477141701,0.052940163330916334,0.06059390365135564,1,0.02820334387473309,80.74891662597656,79.66779327392578,1
2020-11-04,86.86207580566406,87.9662748351412,84.721724049789,84.93278125242438,71418000.0,78.72955703735352,76.98370025634766,68.90145184964868,1.8831773023940457,1.2236869907397665,0.6594903116542792,84.31633890706414,73.1427751676429,11.17356373942124,0.059943997514641856,0.07903700861139917,0.09779639174636445,1,0.03265299720246599,81.9496841430664,75.31559753417969,1
2020-11-05,87.56922912597656,89.07243842088842,86.93059420673103,88.44473788926119,41316000.0,79.41844215393067,77.09393569946289,69.8493942831648,2.3216107239359616,1.4432717373790056,0.878338986556956,85.74813510345348,73.08874920440786,12.659385899045617,0.008141105468105758,0.08446320749529335,0.09164663358656355,1,0.03262575688585399,86.86207580566406,77.82938385009766,0
2020-11-06,87.48878479003906,88.0191518822448,86.42605771293628,87.10143616420507,33218000.0,80.03057746887207,77.22048965454101,69.58952658380187,2.6322383781297702,1.6810650655291588,0.9511733126006114,86.96675340421899,73.09440153352514,13.872351870693848,-0.0009186370228493335,0.06759148256511383,0.07358302493792235,1,0.03268072310873705,87.56922912597656,80.49962615966797,1
2020-11-09,87.55087280273438,90.28515986313532,87.40288344928055,88.93638807832393,45366000.0,80.51190910339355,77.33827392578125,69.68327607034988,2.8505634942159617,1.9149647512665195,0.9355987429494421,88.10186648181728,72.92195172496982,15.179914756847467,0.0007096682488425543,0.007929778222331985,0.10849153929434996,1,0.02997236782985767,87.48878479003906,80.74891662597656,0
2020-11-10,86.42805480957031,87.55087192201972,85.28139875696309,85.96621133732644,52722000.0,80.93081779479981,77.44376205444335,65.73653347441615,2.899561355008686,2.111884072014953,0.7876772829937329,88.84873131718913,73.01290427241048,15.835827044778654,-0.012824749282556502,-0.013031681651148985,0.08485563937236695,1,0.030895305007839963,87.55087280273438,81.9496841430664,1
2020-11-11,87.03985595703125,87.61144487612894,86.77442234467743,86.9052788650388,25280000.0,81.38925476074219,77.53513656616211,66.83865132028168,2.953711208076683,2.280249499227299,0.6734617088493842,89.60170944621997,73.17680007526441,16.42490937095556,0.0070787332748485365,-0.005131272929269515,0.15566839813666578,1,0.021636739400382382,86.42805480957031,86.86207580566406,0
2020-11-12,86.89733123779297,87.8125691391822,86.68677415967848,86.78758573945446,24950000.0,81.86278839111328,77.55654968261719,66.30359633996709,2.951106286773907,2.414420856736621,0.5366854300372861,90.19794425297799,73.52763252924858,16.670311723729412,-0.0016374650172749083,-0.007464706450316494,0.11651058943445469,1,0.021119536564339,87.03985595703125,87.56922912597656,1
2020-11-13,88.24710845947266,88.44674633301669,86.63464579717845,87.2842001188238,29998000.0,82.3693473815918,77.69081085205079,68.84706443203257,3.0231090893427677,2.5361585032578504,0.48695058608491726,90.95960536149138,73.7790894016922,17.18051595979918,0.015533011226616988,0.021047027541118757,0.09624246309464657,1,0.01962622797475932,86.89733123779297,87.48878479003906,1
2020-11-16,88.46360778808594,89.34209454204202,87.78375862453296,87.98289633246743,24936000.0,82.9820785522461,77.8798567199707,69.24801883238177,3.0623407575770614,2.641394954121693,0.4209458034553686,91.47494389423156,74.48921321026063,16.985730683970928,0.002453330566776657,0.016357469981999273,0.09553925284029874,1,0.019650227195904216,88.24710845947266,87.55087280273438,0
2020-11-17,87.90593719482422,88.64339091816939,87.7495064690329,88.24313012579633,22942000.0,83.51398887634278,78.11600067138671,66.86089968124838,3.0136928063599555,2.7158545245693455,0.29783828179061,91.83956212304261,75.18841562964295,16.651146493399665,-0.006303954894057884,0.011606869194535019,0.07268183049198185,1,0.020122627906424793,88.46360778808594,86.42805480957031,0
2020-11-18,86.74536895751953,88.07080174601607,86.71358875951046,87.6615994921091,23470000.0,83.89505577087402,78.30453018188477,62.06580941160532,2.8486532950930723,2.742414278674091,0.10623901641898126,92.07847434172758,75.71163720002046,16.366837141707123,-0.013202387396570758,-0.017017435791029878,-0.0013435880625929375,1,0.00910513206750079,87.90593719482422,87.03985595703125,1
2020-11-19,87.59654998779297,87.87812376634645,86.25994785105497,86.32822905664568,24998000.0,84.26400527954101,78.53485382080078,64.09939421210149,2.7547860303320846,2.7448886290056898,0.009897401326394828,92.41626025173653,76.11175030734549,16.304509944391043,0.00981240889862689,-0.009801293684178036,0.0003119915761402581,1,0.0092866810045577,86.74536895751953,86.89733123779297,0
2020-11-20,86.5174331665039,88.09712277002718,86.5010505266861,87.66061104507605,46270000.0,84.5152603149414,78.75481826782226,59.72780608787203,2.56376633538423,2.708664170281398,-0.14489783489716812,92.61994403260705,76.41057659727575,16.209367435331302,-0.012319170349054165,-0.01579533843365999,-0.011102584472584276,1,0.010086838647440647,87.59654998779297,88.24710845947266,0
2020-11-23,86.15342712402344,87.09896008839227,85.30225725984842,86.88542502347123,43232000.0,84.87383193969727,78.96893325805664,58.28383581505788,2.3558528007926185,2.6381018963836422,-0.28224909559102374,92.59295857368242,77.15470530571211,15.43825326797031,-0.004207314400785922,-0.00682390127115573,-0.01596152766928549,1,0.010110259424355334,86.5174331665039,88.46360778808594,1
2020-11-24,87.84286499023438,87.97794220298789,85.79736134150096,85.93690930234852,31560000.0,85.2825855255127,79.1948274230957,62.78123985616052,2.300880228251444,2.5706575627572024,-0.2697773345057586,92.71622943337952,77.84894161764588,14.867287815733647,0.019609642037557995,0.002811925840409568,0.016369802418686463,1,0.011235510158831388,86.15342712402344,87.90593719482422,1
2020-11-25,87.96949768066406,88.32258068192824,87.23005870495021,88.04199957258817,20916000.0,85.91528053283692,79.44365478515626,63.102343045984284,2.2416914446907583,2.504864339143914,-0.2631728944531555,91.8510685447034,79.97949252097044,11.871576023732956,0.0014415819707584987,0.016783490459843398,0.010680644095869773,1,0.01107490632297939,87.84286499023438,86.74536895751953,1
2020-11-27,89.05010223388672,89.58692541003835,88.01965543168285,88.05193574801741,17698000.0,86.47631645202637,79.73929168701171,65.81285423602709,2.2559741974892944,2.45508631081299,-0.19911211332369572,91.25790724359584,81.6947256604569,9.563181583138942,0.012283854991935295,0.03362228534093403,0.024773729704111735,1,0.011554634709026408,87.96949768066406,87.59654998779297,0
2020-11-30,87.43864440917969,88.7956075541418,87.1535925064385,88.45389080668002,36476000.0,86.82326736450196,80.03799774169921,58.86792281843855,2.1129059386227453,2.3866502363749413,-0.273744297752196,90.7505005387126,82.89603419029132,7.854466348421283,-0.018096080569055317,-0.004601632484318774,-0.009161365900892449,1,0.012217988316389528,89.05010223388672,86.5174331665039,1
2020-12-01,89.29393768310547,90.62135589829056,87.86720065764494,88.11550147210329,34738000.0,87.25051841735839,80.40244354248047,63.62692169922973,2.1247373253097237,2.334267654161898,-0.20953032885217437,90.17186768467876,84.32916915003803,5.842698534640732,0.021218230068203114,0.015055673129443337,0.00938611837998482,1,0.014081118976476244,87.43864440917969,86.15342712402344,1
2020-12-02,90.77629089355467,91.15867625708412,88.8655158618746,89.29393477639073,24440000.0,87.69184875488281,80.76246978759765,66.92015320558895,2.228043798045505,2.3130228829386192,-0.08497908489311445,89.84164809074514,85.54204941902049,4.299598671724652,0.01660082698682097,0.019384465782354532,0.032652557839966345,1,0.014609705788455008,89.29393768310547,87.84286499023438,0
2020-12-03,90.71768188476562,91.73223848283438,90.51308077411916,90.58061937265964,24546000.0,87.88462905883789,81.17123229980469,66.6631577478077,2.278915742672467,2.3062014548853886,-0.02728571221292153,90.36785454167872,85.40140357599705,4.966450965681673,-0.0006456422509900639,0.037501009968101684,0.04579279533863523,1,0.013532299055788333,90.77629089355467,87.96949768066406,1
2020-12-04,90.7782745361328,91.03501671651,90.23201731869553,90.60595371906308,27564000.0,88.0450813293457,81.56821548461915,66.80508973495009,2.297635731390443,2.3044883101863998,-0.0068525787959567985,90.82324087845542,85.26692178023599,5.556319098219433,0.0006679254816512881,0.016623041737671818,0.03632248700186502,1,0.013447371472417787,90.71768188476562,89.05010223388672,0
2020-12-07,90.3556671142578,90.99578730528738,89.67532534581,90.33182817632304,26418000.0,88.18842544555665,81.94018981933594,64.73496466271641,2.2524062332689994,2.29407189480292,-0.041665661533920595,91.12812755693781,85.24872333417548,5.879404222762332,-0.004655380640736784,-0.004633630380317055,0.04436370575589277,1,0.012629309954054285,90.7782745361328,87.43864440917969,0
2020-12-08,90.30947875976562,90.47584362419694,89.199823977378,89.88984981590424,21926000.0,88.3263557434082,82.29181350708008,64.49971722703685,2.1876170285902106,2.2727809215603783,-0.08516389297016769,91.38972450887972,85.26298697793668,6.126737530943046,-0.0005111838135594127,-0.004499708507967881,0.04824011968507391,1,0.01240072609198464,90.3556671142578,89.29393768310547,0
2020-12-09,88.60018157958984,91.09014584777552,87.78973343827575,89.98471167795182,30152000.0,88.43496208190918,82.60447387695312,56.34004125800195,1.9755719560946403,2.213339128467231,-0.2377671723725907,91.3728752318927,85.49704893192565,5.875826299967059,-0.01892710713924861,-0.023993548761229166,0.008621264680286345,1,0.013243361056930287,90.30947875976562,90.77629089355467,0
2020-12-10,88.16316986083984,88.4601336020262,86.42456422916642,87.88854470370597,27256000.0,88.4911277770996,82.90812591552735,54.443672865886505,1.752064802574239,2.1210842632886324,-0.3690194607143935,91.36240368128115,85.61985187291806,5.742551808363089,-0.0049324020668900515,-0.024265188044547026,0.002201583336065349,1,0.013369205805055063,88.60018157958984,90.71768188476562,1
2020-12-11,88.48299407958984,88.61608599046409,87.40189130640314,87.55385129163841,24414000.0,88.57041091918946,83.19782363891602,55.62097056554825,1.5824988529918897,2.013367181229284,-0.4308683282373944,91.34729006692362,85.79353177145529,5.553758295468327,0.0036276397417971395,-0.020224728403476444,-0.006368416656135745,1,0.012774078088293953,88.16316986083984,90.7782745361328,0
2020-12-14,87.40486907958984,89.25868390270752,87.26358584840261,88.14679358743496,32004000.0,88.5282989501953,83.49741348266602,50.85035888329745,1.3456095893248943,1.8798156628484062,-0.5342060735235119,91.34871678967765,85.70788111071296,5.640835678964692,-0.012184544738961134,-0.01349108408910249,-0.00038627462511642285,1,0.011985073125300614,88.48299407958984,90.3556671142578,1
2020-12-15,87.78775024414062,87.96901258243749,86.90280721592279,87.62139292734913,29646000.0,88.49450607299805,83.77724853515625,52.4114127365236,1.1752212324636417,1.7388967767714534,-0.5636755443078116,91.33334992974503,85.65566221625107,5.6776877134939525,0.004380547314842831,-0.0042582363734402495,-0.016867745762429442,1,0.00962792809195783,87.40486907958984,90.30947875976562,0
2020-12-16,87.55087280273438,88.04747445495914,87.20722379257133,88.0415109310898,30270000.0,88.47675285339355,84.08470458984375,51.32530365111548,1.0094370403665778,1.5930048294904784,-0.5835677891239006,91.33447569171142,85.61903001507568,5.715445676635738,-0.002698297208294842,-0.010534468081143777,-0.035531503425299205,1,0.0071858460439780955,87.78775024414062,88.60018157958984,0
2020-12-17,86.8010025024414,87.9870921256089,86.34214456016367,87.82450084714381,32494000.0,88.47953453063965,84.3703596496582,47.93857913790359,0.8082268711461609,1.436049237821615,-0.6278223666754541,91.33061128837439,85.62845777290492,5.702153515469462,-0.008564966587855105,-0.006908843677788323,-0.043174376824348215,1,0.0072615507236588744,87.55087280273438,88.16316986083984,0
2020-12-18,85.96221923828125,87.1590307278216,85.42638880141286,87.11284563437749,80328000.0,88.39781799316407,84.61377349853515,44.408663443310076,0.574461528078686,1.2637316958730291,-0.6892701677943431,91.43317155150852,85.36246443481961,6.070707116688908,-0.009663290054012452,-0.020794826166321778,-0.05305295041639724,1,0.007198255030235907,86.8010025024414,88.48299407958984,1
2020-12-21,86.37739562988281,86.45089776294904,84.37261358419228,85.0931845470445,36568000.0,88.39081611633301,84.83639984130859,46.508248953661344,0.4178849568791634,1.094562348074256,-0.6766773911950925,91.44408109091029,85.33755114175574,6.106529949154549,0.004829754225524674,-0.013403374921179712,-0.0440290201094341,1,0.007899895940906078,85.96221923828125,87.40486907958984,0
2020-12-22,85.58928680419922,86.2798051903184,85.04675017499646,86.13206591464636,18734000.0,88.3626091003418,84.98970077514649,43.17479144198876,0.22757970324234122,0.921165819107873,-0.6935861158655318,91.50709250127481,85.21812569940879,6.2889668018660245,-0.009124016994684014,-0.013959697046219133,-0.052266849730388754,1,0.007890511062848632,86.37739562988281,87.78775024414062,1
2020-12-23,86.03026580810547,86.80545558266448,85.66575589211847,85.8182159684044,20676000.0,88.27197914123535,85.14930847167969,45.52745074598829,0.11106445693545197,0.7591455466733888,-0.6480810897379369,91.57180625176136,84.97215203070934,6.59965422105202,0.005152268705253649,0.0007915869369961026,-0.02900576190327342,1,0.00688918538341884,85.58928680419922,87.55087280273438,1
2020-12-24,86.35157775878906,86.70665370806366,85.86788822221988,86.16038884574894,6936000.0,88.1910831451416,85.3189176940918,47.24142658489828,0.04414361379302534,0.6161451600973161,-0.5720015463042908,91.59431272860625,84.78785356167695,6.806459166929301,0.003734871067355483,-0.00029889615107614453,-0.020548173402910375,1,0.0071479128699989064,86.03026580810547,86.8010025024414,1
2020-12-28,88.20092010498047,88.9278486626272,86.72328466948211,86.9864829403542,27860000.0,88.14862403869628,85.53440292358398,55.85168601071192,0.13873557782156354,0.5206632436421657,-0.3819276658206021,91.52903778394679,84.76821029344578,6.760827490501015,0.021416427981863606,0.030513553720290076,-0.0031878891254024655,1,0.010255963991105331,86.35157775878906,85.96221923828125,0
2020-12-29,87.33832550048828,89.01287093052557,87.20771901944804,88.78195297373625,25988000.0,88.14360809326172,85.71885086059571,51.61998321353655,0.1424540931229359,0.44502141353831975,-0.30256732041538387,91.5285156222177,84.75870056430574,6.769815057911956,-0.009779882153899244,0.01520464548256184,-0.0007613257682586028,1,0.00996982467550301,88.20092010498047,86.37739562988281,0
2020-12-30,86.38484954833984,87.65491344135812,85.6935808891122,87.50171073870466,26122000.0,87.99815368652344,85.9223681640625,47.34945545098073,0.06768329162785847,0.36955378915622755,-0.3018704975283691,91.42261944524228,84.5736879278046,6.848931517437677,-0.01091703953201062,0.0003853060987921708,-0.015980597428448373,1,0.01038267244677755,87.33832550048828,85.58928680419922,1
2020-12-31,86.99864196777344,87.34874700149244,86.18123768239506,86.18123768239506,20238000.0,87.80927124023438,86.11698638916016,50.205354147578305,0.05729435762923174,0.3071019028508284,-0.24980754522159665,91.0093423153105,84.60920016515826,6.400142150152249,0.007105324864751017,-0.013631129196566505,-0.00630754231548547,1,0.0107207369288613,86.38484954833984,86.03026580810547,0
2021-01-04,85.8246841430664,87.43416872026468,84.81211267442745,87.27972330707433,38038000.0,87.56462135314942,86.2509994506836,45.159813299770555,-0.045147104968876306,0.23665210128688746,-0.28179920625576377,90.58074258916449,84.54850011713435,6.032242472030134,-0.013493978735230061,-0.017330780602307416,-0.011247777459108765,1,0.011229816676329,86.99864196777344,86.35157775878906,1
2021-01-05,86.45437622070312,86.78958386598626,85.31691166312802,85.6637887203002,22906000.0,87.34842643737792,86.37573577880859,48.16872865742373,-0.07466116656652844,0.1743894477162043,-0.24905061428273273,90.0113274566882,84.68552541806764,5.325802038620566,0.007336957705396774,0.0008048479881228587,0.00572527078503704,1,0.011070707158287516,85.8246841430664,88.20092010498047,0
2021-01-06,86.17478942871094,86.80596817319672,84.3726155910741,84.55288525986151,52042000.0,87.13938255310059,86.4693849182129,46.93731934339603,-0.11923709946928795,0.11566413827910584,-0.23490123774839378,89.45951830867942,84.81924679752176,4.640271511157664,-0.003233922956987767,-0.00946971723268597,-0.0023455928451469044,1,0.011024071075513613,86.45437622070312,87.33832550048828,1
2021-01-07,88.75513458251953,88.81223892370902,86.26219213131584,86.41166668470011,45300000.0,87.06166534423828,86.66484771728516,57.68821076158502,0.05303706336906089,0.10313872329709686,-0.050101659928035974,89.02917620782047,85.09415448065609,3.935021727164383,0.029943155891819284,0.03414461082744191,0.03698883232387207,1,0.014018160171700154,86.17478942871094,86.38484954833984,1
2021-01-08,89.74635314941406,89.87695964012913,88.07405054736657,88.79139358847377,41012000.0,87.1189739227295,86.86641891479492,60.960389893241256,0.2664768536827893,0.13580634937423536,0.13067050430855393,89.3158046368727,84.92214320858629,4.393661428286407,0.01116801378936505,0.03807762050479768,0.04319511635123274,1,0.014213861414310306,88.75513458251953,86.99864196777344,0
2021-01-11,87.73560333251953,89.10597864731983,87.42771274107503,88.69652629181913,24194000.0,87.09759559631348,87.11481903076172,52.149858429191475,0.27026329256737824,0.16269773801286394,0.1075655545545143,89.26143810204535,84.93375309058162,4.327685011463728,-0.02240480806553713,0.018112187034698746,0.01602779717119418,0,0.016547128896817646,89.74635314941406,85.8246841430664,0
2021-01-12,86.73396301269531,88.29776268305017,85.67918459442328,87.09995819655241,27140000.0,87.01014404296875,87.29291061401368,48.39740837413348,0.1902470206810989,0.16820759454651096,0.022039426134587925,89.08238998217657,84.93789810376093,4.144491878415636,-0.011416577555499186,-0.022772446679634628,-0.0166319930737584,0,0.015422547273216916,87.73560333251953,86.45437622070312,1
2021-01-13,87.12379455566406,87.65192634807305,86.30986069409443,86.33817038283914,21882000.0,86.99609031677247,87.4253939819336,49.908111250531995,0.15648582510182507,0.1658632406575738,-0.009377415555748725,89.06123799202075,84.93094264152418,4.130295350496567,0.004494566250958565,-0.029221895951402455,-0.002456320791529465,0,0.015237653697960344,86.73396301269531,86.17478942871094,0
2021-01-14,86.4176254272461,88.14728975943747,86.08092503499249,87.08505511058986,23590000.0,86.92758407592774,87.53876815795898,47.21177350402204,0.07191885165336487,0.14707436285673203,-0.07515551120336716,88.97395690071006,84.88121125114542,4.092745649564648,-0.00810535321629946,-0.01502215583197486,0.00037941698200105733,0,0.015041412537931766,87.12379455566406,88.75513458251953,0
2021-01-15,86.219482421875,87.20325167239845,85.49245537248255,86.31880123511579,26844000.0,86.86101455688477,87.62416412353515,46.45341337807639,-0.010963191809125306,0.11546685192356057,-0.12643004373268588,88.90857397180947,84.81345514196006,4.095118829849412,-0.002292854083776108,-0.005931708559713922,-0.008955996648626563,0,0.014850195752519703,86.4176254272461,89.74635314941406,1
2021-01-19,88.93440246582031,89.84889786069577,86.48118909961785,87.0170272514447,34692000.0,86.96768455505371,87.66561065673828,56.713301394881306,0.14080048923224808,0.12053357938529807,0.02026690984695001,89.2051055700747,84.73026354003271,4.474842030041998,0.03148847531537147,0.020782013907801433,0.03623337917061398,0,0.01720421279721722,86.219482421875,87.73560333251953,1
2021-01-20,93.70375061035156,94.53853772074986,90.6561024987142,90.95058837885334,49806000.0,87.35476112365723,87.78830108642578,68.22974129155831,0.6385599148058247,0.2241388464694034,0.41442106833642134,90.99886112204234,83.71066112527211,7.288199996770231,0.05362770775194936,0.08431295290842677,0.08385202353599808,0,0.023403077952741876,88.93440246582031,86.73396301269531,1
2021-01-21,93.91978454589844,96.08546052520305,93.71419074084986,94.25499216619674,41278000.0,87.73188056945801,87.91692108154297,68.63677662225024,1.038498811013298,0.38701083937818237,0.6514879716351156,92.32964593296414,83.13411520595189,9.195530727012255,0.002305499343833173,0.0893104656595547,0.08987541679570499,0,0.023163364989444886,93.70375061035156,87.12379455566406,1
2021-01-22,94.40645599365234,94.89809436257674,93.44851097182696,94.13977963050202,25442000.0,88.17273902893066,88.05403274536133,69.58222405416996,1.3788293003298548,0.5853745315685168,0.793454768761338,93.4975743712458,82.84790368661552,10.64967068463028,0.0051817777277380905,0.06152909758330116,0.0636731771938055,1,0.021953536235901298,93.91978454589844,86.4176254272461,0
2021-01-25,94.32450103759766,95.82323962778672,92.74183363194076,95.38077200474618,38546000.0,88.58745079040527,88.21196166992188,69.20389363398598,1.6232191253760107,0.7929434503300157,0.830275675045995,94.44549866527036,82.72940291554018,11.716095749730187,-0.000868107537689955,0.006624605986449428,0.05101207712096856,1,0.021993272199419787,94.40645599365234,86.219482421875,1
2021-01-26,95.21044921875,95.5958125637096,93.5719124038081,93.80010242602992,26262000.0,89.03039436340332,88.37537353515626,71.03718506501276,1.8668683403573567,1.007728428335484,0.8591399120218728,95.45728512507334,82.6035036017333,12.853781523340047,0.009392556243676298,0.01374220223238276,0.08519740678024035,1,0.01974198963484691,94.32450103759766,88.93440246582031,0
2021-01-27,90.9173355102539,93.85771663653036,89.83524003537727,93.48675815545792,54966000.0,89.166215133667,88.45577362060547,54.19957840372061,1.6940161378518184,1.1449859702387508,0.5490301676130676,95.63194321371782,82.70048705361617,12.931456160101646,-0.045090783036140114,-0.03695849448721,0.04823223051558556,1,0.025520345106817586,95.21044921875,93.70375061035156,1
2021-01-28,92.52235412597656,94.29621076856036,91.50581198343596,91.5703650464712,35462000.0,89.4254165649414,88.54127853393555,58.18956693983393,1.6673212689053827,1.2494530299720772,0.4178682389333055,95.99210490551172,82.85872822437108,13.133376681140646,0.01765360375680647,-0.019105819715948047,0.061964238332885335,1,0.025828027457480966,90.9173355102539,93.91978454589844,0
2021-01-29,91.16314697265624,92.23282272395863,89.89482602980084,91.68110209084873,32252000.0,89.66433143615723,88.59526931762696,53.90669453984872,1.5189788919000904,1.30335820235768,0.21562068954241043,96.11785809504072,83.21080477727374,12.90705331776698,-0.014690581169926276,-0.042509013236508464,0.054913815578111924,1,0.026316285747938234,92.52235412597656,94.40645599365234,1
2021-02-01,94.42135620117188,95.46630656719086,91.9174944500288,92.04859347238902,32044000.0,90.03546714782715,88.7255776977539,61.2663350802394,1.6453600575820815,1.3717585734025604,0.2736014841795211,96.68390428189367,83.38703001376062,13.296874268133053,0.03574042073704309,0.03854073231746624,0.09512784754569514,1,0.027746945244425922,91.16314697265624,94.32450103759766,1
2021-02-02,95.720458984375,97.12335699570863,95.07388272809686,95.47463603844965,45474000.0,90.53025588989257,88.90507949829102,63.75151500434633,1.8292582292684187,1.463258504575732,0.3659997246926867,97.32290930827203,83.73760247151311,13.585306836758917,0.013758569411302268,0.0345657532021284,0.076304066035219,1,0.026731845775322595,94.42135620117188,95.21044921875,1
2021-02-03,102.80001831054688,105.10573483141508,100.23308126265648,102.94552222839214,82364000.0,91.34753799438477,89.2091488647461,73.66705006457968,2.5172429171017114,1.6740553870809278,0.8431875300207836,99.72937521931618,82.96570076945335,16.763674449862833,0.07396077496167797,0.12764885509471324,0.09707474504430813,1,0.03103953293020959,95.720458984375,90.9173355102539,0
2021-02-04,102.4176254272461,103.22112494851008,101.43534902427872,102.74141367609894,37046000.0,92.15967979431153,89.52715270996094,72.51324643055284,2.9970714548604604,1.9386586006368345,1.058412854223626,101.47497901988635,82.84438056873671,18.630598451149638,-0.0037197744668256982,0.0846870829628581,0.09047977401603569,1,0.03125747727267963,102.80001831054688,92.52235412597656,1
2021-02-05,104.18701934814452,104.41098867484232,102.26665873893616,102.7965333239075,30702000.0,92.93127403259277,89.88782455444336,74.50320327425104,3.47999906696694,2.2469266939028554,1.2330723730640845,103.46723923358934,82.3953088315962,21.071930401993143,0.01727626386100245,0.08845089601118139,0.10360057743455386,1,0.031321575490178236,102.4176254272461,91.16314697265624,0
2021-02-08,103.93425750732422,105.45569870652072,102.89586174586488,104.57984117649912,24838000.0,93.64066925048829,90.20965240478516,73.68255595747955,3.7985397094696367,2.5572492970162117,1.241290412453425,105.0939649018953,82.18737359908127,22.906591302814036,-0.0024260396583156707,0.011033453256310999,0.10187974878230333,1,0.03138733154245341,104.18701934814452,94.42135620117188,0
2021-02-09,103.4674301147461,104.54108395548818,103.22062211097156,103.22062211097156,17798000.0,94.42726058959961,90.5196110534668,72.10289524309741,3.967580595105474,2.839315556634064,1.12826503847141,106.3033779120678,82.55114326713142,23.75223464493638,-0.004491564223136235,0.010250234597029895,0.08672347377571277,1,0.03173149825934431,103.93425750732422,95.720458984375,1
2021-02-10,104.0569076538086,104.70199873644032,102.45338665757792,103.99881065937012,22710000.0,95.29340782165528,90.81974716186524,72.89316181469616,4.101829291011981,3.0918183035096476,1.0100109875023335,107.3246161375944,83.26219950571615,24.06241663187825,0.005697227991540599,-0.0012488282623879243,0.144522186773421,1,0.025624979162173177,103.4674301147461,102.80001831054688,1
2021-02-11,104.08223724365234,104.38714984460404,103.16004314219794,104.2620067842716,18914000.0,96.14132995605469,91.15261901855469,72.92864887211876,4.16228599393466,3.3059118415946505,0.8563741523400092,108.14025799551408,84.1424019165953,23.997856078918772,0.0002434205514545429,0.0014237821087785818,0.12494151523572428,1,0.02592942916595729,104.0569076538086,102.4176254272461,1
2021-02-12,104.49044036865234,104.72434385194158,103.44857417935044,103.80214974089506,17114000.0,97.044970703125,91.45654907226563,73.53006741257987,4.19478211025374,3.483685895326469,0.7110962149272715,108.6956981774373,85.39424322881271,23.30145494862458,0.0039219288113918616,0.009887268416464146,0.14619167765230334,1,0.02441361784054837,104.08223724365234,104.18701934814452,1
2021-02-16,105.3739013671875,106.90244264335044,104.50286319697666,104.50286319697666,22676000.0,98.00269165039063,91.74850128173829,74.83320574274727,4.242913766965202,3.635531469654216,0.6073822973109864,109.07095759069153,86.93442571008973,22.136531880601808,0.008454945690899773,0.012656475606217965,0.11599648222252168,1,0.02320838703903887,104.49044036865234,103.93425750732422,1
2021-02-17,105.69221496582033,105.95789864794196,104.23270512572414,104.28633894872502,21418000.0,98.84058227539063,92.04799194335938,75.30494303539527,4.257663998559252,3.7599579754352233,0.4977060231240289,109.56798867880805,88.11317587197321,21.454812806834838,0.003020801113964966,0.015468323556488306,0.10417580616776068,1,0.023328421688881353,105.3739013671875,103.4674301147461,0
2021-02-18,105.14049530029295,105.91196458117122,104.47058020173796,104.80230971925384,22432000.0,99.4124195098877,92.33523635864258,72.7592361467799,4.1766882351955985,3.8433040273872985,0.3333842078083,110.20267575180934,88.62216326796606,21.58051248384328,-0.005220059639262864,0.006221190468210791,0.022767281837205333,1,0.007010599907044686,105.69221496582033,104.0569076538086,0
2021-02-19,104.34294891357422,105.80245872805784,104.1577159692045,105.24328938202082,29148000.0,99.93357772827149,92.6149819946289,69.12158718843327,4.002026164842562,3.8750484548783515,0.1269777099642102,110.61868055803258,89.2484748985104,21.370205659522185,-0.0075855300513931745,-0.009783755182612097,0.018798751467791197,1,0.00746949688122771,105.14049530029295,104.08223724365234,0
2021-02-22,102.5422821044922,103.86025872703895,102.40621222539536,102.64755686254156,27350000.0,100.34036903381347,92.85963806152344,61.62979888675569,3.6759325903105093,3.835225281964783,-0.15929269165427362,110.76921166318289,89.91152640444406,20.857685258738826,-0.017257196847805023,-0.029802884368983817,-0.015786393102929397,1,0.007547649065225539,104.34294891357422,104.49044036865234,1
2021-02-23,102.8392333984375,103.392946884444,99.42062681034294,100.56231941239332,33348000.0,100.76610565185547,93.1444190979004,62.354438579342784,3.40224362413646,3.7486289503991186,-0.3463853262626584,110.86791157898374,90.6642997247272,20.203611854256536,0.002895891215320301,-0.02188749344658114,-0.01053573802467922,1,0.007666815067136832,102.5422821044922,105.3739013671875,1
2021-02-24,104.04647827148438,104.32507407718936,101.2138653056676,101.39760547584478,24966000.0,101.2079071044922,93.46208526611328,65.22941857723542,3.245347374139044,3.647972635147104,-0.40262526100806006,111.06918664212506,91.34662756685933,19.722559075265735,0.011739146949584445,-0.002841309788315538,0.0055964292927359605,1,0.008523242277086786,102.8392333984375,105.69221496582033,0
2021-02-25,100.87767791748048,104.03209421989364,100.37759815511151,102.6699101368265,36568000.0,101.70592422485352,93.70997894287109,53.64806538816618,2.8326571514668046,3.4849095384110442,-0.6522523869442396,110.371683708396,93.04016474131103,17.331518967084975,-0.030455623358396244,-0.016233344458976062,-0.0305527985408256,1,0.01274071114824734,104.04647827148438,105.14049530029295,1
2021-02-26,101.15080261230467,102.84669385638274,100.11787030544605,101.8291591099359,41670000.0,102.13734664916993,93.98489761352539,54.39957657301767,2.4988310876900215,3.28769384826684,-0.7888627605768184,109.72318386351486,94.551509434825,15.171674428689869,0.0027074839594107836,-0.016418158034990582,-0.028164600502248005,1,0.012834412582167326,100.87767791748048,104.34294891357422,1
2021-03-01,103.3681182861328,103.6169116217422,101.6096518699807,102.1271068482676,28090000.0,102.74759521484376,94.29650497436523,60.060890093612514,2.385689626088336,3.1072930038311393,-0.7216033777428033,108.42841038974461,97.0667800399429,11.361630349801715,0.02192089055710955,-0.006519778435763679,-0.01074090680984674,1,0.014963818464622164,101.15080261230467,102.5422821044922,0
2021-03-02,103.08654022216795,104.50334292658512,102.85910040073246,103.1039230957436,22692000.0,103.18085441589355,94.60721832275391,59.05815961591332,2.2473966168694375,2.935313726438799,-0.6879171095693617,107.38543910778,98.9762697240071,8.409169383772905,-0.0027240320190932144,0.0218964428036732,-0.021707093647875597,1,0.014593817764338123,103.3681182861328,102.8392333984375,0
2021-03-03,100.6467514038086,103.71614744480856,99.81692747469612,102.65798194014774,29684000.0,103.42716903686524,94.88413330078124,51.09779893676588,1.9188090074200375,2.7320127826350467,-0.8132037752150092,106.1819257370976,100.67241233663287,5.509513400464726,-0.02366738483124209,-0.0049831656840927385,-0.04773732449114987,1,0.015932992231673326,103.08654022216795,104.04647827148438,1
2021-03-04,101.75814056396484,103.75199578296944,100.32693280311364,100.4808856718216,42360000.0,103.37507514953613,95.20005172729492,54.130800282364774,1.7281596280927118,2.5312421517265795,-0.8030825236338677,106.21343682258856,100.5367134764837,5.676723346104865,0.01104247424437177,-0.015575186516517459,-0.03216985735769773,1,0.016693154524119645,100.6467514038086,100.87767791748048,1
2021-03-05,104.71044921875,105.18569737500091,101.62530683410024,102.95148242672272,43904000.0,103.48971633911133,95.56671279907226,61.042914973954254,1.7946081309605404,2.383915347573372,-0.5893072166128315,106.34926689198973,100.63016578623292,5.719101105756806,0.02901299727395612,0.01575287125828706,0.003522042543384174,1,0.0194020100774208,101.75814056396484,101.15080261230467,0
2021-03-08,100.52062225341795,105.71705670681982,100.39348628723236,104.3424682174904,32948000.0,103.306396484375,95.86533950805664,49.615967131699726,1.491986338184219,2.2055295456955415,-0.7135432075113224,106.4222370336592,100.1905559350908,6.2316810985684015,-0.04001345612202567,-0.0012531865026084166,-0.019715377984411808,1,0.022762435482980854,104.71044921875,103.3681182861328,1
2021-03-09,101.93741607666016,103.19580287718117,101.69557133158328,102.7965347526403,33946000.0,103.2065544128418,96.18348251342773,52.83142613739443,1.3509073885675633,2.034605114269946,-0.6836977257023826,106.36322483435957,100.04988399132402,6.313340843035547,0.014094558822670189,0.0017617805484821947,-0.008769195296150945,1,0.02328608107293801,100.52062225341795,103.08654022216795,1
2021-03-10,102.05313110351562,103.04484162091262,100.97749175562625,102.88394014143672,25372000.0,103.13583946228027,96.49751358032226,53.094719298581545,1.23421132034278,1.8745263554845129,-0.6403150351417328,106.3291185877067,99.94256033685384,6.3865582508528576,0.001135157543805665,-0.02537777399543939,-0.01915823775185921,1,0.022898225537088764,101.93741607666016,100.6467514038086,1
2021-03-11,105.01982879638672,105.56261554735316,102.91473520665971,102.99816391948156,24782000.0,103.18398551940918,96.83389175415039,59.35835296532176,1.365377335605487,1.7726965515087079,-0.40731921590322084,106.45934339926478,99.90862763955357,6.55071575971121,0.029070129067004125,0.04475903990751284,0.041061124367816726,1,0.022320668755064586,102.05313110351562,101.75814056396484,0
2021-03-12,102.3952865600586,103.80265543335705,101.68167175761587,103.54144248438116,34516000.0,103.09963798522949,97.13503097534179,52.65887254057398,1.2432176838608626,1.6668007779791387,-0.4235830941182761,106.3649938912095,99.83428207924949,6.530711811960003,-0.024990920918530612,0.004491682259771146,0.012303253316969132,1,0.024175926615661224,105.01982879638672,104.71044921875,1
2021-03-15,102.62223815917967,102.65054027118828,101.4810454757214,102.41415890998138,25962000.0,103.00622787475587,97.45977874755859,53.15127635470843,1.1514452331775828,1.5637296690188276,-0.41228443584124475,106.21346395315722,99.79899179635451,6.414472156802702,0.002216426231572255,0.005576576137451328,-0.007215765744022273,1,0.023104789009056704,102.3952865600586,100.52062225341795,1
2021-03-16,103.91488647460938,105.45633991461573,102.79654011995008,103.24298602763476,29832000.0,102.93327713012695,97.7981036376953,55.960929909319006,1.1695391020135304,1.4848915556177682,-0.3153524536042378,105.98434785282359,99.88220640743032,6.102141445393272,0.012596181282117813,-0.010521273310391877,0.008035445274001907,1,0.023445054234272247,102.62223815917967,101.93741607666016,0
2021-03-17,103.84337615966795,104.77201879784444,102.00197340640412,103.09598826972228,25980000.0,102.84083518981933,98.15847747802735,55.76169567257153,1.1646826025932313,1.4208497650128609,-0.25616716241962956,105.65475753381808,100.02691284582058,5.627844687997509,-0.0006881623737220455,0.014142150954966182,0.03176083391935891,1,0.021823332003515054,103.91488647460938,102.05313110351562,0
2021-03-18,101.1190185546875,103.06967432851934,100.98642676236462,102.3496034490436,27228000.0,102.63976135253907,98.45177032470703,48.65472995804596,0.930277244500914,1.3227352609104717,-0.3924580164095577,105.34007233206786,99.93945037301027,5.400621959057588,-0.02623525645768221,-0.0146480882843395,-0.006280794890071606,1,0.023483533660776584,103.84337615966795,105.01982879638672,1
2021-03-19,101.46565246582033,101.95728324824417,100.19832408883477,101.4085405483245,46298000.0,102.49589653015137,98.75758758544922,49.536024990983755,0.7636765808494062,1.2109235248982586,-0.44724694404885246,105.12352431955432,99.86826874074842,5.255255578805901,0.003427979385948632,-0.02356961636471111,-0.03098828032101153,1,0.021208929671489737,101.1190185546875,102.3952865600586,0
2021-03-22,101.23670959472656,102.20011797996682,100.6149648926867,101.3981111882897,39096000.0,102.43061790466308,99.00721908569336,48.938559504344894,0.6061828793730939,1.0899753957932257,-0.48379251642013177,105.11465639679163,99.74657941253453,5.368076984257101,-0.0022563583392999353,-0.025101905016391424,0.007123785401002669,1,0.016772130424748326,101.46565246582033,102.62223815917967,1
2021-03-23,101.95033264160156,102.91085399063236,101.26799792835692,101.88775731913692,27340000.0,102.38617286682128,99.25129867553711,50.925452148013925,0.5328095058375482,0.9785422178020902,-0.445732711964542,105.0711128371195,99.70123289652307,5.369879940596434,0.0070490541398648965,0.008221144734157582,0.00012671073525827303,1,0.01629451746059335,101.23670959472656,103.91488647460938,0
2021-03-24,101.55801391601562,103.20424957414686,101.38395782876545,102.56661476222142,23080000.0,102.26174964904786,99.52774688720703,49.778673721467605,0.4379552606465609,0.8704248263709844,-0.4324695657244235,104.85651837435458,99.66698092374114,5.189537450613443,-0.0038481358071199567,0.0009102730623686828,-0.004851562927528308,1,0.016336590639876962,101.95033264160156,103.84337615966795,0
2021-03-25,101.52326202392578,102.24382547508134,99.85318732250208,101.54560818992772,28378000.0,102.29402885437011,99.82353286743164,49.6719698677433,0.35587608273027627,0.7675150776428429,-0.4116389949125666,104.83461910710899,99.75343860163123,5.081180505477761,-0.0003421875906177707,0.002830518992037012,-0.03329434843433343,1,0.012688444814523296,101.55801391601562,101.1190185546875,0
2021-03-26,101.08573150634766,101.85248750211863,100.01654835965742,101.25011105546672,29870000.0,102.29077529907227,100.10277160644532,48.26909002983406,0.2526107472599364,0.6645342115662617,-0.4119234643063253,104.83737297792963,99.7441776202149,5.093195357714734,-0.004309657795225408,-0.008480611223637191,-0.012789212254831983,1,0.010203576867375662,101.52326202392578,101.46565246582033,1
2021-03-29,102.09880828857422,102.22196603304432,100.09601163763864,100.7048441790118,24596000.0,102.22730979919433,100.41639526367187,51.67255745853727,0.24964134457891873,0.5815556381687931,-0.33191429358987434,104.72616652648642,99.72845307190224,4.997713454584186,0.01002195628532343,0.005324979799288032,-0.005100550134109816,1,0.010779577126459383,101.08573150634766,101.23670959472656,0
2021-03-30,102.07844543457033,102.83526730146804,101.50685650955424,102.18223498682858,20732000.0,102.17690505981446,100.73357452392578,51.5990731942456,0.2428455866652257,0.5138136278680796,-0.2709680412028539,104.64487976154531,99.7089303580836,4.935949403461706,-0.00019944262176241345,0.005468534004686498,-0.01767255012579705,1,0.009769932398791934,102.09880828857422,101.95033264160156,1
2021-03-31,102.72850036621094,103.9549553773567,102.13828584684074,102.25623024270668,29198000.0,102.28099250793457,101.0094564819336,53.85514923151831,0.2866100376994467,0.4683729098343531,-0.18176287213490638,104.65589035314157,99.90609466272757,4.749795690414004,0.006368189962858262,0.016251243725333486,-0.010736128144974821,1,0.010103318792243582,102.07844543457033,101.55801391601562,1
2021-04-01,106.16101837158205,106.41876082012406,104.1319046869056,104.18454585789463,33980000.0,102.50113639831542,101.25860183715821,63.523645477820715,0.5914513141495945,0.49298859069740136,0.09846272345219315,105.39984848383422,99.60242431279663,5.797424171037591,0.03341349278082251,0.03978704699007163,0.049862032770499276,1,0.011126694621485394,102.72850036621094,101.52326202392578,1
2021-04-05,110.52117156982422,111.105180115244,106.8498006480028,106.91535394206188,43298000.0,102.79167251586914,101.59062957763672,71.64951418173825,1.171365374884573,0.6286639475348357,0.5427014273497373,107.25853573462344,98.32480929711484,8.933726437508597,0.041071131994805166,0.08270821620873403,0.08924713815893837,1,0.01590341427449029,106.16101837158205,101.08573150634766,0
2021-04-06,110.4814453125,111.12255816762938,109.98732156186315,110.36970692014786,27060000.0,103.28971366882324,101.91212936401367,71.49324118331312,1.609196058638119,0.8247703697554924,0.7844256888826266,108.74458986620492,97.83483747144156,10.909752394763359,-0.0003594447720736138,0.07547024359015309,0.09131801848145993,1,0.015768996718650237,110.52117156982422,102.09880828857422,1
2021-04-07,111.71947479248048,111.98366570346272,110.51025105593808,110.5499800949824,25798000.0,103.77881660461426,102.26002883911133,73.43759838114482,2.0326475664362107,1.0663458090916362,0.9663017573445745,110.30914740530069,97.24848580392784,13.060661601372857,0.011205768321356446,0.05235873304684091,0.09582256278870194,1,0.015769965562893354,110.4814453125,102.07844543457033,1
2021-04-08,112.50212097167967,113.42405745735331,112.11675762816488,113.12386565664774,27166000.0,104.30126609802247,102.60586227416992,74.61629591163728,2.4036808068815247,1.333812808649614,1.0698679982319108,111.79639893207522,96.80613326396971,14.990265668105508,0.007005458812377796,0.01792370976273938,0.10776212170429389,1,0.015124632873454719,111.71947479248048,102.72850036621094,1
2021-04-09,113.51717376708984,113.67410461282402,111.91980568049868,112.0680905535152,20888000.0,104.72613334655762,103.05785903930663,76.09772901863202,2.7479568643357197,1.6166416197868352,1.1313152445488845,113.23132539890086,96.22094129421437,17.010384104686494,0.009022521412424656,0.027477269563257467,0.11813954264331539,1,0.01466953522044507,112.50212097167967,106.16101837158205,0
2021-04-12,111.97325134277344,112.9927714928766,111.16254546875923,112.542354924128,31318000.0,105.20503158569336,103.44687698364258,69.45771399234297,2.8632111676454173,1.8659555293585517,0.9972556382868656,114.19605445604809,96.21400871533864,17.982045740709452,-0.013600782798593669,0.0022715515872622216,0.10770580253200324,1,0.016003327312936806,113.51717376708984,110.52117156982422,1
2021-04-13,112.5929946899414,113.08661074499275,112.03778839671102,112.30496484946126,23310000.0,105.70356941223145,103.87547393798827,70.56788509321055,2.9703191518627676,2.086828253859395,0.8834908980033727,115.16013156696937,96.24700725749352,18.913124309475847,0.005534744590659502,0.0008077511559503314,0.10278461205645217,1,0.01607768207208462,111.97325134277344,110.4814453125,0
2021-04-14,111.9757080078125,113.12534188362672,111.69513447885198,112.98480884913565,20220000.0,106.1066104888916,104.2265609741211,67.91972630507922,2.971143630360501,2.2636913291596166,0.7074523012008846,115.90481780098126,96.30840317680195,19.596414624179317,-0.005482460821197521,-0.013579141447267351,0.09695741869017849,1,0.01652857743045583,112.5929946899414,111.71947479248048,1
2021-04-15,114.05250549316406,114.54597757924776,112.52992780673908,113.07519237333476,27472000.0,106.6170669555664,104.59320190429688,71.75946574402903,3.1036008572986304,2.4316732347874197,0.6719276225112107,116.94012884975241,96.29400506138039,20.646123788372023,0.018546857370231207,0.018569204032716558,0.11023236089872657,1,0.01672639600911288,111.9757080078125,112.50212097167967,1
2021-04-16,114.1071319580078,114.53818027600758,113.44615836773826,114.36735223204192,22596000.0,107.26647262573242,104.8193441772461,71.85489032579783,3.1763668829237446,2.5806119644146848,0.5957549185090598,117.75709717710674,96.7758480743581,20.98124910274865,0.0004789589199074573,0.013447881657611349,0.07484963603695816,1,0.014884055578386238,114.05250549316406,113.51717376708984,1
2021-04-19,114.33756256103516,115.1346060592518,113.6147562178504,113.82009996228328,24688000.0,107.91006813049316,105.05774291992188,72.28038708998449,3.215561317111721,2.707601834954092,0.507959482157629,118.47730534993721,97.3428309110491,21.134474438888105,0.002019423318011082,0.02109256190689024,0.03453085899292918,1,0.009018557279321738,114.1071319580078,111.97325134277344,0
2021-04-20,113.90204620361328,114.69511909010087,112.81349473259375,114.61019760226046,21774000.0,108.5433349609375,105.25204345703125,70.12263984005358,3.1748825881243476,2.8010579855881432,0.3738246025362044,118.95181286859585,98.13485705327915,20.816955815316703,-0.0038090400710562022,-0.0013192107345664228,0.030960862988694826,1,0.00924308890261046,114.33756256103516,112.5929946899414,0
2021-04-21,113.8851547241211,113.98596631177932,112.16095377197584,113.48588658181056,23930000.0,109.14007606506348,105.45106140136718,70.03531353559259,3.105483322455399,2.8619430529615943,0.24354026949380447,119.3344610064276,98.94569112369936,20.38876988272824,-0.00014829829713502996,-0.001945340576681831,0.01938498131738786,1,0.008823518676365293,113.90204620361328,111.9757080078125,0
2021-04-22,112.62528228759766,114.4052008828342,112.0556786331666,113.88217636454505,21096000.0,109.69343948364258,105.63421844482421,63.66672883998664,2.915217910570945,2.872598024483465,0.04261988608748002,119.36982513309549,100.01705383418967,19.35277129890582,-0.011062657284660049,-0.014975658349577481,0.001094746613257147,1,0.009498887274589578,113.8851547241211,114.05250549316406,1
2021-04-23,114.9781723022461,115.50059817563802,113.13627707825276,113.39749001494872,28670000.0,110.36618499755859,105.85264373779297,69.28427180683374,2.9206226413391647,2.8822029478546054,0.038419693484559314,119.53446800906698,101.1979019860502,18.336566023016786,0.020891312917113547,0.009447820601125256,0.012870286377582474,1,0.011301204855956273,112.62528228759766,114.1071319580078,1
2021-04-26,115.54627990722656,116.26735095454649,114.90566717052828,115.20809433526924,20834000.0,111.08921241760254,106.08192459106445,70.47140210278383,2.9368927932917614,2.893140916942037,0.04375187634972466,119.46224365083576,102.71618118436932,16.74606246646644,0.0049410039627961755,0.014585967654251686,0.0319096616522756,1,0.010027373573114538,114.9781723022461,114.33756256103516,0
2021-04-27,114.57196044921876,116.07814801121413,114.43042716309434,116.00614622918422,31972000.0,111.71287002563477,106.28355499267577,65.77612413834795,2.838447710071179,2.8822022755678653,-0.043754565496686215,119.11640230922535,104.30933774204419,14.807064567181158,-0.008432287554303697,0.01728455744643642,0.01757627785571425,1,0.010619863093179008,115.54627990722656,113.90204620361328,1
2021-04-28,118.1867218017578,121.78549247633474,117.9354430039248,119.53921415086738,59728000.0,112.51828384399414,106.53981140136719,72.97123560085568,3.017328419886425,2.9092275044315774,0.10810091545484779,119.00174345461957,106.03482423336871,12.966919221250862,0.03155013965342057,0.02790572710685746,0.05546751080611134,1,0.013785468249499513,114.57196044921876,113.8851547241211,1
2021-04-29,120.66873168945312,120.99797577889495,119.29761381225978,119.69738206143543,39554000.0,113.41529541015625,106.83934173583984,76.60777594170536,3.321086705855407,2.9915993447163434,0.32948736113906385,119.15417312546177,107.67641769485073,11.47775543061104,0.021000750759958997,0.04433246822259829,0.0580103538074892,1,0.014062617537822343,118.1867218017578,112.62528228759766,0
2021-04-30,119.68694305419922,120.53216450450056,119.29165314648272,119.40736216942548,39142000.0,114.0915916442871,107.13027069091797,72.45507909116294,3.442907503664344,3.0818609765059435,0.36104652715840047,119.42516613141677,108.75801715715744,10.667148974259334,-0.008136230666454525,0.044644279323888814,0.04889975762641052,1,0.014671644909463634,120.66873168945312,114.9781723022461,0
2021-05-03,118.94452667236328,120.16269187349482,118.41465208901216,119.319463311776,33788000.0,114.51275939941407,107.42230224609375,69.39184600388919,3.439891636688259,3.1534671085424066,0.2864245281458522,119.98067522481279,109.04484357401535,10.93583165079744,-0.006202985579636167,0.006411929014128903,0.04029265630766665,1,0.015074727060213153,119.68694305419922,115.54627990722656,0
2021-05-04,116.91244506835938,118.15444173452738,114.79940262096032,117.68167902440736,35120000.0,114.83430938720703,107.70970550537109,61.70245516351441,3.236224357835596,3.1700185584010447,0.06620579943455107,120.06746574867043,109.60115302574363,10.466312722926801,-0.01708428004931528,-0.031128914413062203,0.026429717156833732,1,0.016373217069662473,118.94452667236328,114.57196044921876,1
2021-05-05,117.0360870361328,118.3004373548458,116.77140358863262,117.61611735884536,21806000.0,115.10013999938965,107.993642578125,61.97852685867651,3.049639104222578,3.1459426675653517,-0.09630356334277357,120.21212473123227,109.98815526754704,10.223969463685222,0.0010575603623816932,-0.022148247339444538,0.027667629900004265,1,0.016354079365553296,116.91244506835938,118.1867218017578,1
2021-05-06,118.25822448730467,118.32576309593809,116.3208825675592,116.73316133099752,20618000.0,115.3879451751709,108.27787750244141,64.68815785077678,2.9661928007249827,3.109992694197278,-0.14379989347229527,120.53049508495876,110.24539526538304,10.28509981957572,0.010442398427030097,-0.005769934979429903,0.050014899721386286,1,0.01572274686021828,117.0360870361328,120.66873168945312,1
2021-05-07,119.1193389892578,119.99931866088252,118.68779053253948,119.18439216656684,23272000.0,115.6680534362793,108.64271072387696,66.49972769367986,2.935704770496912,3.075135109457205,-0.1394303389602931,120.97999092177334,110.35611595078525,10.623874970988084,0.00728164578562196,0.018876467082764803,0.03601698134603937,1,0.01475378380622795,118.25822448730467,119.68694305419922,0
2021-05-10,116.2872085571289,118.09186007583988,115.94306704866068,117.93741467717862,26006000.0,115.88375129699708,108.94543884277344,56.274292863153946,2.6524378773507067,2.9905956630359056,-0.33815778568519894,120.92130384679976,110.84619874719439,10.075105099605366,-0.023775572095680375,-0.006398697170836631,0.006412397270576298,1,0.01708353912328134,119.1193389892578,118.94452667236328,0
2021-05-11,114.65339660644533,115.31089210533828,113.37414886106842,113.81413867474863,32110000.0,115.98677139282226,109.17114440917969,51.36723057166319,2.2699453367702347,2.846465597782772,-0.5765202610125373,120.83150274295764,111.14204004268689,9.689462700270752,-0.01404979937996298,-0.030482682253075266,0.0007107861025268392,1,0.01750687412299905,116.2872085571289,116.91244506835938,0
2021-05-12,111.19307708740234,113.49184487851753,110.74464588842024,112.3168867877798,34934000.0,115.94763984680176,109.33327514648437,42.845700354710765,1.6683664862291607,2.6108457754720495,-0.9424792892428888,120.93196245538748,110.96331723821605,9.968645217171428,-0.030180697837681514,-0.06654051280934525,-0.05917453845692022,1,0.01605038651227245,114.65339660644533,117.0360870361328,1
2021-05-13,112.3298110961914,113.05638353197484,111.3738513654605,112.2861038446964,26670000.0,115.86150512695312,109.56693634033203,46.01409421697918,1.2687109375179944,2.3424188078812387,-1.0737078703632443,121.02998897008217,110.69302128382407,10.336967686258106,0.01022306458787492,-0.03403123619562454,-0.06910589409957779,1,0.014305500291183479,111.19307708740234,118.25822448730467,1
2021-05-14,115.0208740234375,115.2681821640389,113.39003607815349,113.81264300616404,26624000.0,115.90719223022461,109.83219100952148,52.69920190808917,1.1558039355728482,2.105095833419561,-0.9492918978467126,121.02877822270011,110.7856062377491,10.243171984951005,0.023956800968370384,0.0032051158349331033,-0.03898561456823846,1,0.0173159833948017,112.3298110961914,119.1193389892578,1
2021-05-17,115.28160858154295,115.37744930669838,113.97008039126588,114.68121735951269,19842000.0,115.95439453125,110.04361419677734,53.3025673700681,1.0749718169111446,1.8990710301178777,-0.8240992132067331,121.03447862209461,110.8743104404054,10.160168181689215,0.002266845564504516,0.036769658698507346,-0.030795179848081222,1,0.017394156642039887,115.0208740234375,116.2872085571289,0
2021-05-18,114.3887176513672,116.36121951120144,114.37530540556736,116.05113899686548,17302000.0,115.97872810363769,110.32097610473633,50.90770797739696,0.928163651826992,1.7048895544597007,-0.7767259026327087,121.02379777272266,110.93365843455273,10.090139338169934,-0.007745302491543371,0.018329119715270403,-0.021586473668534945,1,0.016793456978964037,115.28160858154295,114.65339660644533,1
2021-05-19,114.65090942382812,115.0506700757916,112.4067681810586,112.45046784896128,19350000.0,116.01701583862305,110.57524597167969,51.59544664173999,0.8234812291018017,1.528607889388121,-0.7051266602863193,121.009297356479,111.02473432076711,9.984563035711886,0.0022921121754335694,-0.0032164996375699806,-0.020379847555637154,1,0.01682337019826682,114.3887176513672,111.19307708740234,1
2021-05-20,117.00381469726562,117.21487191358216,115.26570892590078,115.61085070914804,23832000.0,116.23594245910644,110.8742596435547,57.367390697972986,0.9197768316386146,1.4068416778382198,-0.4870648461996052,120.99253182483417,111.4793530933787,9.513178731455469,0.020522342868991572,0.01493912287409227,-0.010607378856543836,1,0.017913619330660137,114.65090942382812,112.3298110961914,0
2021-05-21,116.45803833007812,117.64491584936624,116.32246857889488,117.49544131402216,22832000.0,116.30993576049805,111.10302383422851,55.70800082306432,0.9412026011252834,1.3137138624956326,-0.3725112613703492,121.03187503596884,111.58799648502726,9.443878550941577,-0.0046646031892176865,0.018090251566747817,-0.022341465976567165,1,0.017702928631160384,117.00381469726562,115.0208740234375,1
2021-05-24,119.515625,120.10211138815971,117.2034449625636,117.54560117294324,21244000.0,116.50840301513672,111.44543060302735,62.28910689092011,1.1911732648351006,1.2892057429635262,-0.09803247812842564,121.41531733721152,111.60148869306192,9.813828644149595,0.026254835765443074,0.042430675871820256,0.027762438215937157,1,0.017968967952138988,116.45803833007812,115.28160858154295,1
2021-05-25,119.63479614257812,120.81770298992896,119.33286153208954,120.17758282339696,18838000.0,116.76154479980468,111.78568176269532,62.52283842450427,1.3829511322226864,1.3079548208153582,0.07499631140732821,121.76418309842731,111.75890650118205,10.005276597245256,0.0009971176787815228,0.022486287751556366,0.04344746587169812,1,0.016996774022031313,119.515625,114.3887176513672,1
2021-05-26,120.84950256347656,121.3170064714063,119.80589344431624,119.8217835456993,21856000.0,116.89468383789062,112.12437408447266,64.91019017560538,1.6143439777721227,1.369232652206711,0.2451113255654116,122.17592798781683,111.61343968796442,10.562488299852419,0.01015345417942437,0.03770855405405049,0.08684376517868886,1,0.011903459740377239,119.63479614257812,114.65090942382812,0
2021-05-27,119.30904388427734,121.17079991286172,119.28371216920269,121.01883993257228,38962000.0,116.82669944763184,112.43368743896484,59.715053730335526,1.6543519937192173,1.4262565205092124,0.2280954732100049,121.9443348109022,111.70906408436147,10.235270726540733,-0.012746917831871873,-0.0017284862604588502,0.06213161688760804,1,0.013611746873618012,120.84950256347656,117.00381469726562,1
2021-05-28,119.75846862792967,120.58182893798092,119.56627948820844,120.27493100209598,24108000.0,116.83027572631836,112.80647644042969,60.70322582887802,1.7026958376874148,1.4815443839448528,0.22115145374256207,121.95599479390735,111.70455665872937,10.251438135177978,0.003766895861542885,0.0010337501240371694,0.04118899847280599,1,0.012085295542776065,119.30904388427734,116.45803833007812,1
2021-06-01,120.66476440429688,121.07004153589496,119.4267383958153,120.27691561393496,19166000.0,116.91628761291504,113.19045867919922,62.69071332161195,1.7934652265158633,1.543928552459055,0.24953667405680835,122.23512705898224,111.59744816684784,10.637678892134403,0.007567696771264787,-0.0015286629672526253,0.04669570358177477,1,0.01211170817696292,119.75846862792967,119.515625,0
2021-06-02,120.2411651611328,121.27011927588354,119.39296567819048,120.93789720317557,17158000.0,117.08272361755371,113.57054779052734,61.13437894377697,1.8103511017670542,1.5972130623206549,0.2131380394463993,122.59545510635114,111.56999212875628,11.025462977594856,-0.003510546307824991,0.007812662364133471,0.051162803726872985,1,0.011697509952267053,120.66476440429688,119.63479614257812,0
2021-06-03,119.41331481933594,119.66832173758196,118.33171964239236,118.93707407393896,18346000.0,117.20158500671387,113.91980743408203,58.09875569212509,1.7369106508174639,1.6251525800200166,0.11175807079744726,122.80690323354685,111.59626677988089,11.210636453665956,-0.006884916165669885,-0.0028820826831551516,0.04153831329765301,1,0.012284331172025464,120.2411651611328,120.84950256347656,1
2021-06-04,121.75479888916016,121.8590355229707,120.0668489154952,120.30273772114523,25948000.0,117.37641372680665,114.32374313354492,63.60359794458786,1.8463630364034174,1.669394671296697,0.17696836510672043,123.31109030030755,111.44173715330574,11.869353147001817,0.019608232744955822,0.009033577368211976,0.04060537858690494,1,0.012151610586890273,119.41331481933594,119.30904388427734,1
2021-06-07,122.4664306640625,122.56128630571682,121.2240854567715,121.7329551336605,23850000.0,117.54376831054688,114.74260650634766,65.104115153952,1.9678435024654988,1.7290844375304575,0.2387590649350413,123.84316928170891,111.24436733938485,12.598801942324059,0.005844794467199543,0.018506686124903027,0.05159276611679431,1,0.011761992894859992,121.75479888916016,119.75846862792967,1
2021-06-08,123.29874420166016,123.87703173901166,122.57320990837523,123.15224762217989,25060000.0,117.89434509277343,115.1868667602539,66.82672598421226,2.106990320727448,1.8046656141698556,0.30232470655759225,124.63963954840757,111.1490506371393,13.490588911268276,0.006796258640710873,0.03253765619187954,0.031653762440351674,1,0.009206181442779902,122.4664306640625,120.66476440429688,1
2021-06-09,123.72332000732422,124.39869847379649,123.52120431168964,124.12556608339614,20126000.0,118.34784126281738,115.6193569946289,67.70258398809281,2.2258664925158342,1.8889057898390516,0.3369607026767827,125.37429146764458,111.32139105799018,14.052900409654399,0.0034434722625369396,0.016167914005230433,0.03417503934117527,1,0.009174794591883148,123.29874420166016,120.2411651611328,1
2021-06-10,125.22306823730467,125.30550428934926,123.85244289546972,123.85294301307565,31234000.0,119.0493408203125,116.08224945068359,70.65036903153702,2.4132751298696604,1.9937796578451734,0.419495472024487,125.87709411647336,112.22158752415163,13.655506592321728,0.01212179102445421,0.022509332216955835,0.036190183501424666,1,0.009355032133898112,123.72332000732422,119.41331481933594,0
2021-06-11,124.84217834472656,125.4907399632111,124.0654881083316,125.3879430603444,25240000.0,119.67495918273926,116.5245230102539,68.92968897189257,2.50221916907374,2.0954675600908867,0.40675160898285334,126.21205327000736,113.13786509547116,13.074188174536204,-0.003041691103242261,0.012517841548670194,0.04637648815471218,1,0.007853574608951242,125.22306823730467,121.75479888916016,1
2021-06-14,125.4932098388672,125.5523070668252,124.19707934200984,124.81535349520618,22550000.0,120.19857597351074,116.91116683959962,70.26281961749751,2.595323487993312,2.195438745671372,0.39988474232194005,126.83749210018263,113.55965984683885,13.277832253343774,0.005214836065603912,0.014305224200564792,0.047885892969744326,1,0.007850445279783987,124.84217834472656,122.4664306640625,0
2021-06-15,125.17637634277344,125.999744161649,124.7944911057671,125.66205871009532,22182000.0,120.69331436157226,117.20427093505859,68.71753508133772,2.613417664233424,2.2790345293837824,0.33438313484964155,127.26724231090425,114.11938641224027,13.147855898663977,-0.0025247062888946736,-0.0003728697530613889,0.03738963864678868,1,0.008088230601920815,125.4932098388672,123.29874420166016,0
2021-06-16,124.84217834472656,125.66355333242664,123.30613528265158,125.38942825811544,26316000.0,121.21598739624024,117.49148559570312,67.04262561589732,2.5711518062955037,2.3374579847661265,0.23369382152937712,127.34924157430993,115.08273321817055,12.266508356139383,-0.002669816844128259,0.0,0.03826487523992328,1,0.008008854962459613,125.17637634277344,123.72332000732422,1
2021-06-17,125.51209259033205,126.33198237451516,124.66190780284796,124.66985664188314,25756000.0,121.75904655456543,117.76733795166015,68.69005252539061,2.562177107488793,2.38240180931066,0.1797752981781331,127.37228163124054,116.14581147789032,11.22647015335022,0.00536608904528757,0.0001504683121029693,0.051072845437907244,1,0.007077170676241927,124.84217834472656,125.22306823730467,0
2021-06-18,124.71404266357422,125.52996177651764,123.75609773304936,124.8511051929672,53306000.0,122.14455795288086,118.01157638549805,64.5505421390584,2.4622849463747656,2.3983784367234815,0.06390650965128408,127.44907360189225,116.84004230386947,10.609031298022785,-0.006358350899005716,-0.0036934579247860366,0.024304945689311408,1,0.005771476946767634,125.51209259033205,124.84217834472656,1
2021-06-21,125.59551239013672,126.1733073208028,124.28373429375335,124.88536816229404,26256000.0,122.60143165588379,118.25314315795899,66.92169930797894,2.426278303217771,2.4039584100223395,0.022319893195431373,127.41988246191296,117.78298084985461,9.636901612058352,0.007067926816712422,0.006034291097756883,0.025550526042990462,1,0.005864352840621695,124.71404266357422,125.4932098388672,1
2021-06-22,126.13631439208984,126.40497605682384,125.16992804070028,125.59054968356357,20984000.0,122.93246612548828,118.53640441894531,68.32169979438889,2.4135589755073568,2.405878523119343,0.0076804523880138476,127.76710898076765,118.0978232702089,9.66928571055874,0.004305902270403061,0.004973399685042734,0.02301378013865829,1,0.005714562953542216,125.59551239013672,125.17637634277344,0
2021-06-23,125.60196685791016,126.92739208529922,125.39388763803706,125.68986630985948,19694000.0,123.23082466125489,118.79658386230469,65.37739471512621,2.33346273055173,2.3913953646058204,-0.057932634054090215,127.94972513101342,118.51192419149635,9.437800939517075,-0.004236270393303987,0.007119680954703611,0.015184258315042998,1,0.0060489578855391106,126.13631439208984,124.84217834472656,1
2021-06-24,126.41690063476562,126.66867955155674,126.09709056514848,126.1899533160822,18934000.0,123.50919456481934,119.08540771484375,67.66597970045466,2.30912605666839,2.3749415030183343,-0.0658154463499443,128.2897948896497,118.72859423998896,9.561200649660734,0.006488224645218921,0.006539948991787448,0.009533645950908776,1,0.0051475139783136135,125.60196685791016,125.51209259033205,0
2021-06-25,126.13185119628906,126.63837940492668,125.58459371257996,126.09410747179956,33484000.0,123.85033493041992,119.32699462890625,66.02206618507762,2.2410050486286934,2.348154212140406,-0.10714916351171277,128.34878409463934,119.35188576620048,8.99689832843886,-0.002254836473962518,-3.538390845092554e-05,0.010330425731609028,1,0.005085162711867695,126.41690063476562,124.71404266357422,0
2021-06-28,125.9575424194336,126.47151933869633,125.11758733316614,126.13681184631469,28110000.0,124.16028861999511,119.56400283813477,64.98241373875699,2.148190395758647,2.3081614488640545,-0.1599710531054077,128.3305584478601,119.99001879213012,8.340539655729998,-0.0013819568586542763,0.002830971285072925,0.003700061391071152,1,0.004908195497172843,126.13185119628906,125.59551239013672,0
2021-06-29,125.16197967529295,126.1368073504115,124.58442722113656,125.9108527114043,20950000.0,124.38514938354493,119.78049118041992,60.31412245388212,1.9875278659631022,2.244034732283864,-0.2565068663207617,128.2511343900873,120.51916437700255,7.731970013084734,-0.006316118343206889,-0.009926844853587191,-0.00011501105800559852,1,0.005289174700154313,125.9575424194336,126.13631439208984,0
2021-06-30,124.4642562866211,124.94496779568928,123.90955010730195,124.79950935327888,24006000.0,124.59630393981934,119.99173538208008,56.48178247898951,1.7833439285259516,2.1518965715322813,-0.3685526430063297,127.96293810728856,121.2296697723501,6.733268334938458,-0.005574563381643194,-0.013221045230461415,-0.0030271985246997923,1,0.005526588971252922,125.16197967529295,125.60196685791016,1
2021-07-01,125.50960540771484,125.6029682717638,124.00117493171685,124.00117493171685,17120000.0,124.90111846923828,120.22422439575195,60.52840295618291,1.6864374239142848,2.058804742008682,-0.37236731809439716,127.30043643437621,122.50180050410036,4.79863593027585,0.008398789759258118,-0.0035562539814181227,-1.9816278781337182e-05,1,0.005939219929546268,124.4642562866211,126.41690063476562,1
2021-07-02,127.84410858154295,127.97224475877118,125.90736549829298,125.97738953222354,21160000.0,125.20558395385743,120.52860092163085,67.74233568405464,1.7775230375989537,2.0025484011267363,-0.22502536352778257,127.47236637675645,122.9388015309584,4.533564845798054,0.01860019530970991,0.021429262410264105,0.02509794287089484,1,0.007888262387685875,125.50960540771484,126.13185119628906,1
2021-07-06,128.8889617919922,129.00170041222006,127.53621958987632,128.56964431273406,21350000.0,125.5267105102539,120.80681671142578,70.35389850250392,1.9119798510048582,1.9844346911023607,-0.07245484009750247,127.96365035410831,123.0897706663995,4.873879687708808,0.008172869458296539,0.035550009596182486,0.02622266782610061,1,0.007966555462420396,127.84410858154295,125.9575424194336,1
2021-07-07,129.19338989257812,129.75196061243904,128.87804302390012,129.45510293925253,16680000.0,125.82144279479981,121.07975891113281,71.08833590834541,2.019819426785517,1.9915116382389921,0.028307788546525048,128.5209516553996,123.1219339342,5.399017721199613,0.002361940823739639,0.029350618009646334,0.024236283700072914,1,0.007944539370056267,128.8889617919922,125.16197967529295,0
2021-07-08,128.2990264892578,129.14871119731734,127.16974571265423,127.37832507692175,19780000.0,126.05022811889648,121.35430023193359,65.92146057254664,2.0099460089495267,1.9951985123810991,0.014747496568427554,128.77515702378787,123.32529921400508,5.449857809782785,-0.006922671539650427,0.0035583799109890624,0.021473068446442145,1,0.008234956404253604,129.19338989257812,124.4642562866211,1
2021-07-09,128.6938018798828,128.96694185375418,128.0670939322879,128.06809416744716,15106000.0,126.2237648010254,121.56444183349609,67.0595588896114,2.01079711150453,1.9983182322057855,0.012478879298744694,129.15047547489587,123.29705412715492,5.853421347740948,0.003076994435792235,-0.0015141708754263794,0.01801105100413314,1,0.008105245726750795,128.2990264892578,125.50960540771484,1
2021-07-12,129.67660522460938,129.88121397733474,128.71916780796042,128.95107086211962,16944000.0,126.46548614501953,121.74459930419921,69.76655528600381,2.066949129763657,2.01204441171736,0.05490471804629671,129.68023087934594,123.25074141069312,6.429489468652818,0.0076367574068862965,0.003740248107376276,0.028103559843927872,1,0.008156653360747921,128.6938018798828,127.84410858154295,1
2021-07-13,130.1042022705078,131.14458353976474,129.74911868387596,129.99196372835692,16618000.0,126.69603576660157,121.95294448852539,70.88751573001912,2.121498206080929,2.033935170590074,0.08756303549085498,130.2430003787889,123.14907115441422,7.0939292243746905,0.003297410856474947,0.014070066084259425,0.03292109207137428,1,0.008022877464583425,129.67660522460938,128.8889617919922,1
2021-07-14,131.18475341796875,132.0920423936996,131.00149823072806,131.00498389836497,17912000.0,126.99645462036133,122.1977490234375,73.55577939879626,2.226257280986431,2.0723995926693455,0.15385768831708546,130.96984061812006,123.02306862260262,7.946771995517437,0.008305274761335468,0.019355644962691265,0.04811983446011836,1,0.007388342600993422,130.1042022705078,129.19338989257812,0
2021-07-15,130.3743133544922,131.6937903398888,129.71036932726855,131.5994348157278,16586000.0,127.2730613708496,122.46698638916016,68.48575575065874,2.2183125365354783,2.101582181442572,0.11673035509290619,131.37617674586872,123.16994599583047,8.206230750038245,-0.006177852550398266,0.005380370103569065,0.047483970452217195,1,0.007483728104734427,131.18475341796875,128.2990264892578,1
2021-07-16,130.9493865966797,131.28458663861477,129.93234438607195,130.74627822512647,14856000.0,127.544926071167,122.7452523803711,70.0626186494865,2.2326828952565876,2.1278023242053754,0.10488057105121218,131.86033860574895,123.22951353658506,8.63082506916389,0.004410939757925059,0.006496210817346304,0.04334155279425711,1,0.007368614129251666,130.3743133544922,128.6938018798828,0
2021-07-19,128.37548828125,130.35493856285052,127.66336629276395,130.2640687115457,25710000.0,127.72799835205078,122.94759765625,56.448428739806104,2.01317282185272,2.1048764237348445,-0.09170360188212445,131.85400247795778,123.60199422614377,8.252008251814004,-0.019655672946046088,-0.02141457039422967,0.004156466071083109,1,0.008881151965997236,130.9493865966797,129.67660522460938,1
2021-07-20,130.21044921875,131.10417461249767,128.31035071959948,129.1204049151704,19084000.0,127.95874519348145,123.16941986083984,62.10221502024994,1.9646285049767158,2.076826839983219,-0.11219833500650322,132.0980623851501,123.8194280018128,8.278634383337291,0.014293701718819607,-0.0012568743913276004,0.010252913891032112,1,0.009650131344623393,128.37548828125,130.1042022705078,1
2021-07-21,131.69924926757812,131.71588954511856,129.7138428928402,129.89808319708342,14742000.0,128.23689193725585,123.47766067504882,65.96304354130766,2.0229709557071374,2.0660556631280027,-0.04308470742086534,132.5910287873616,123.8827550871501,8.708273700211507,0.011433798575773091,0.00572635497108509,0.019396188745287812,1,0.010196772011018986,130.21044921875,131.18475341796875,1
2021-07-22,132.42230224609375,132.5971009211068,131.500100566432,131.74840137199934,13608000.0,128.57790870666503,123.8330387878418,67.68487618857512,2.1033064928195984,2.0735058290663217,0.029800663753276613,133.1175456764334,124.03827173689665,9.079273939536748,0.005490182992968773,0.03152326054626431,0.03213801281010631,1,0.009739238484028363,131.69924926757812,130.3743133544922,1
2021-07-23,136.8792724609375,137.86503441638033,133.7849543922704,134.34064558483283,26378000.0,129.10102729797364,124.3467626953125,75.80860514291273,2.49781991945855,2.1583686471447674,0.3394512723137826,134.78980822483166,123.41224637111563,11.377561853716031,0.03365724760290689,0.05121573024438364,0.06360423316030905,1,0.013691466747466343,132.42230224609375,130.9493865966797,1
2021-07-26,138.69537353515625,138.76340468505092,136.71542307644862,137.31035085997834,23052000.0,129.72920341491698,124.87407394409179,78.2121336135824,2.9233206109856553,2.311359039912945,0.6119615710727104,136.61621307785606,122.8421937519779,13.774019325878157,0.013267904201763159,0.05312197530726892,0.06954815245915569,1,0.013868618691350039,136.8792724609375,128.37548828125,0
2021-07-27,135.86671447753906,139.05937415065188,134.18175774452874,139.05937415065188,42164000.0,130.22466201782225,125.29099075317383,67.03974602747604,2.9977278876600906,2.448632809462374,0.5490950781977166,137.37572545373413,123.07359858191036,14.302126871823774,-0.02039476145107455,0.026010816705513973,0.04429151485091953,1,0.016342624849216003,138.69537353515625,130.21044921875,0
2021-07-28,135.45455932617188,138.72666234133217,135.4232792410278,137.62023541491996,54688000.0,130.73929100036622,125.6944497680664,65.57000145674795,2.9889835722656244,2.5567029620230244,0.4322806102426,137.84017481695156,123.63840718378087,14.20176763317069,-0.003033525561813133,-0.010408538189536354,0.03254803471405743,1,0.01643949239916323,135.86671447753906,131.69924926757812,1
2021-07-29,135.61245727539062,136.21931206381885,135.21269662785772,135.4536472130092,19284000.0,131.29670104980468,126.11892456054687,65.87863022247132,2.9606659698598605,2.637495563590392,0.32317040626946847,138.08301557986067,124.51038651974868,13.572629060111993,0.0011656894386149474,-0.022227967531910253,0.04017772969323907,1,0.0161287053184632,135.45455932617188,132.42230224609375,0
2021-07-30,134.30194091796875,134.8485543487223,133.8979064812412,134.58997837124872,23954000.0,131.73631782531737,126.51194519042969,60.991860035786836,2.8001974155897074,2.6700359339902553,0.13016148159945207,138.09156852080545,125.38106712982929,12.710501390976162,-0.009663687125442966,-0.011516975041219513,0.02560190932100226,1,0.016699045470725444,135.61245727539062,136.8792724609375,1
2021-08-02,135.06521606445312,135.09599602984744,133.75418049265053,134.5636435707603,20140000.0,132.09737319946288,126.87317321777344,62.726086108828085,2.7034511535239005,2.6767189778969844,0.0267321756269161,138.34671089297436,125.84803550595139,12.49867538702297,0.005683277108784246,-0.002874345933097877,0.05211063165381713,1,0.014745492900995114,134.30194091796875,138.69537353515625,1
2021-08-03,135.35374450683594,135.40886353152425,133.27149718319697,135.07564879525208,19064000.0,132.42061233520508,127.25108734130859,63.38869591823945,2.619860753821712,2.66534733308193,-0.045486579260218374,138.64140790477822,126.19981676563195,12.441591139146269,0.0021362157540629756,-0.0019077360129926557,0.03949986593967858,1,0.01440884525925632,135.06521606445312,135.86671447753906,0
2021-08-04,135.1039581298828,135.6099862380814,134.49461784397866,135.32344914788342,16528000.0,132.7161407470703,127.56285400390625,62.355243130136905,2.5045877581291904,2.6331954180913826,-0.12860765996219214,138.85666396105347,126.57561753308715,12.281046427966317,-0.0018454338139164417,0.005971746993618909,0.025852150875873336,1,0.014256082631423727,135.35374450683594,135.45455932617188,1
2021-08-05,136.00926208496094,136.0191886621146,134.67837330254665,135.10395824854584,11866000.0,133.10165252685547,127.8903433227539,64.60741466044018,2.457949826203901,2.5981462997138864,-0.14019647350998543,139.04961839494462,127.15368665876633,11.895931736178284,0.0067007952069606525,0.006989556956376708,0.027087278940379544,1,0.014288020250978058,135.1039581298828,135.61245727539062,1
2021-08-06,136.10459899902344,136.14835171271093,135.12182242222875,135.36863804228918,13560000.0,133.4721923828125,128.19544525146483,64.84593415775532,2.401004535632609,2.558717946897631,-0.15771341126502225,139.19467496175324,127.74970980387175,11.444965157881484,0.0007009589832414065,0.005547349243445465,-0.00565953813156872,1,0.009302339402510018,136.00926208496094,134.30194091796875,1
2021-08-09,137.06402587890625,137.3813580573663,135.50147671572054,136.0181891004856,12374000.0,133.84156341552733,128.55054489135742,67.23874106986271,2.405562882034559,2.528086933925017,-0.12252405189045801,139.48957405863644,128.19355277241823,11.296021286218206,0.007049187808045421,0.014507848446150717,-0.011762091370960515,1,0.008446024911164678,136.10459899902344,135.06521606445312,1
2021-08-10,137.1578826904297,137.60979196627912,136.29380075368363,137.1409999333521,16034000.0,134.19424743652343,128.89853317260742,67.47199454611004,2.389207567091688,2.5003110605583516,-0.11110349346666348,139.7447880580275,128.64370681501936,11.101081243008139,0.0006847661953717221,0.008445164600269894,0.009503197437692235,1,0.005061777444305769,137.06402587890625,135.35374450683594,0
2021-08-11,136.75364685058594,137.90402333162834,136.41646152740478,137.3431187518154,15204000.0,134.4726921081543,129.2203108215332,65.31507149416146,2.3169194035780833,2.463632729162298,-0.1467133255842148,139.94965017563348,128.9957340406751,10.953916134958376,-0.002947230096545961,0.004768742983968899,0.009590578057146804,1,0.005054284755134274,137.1578826904297,135.1039581298828,1
2021-08-12,137.44891357421875,137.47722326498612,135.84937058061945,136.7770130709147,14646000.0,134.82642211914063,129.56446578979492,67.25403741609621,2.2893426106469406,2.428774705459227,-0.13943209481228624,140.10930079951504,129.54354343876622,10.565757360748819,0.005084081775109439,0.002808086898399953,0.013541943975683646,1,0.005220599516251403,136.75364685058594,136.00926208496094,1
2021-08-13,137.4652862548828,137.73145488877051,137.0670108065785,137.41710826210658,12580000.0,135.15221710205077,129.92550521850586,67.30039543882431,2.242953569507165,2.3916104782688143,-0.1486569087616494,140.23853969945776,130.06589450464378,10.172645194813981,0.00011911829812483177,0.0022412387711390203,0.023553980793518337,1,0.0035865971202828258,137.44891357421875,136.10459899902344,1
2021-08-16,137.97183227539062,138.0458193754736,135.24028067380144,137.0620576737761,18040000.0,135.6320343017578,130.24984588623047,68.77330785894296,2.221456384272841,2.3575796594696197,-0.1361232751967787,139.79796932613888,131.46609927737674,8.331870048762141,0.003684901361705295,0.008907882552745772,0.02152009448199066,1,0.003431736253639837,137.4652862548828,137.06402587890625,0
2021-08-17,136.3673095703125,137.7756710534001,135.85779581736506,137.25174482040944,21272000.0,135.93987731933595,130.52786346435548,59.61342096505719,2.051302004732321,2.29632412852216,-0.2450221237898389,139.2873172837161,132.5924373549558,6.694879928760315,-0.011629349836244196,-0.007869134617220608,0.007488267629163214,1,0.0055432377909386855,137.97183227539062,137.1578826904297,0
2021-08-18,135.64178466796875,137.35406622148545,135.49379531221848,136.18356362124237,14934000.0,136.13700408935546,130.77472427368164,55.9825248855907,1.8367368775009822,2.2044066783179246,-0.36766980081694234,138.87033631438493,133.403671864326,5.466664450058943,-0.005320372636446691,-0.013265178697791313,0.003980834799591104,1,0.005826412475722075,136.3673095703125,136.75364685058594,1
2021-08-19,135.98294067382812,136.51777860048685,134.43603135275737,134.54676952198167,18296000.0,136.31503601074218,131.01991668701172,57.29953102708046,1.6749135460634932,2.0985080518670385,-0.4235945058035453,138.4572938716423,134.17277814984206,4.284515721800233,0.002515124721298001,-0.014415200325764266,-0.00019352660788918286,1,0.005463532495965121,135.64178466796875,137.44891357421875,1
2021-08-20,137.49607849121094,137.67237752864176,135.53946682383835,136.15127737495007,15564000.0,136.34587631225585,131.26537689208985,62.63892733919727,1.649747701497006,2.008755981793032,-0.35900828029602616,138.53694088446431,134.1548117400474,4.382129144416922,0.011127409143270928,0.008277415785756359,0.01022360377548659,1,0.006508380354192099,135.98294067382812,137.4652862548828,1
2021-08-23,140.14048767089844,141.21066359063633,137.80492325587718,138.0537696568132,21090000.0,136.41813201904296,131.57134307861327,69.75642711734461,1.822180348133685,1.9714408550611628,-0.14926050692747794,138.97853590192517,133.85772813616074,5.120807765764425,0.019232615276780773,0.03316605582816434,0.02244543579006053,1,0.008572095002733877,137.49607849121094,137.97183227539062,1
2021-08-24,141.43064880371094,142.03551830058282,140.39275324615252,140.58146428481382,15126000.0,136.69632873535156,131.89009185791016,72.50819249193147,2.0394303998467933,1.985038764018289,0.05439163582850437,140.04451436848458,133.34814310221853,6.6963712662660555,0.009206198396014331,0.040061702614225814,0.03115217317057195,1,0.008818651605053632,140.14048767089844,136.3673095703125,1
2021-08-25,141.97840881347656,142.33894815864903,141.47138046828576,141.91186285867823,12838000.0,137.02252120971679,132.22613250732422,73.60621448843378,2.2300951374398323,2.0340500387025977,0.19604509873723464,141.02956708539855,133.01547533403502,8.014091751363537,0.0038729936855896874,0.03259969572551946,0.0382056499641219,1,0.008558268509958474,141.43064880371094,135.64178466796875,0
2021-08-26,141.1570281982422,142.16194633566536,141.1257481150613,141.64915908057404,14922000.0,137.29974975585938,132.55242950439452,69.14640640545255,2.2885389125445954,2.0849478134709973,0.20359109907359807,141.63220489474867,132.9672946169701,8.664910277778574,-0.005785250180634582,0.007253724774605841,0.026978129747247115,1,0.00905155814896502,141.97840881347656,135.98294067382812,1
2021-08-27,143.5680389404297,144.02540408531675,141.05473570762118,141.14660579968208,24562000.0,137.76305465698243,132.9135484313965,74.10594364736602,2.500579320763592,2.1680741149295164,0.3325052058340754,142.65922459882907,132.8668847151358,9.792339883693273,0.01708034500982447,0.015112637570412257,0.04439486398210657,1,0.010048007302668704,141.1570281982422,137.49607849121094,1
2021-08-30,144.48077392578125,145.4938454565311,143.6171920890987,143.72097406648848,16916000.0,138.23383255004882,133.30888305664064,75.69851345226937,2.7110219833476776,2.276663688613149,0.4343582947345288,143.77060386749116,132.69706123260647,11.073542634884689,0.006357508203690632,0.017624969410610536,0.047175873097045073,1,0.010062452042700901,143.5680389404297,140.14048767089844,0
2021-08-31,144.47332763671875,145.11890364656043,144.01446218702657,144.89295658963923,26756000.0,138.68981170654297,133.68643936157227,75.657631558308,2.844409869910322,2.3902129248725834,0.4541969450377388,144.6857642594746,132.69385915361133,11.991905105863282,-5.153826948856022e-05,0.023493689834693354,0.059442531292491996,1,0.00852835188005362,144.48077392578125,141.43064880371094,1
2021-09-01,144.8507537841797,145.82260359596555,144.62480669724414,144.66005741320177,15824000.0,139.17715148925782,134.06072814941408,76.35468415907289,2.946609190292037,2.5014921779564743,0.44511701233556256,145.5033840998951,132.85091887862055,12.652465221274554,0.0026124278691079805,0.00893454318396203,0.06789183096310003,1,0.007705893658643229,144.47332763671875,141.97840881347656,0
2021-09-02,143.23878479003906,145.33047378513322,143.12706153982109,144.95752241988444,21844000.0,139.53862762451172,134.41346450805665,67.4685388891004,2.864510171795928,2.574095776724365,0.29041439507156275,145.9253973414257,133.15185790759773,12.773539433827978,-0.011128481916927946,-0.008596224272581665,0.053358488059285225,1,0.009509546141478423,144.8507537841797,141.1570281982422,1
2021-09-03,143.79098510742188,144.3888983959114,142.52962797359217,143.16626248612272,19104000.0,139.92294692993164,134.76094619750975,68.80775010107897,2.8115937561637736,2.621595372612247,0.18999838355152665,146.36173722121876,133.48415663864452,12.87758058257424,0.0038551033380536115,-0.004722965411391611,0.04578244474523929,1,0.00928578126424306,143.23878479003906,143.5680389404297,1
2021-09-07,144.5299530029297,144.8328879000874,143.55860329566937,143.76568231086588,15170000.0,140.2962432861328,135.1289082336426,70.55467965796831,2.797043077390896,2.656684913567977,0.14035816382291877,146.89251759918935,133.69996897307627,13.19254862611308,0.005139180978249502,-0.0022146987355549097,0.031321892801881246,1,0.007747672060092482,143.79098510742188,144.48077392578125,0
2021-09-08,143.8987579345703,144.56171684076733,143.2199013510936,144.40528612114758,15486000.0,140.63328704833984,135.4877325439453,67.09798605582787,2.703416094809228,2.6660311498162272,0.0373849449930006,147.2425382718316,134.02403582484808,13.218502446983507,-0.004367226690695558,0.004607503097004306,0.01745102035333801,1,0.007751115134749881,144.5299530029297,144.47332763671875,1
2021-09-09,143.92855834960938,144.67941673959078,143.4523251465258,143.89876346425862,14798000.0,140.992032623291,135.86306411743163,67.17974220896389,2.6016307017376903,2.6531510602005204,-0.051520358462830096,147.49809511623,134.48597013035203,13.01212498587796,0.00020709292746379226,0.0009567584649672334,0.013735535934163101,1,0.007726649521749802,143.8987579345703,144.8507537841797,0
2021-09-10,140.9564208984375,145.0265603129168,140.77813652859197,144.4549712876623,32896000.0,141.16740798950195,136.19290740966798,53.02736811830573,2.255142512180896,2.5735493505965956,-0.3184068384156995,147.4678316423639,134.86698433664,12.600847305723903,-0.020650088385881116,-0.024725200764576072,-0.0014211640919710167,1,0.010271600117341803,143.92855834960938,143.23878479003906,1
2021-09-13,142.48992919921875,143.21099284223143,141.31547097019103,142.22773112679684,20176000.0,141.41864013671875,136.53251388549805,57.94960967353506,2.080308923135391,2.4749012651043545,-0.39459234196896364,147.5056376922303,135.3316425812072,12.173995111023089,0.010879307881165534,-0.00979041623133503,-0.007509399370275394,1,0.009256558955966308,140.9564208984375,143.79098510742188,0
2021-09-14,142.43130493164062,143.74381048199004,141.9342032105274,143.18116304752004,18916000.0,141.64161376953126,136.8242578125,57.70068098617466,1.9149472360350046,2.3629104592904846,-0.44796322325548,147.53072842182638,135.75249911723614,11.77822930459024,-0.0004114274454875,-0.010402754221520483,-0.014185063787057417,1,0.008923435666366207,142.48992919921875,144.5299530029297,1
2021-09-15,144.21905517578125,144.5920064872075,141.2891088151266,142.78189914089353,20648000.0,142.0342010498047,137.13085968017577,62.93016865836341,1.9061801532406548,2.271564398080519,-0.3653842448398641,147.49590006940454,136.57250203020484,10.923398039199697,0.012551666538466622,0.02314640409105273,-0.0017599958767259283,1,0.009963172704514661,142.43130493164062,143.8987579345703,0
2021-09-16,143.39222717285156,144.21310198161322,142.4415794297702,144.13464414195738,20292000.0,142.42172317504884,137.41483642578126,59.27988879725016,1.8116307160229042,2.179577661668996,-0.367946945646092,147.05051482524277,137.7929315248549,9.257583300387864,-0.005733139784627639,0.006332363127020013,-0.01006916825231896,1,0.010056904405435323,144.21905517578125,143.92855834960938,0
2021-09-17,140.50201416015625,143.26907403182895,140.10273843690112,142.82113534845192,60040000.0,142.64767684936524,137.65889617919922,48.65560822784106,1.4863498543293474,2.0409321002010667,-0.5545822458717193,146.3445626211904,138.9507910775401,7.393771543650303,-0.020155994991355564,-0.013545412452763306,-0.019106351913655284,1,0.011387643372112531,143.39222717285156,140.9564208984375,0
2021-09-20,138.07212829589844,138.41528473171914,136.12147271475675,138.05544255479353,34918000.0,142.6764793395996,137.84646270751952,41.86264152873446,1.0207246674852968,1.8368906136579128,-0.8161659461726161,146.2180865821418,139.1348720970574,7.083214485084397,-0.017294313386055915,-0.04262215469648334,-0.039772012183177274,1,0.012145277415218552,140.50201416015625,142.48992919921875,1
2021-09-21,138.69735717773438,139.85453838038688,137.9613962373602,139.16466403487448,18130000.0,142.6043228149414,138.02687774658204,44.02802612412744,0.6941622277113595,1.6083449364686022,-0.9141827087572427,146.3993969237421,138.80924870614072,7.5901482176013815,0.0045282772819728034,-0.03274145389664518,-0.04035561974532076,1,0.012095727447742264,138.07212829589844,142.43130493164062,1
2021-09-22,139.98057556152344,140.6211807107844,138.52379368376833,139.09861063920525,22068000.0,142.53181915283204,138.22440521240233,48.285376008348265,0.5327627829746291,1.3932285057698077,-0.8604657227951786,146.4666467424792,138.59699156318487,7.869655179294341,0.009251931038200434,-0.0037112535485678277,-0.027228743522779042,1,0.012801495950058429,138.69735717773438,144.21905517578125,1
2021-09-23,140.862548828125,141.28560285700897,140.13749954100814,140.64701329530078,17272000.0,142.47602615356445,138.41796112060547,51.041725936444664,0.4705956975909942,1.208701944134045,-0.7381062465430508,146.4718310546861,138.4802212524428,7.9916098022433175,0.0063006832416825365,0.02020987556769227,-0.021302301340619945,1,0.013095976456756418,139.98057556152344,143.39222717285156,1
2021-09-24,141.66354370117188,141.93221291866206,139.89315783425127,139.98801346558426,14950000.0,142.50135192871093,138.64374572753906,53.46742576554784,0.4804234046407032,1.0630462362353768,-0.5826228315946735,146.4697225835441,138.53298127387777,7.936741309666331,0.005686357940492881,0.021386034916559105,0.005016605829144094,1,0.011495391804109294,140.862548828125,140.50201416015625,0
2021-09-27,140.53927612304688,141.53147925089044,139.54507252456216,140.6231898044104,18844000.0,142.34991378784179,138.8355435180664,49.742136291968265,0.3929631015997188,0.9290296093082452,-0.5360665077085264,146.37466417380887,138.3251634018747,8.049500771934163,-0.007936181382674934,0.0039912720695871595,-0.013689761003703116,1,0.011153492795841718,141.66354370117188,138.07212829589844,0
2021-09-28,135.25840759277344,138.65764658589288,134.77768845314273,138.14316192787953,42190000.0,141.8887954711914,138.97320190429687,36.7794208192007,-0.10130400549522278,0.7229628863475516,-0.8242668918427744,146.83832820661073,136.93926273577208,9.89906547083865,-0.037575748758303384,-0.039784465650905654,-0.05036039894677502,1,0.015968888182154604,140.53927612304688,138.69735717773438,0
2021-09-29,133.606689453125,136.46463420712936,133.33753525421145,136.17779403129396,26338000.0,141.34546356201173,139.04112670898436,33.81150660118966,-0.6191568440686979,0.45453894026430175,-1.0736957843329997,147.3203887298131,135.37053839421037,11.949850335602719,-0.012211574637351341,-0.0568731660775208,-0.07358504540000887,1,0.01481668737129524,135.25840759277344,139.98057556152344,0
2021-09-30,132.35972595214844,134.6684202783138,132.09602758880325,133.41201881760085,35294000.0,140.72091217041014,139.0543362426758,31.7298145723351,-1.1172989559170503,0.14017136102803135,-1.2574703169450816,147.63689056599222,133.80493377482807,13.831956791164146,-0.009333091824074047,-0.05820116907203199,-0.07693932536108838,1,0.014812344333693678,133.606689453125,140.862548828125,1
2021-10-01,135.5349884033203,136.13935777628743,132.47096495519594,132.64676386505874,28388000.0,140.33572235107422,139.1165899658203,41.59125587563204,-1.2415511960931838,-0.1361731503962117,-1.105378045696972,147.5014809946762,133.16996370747225,14.331517287203951,0.02398964207828458,0.0020448326685877927,-0.035351989695849406,1,0.017140619133128466,132.35972595214844,141.66354370117188,0
2021-10-04,132.8558349609375,134.77768086582554,130.27500074672346,134.7771807482116,31530000.0,139.78896484375,139.03612121582032,36.765626871513824,-1.5384727278618016,-0.4166330658893297,-1.121839661972472,147.46713498915835,132.11079469834164,15.356340290816718,-0.019767245889380836,-0.005619886962702769,-0.03777948090857297,1,0.01737858477467148,135.5349884033203,140.53927612304688,1
2021-10-05,135.25146484375,136.4284084784119,133.08925904611309,133.08925904611309,24126000.0,139.325040435791,138.9672430419922,43.12060001866804,-1.562466726739757,-0.6457997980594152,-0.9166669286803417,146.92213072494408,131.72795014663794,15.194180578306145,0.018031800285752242,0.021847573880947824,-0.02484468633074688,1,0.018573128070315855,132.8558349609375,135.25840759277344,1
2021-10-06,136.42042541503906,136.91504166065658,133.57240758381454,133.71047033460584,19764000.0,138.95112380981445,138.9783172607422,45.973784624618816,-1.4702091392422858,-0.8106816662959895,-0.6595274729462963,146.3443711085895,131.55787651103938,14.786494597550131,0.008642868102312296,0.006532903585632743,-0.025433172654156122,0,0.01853178440788626,135.25146484375,133.606689453125,1
2021-10-07,138.23947143554688,139.20183395654263,137.62120492940457,137.9191688910004,18250000.0,138.66666946411132,139.0340155029297,50.163200883784974,-1.2360639492337953,-0.8957581228835507,-0.34030582635024453,145.7010683312825,131.63227059694015,14.068797734342354,0.013334117783122545,0.0405223938880237,-0.018621538616191757,0,0.019026296405152895,136.42042541503906,132.35972595214844,1
2021-10-08,139.10409545898438,139.3633231230925,138.48170658382548,138.9551210106837,18924000.0,138.57405319213868,139.10384826660157,52.065865128213275,-0.9695578076225786,-0.9105180598313564,-0.05903974779122223,145.5338040713815,131.61430231289586,13.919501758485637,0.006254537972829377,0.028484945576634946,-0.018067091753588005,0,0.019051682642965938,138.23947143554688,135.5349884033203,0
2021-10-11,137.90379333496094,139.8069226963908,137.86307163756285,138.84981883428435,16584000.0,138.3447463989258,139.1758853149414,49.25456958577041,-0.8454582044860501,-0.8975060887622952,0.05204788427624507,145.07162075141156,131.61787204644003,13.453748704971531,-0.008628805069059609,0.01087350310929569,-0.01875264239854546,0,0.019078287125237264,139.10409545898438,132.8558349609375,0
2021-10-12,135.78379821777344,138.745540235479,135.3239476426631,138.6884207411116,22536000.0,138.01237106323242,139.1902569580078,44.667129280477056,-0.9077107389611854,-0.8995470188020733,-0.008163720159112042,144.5530624707268,131.47167965573806,13.081382814988729,-0.015373000741452758,-0.017763907748434726,0.0038843472605547547,0,0.015375250096171333,137.90379333496094,135.25146484375,1
2021-10-13,136.9627227783203,137.60831398700387,136.0455070894087,136.81374835212816,16380000.0,137.64955444335936,139.2224365234375,47.59040984619284,-0.8520945461677343,-0.8900565242752055,0.03796197810747126,143.54615238278654,131.75295650393218,11.793195878854362,0.008682365466431419,-0.015394030446037155,0.025118752204190686,0,0.014868124034369648,135.78379821777344,136.42042541503906,1
2021-10-14,140.4508514404297,140.6887255432517,138.39194317635042,139.0007681210923,21426000.0,137.5024856567383,139.32937438964845,55.14170169131941,-0.5205548488972909,-0.8161561891996227,0.29560134030233187,142.9483230858958,132.05664822758078,10.891674858315014,0.025467722832547945,0.018469819022904455,0.06112981445131127,0,0.015811864199787546,136.9627227783203,138.23947143554688,1
2021-10-15,140.7120819091797,141.23350758465287,140.10572716652774,141.23350758465287,21250000.0,137.51298904418945,139.42343078613283,55.656991630136304,-0.23403037804268934,-0.6997310269682361,0.46570064892554675,142.982684775434,132.0432933129449,10.939391462489084,0.0018599422222855821,0.03629507906018459,0.03819746891078446,0,0.014520032133451223,140.4508514404297,139.10409545898438,1
2021-10-18,141.9888153076172,142.02680908692588,140.25369532882482,140.25369532882482,16564000.0,137.70882339477538,139.54111511230468,58.1851291878895,0.09496929760811668,-0.5407909620529655,0.6357602596610822,143.5147035027723,131.90294328677845,11.611760215993854,0.009073374376349141,0.03669679185212904,0.06874353956199952,0,0.01194333090108251,140.7120819091797,137.90379333496094,1
2021-10-19,142.84449768066406,143.12754911615338,142.12341895814004,142.31760100252214,15316000.0,137.9161804199219,139.65672454833984,59.83781364771634,0.41990986757636506,-0.34865079612709937,0.7685606637034644,144.13034539609217,131.7020154437516,12.428329952340562,0.006026406877140733,0.017042589743570202,0.05614011534504226,0,0.011265718144595798,141.9888153076172,135.78379821777344,0
2021-10-20,141.44703674316406,143.26734361153143,140.9474647136511,143.24226195551748,17940000.0,137.9895034790039,139.74250762939454,55.94861355200277,0.5582292721944953,-0.16727478246278044,0.7255040546572757,144.3326403277587,131.6463666302491,12.686273697509591,-0.00978309252502041,0.005223111079109222,0.03684647158101351,0,0.012171198129488312,142.84449768066406,136.9627227783203,1
2021-10-21,141.81005859375,141.87858986031384,140.6743218295836,141.22555751262792,14850000.0,138.03687896728516,139.8436358642578,56.73528998631803,0.6891965969739999,0.0040194934245756375,0.6851771035494243,144.47852919807326,131.59522873649706,12.883300461576198,0.0025664860780725274,-0.0012589492593477747,0.025828998918502766,0,0.011690123482139556,141.44703674316406,140.4508514404297,0
2021-10-22,137.68280029296875,140.59636420413273,136.23818786571272,139.39706703841122,30182000.0,137.837841796875,139.8483135986328,46.55584039176206,0.45471225368225987,0.09415804547611249,0.36055420820614736,144.0612596229663,131.61442397078372,12.446835652182585,-0.029104129437001358,-0.036135080255135454,-0.010217493319128801,0,0.015267014383767962,141.81005859375,140.7120819091797,1
2021-10-25,137.82977294921875,138.25963155473733,135.81904279111734,137.8670241286139,21082000.0,137.7023666381836,139.85560333251954,46.921058955390585,0.2775418575427864,0.1308348078894473,0.14670704965333908,143.80138122261917,131.60335205374804,12.19802916887113,0.001067472886498999,-0.02557327376545504,-0.0005367538046063824,0,0.015029167318466785,137.68280029296875,141.9888153076172,1
2021-10-26,138.72267150878906,139.88223197686045,138.06069771027956,139.65032897629283,28258000.0,137.87557983398438,139.8706201171875,49.19264624494964,0.20679864756968414,0.14602757582549467,0.06077107174418947,143.8832070610206,131.86795260694814,12.015254454072476,0.006478270554064469,-0.021771284178123906,0.021643769945970837,0,0.01409752002054495,137.82977294921875,142.84449768066406,1
2021-10-27,145.43228149414062,148.10448575533377,138.9516208762769,138.9516208762769,51850000.0,138.46685943603515,140.05191955566406,62.26226340572086,0.6842559189570352,0.2536732444518028,0.4305826745052324,144.9836992842426,131.9500195878277,13.033679696414879,0.04836707592476297,0.056285034766013764,0.06183842248469773,0,0.020324843604452355,138.72267150878906,141.44703674316406,0
2021-10-28,145.1357879638672,146.4224844044724,143.77957518003032,146.29783388712323,32418000.0,139.10566253662108,140.24179962158203,61.50929000838921,1.0268824349343504,0.4083150825483123,0.6185673523860381,145.60738766659816,132.603937406644,13.00345025995415,-0.0020387050744671287,0.053007524124270455,0.03335641240611875,0,0.019261278391262085,145.43228149414062,141.81005859375,1
2021-10-29,147.2627410888672,147.60292715853765,144.1798493505246,144.53094707743935,28954000.0,139.69205017089843,140.46739562988282,64.79816531721494,1.4532911234073538,0.6173102907201207,0.8359808326872331,146.87916859092599,132.50493175087087,14.374236840055119,0.01465491836878674,0.06156217644307005,0.04655363697849002,0,0.01956637947032773,145.1357879638672,137.68280029296875,0
2021-11-01,142.79681396484375,147.3908793658697,142.60363216365525,147.15796094565582,32272000.0,140.18909912109376,140.57341033935546,54.30574542419659,1.4145539876916473,0.776759030114426,0.6377949575772213,146.76538869134512,133.6128095508424,13.152579140502723,-0.030326252866150538,-0.018121613043683538,0.005690579609922475,0,0.022361910586772053,147.2627410888672,137.82977294921875,1
2021-11-02,144.8716278076172,145.92193550800826,143.65793318413486,143.82518465275882,21150000.0,140.67010726928712,140.66803314208985,57.7302286235363,1.533596321951137,0.9281264884817684,0.6054698334693687,147.13781765905765,134.20239687951658,12.935420779541062,0.014529832880474824,-0.0018200897239470937,0.014191167037353347,1,0.022741575384964553,142.79681396484375,138.72267150878906,1
2021-11-03,145.7922821044922,145.9119769041712,144.06758885457188,145.28078309411407,17886000.0,141.13870010375976,140.75526580810546,59.19167973787317,1.682828734902813,1.0790669377659774,0.6037617971368356,147.66467409573104,134.61272611178848,13.051947983942568,0.00635496619184539,-0.00998527511780889,0.030719946217170335,1,0.02241099703935908,144.8716278076172,145.43228149414062,1
2021-11-04,147.6724395751953,148.9308264133786,145.63835516823806,146.19951743723934,24700000.0,141.6103485107422,140.86914642333986,62.0754283697439,1.9305552528566352,1.249364600784109,0.6811906520725262,148.57851703530088,134.64217998618352,13.936337049117355,0.012896138557976444,0.03414379827516267,0.041339669693244874,1,0.02261288363634913,145.7922821044922,145.1357879638672,1
2021-11-05,148.2266387939453,149.5473584112733,147.64163761262552,148.3383771869888,20408000.0,142.06647567749025,141.0105386352539,62.907482087842226,2.146851975223825,1.4288620756720523,0.7179898995517728,149.49762385042422,134.63532750455627,14.862296345867946,0.003752895397030498,0.023158509620554657,0.07658065116732682,1,0.01937747513987853,147.6724395751953,147.2627410888672,1
2021-11-08,148.33639526367188,150.00795498418364,148.1064624089287,148.9804861104016,18388000.0,142.58810577392578,141.10590576171876,63.08024020107289,2.300605171526996,1.6032106948430411,0.697394476683955,150.23861979616936,134.9375917516822,15.301028044487168,0.0007404638641177463,0.017450259523040357,0.07622897498586267,1,0.019389946682619598,148.2266387939453,142.79681396484375,0
2021-11-09,148.23410034179688,149.3564097124549,146.5044360276713,148.72821653544935,16876000.0,143.21062088012695,141.18097229003905,62.786726346560194,2.3866890760420176,1.7599063710828367,0.626782704959181,150.56561885722348,135.85562290303042,14.709995954193062,-0.0006896144516197467,0.0038034230911148104,0.0685643430129963,1,0.01956529093982083,148.33639526367188,144.8716278076172,0
2021-11-10,145.62940979003906,147.6893030274393,144.33724244944815,147.0037479587815,22708000.0,143.6439552307129,141.20409393310547,55.68215260099341,2.2191534121908774,1.8517557793044448,0.36739763288643257,150.47826151778648,136.8096489436393,13.668612574147176,-0.01757146665815723,-0.01752201240639839,0.001355464508107751,1,0.014452030420052404,148.23410034179688,145.7922821044922,1
2021-11-11,145.75059509277344,147.49291393369234,145.69746138492712,146.10714864226023,12464000.0,143.90894241333007,141.22209075927734,55.93199839576831,2.072270982757061,1.895858819994968,0.17641216276209315,150.63763274178984,137.1802520848703,13.457380656919554,0.0008321485537097217,-0.01743200086736707,0.004236082206404701,1,0.014430447000787196,145.62940979003906,147.6724395751953,1
2021-11-12,148.62838745117188,148.8409374295706,145.4585815059369,146.82672138828437,17048000.0,144.30475769042968,141.3298828125,61.48488462901756,2.1631440141241,1.9493158588207944,0.21382815530330568,151.16473170484173,137.44478367601764,13.719948028824092,0.01974463539285498,0.002659894777691907,0.009273536212941913,1,0.015060495818514034,145.75059509277344,148.2266387939453,0
2021-11-15,148.37266540527344,149.4542683602526,147.64216020503375,148.9805053822705,16248000.0,144.6239501953125,141.42151641845703,60.75231043345432,2.189290140290126,1.997310715114661,0.19197942517546496,151.61598601250552,137.63191437811946,13.984071634386055,-0.0017205464600928977,0.018837236374091404,0.039047449908808485,1,0.010456770725990694,148.62838745117188,148.33639526367188,0
2021-11-16,148.06277465820312,148.81413317433152,147.34171114537742,148.1566300636326,17254000.0,144.88486404418944,141.4921728515625,59.822123569803495,2.160105192189093,2.0298696105295475,0.1302355816595453,151.98050166245207,137.7892264259268,14.191275236525257,-0.0020885972913128326,0.015863945968508375,0.02202741074203729,1,0.009882168667223842,148.37266540527344,148.23410034179688,0
2021-11-17,148.04885864257812,148.6090358208911,147.5532572551044,148.21473098023026,15290000.0,145.21495513916017,141.57517486572266,59.77786078293994,2.1115127992146085,2.0461982482665597,0.06531455094804883,152.25417908354345,138.1757311947769,14.078447888766561,-9.398726761078446e-05,-0.0038991798170732173,0.015478024662983314,1,0.009792734374789353,148.06277465820312,145.62940979003906,1
2021-11-18,149.68466186523438,150.57953892529528,147.98579274933263,148.13228173562428,26658000.0,145.6086853027344,141.69029693603517,63.22261768063513,2.17987043730443,2.0729326860741337,0.10693775123029647,152.72258518386704,138.49478542160173,14.227799762265306,0.011049076890254472,0.008842575257223206,0.01362625480981805,1,0.009570480337276806,148.04885864257812,145.75059509277344,0
2021-11-19,148.93333435058594,150.8179444971266,148.8687737038547,149.9737155330866,19766000.0,146.17121200561525,141.84983520507814,60.65322644046769,2.1486502045846123,2.0880761897762294,0.06057401480838287,152.41529352122927,139.92713049000122,12.488163031228055,-0.005019402157081965,0.005879666205043543,0.004767669039726474,1,0.00973107962005482,149.68466186523438,148.62838745117188,0
2021-11-22,146.078857421875,149.71994106936566,146.006340366025,149.1212851153036,24608000.0,146.58366622924805,141.92161376953126,52.005721504469555,1.871996304811944,2.0448602127833726,-0.1728639079714287,151.52268078630033,141.64465167219578,9.87802911410455,-0.019166138602601634,-0.013306426262016169,-0.015219042081911494,1,0.01154721960933761,148.93333435058594,148.37266540527344,0
2021-11-23,145.75953674316406,146.69016469557673,143.90472174702623,146.11311989749078,18126000.0,146.9355094909668,141.98817840576172,51.12755448908235,1.6084385080579864,1.9575758718382954,-0.349137363780309,150.35244969449042,143.5185692874432,6.833880407047218,-0.002185947264009225,-0.02622262744331294,-0.016693619031835305,1,0.011545643978750155,146.078857421875,148.06277465820312,0
2021-11-24,145.7202911376953,146.00087225767157,144.21211836381826,145.35529623148872,16464000.0,146.94990997314454,142.018203125,51.01353997792555,1.3804868696172434,1.842158071394085,-0.4616712017768416,150.3437371794185,143.5560827668706,6.787654412547909,-0.00026924897228441935,-0.02157370092397981,0.000624059026176571,1,0.010095244243725031,145.75953674316406,148.04885864257812,0
2021-11-26,141.83538818359375,144.309454901125,141.51707089517092,144.0298739957344,16992000.0,146.78488998413087,141.98706634521486,41.21549454664333,0.8762534486357083,1.64897714684241,-0.7727236982067016,150.78271384383234,142.7870661244294,7.995647719402939,-0.026659999947643565,-0.02904916777946953,-0.026862373403604756,1,0.01315571769063864,145.7202911376953,149.68466186523438,1
2021-11-29,145.12088012695312,145.86379715713824,143.31771390903725,143.31771390903725,26276000.0,146.67779693603515,142.07944366455078,49.96756049852838,0.7333035051872798,1.4658424185113839,-0.732538913324104,150.73302040147993,142.62257347059037,8.110446930889566,0.023164119938153815,-0.004381576879846194,-0.023599174991863925,1,0.013829415243104493,141.83538818359375,148.93333435058594,0
2021-11-30,141.48379516601562,145.63190725432978,141.10041710850942,144.46167744579685,41590000.0,146.61214599609374,142.14767700195313,42.43548586455464,0.3228111195026315,1.2372361587096334,-0.9144250392070019,150.94927895277044,142.27501303941705,8.674265913353395,-0.02506245109425842,-0.029072793765396066,-0.04642951058701528,1,0.015579998026720313,145.12088012695312,146.078857421875,0
2021-12-01,140.6554412841797,145.5034141829971,140.53824706981743,143.23230457794105,28476000.0,146.40133666992188,142.18683868408203,40.922496964276974,-0.06855799512041472,0.9760773279436239,-1.0446353230640386,151.41367599283203,141.38899734701172,10.024678645820302,-0.005854761535509789,-0.00831912905886878,-0.050028330153362055,1,0.015557154207253414,141.48379516601562,145.75953674316406,1
2021-12-02,142.79930114746094,143.69169287261596,140.0237846584891,140.860072277834,21250000.0,146.2516876220703,142.2432131958008,46.26258592307097,-0.2033847711004455,0.7401849081348101,-0.9435696792352556,151.5009455340213,141.00242971011932,10.498515823901982,0.015241926254028204,-0.015997553056880887,-0.03545827737713769,1,0.016801705833046444,140.6554412841797,145.7202911376953,0
2021-12-03,141.5518341064453,144.22603904128326,140.1906502156604,143.51341683265363,26688000.0,145.9456573486328,142.25699890136718,43.78262127594702,-0.40621355018461713,0.5109052164709247,-0.9171187666555418,151.53082591406968,140.36048878319593,11.170337130873747,-0.00873580634493043,0.00048089564143971586,-0.05433307365928575,1,0.016049258305461157,142.79930114746094,141.83538818359375,1
2021-12-06,142.8191375732422,143.37037323007655,139.69105367175214,142.59816137902388,22198000.0,145.67528228759767,142.2801107788086,46.896996235782304,-0.45940033929315405,0.3168441053181089,-0.776244444611263,151.31586267619556,140.03470189899977,11.281160777195794,0.008952928620083345,0.015382954753175637,-0.041053245762638024,1,0.01668691399541016,141.5518341064453,145.12088012695312,1
2021-12-07,147.03033447265625,147.2920475344647,144.7121984110845,144.9580137948666,23258000.0,145.60997924804687,142.4099319458008,55.68281232766822,-0.15989963406261154,0.2214953574419648,-0.38139499150457634,151.15524912451792,140.06470937157582,11.090539752942107,0.02948622272175827,0.02962922991357053,0.006513448062051674,1,0.018756589132388098,142.8191375732422,141.48379516601562,1
2021-12-08,147.70970153808594,148.14272764487512,146.19952810549825,147.32333792325784,18964000.0,145.58375930786133,142.65895782470704,56.92107145629148,0.13076865740941912,0.20335001743545567,-0.07258136002603655,151.08392589606288,140.08359271965978,11.000333176403103,0.0046205911716539205,0.04350256194497626,0.013379328985918537,1,0.0187593830315553,147.03033447265625,140.6554412841797,0
2021-12-09,147.099365234375,148.58816989341202,146.52629107389916,147.1688815821325,18580000.0,145.65725708007812,142.92881134033203,55.422844674788585,0.3083221873845332,0.22434445142527118,0.08397773595926203,151.19704229969426,140.117471860462,11.07957043923227,-0.004131998760782629,0.029969566641149692,0.009463843956889706,1,0.01883919426223373,147.70970153808594,142.79930114746094,1
2021-12-10,147.6645050048828,148.38456831090036,146.3559547955763,148.08661944224747,21634000.0,145.7529525756836,143.2349069213867,56.56292746182127,0.4889998100849198,0.27727552315720094,0.21172428692771883,151.36157595556605,140.14432919580113,11.217246759764919,0.003841891293054678,0.004313195195407182,0.041097760551434215,1,0.016117534574360208,147.099365234375,141.5518341064453,0
2021-12-13,145.70736694335938,147.5527400569727,145.36521076851542,147.435045728504,24104000.0,145.60690155029297,143.4383544921875,51.63754561792575,0.4688587311094352,0.31559216474764784,0.15326656636178737,151.05833467146707,140.15546842911888,10.902866242348182,-0.013253950646153756,-0.013555877331525634,0.004041367554366904,1,0.015444785184451602,147.6645050048828,142.8191375732422,0
2021-12-14,143.98519897460938,144.45349098539916,141.27572808253723,143.7860612069143,24778000.0,145.38752822875978,143.66094177246094,47.70134371263146,0.3103546434521718,0.3145446604885526,-0.004190017036380833,150.72810107877544,140.04695537874412,10.681145700031323,-0.011819360989616001,-0.021170494208481383,0.017679790153060537,1,0.013446954578115714,145.70736694335938,147.03033447265625,1
2021-12-15,146.36688232421875,146.5146140427253,141.73558084850194,143.38478694937584,27280000.0,145.30273361206054,143.8832501220703,53.033393039112106,0.3726255582940894,0.32616084004965995,0.04646471824442944,150.52321213949924,140.08225508462183,10.440957054877401,0.016541167887883956,-0.008787641150601155,0.040605901825722324,1,0.013881950097379709,143.98519897460938,147.70970153808594,0
2021-12-16,143.8540496826172,147.5418102856595,143.11311797989157,147.07053286369882,27400000.0,145.0929931640625,144.03192260742188,47.52766978817219,0.21671298103913728,0.30427126824755546,-0.08755828720841818,150.1909268947206,139.9950594334044,10.195867461316197,-0.017168041032911807,-0.0127194478880579,0.00738623037144337,1,0.014741707223798452,146.36688232421875,147.099365234375,0
2021-12-17,141.83241271972656,143.47825446326124,140.82431191919082,141.74451325276064,43404000.0,144.70038070678712,144.10378143310547,43.60546576130056,-0.06918059625490969,0.22958089534706244,-0.29876149160197213,149.5255172675783,139.87524414599594,9.650273121582359,-0.014053389302219332,-0.014951441330177562,0.001982161623354628,1,0.015213590871902908,143.8540496826172,147.6645050048828,0
2021-12-20,141.4336395263672,141.64121864546996,139.2967582112902,139.72343430964892,20264000.0,144.32539596557618,144.15037231445314,42.85421542788614,-0.3241938748444113,0.1188259413087677,-0.443019816153179,148.93736180278492,139.71343012836743,9.223931674417486,-0.00281158012976479,-0.033704638095138795,-0.009701067170808764,1,0.014922340840398979,141.83241271972656,145.70736694335938,1
2021-12-21,143.2402801513672,143.70861757420647,140.77166924607343,142.1770452365001,19548000.0,144.18346710205077,144.25710205078124,47.2852618566659,-0.37617660593480196,0.01982543186005377,-0.3960020377948557,148.74528949279312,139.62164471130842,9.1236447814847,0.012773768892959891,-0.004266612810721382,-0.02577736311953993,0,0.011740934703969575,141.4336395263672,143.98519897460938,1
2021-12-22,145.95022583007812,146.30180849641584,142.98451336151084,143.12059081144602,18438000.0,144.1930015563965,144.46043060302733,53.15307994494948,-0.19643890115477802,-0.023427434742912593,-0.17301146641186543,148.76873626016638,139.6172668526266,9.151469407539764,0.018918880051387976,0.029032948332400776,-0.011911713920525036,0,0.013456041385558693,143.2402801513672,146.36688232421875,1
2021-12-23,146.14242553710938,147.5628051367036,145.95207772738388,146.08977678782702,13818000.0,144.2141082763672,144.64402465820314,53.54801500027284,-0.0380479717644846,-0.026351542147226997,-0.011696429617257604,148.82161239281237,139.60660415992203,9.21500823289034,0.0013168853007121673,0.033293253475700446,-0.006505396510317563,0,0.013430652932907364,145.95022583007812,143.8540496826172,1
2021-12-27,147.05763244628906,147.4176716335065,146.2491696571616,146.4612195080496,13256000.0,144.47522048950196,144.7761602783203,55.47296592066842,0.1594890394219135,0.0108165741666011,0.1486724652553124,149.10575392709848,139.84468705190545,9.261066875193023,0.006262431363213583,0.02664999182414296,-0.004109806609067457,0,0.01354039233851202,146.14242553710938,141.83241271972656,0
2021-12-28,145.45263671875,147.36604132348995,144.94362305228609,147.36604132348995,18624000.0,144.4918083190918,144.87097137451173,51.44661638200697,0.1844031179047647,0.045533882914233825,0.1388692349905309,149.1338372414371,139.8497793967465,9.284057844690608,-0.010914059344218408,-0.0034093068955400874,-0.0017482316093763162,0,0.013310493509966463,147.05763244628906,141.4336395263672,1
2021-12-29,145.5087432861328,146.18337160619822,144.51554006061764,145.43425607523488,17022000.0,144.69305572509765,144.94136993408202,51.57892526853465,0.20629697259957425,0.07768650085130191,0.12861047174827234,149.14093535047152,140.24517609972378,8.895759250747744,0.0003857377126226247,-0.004336059488869282,0.010581256423391805,0,0.012659670044808408,145.45263671875,143.2402801513672,0
2021-12-30,145.01016235351562,146.06295539127672,144.76781748297324,145.45461535948124,12978000.0,144.91079177856446,144.98468322753905,50.268029902093375,0.18132647697962057,0.09841449607696565,0.08291198090265492,148.95475548438006,140.86682807274886,8.087927411631199,-0.0034264671754931086,-0.013922909397587668,-0.009269309758869082,0,0.011477511251858015,145.5087432861328,145.95022583007812,0
2021-12-31,143.6961669921875,145.37021231289992,143.6941816766733,144.55479321945575,17298000.0,144.95563507080078,145.02966583251953,46.88596855127236,0.05487615697794013,0.08970682825716055,-0.03483067127922042,148.9241338937574,140.98713624784415,7.936997645913266,-0.009061401904542188,-0.012075887836662913,-0.0010975199570538718,0,0.01043778507924083,145.01016235351562,146.14242553710938,1
2022-01-03,144.08847045898438,144.56074822207472,142.5271637905284,143.49354263214246,25214000.0,145.08246688842775,145.0752340698242,48.01061823904454,-0.013525112418250274,0.06906044012207839,-0.08258555254032866,148.75913118637033,141.40580259048517,7.353328595885159,0.0027300899878435203,-0.00976073873688521,0.015906503287904883,1,0.009215676377005662,143.6961669921875,147.05763244628906,0
2022-01-04,143.43495178222656,145.6135400008662,142.8386751586961,144.56124701942412,22928000.0,145.11325759887694,145.19027709960938,46.25360852725468,-0.11909426222877073,0.03142949965190857,-0.15052376188067929,148.72329878639852,141.50321641135537,7.220082375043148,-0.004535537608776563,-0.010862759862642624,0.014150185645800839,0,0.009323231981578835,144.08847045898438,145.45263671875,0
2022-01-05,136.71791076660156,143.31725067199832,136.58878949088935,143.20104152385736,49642000.0,144.5976364135742,145.16803985595703,32.91882721288509,-0.7362802667486505,-0.12211245362820325,-0.6141678131204473,149.63055499899903,139.56471782814938,10.065837170849647,-0.0468298760669108,-0.04856257735785907,-0.045534464033951894,0,0.017091814148563495,143.43495178222656,145.5087432861328,0
2022-01-06,136.61610412597656,138.7366029033195,135.83396560825292,136.56297041590392,29050000.0,144.04295654296874,145.12590850830077,32.764647028287854,-1.2195612243368998,-0.34160220776994255,-0.8779590165669573,149.95088106143106,138.13503202450642,11.815849036924646,-0.0007446474280813353,-0.051859571478585886,-0.06395414361995422,0,0.015112766286549234,136.71791076660156,145.01016235351562,0
2022-01-07,136.0733184814453,137.3150650478679,134.8660800302803,136.96769547833836,19408000.0,143.49165420532228,144.93872924804688,31.90661813802386,-1.6276011573463052,-0.5988019976852151,-1.02879915966109,150.1641750478845,136.81913336276006,13.345041685124443,-0.003973072193822258,-0.051323845473579044,-0.06889927424331177,0,0.01490055339408701,136.61610412597656,143.6961669921875,1
2022-01-10,137.6321563720703,137.6977020902201,132.23558416953537,134.18076891311077,34096000.0,142.99003677368165,144.78865661621094,37.00855709241538,-1.8043906616503023,-0.8399197304782327,-0.9644709311720696,149.83841325398876,136.14166029337454,13.69675296061422,0.011455867381066076,0.006687094619442391,-0.06409375642343007,0,0.015493292939423387,136.0733184814453,144.08847045898438,1
2022-01-11,139.0658416748047,139.3757175812923,135.88362358821269,137.24132167763923,23502000.0,142.6579605102539,144.6247186279297,41.360266665617864,-1.8079700421643565,-1.0335297928154574,-0.7744402493488991,149.59065454805028,135.72526647245752,13.865388075592762,0.010416790236567941,0.017931543023428365,-0.04390979213594415,0,0.016265856878607855,137.6321563720703,143.43495178222656,1
2022-01-12,140.6852569580078,141.8435900132155,140.15290447174183,140.59240178439916,23642000.0,142.49296340942382,144.58248748779297,45.90612139308819,-1.6609866277569836,-1.1590211598037627,-0.5019654679532208,149.44848998340257,135.53743683544508,13.911053147957489,0.011644953668709102,0.03389304036993401,-0.03314911681038957,0,0.017003669709224727,139.0658416748047,136.71791076660156,0
2022-01-13,138.18536376953125,142.2123108764727,137.9698433838269,140.87645123802994,26566000.0,142.08388748168946,144.44876220703125,40.66534179203833,-1.7263217383105314,-1.2724812755051165,-0.4538404628054149,149.0423076215314,135.12546734184752,13.916840279683868,-0.017769404147463308,0.004019463271108137,-0.047064277932097,0,0.01761577544414252,140.6852569580078,136.61610412597656,1
2022-01-14,138.83642578125,140.24081684047127,136.5654671823573,136.5654671823573,23826000.0,141.8330062866211,144.3096450805664,42.50624746690497,-1.705900462301571,-1.3591651128644076,-0.34673534943716344,148.87930687643757,134.78670569680463,14.092601179632936,0.004711512087521852,-0.001649692626109922,-0.033819560484182665,0,0.017771718927827116,138.18536376953125,136.0733184814453,0
2022-01-18,135.36416625976562,136.45768099201436,134.69525137857937,135.6715718841705,27382000.0,141.50959396362305,144.0634796142578,36.07740368767944,-1.9474497895092782,-1.4768220481933816,-0.4706277413158966,149.09913598323965,133.92005194400645,15.179084039233203,-0.02500971558397258,-0.037822660407340614,-0.06054824630609268,0,0.01885941515778704,138.83642578125,137.6321563720703,0
2022-01-19,134.7300262451172,137.45886543398493,134.57906647503754,136.00779665920467,20796000.0,141.17441329956054,143.79354736328125,35.03522384957999,-2.165091345732151,-1.6144759077011355,-0.5506154380310153,149.3195417596853,133.02928483943577,16.290256920249533,-0.004684696342985739,-0.025005090482498216,-0.060689012189482416,0,0.018858131527164045,135.36416625976562,139.0658416748047,0
2022-01-20,132.59909057617188,136.97464981865753,132.23955148290565,135.58615663934722,21930000.0,140.6423538208008,143.47880126953126,31.71932556789288,-2.4809239990336778,-1.787765525967644,-0.6931584730660338,149.53417249126176,131.75053515033983,17.783637340921928,-0.01581633826054818,-0.0449257834893102,-0.030126412606327424,0,0.01307504915159554,134.7300262451172,140.6852569580078,0
2022-01-21,129.20779418945312,133.84456641229514,129.11742445284216,132.10794589942407,41920000.0,139.80523223876952,143.09827514648438,27.292260523425497,-2.9706293622527653,-2.0243382932246683,-0.946291069028097,149.6427359279757,129.96772854956333,19.675007378412374,-0.025575562939254226,-0.04548007231469475,-0.054227208306950936,0,0.014842404005959433,132.59909057617188,138.18536376953125,1
2022-01-24,129.48590087890625,129.88964737519274,123.79480447593778,125.1709312392838,55148000.0,138.97240600585937,142.7754049682617,28.177544449833107,-3.2982631802913716,-2.279123270638009,-1.0191399096533624,149.32942279937095,128.6153892123478,20.714033587023152,0.0021523987093639008,-0.038923211939929314,-0.04841079556266803,0,0.01503572679191492,129.20779418945312,138.83642578125,0
2022-01-25,125.87409973144533,128.4594120664712,125.51903140878184,127.56254970500032,36008000.0,137.9132293701172,142.37787506103516,24.077323790672992,-3.805490187038828,-2.584396653918173,-1.221093533120655,149.049625753658,126.77683298657638,22.272792767081626,-0.02789339320300699,-0.05071671921357079,-0.08543102826085669,0,0.0154385557394786,129.48590087890625,135.36416625976562,1
2022-01-26,128.36158752441406,131.90482964877893,126.2892669784418,129.7048881894183,39630000.0,137.05867691040038,141.9725390625,31.47314949935557,-3.961090779358699,-2.859735479006278,-1.101355300352421,148.37134788332736,125.7460059374734,22.62534194585396,0.019761712681765742,-0.006549192100581025,-0.07697256221568582,0,0.01693964684873812,125.87409973144533,134.7300262451172,0
2022-01-27,128.24339294433594,131.70863187790096,128.0685942727313,130.46815841958804,30248000.0,136.19540939331054,141.56995361328126,31.31704435530304,-4.047288067144194,-3.0972459966338612,-0.950042070510333,147.43181109701757,124.9590076896035,22.472803407414077,-0.0009207940035459439,-0.009595700583125977,-0.08843758246385092,0,0.015757853572572117,128.36158752441406,132.59909057617188,1
2022-01-28,132.38357543945312,132.46401860176192,127.81980509066948,129.11642823265385,30518000.0,135.56408004760743,141.25636962890624,42.14243900096334,-3.7384276455178735,-3.2254823264106642,-0.5129453191072093,146.14842971797242,124.97973037724245,21.168699340729972,0.03228378788226727,0.05171417886519847,-0.041985548771680925,0,0.020061460985924883,128.24339294433594,129.20779418945312,1
2022-01-31,134.77618408203125,134.9202027873915,131.37496025728166,133.28587918578657,34056000.0,135.11808090209962,140.9909161376953,47.310804242821675,-3.262976453148923,-3.2329811517583162,-0.029995301390606688,145.02417929597064,125.2119825082286,19.81219678774204,0.018073304295006087,0.049972867127380693,-0.029244786995712868,0,0.021130007802330753,132.38357543945312,129.48590087890625,1
2022-02-01,136.9413604736328,137.26067796683688,133.65361785494792,136.89816850136742,51204000.0,134.76072540283204,140.73605010986327,51.53038179512594,-2.6805664170266823,-3.1224982048119894,0.44193178778530706,143.8266652601424,125.69478554552168,18.13187971462071,0.016064977698758254,0.06782390366942503,0.011651489884261679,0,0.020300937683952858,134.77618408203125,125.87409973144533,1
2022-02-02,147.03033447265625,151.06622298026883,144.56817969394015,150.83131925347337,89750000.0,134.94049453735352,140.6979901123047,65.42503144430549,-1.3888960535669526,-2.7757777745629824,1.3868817209960298,144.7955550860527,125.08543398865432,19.710121097398385,0.07367368020975662,0.11063879325348758,0.09129596846630794,0,0.03035036519495852,136.9413604736328,128.36158752441406,0
2022-02-03,141.68093872070312,148.10419162889508,141.23847103420349,144.30746546228593,56930000.0,135.1886459350586,140.61003173828124,56.22207655812131,-0.7878081529657948,-2.378183850243545,1.59037569727775,145.4517243144322,124.92556755568498,20.52615675874722,-0.03638293941953841,0.05123126675310319,0.06849102889822722,0,0.03282814432912221,147.03033447265625,128.24339294433594,1
2022-02-04,142.04396057128906,143.55287598104576,138.86719844155502,142.0449456514039,49224000.0,135.4600387573242,140.53572021484376,56.66753731028619,-0.27893346039147104,-1.95833377227313,1.679400311881659,146.13841419276548,124.78166332188295,21.356750870882536,0.0025622490496168826,0.03726120494208707,0.09934513983742099,0,0.030860931729742004,141.68093872070312,132.38357543945312,0
2022-02-07,137.99368286132812,142.86881432216353,137.75630885004662,142.73225190017172,44610000.0,135.55605697631836,140.3811880493164,50.494041722460096,-0.20016280962053656,-1.6066995797426114,1.4065367701220748,146.28915867302595,124.82295527961077,21.466203393415185,-0.028514254979029374,-0.061461137551915845,0.06570431162523449,0,0.0331586408385234,142.04396057128906,134.77618408203125,1
2022-02-08,138.2667999267578,138.88665780131754,135.94270798535706,138.0465663228581,34256000.0,135.58778915405273,140.30981628417967,50.88262194912565,-0.11437973830280157,-1.3082356114546494,1.1938558731518478,146.3489708752168,124.82660743288868,21.522363442328114,0.0019791997703557662,-0.024097375587520897,0.09845313866595706,0,0.030950854646468042,137.99368286132812,136.9413604736328,1
2022-02-09,140.4915771484375,141.20917010781585,139.42288648916647,139.89242112628284,28628000.0,135.65907592773436,140.21723022460938,54.04680304574186,0.13160779951093105,-1.0202669292615334,1.1518747287724644,146.52980553944212,124.7883463160266,21.741459223415518,0.016090465844716073,-0.010928894242373977,0.09449859461824084,0,0.0308419116143712,138.2667999267578,147.03033447265625,0
2022-02-10,137.66046142578125,140.46974354283913,137.1117262710659,138.55186810566423,33018000.0,135.50783615112306,140.1407635498047,49.66240775007876,0.09698928517008198,-0.7968156863752104,0.8938049715452924,146.1769447382209,124.83872756402522,21.338217174195677,-0.02015149790556492,-0.0024147586225503614,0.07343121750944936,0,0.03213565101237226,140.4915771484375,141.68093872070312,0
2022-02-11,133.21835327148438,138.33657184426212,132.38256584785577,137.8069473162825,38808000.0,135.2594856262207,139.9920217895508,43.67560665564277,-0.28559497951573576,-0.6945715450033155,0.40897656548757977,145.89892553874301,124.62004571369842,21.278879825044598,-0.03226858393680321,-0.03651235624132243,0.006305750764474816,0,0.033088550732276116,137.66046142578125,142.04396057128906,1
2022-02-14,134.38040161132812,135.24101306880664,132.39598044356626,132.4590407262818,26792000.0,135.03668441772462,139.82364379882813,45.52563747930975,-0.4893868295297352,-0.6535346019085996,0.16414777237886435,145.55308958796502,124.5202792474842,21.03281034048082,0.008722884732523584,-0.043498518994149804,-0.0029365905660471148,0,0.03268567259725258,133.21835327148438,137.99368286132812,1
2022-02-15,135.4982452392578,136.96271070032822,134.61826565695532,136.53712581045966,26578000.0,135.04338836669922,139.70257202148437,47.31824103243477,-0.5543030399391569,-0.633688289514711,0.07938524957555415,145.5607909329203,124.52598580047815,21.034805132442145,0.008318501913417764,-0.015706878824383264,-0.010538198462347381,0,0.03235745448003442,134.38040161132812,138.2667999267578,1
2022-02-16,136.5530242919922,137.0084040671566,133.90728113475527,135.50320174855534,25610000.0,135.13453826904296,139.57724975585938,49.022880396269755,-0.5147045562533208,-0.609891542862433,0.09518698660911218,145.67107871089118,124.59799782719476,21.07308088369642,0.007784448063308025,0.02503161868179027,-0.07125951401962272,0,0.01984107832418641,135.4982452392578,140.4915771484375,0
2022-02-17,131.4092559814453,135.9094513112525,131.30347351342263,135.22463864899746,30968000.0,135.07504653930664,139.26482818603515,41.90230982203788,-0.8881436202324835,-0.665541958336443,-0.22260166189604047,145.68138304362685,124.46871003498643,21.212673008640422,-0.037668651699342304,-0.0221099624220229,-0.072498692004762,0,0.02005431818506278,136.5530242919922,137.66046142578125,0
2022-02-18,129.58074951171875,132.91444267162132,129.4213938501965,132.13328925103136,31858000.0,135.09369430541992,138.90224914550782,39.69505649257508,-1.316466552613349,-0.7957268771918242,-0.5207396754215248,145.65993834122807,124.52745026961176,21.132488071616308,-0.013914594189504803,-0.04367212075027371,-0.08774192869196484,0,0.019828270356408217,131.4092559814453,133.21835327148438,0
2022-02-22,128.52296447753906,131.0042446253943,126.87275844587847,129.10150954456796,38906000.0,135.04554748535156,138.5307211303711,38.43377264532496,-1.7214264419333745,-0.9808667901401343,-0.7405596517932401,145.7217672859379,124.36932768476525,21.352439601172634,-0.00816313409334024,-0.058805433684737674,-0.0686315357878109,0,0.01860520215053466,129.58074951171875,134.38040161132812,0
2022-02-23,126.71783447265624,130.85352664157858,126.63689119712654,130.187597326834,26432000.0,135.0877342224121,138.11178771972655,36.313275996983776,-2.1630842878934686,-1.2173102896908012,-0.9457739982026674,145.62441398271292,124.55105446211131,21.073359520601613,-0.014045194274975636,-0.03570084522395811,-0.083526670612318,0,0.018442249251238954,128.52296447753906,135.4982452392578,1
2022-02-24,131.77174377441406,132.13278321849418,123.91651024825588,124.15040615809976,43166000.0,135.25824203491212,137.83307525634766,45.396655511603626,-2.081301125609201,-1.3901084568744813,-0.6911926687347199,145.45903991371958,125.05744415610465,20.401595757614928,0.0398831728997735,0.016908331453177494,-0.06206659182714158,0,0.02295426757002427,126.71783447265624,136.5530242919922,1
2022-02-25,133.60519409179688,134.46879103459742,130.8694146358547,132.61794687073737,26236000.0,135.52633209228514,137.62547515869142,48.27866032126772,-1.8472493221410389,-1.4815366299277928,-0.3657126922132461,145.24608930101053,125.80657488355976,19.439514417450766,0.013913835127822072,0.03954335814550869,-0.02945847552727221,0,0.023172240304098504,131.77174377441406,131.4092559814453,1
2022-02-28,133.9741668701172,134.71856908360283,131.92245742847754,132.37857977256593,29676000.0,135.60586166381836,137.37762084960937,48.863605844527896,-1.6133904018126373,-1.507907384304762,-0.10548301750787537,145.24717069761525,125.96455263002147,19.282618067593774,0.0027616649249939673,0.05726370267972625,0.005673494530386014,0,0.020732302049512517,133.60519409179688,129.58074951171875,0
2022-03-01,133.25608825683594,135.1858753146005,132.47194934752673,133.5659641440172,24640000.0,135.52985687255858,137.16566162109376,47.73219735555087,-1.4690640100015457,-1.5001387094441188,0.031074699442573017,145.2199728164926,125.83974092862456,19.380231887868035,-0.005359828913714337,0.011264512708908159,-0.00836664678041421,0,0.020609188138055182,133.9741668701172,128.52296447753906,1
2022-03-02,133.8356170654297,134.69374305838318,132.525581795612,133.6933411912823,23966000.0,135.37456970214845,137.00572570800782,48.763302074593554,-1.2930160885523208,-1.4587141852657592,0.1656980967134385,145.0687696076255,125.68036979667139,19.388399810954127,0.004348985597391719,0.001724655805480868,-0.012270477531958535,0,0.02045492594663527,133.25608825683594,126.71783447265624,0
2022-03-03,133.39515686035156,135.784612971644,132.52411859618385,135.0543047870076,19780000.0,134.69281082153321,136.8449560546875,47.988445110607564,-1.175488005901144,-1.4020689493928362,0.2265809434916921,142.80025034858085,126.5853712944856,16.21487905409525,-0.003291053717507708,-0.004321803399060853,-0.02312557666162074,0,0.020222194343956074,133.8356170654297,131.77174377441406,0
2022-03-04,131.22401428222656,133.28690878648712,129.52215927851333,132.4759603889601,24446000.0,134.1699645996094,136.6046307373047,44.25541730243779,-1.2432082834932316,-1.3702968162129152,0.12708853271968357,141.73811011729106,126.60181908192773,15.136291035363328,-0.016276022527548895,-0.0152493893614285,-0.0014096548818821608,0,0.016907554583590587,133.39515686035156,133.60519409179688,0
2022-03-07,125.60496520996094,131.00750130702747,125.55083884037954,131.00750130702747,39178000.0,133.34801483154297,136.19772552490235,36.36996523026452,-1.7303410961065708,-1.4423056721916465,-0.2880354239149243,140.8876634499097,125.80836621317624,15.079297236733453,-0.042820280289403434,-0.061498217260394394,-0.0306819054276134,0,0.02141747293482879,131.22401428222656,133.9741668701172,1
2022-03-08,126.41342163085938,130.35445437995773,125.00530264909943,125.39240882417631,35250000.0,132.76900177001954,135.80314544677734,38.07948140506083,-2.02778662117521,-1.5594018619883592,-0.46838475918685063,140.56685705656992,124.97114648346917,15.595710573100746,0.006436500496194819,-0.05233874597712129,-0.016413742518741503,0,0.021516577030859328,125.60496520996094,133.25608825683594,1
2022-03-09,132.95616149902344,133.28640586753613,129.2038392365345,130.50691856000864,32258000.0,132.50346984863282,135.52111602783202,49.82749764244784,-1.7157913408349827,-1.5906797577576839,-0.12511158307729886,139.88495798472476,125.12198171254087,14.762976272183892,0.051756686780218386,0.013199925533991852,0.049230063410792724,0,0.02667772727496531,126.41342163085938,133.8356170654297,0
2022-03-10,131.7801971435547,132.630866855554,130.5078979922521,130.5689729586585,24266000.0,132.06790084838866,135.2476672363281,48.06245543376257,-1.545606538829901,-1.5816651139721274,0.036058575142226434,138.4764996595108,125.65930203726653,12.81719762224428,-0.008844752602739536,0.04916391579959645,6.415160715400603e-05,0,0.02393487171501424,132.95616149902344,133.39515686035156,0
2022-03-11,129.58868408203125,133.28787210455567,129.4108998529499,133.08873436948377,26600000.0,131.66431198120117,134.9292660522461,44.87238851052953,-1.5694786727784447,-1.579227825733391,0.009749152954946272,137.61347656285486,125.71514739954748,11.89832916330738,-0.01663006361370145,0.025118080107379592,-0.030062528908913366,0,0.02394812454953213,131.7801971435547,131.22401428222656,0
2022-03-14,125.87957763671876,130.13545744347022,125.553811619861,129.68553343572566,30254000.0,131.2973731994629,134.54665435791014,40.02970441144695,-1.8661792500248566,-1.6366181105916842,-0.22956113943317247,137.70546217842497,124.88928422050084,12.816177957924126,-0.028622147617183735,-0.05322494108222775,-0.06041903019442407,0,0.025164976792702885,129.58868408203125,125.60496520996094,1
2022-03-15,128.77923583984375,129.63014804550917,125.70774845532964,126.87327251796891,30292000.0,131.01731491088867,134.24831573486327,45.024717358938666,-1.8460582017489742,-1.6785061288231424,-0.16755207292583174,137.35111819935662,124.68351162242072,12.667606576935896,0.023035175820920184,-0.02277247544592642,-0.03359585648622343,0,0.026786241125497278,125.87957763671876,126.41342163085938,1
2022-03-16,132.78184509277344,132.86178813394216,128.3228571601054,130.10962580669317,32058000.0,130.88149490356446,134.02218322753907,51.08165688514449,-1.4899596827606558,-1.6407968396106454,0.15083715684998955,136.93543922363102,124.82755058349788,12.10788864013314,0.031081169466695258,0.024640739531862854,-0.007873628827377743,0,0.028864493849848624,128.77923583984375,132.95616149902344,1
2022-03-17,133.68563842773438,133.82370118602773,131.81692641081665,132.4148396932478,23994000.0,130.73812561035157,133.8271969604492,52.35805419485099,-1.1218880450634288,-1.537015080701202,0.4151270356377732,136.3690596246684,125.10719159603475,11.261868028633657,0.006806603224480456,0.0620121304628416,0.002177602052576111,0,0.028929348241676863,132.78184509277344,131.7801971435547,1
2022-03-18,135.8717041015625,135.98294238982905,132.0285121724344,132.9740376227,45900000.0,130.96124801635742,133.81027282714842,55.39002408444626,-0.6463407760771531,-1.3588802197763923,0.7125394436992392,137.0183864390308,124.90410959368404,12.114276845346751,0.016352285103607755,0.055074626087541656,0.035417982331648945,0,0.028654147927075754,133.68563842773438,129.58868408203125,0
2022-03-21,135.55088806152344,136.6473883125815,133.69657325725458,135.91738332870798,26632000.0,131.25975494384767,133.78896850585937,54.83845721259138,-0.29198746281662125,-1.1455016683844381,0.8535142055678169,137.59728634439813,124.92222354329719,12.675062801100935,-0.002361168884724152,0.020854078106952834,0.07918415354788655,0,0.02377182556112673,135.8717041015625,125.87957763671876,1
2022-03-22,139.3240509033203,140.5382453885067,135.5722296503969,135.5722296503969,29776000.0,131.79980926513673,133.85398315429688,59.89650575286247,0.2899603165799931,-0.858409271391552,1.148369587971545,138.90658342971295,124.69303510056052,14.213548329152431,0.02783576629969642,0.04217665070009646,0.10213020979814424,0,0.024574949467949192,135.55088806152344,128.77923583984375,0
2022-03-23,137.56210327148438,139.0732614618607,137.22740339649854,138.1927969548627,25302000.0,132.34202270507814,133.85258209228516,56.702828136611885,0.6020436908715965,-0.5663186789389223,1.1683623698105188,139.46983935909716,125.21420605105911,14.255633308038057,-0.012646399673367115,0.012441142039834263,0.03464255977707942,0,0.020534770926518276,139.3240509033203,132.78184509277344,1
2022-03-24,140.35153198242188,140.43546080800826,137.10117679824126,138.32590416951496,20544000.0,132.77101211547853,133.8782958984375,60.31084374315074,1.0622110899398365,-0.24061272516317056,1.302823815103007,140.69786816043018,124.84415607052686,15.853712089903311,0.02027759567933063,0.03541580575052761,0.06504266213481236,0,0.020638456274363663,137.56210327148438,133.68563842773438,1
2022-03-25,140.55960083007812,140.99462733071132,138.74997848689367,140.79051874647416,19270000.0,133.11873245239258,133.87578277587892,60.57475611214381,1.4272342184822548,0.0929566635659145,1.3342775549163404,141.74106739982335,124.49639750496179,17.24466989486156,0.0014824836232090188,0.008868174006906981,0.08465952737896587,0,0.01912071433783741,140.35153198242188,135.8717041015625,1
2022-03-28,140.98519897460938,141.01152334676246,138.87777915970216,139.7282973460028,23774000.0,133.4692840576172,133.93177947998046,61.143903045517476,1.7309070718216049,0.4205467452170526,1.3103603266045523,142.74737759747813,124.19119051775625,18.55618707972188,0.003027883844417989,0.024884002364876423,0.12000057214590099,0,0.014349856354157673,140.55960083007812,135.55088806152344,1
2022-03-29,142.27638244628906,143.18268658149577,141.51558224075225,142.18749789806347,28678000.0,133.92029876708983,134.00057861328125,62.89401908078143,2.052102352699251,0.7468578667134923,1.3052444859857584,143.95888774051735,123.88170979366231,20.077177946855045,0.009158290948769965,0.013714495571792273,0.10480840733696417,0,0.013768444203072387,140.98519897460938,139.3240509033203,0
2022-03-30,141.6749725341797,142.50528894244454,141.2017097613591,141.89893427546133,21046000.0,134.31226654052733,134.12679473876952,61.504445701064384,2.232389575751938,1.0439642085211815,1.1884253672307565,144.90397426329068,123.72055881776399,21.18341544552669,-0.004227053722963614,0.007935222478683057,0.06697547722124741,1,0.012232111190238915,142.27638244628906,137.56210327148438,0
2022-03-31,138.70034790039062,141.6749868930872,138.6700528965879,141.48031989766645,29516000.0,134.5775260925293,134.206201171875,55.028461503166085,2.110907918459617,1.2573529505088685,0.8535549679507484,145.32860304024913,123.82644914480947,21.502153895439662,-0.020996119360964904,-0.016206318754284577,0.037511205628621314,1,0.015015516681076785,141.6749725341797,140.35153198242188,1
2022-04-01,139.7436981201172,139.9919989395044,137.85363240418224,139.0583854337957,23480000.0,135.00351028442384,134.3490933227539,56.74867104707118,2.0749042680981233,1.4208632140267194,0.6540410540714039,145.86391837068717,124.1431021981605,21.720816172526668,0.007522333112501389,-0.017801157736970108,0.02849742736471761,1,0.014443454737378623,138.70034790039062,140.55960083007812,1
2022-04-04,142.66619873046875,143.06471668231862,139.8673436245369,139.8673436245369,19076000.0,135.85657196044923,134.61826141357423,61.22299155800957,2.2561845990611857,1.5879274910336127,0.668257108027573,146.30235751485571,125.41078640604275,20.89157110881297,0.020913290900885784,0.006996480596104693,0.05249180415340282,1,0.01534711884176361,139.7436981201172,140.98519897460938,0
2022-04-05,140.104248046875,142.61406576575246,139.98555345676064,142.4248697413669,19256000.0,136.54111328125,134.8306283569336,55.77578134015363,2.1681297086850577,1.7039679345639018,0.4641617741211559,146.185488915095,126.896737647405,19.28875126768999,-0.017957657149286654,0.010121821377784945,0.005599874095651103,1,0.01467117277273238,142.66619873046875,142.27638244628906,0
2022-04-06,136.24363708496094,138.89797324343422,135.49089950949372,138.21564616094292,23574000.0,136.7054870605469,135.0380191040039,48.73854543077266,1.7664638379677626,1.716467115244674,0.04999672272308864,146.21091861154525,127.20005550954852,19.010863101996733,-0.027555274131462526,-0.025046288900611224,-0.009584516048881553,1,0.016779181989665264,140.104248046875,141.6749725341797,0
2022-04-07,135.5374755859375,136.7655825379681,133.9406607258666,135.68943555938154,19448000.0,136.89335098266602,135.18153686523436,47.556593365679184,1.3753057417518448,1.6482348405461082,-0.2729290987942634,146.14717244006715,127.63952952526488,18.507642914802275,-0.005183078741380576,-0.049967849483388505,-0.03429999180263532,1,0.015063519257331575,136.24363708496094,138.70034790039062,0
2022-04-08,133.0996551513672,135.32393565189548,132.84341309108885,135.32393565189548,16434000.0,137.06889953613282,135.278662109375,43.623533961026446,0.8586998397736636,1.4903278403916194,-0.6316280006179558,145.8846091668544,128.25318990541123,17.63141926144317,-0.017986320196915706,-0.04999557824373946,-0.05307318486005974,1,0.015613120915739643,135.5374755859375,139.7436981201172,0
2022-04-11,128.91427612304688,132.03561561174405,128.73649192445535,131.99668222105427,24188000.0,137.22063446044922,135.20927612304686,37.83774279868563,0.11028948308970143,1.214320168931236,-1.1040306858415345,145.33753251526525,129.10373640563319,16.233796109632067,-0.0314454535855897,-0.05379598723824075,-0.0856183694412943,1,0.017279917209525167,133.0996551513672,142.66619873046875,0
2022-04-12,127.50196838378906,131.5234443825534,126.7088955200656,131.5234443825534,23004000.0,137.1567710876465,135.06379180908203,36.097926505594316,-0.5899914933196158,0.8534578364810657,-1.4434493298006814,145.55360214693704,128.75994002835594,16.793662118581096,-0.01095540216127644,-0.059286239229485505,-0.10384305398035765,1,0.01609011665368326,128.91427612304688,140.104248046875,1
2022-04-13,129.4004669189453,129.76770477005434,127.5656264653459,127.75224609635268,19542000.0,136.9877021789551,134.91297393798828,40.08607702004241,-0.9804739535900069,0.4866714784668512,-1.4671454320568582,145.85316832767404,128.12223603023614,17.730932297437903,0.014889954713809939,-0.027792620711263205,-0.08663848946413666,1,0.01798071992985236,127.50196838378906,136.24363708496094,0
2022-04-14,126.38809204101562,129.82184647624504,126.24755899392568,129.76151410695084,23484000.0,136.62282485961913,134.50012908935548,36.22307175323091,-1.5155374218009001,0.08622969841330097,-1.601767120214201,146.54016171047056,126.7054880087677,19.834673701702854,-0.023279474561839097,-0.019595844292838782,-0.08876874532583867,1,0.018165293167266137,129.4004669189453,135.5374755859375,1
2022-04-18,127.0912857055664,127.837188413999,125.71813698453757,126.54403578071164,14918000.0,136.18380393981934,134.20833602905273,37.731588534546546,-1.8613803889330143,-0.3032923190559621,-1.5580880698770523,146.93739980313782,125.43020807650086,21.50719172663696,0.005563765171188617,-0.0032209908868737758,-0.09054012871246153,1,0.017975683604012607,126.38809204101562,133.0996551513672,1
2022-04-19,129.64382934570312,130.0140376416202,126.5852538188674,127.2064984385817,22720000.0,135.88845100402833,133.96033340454102,43.001828404198235,-1.9075059515591306,-0.6241350455565958,-1.283370906002535,147.0134241546205,124.76347785343616,22.24994630118435,0.02008433250136621,0.0018806920295755258,-0.09127858946720835,1,0.017822130009897488,127.0912857055664,128.91427612304688,0
2022-04-20,127.37385559082033,131.0268512342643,127.02479621022688,130.39170183056646,22610000.0,135.29094123840332,133.74793685913085,39.777547012720476,-2.1029867807690152,-0.9199053925990797,-1.1830813881699356,146.88731798279423,123.6945644940124,23.192753488781833,-0.017509308127807377,0.007799497040313019,-0.09086371493743317,1,0.01779870911734906,129.64382934570312,127.50196838378906,0
2022-04-21,124.08832550048828,129.4218218649713,123.80278109438416,128.4708407072592,30158000.0,134.61725234985352,133.46436737060546,35.61509346593384,-2.49426918372896,-1.2347781508250557,-1.2594910329039044,147.13638215994035,122.09812253976669,25.038259620173662,-0.025794383589098357,-0.02362837222400216,-0.0892174625145441,1,0.01760611796835419,127.37385559082033,129.4004669189453,0
2022-04-22,118.80101013183594,124.59933564713744,118.33073288613822,124.15040432972324,46410000.0,133.53972625732422,133.03055603027343,30.147703119996663,-3.1941848942740876,-1.6266594995148622,-1.5675253947592254,147.5232405609742,119.55621195367424,27.96702860729995,-0.042609289369704095,-0.08363544388182298,-0.12348219842334163,1,0.0204195723215573,124.08832550048828,126.38809204101562,1
2022-04-25,122.41229248046876,122.44010204839203,117.96199628130796,118.61775650149382,34522000.0,132.63236083984376,132.72559265136718,37.2349092972212,-3.4180714329096844,-1.9849418861938268,-1.4331295467158576,147.02519422890404,118.23952745078346,28.785666778120586,0.03039774110190918,-0.03895275908338869,-0.08029594561116071,0,0.02442165421399718,118.80101013183594,127.0912857055664,0
2022-04-26,118.69374084472656,121.9156953668597,118.35193320549875,121.9156953668597,49394000.0,131.5177879333496,132.43510040283203,33.46927815762662,-3.851165330898084,-2.3581865751346784,-1.4929787557634056,146.58721414678672,116.44836171991251,30.13885242687421,-0.03037727306949589,-0.04347374850940744,-0.07928164037134999,0,0.024310112609381127,122.41229248046876,129.64382934570312,0
2022-04-27,114.23873901367188,116.7013863853642,112.3553793997809,113.59564079374664,62238000.0,130.11590576171875,132.0322671508789,29.606236163295648,-4.501980749395955,-2.786945409986934,-1.7150353394090208,146.10934651237136,114.12246501106614,31.98688150130522,-0.03753358685427777,-0.03840262901048752,-0.10402372244320202,0,0.02606375829778427,118.69374084472656,127.37385559082033,1
2022-04-28,118.59989166259766,119.61991184829957,114.36129636849266,116.31899919439246,36790000.0,128.96215171813964,131.6943000793457,37.242592137619006,-4.612676028368625,-3.152091533663272,-1.460584494705353,144.78197677053913,113.14232666574014,31.63965010479899,0.038175777206397976,-0.03114393775836999,-0.08346627731345813,0,0.029419893770505412,114.23873901367188,124.08832550048828,0
2022-04-29,114.18511199951172,118.15146932582664,113.91446499658493,116.77886611846984,33694000.0,127.7363899230957,131.2469418334961,33.304001661323014,-4.999013145663255,-3.5214758560632693,-1.477537289599986,144.1364687146184,111.33631113157301,32.800157583045376,-0.037224145833500866,-0.03798539681307178,-0.0965516596100191,0,0.030519351685326428,118.59989166259766,118.80101013183594,1
2022-05-02,116.36071014404295,116.54197246397206,112.62874925812542,113.13230706125104,30280000.0,126.56724052429199,130.94597091674805,36.84837750756787,-5.071178121807122,-3.8314163092120403,-1.239761812595082,142.7085252055285,110.42595584305546,32.28256936247304,0.019053255774190037,0.018574882292049066,-0.08443203247139286,0,0.03154886785546328,114.18511199951172,122.41229248046876,1
2022-05-03,117.32659912109376,118.48914516775888,115.83430888353642,115.97137141053472,21216000.0,125.30026054382324,130.70088790893556,38.413185112693284,-4.992875456835364,-4.063708138736706,-0.9291673180986582,140.11115915669427,110.48936193095223,29.621797225742043,0.008300817138836125,-0.010736034608920697,-0.09500822589685098,0,0.030574530639821698,116.36071014404295,118.69374084472656,1
2022-05-04,121.74188232421876,122.30602254431852,114.95185399011818,117.20145868947984,33232000.0,124.38214225769043,130.56526626586913,45.10886503361924,-4.522412025547396,-4.155448916098844,-0.3669631094485526,137.59924310787954,111.16504140750133,26.43420170037821,0.037632414441399975,0.06617999660708263,-0.04421608532204513,0,0.03377671715613812,117.32659912109376,114.23873901367188,0
2022-05-05,115.9530029296875,120.409263007042,114.3996376326276,119.40339009736124,43090000.0,123.36761054992675,130.34996963500976,39.10585168469664,-4.5640688099932305,-4.237172894877721,-0.3268959151155091,135.88342944421188,110.85179165564162,25.031637788570265,-0.0475504344438713,-0.003503821984678135,-0.06556074101240705,0,0.03596635002020118,121.74188232421876,118.59989166259766,0
2022-05-06,114.87388610839844,116.69988358969378,113.3671909691171,114.73383803100742,35310000.0,122.33443107604981,130.01201248168945,38.088297342188845,-4.630777104804423,-4.315893736863062,-0.31488336794136096,134.04696416126944,110.62189799083019,23.42506617043925,-0.009306501720730997,-0.02090500390422001,-0.03305631845284385,0,0.03368736088625023,115.9530029296875,114.18511199951172,0
2022-05-09,112.31539916992188,114.77744789119988,111.78651721177197,112.53340498595678,34520000.0,121.29521827697754,129.58621658325194,35.71544172001376,-4.834364873839206,-4.419587964258291,-0.4147769095809153,132.68652059471924,109.90391595923583,22.78260463548341,-0.02227213708137543,-0.0774300756184515,-0.08248267478658544,0,0.03198724927695762,114.87388610839844,116.36071014404295,1
2022-05-10,113.80570220947266,115.89788360569034,112.6126640760728,115.2517998529397,31158000.0,120.53978958129883,129.18284729003906,38.13320319074399,-4.819893910539463,-4.499649153514525,-0.3202447570249376,131.81310498227572,109.26647418032195,22.546630801953768,0.013268911035930975,-0.01851871591041887,-0.04118194102289152,0,0.031586565945189,112.31539916992188,117.32659912109376,0
2022-05-11,113.1864242553711,115.87800391902384,112.87754104193245,112.93763092448692,36502000.0,119.82401237487792,128.78145401000975,37.502017511934596,-4.803029785654132,-4.560325279942447,-0.24270450571168567,131.05603363913485,108.59199111062098,22.464042528513872,-0.005441537129323382,-0.01468969067029735,-0.009211540388018857,0,0.029321315990563306,113.80570220947266,121.74188232421876,0
2022-05-12,112.39187622070312,114.07584796875,109.36508870592871,111.17718906861133,41464000.0,118.97358283996581,128.35257919311525,36.66350971178489,-4.7984645192285456,-4.607953127799667,-0.19051139142887852,129.74256669830822,108.20459898162339,21.537967716684832,-0.0070198174374279665,0.0006809133150615931,-0.05234419150698366,0,0.025984606113259607,113.1864242553711,115.9530029296875,1
2022-05-13,115.72357940673828,117.28240813192907,113.22517365203588,114.06492417413358,29738000.0,118.44035720825195,127.99914764404296,42.4719916496315,-4.474427494861217,-4.581248001211977,0.10682050635075946,128.73361763285416,108.14709678364974,20.58652084920442,0.029643629931870752,0.01685220652419983,0.013473450087198247,0,0.02538357196528838,112.39187622070312,114.87388610839844,0
2022-05-16,114.01228332519533,115.81494200663734,113.55788861117712,114.59976235970012,23282000.0,117.78640708923339,127.65491302490234,40.421470319328776,-4.306075354128296,-4.526213471795241,0.22013811766694502,127.44013497154178,108.132679206925,19.307455764616776,-0.014787790788324928,0.007296449863642085,-0.020182300502811557,0,0.025056474237328093,115.72357940673828,112.31539916992188,1
2022-05-17,115.9083023071289,116.43072815630084,114.55357472870791,116.43072815630084,21576000.0,117.0996307373047,127.4609797668457,43.66658431565848,-3.9738540674838276,-4.415741590932959,0.4418875234491315,125.09297659471973,109.10628487988966,15.986691714830073,0.01662995360355679,0.031287190895546546,-0.012088450739981105,0,0.025561173852065005,114.01228332519533,113.80570220947266,0
2022-05-18,111.63704681396484,114.90930135246086,111.37980448800576,114.45427007892953,27982000.0,116.31279029846192,127.16545227050781,38.569915471768205,-4.009007582331208,-4.33439478921261,0.3253872068814019,123.11522602746733,109.51035456945651,13.60487145801082,-0.03685029810760465,-0.035312877580552016,-0.08300212973003873,0,0.023875239132742608,115.9083023071289,113.1864242553711,0
2022-05-19,109.99278259277344,112.81546890914696,109.7171723446462,111.08084141628032,29192000.0,115.60801315307617,126.7061846923828,36.78973280631177,-4.122029190442504,-4.291921669458588,0.1698924790160845,121.94701926547431,109.26900704067803,12.678012224796277,-0.014728661032492707,-0.03525497968457603,-0.05140203518944886,0,0.01979829084399625,111.63704681396484,112.39187622070312,0
2022-05-20,108.57003784179688,111.78503649794904,105.65001766138406,111.32369313228835,37586000.0,115.09646453857422,126.24198150634766,35.27270106726213,-4.277099499548427,-4.288957235476556,0.01185773592812911,121.95239947906107,108.24052959808738,13.711869880973694,-0.012934891885079347,-0.06331094769973777,-0.054876251515101226,0,0.019917116445171308,109.99278259277344,115.72357940673828,1
2022-05-23,110.90752410888672,111.24422448770753,108.41235409853408,109.35564407147166,31558000.0,114.52122611999512,125.86835830688477,39.673985417391584,-4.163385315865867,-4.2638428515544184,0.10045753568855176,120.72488823563016,108.31756400436008,12.407324231270081,0.0215297545580293,-0.006534772514126264,-0.012535013644079052,0,0.020610734932759823,108.57003784179688,114.01228332519533,0
2022-05-24,105.20604705810548,105.67185355002356,101.51331517236112,105.65447825255532,60386000.0,113.84684143066406,125.4548876953125,33.661566155338875,-4.481665702320868,-4.307407421707708,-0.1742582806131594,120.95590474263025,106.73777811869786,14.218126623932392,-0.051407486521686696,-0.04351863296694569,-0.07556436087480489,0,0.025239509980791417,110.90752410888672,115.9083023071289,0
2022-05-25,105.1201400756836,105.82054723003904,103.50295669689451,104.4273786589379,37900000.0,113.39091148376465,124.9817057800293,33.57899338262081,-4.68681054270165,-4.383288045906497,-0.30352249679515353,121.447439226677,105.3343837408523,16.113055485824702,-0.0008165593596957121,-0.03177578118873192,-0.07126547404208439,0,0.025324400730905278,105.20604705810548,111.63704681396484,1
2022-05-26,107.5599365234375,108.21471170512068,104.77102313819856,105.32969996489848,30288000.0,112.83891372680664,124.47726760864258,38.214517114266464,-4.59949797403155,-4.426530031531508,-0.17296794250004233,120.9050275416786,104.77279991193467,16.132227629743937,0.023209600424783705,-0.030183593154262667,-0.042991894607908976,0,0.02707531122543798,105.1201400756836,109.99278259277344,1
2022-05-27,112.03233337402344,112.10085706101376,108.80541557286358,109.04228944827187,29924000.0,112.73127479553223,124.04420150756836,45.696134924185934,-4.121902361220137,-4.365604497469234,0.2437021362490972,120.78009532599367,104.68245426507079,16.097641060922882,0.04158050846014949,0.06488492350775021,-0.03189709523018702,0,0.028925798627425937,107.5599365234375,108.57003784179688,1
2022-05-31,113.263916015625,115.64214211698204,111.80738399886378,112.31044172803831,51302000.0,112.57643508911133,123.5920457458496,47.57859443841068,-3.6024986092746616,-4.21298331983032,0.6104847105556583,120.45741166165007,104.69545851657259,15.761953145077484,0.01099309997846687,0.07747112907267928,-0.006563918270418023,0,0.028893218685213693,112.03233337402344,110.90752410888672,1
2022-06-01,113.36123657226562,116.60106649560728,112.77872082459464,114.15033877086611,28630000.0,112.37816696166992,123.14825271606445,47.73278223221911,-3.1467407693656924,-3.9997348097373946,0.8529940403717022,119.96519020816869,104.79114371517115,15.174046492997547,0.0008592370815361239,0.05393551015683262,-0.021974834279896327,0,0.0282918488229558,113.263916015625,105.20604705810548,1
2022-06-02,116.94570922851562,117.09667654320673,112.5378697956403,113.4118934841274,27472000.0,112.13835830688477,122.70068588256837,53.193535361527985,-2.467864406324594,-3.6933607290548345,1.2254963227302405,118.76931181094372,105.50740480282582,13.261907008117902,0.03161991492537197,0.043856766225592425,0.04755287394333618,0,0.027143968775465686,113.36123657226562,105.1201400756836,0
2022-06-03,113.78534698486328,115.57360851409273,112.89543312120416,115.20413524599934,25052000.0,112.02997550964355,122.22515075683594,48.39287621209731,-2.159966074018783,-3.3866817980476247,1.2267157240288418,118.47627434474754,105.58367667453956,12.892597670207977,-0.02702418296918352,0.004603681274505389,0.034480120446912066,0,0.028386481146870455,116.94570922851562,107.5599365234375,1
2022-06-06,116.21521759033205,118.58698765356388,115.73629432098238,115.94904133790028,23786000.0,112.09704208374023,121.74242446899414,51.98114357823335,-1.7002843571148105,-3.049402309861062,1.3491179527462513,118.68661427972303,105.50746988775744,13.179144391965593,0.02135486395969788,0.02517598699840451,0.07041703125935506,0,0.02821613055026773,113.78534698486328,112.03233337402344,1
2022-06-07,116.43270874023438,116.9483299384272,114.34301300600124,114.86196074368216,26414000.0,112.30290756225585,121.25988662719726,52.30083358076298,-1.3034086825441165,-2.700203584397673,1.3967949018535566,119.15878128140508,105.44703384310662,13.71174743829846,0.001871451556963999,-0.004386655069822498,0.049817942251809244,0,0.02778760476198254,116.21521759033205,113.263916015625,1
2022-06-08,116.44115447998048,117.8395892989397,115.90358113204536,116.0821155279787,22544000.0,112.43468017578125,120.76900573730468,52.314110212870894,-0.9769388080426609,-2.3555506291266703,1.3786118210840095,119.49916087334779,105.37019947821472,14.128961395133075,7.253751834412903e-05,0.02334050530663223,0.10679146052954391,0,0.019730819688903327,116.43270874023438,113.36123657226562,0
2022-06-09,114.13692474365234,117.54559734197512,114.08626889496028,115.55074956112628,23142000.0,112.48220520019531,120.20621658325196,48.359264170738854,-0.8938375598862933,-2.0632080152785948,1.1693704553923014,119.57899014100038,105.38542025939024,14.19356988161013,-0.01978879157131941,-0.01788313862652524,0.08577599555591253,0,0.021736410640749576,116.44115447998048,116.94570922851562,0
2022-06-10,110.67015838623048,112.72559637027354,110.107510900143,112.01470947285269,31324000.0,112.39611930847168,119.58612030029298,43.08220307954271,-1.0950947237759436,-1.8695853569780645,0.7744906332021209,119.53683245488186,105.2554061620615,14.281426292820356,-0.030373749469841616,-0.049492538792173524,0.028916174212461065,0,0.0241689065785931,114.13692474365234,113.78534698486328,0
2022-06-13,106.15009307861328,108.47617042658251,105.86360145932794,106.71571852617872,36756000.0,111.91744499206543,118.93511520385742,37.35816180894455,-1.6008701362768818,-1.815842312837828,0.21497217656094625,119.37810437487289,104.45678560925796,14.921318765614927,-0.04084267496792149,-0.08837993274222067,-0.052504844969818776,0,0.023642695806986226,110.67015838623048,116.21521759033205,1
2022-06-14,106.4654312133789,107.72033996425871,105.6291512136606,106.16349657161696,25480000.0,111.54010238647462,118.26954986572265,37.97727797374436,-1.9537342106905982,-1.8434206924083822,-0.11031351828221592,119.29633278393608,103.78387198901315,15.51246079492293,0.0029706816604682107,-0.06721307366133578,-0.060023395282467806,0,0.023166286022628553,106.15009307861328,116.43270874023438,1
2022-06-15,109.64021301269533,111.30134615654562,107.38390199666424,108.1593419657488,33192000.0,111.22669792175293,117.6090301513672,43.98030702475094,-1.954670943568516,-1.865670742640409,-0.08900020092810679,118.75477220151633,103.69862364198953,15.056148559526804,0.02981983694738899,-0.00930644166913297,-0.032824479267198337,0,0.025772649204329028,106.4654312133789,116.44115447998048,0
2022-06-16,105.91121673583984,108.54766987010468,105.07345160471812,107.41442618433828,35314000.0,110.94040641784667,116.92516952514649,39.18317178598877,-2.230599187212704,-1.9386564315548682,-0.29194275565783556,118.81195276311402,103.06886007257933,15.743092690534695,-0.03401120970481608,-0.0022503639501900707,-0.09435568491969237,0,0.02428139507588907,109.64021301269533,114.13692474365234,1
2022-06-17,107.13235473632812,108.50694297241267,104.91060526142162,105.810900200962,43516000.0,110.79738502502441,116.34294387817383,41.43591928205785,-2.323949632339847,-2.015715071711864,-0.3082345606279828,118.83480219284186,102.75996785720696,16.074834335634904,0.011529826944902455,0.006264226006022167,-0.05846967491710686,0,0.02426732047307911,105.91121673583984,110.67015838623048,1
2022-06-21,111.25365447998048,111.90717932842622,108.55065539900444,108.95637956806154,39010000.0,110.93156585693359,115.85726745605469,48.38487961908093,-2.041839037064463,-2.020939864782384,-0.020899172282078826,118.90511450324522,102.95801721062196,15.947097292623255,0.038469235123185896,0.01471578194670542,-0.042692886639351,0,0.02685589267520682,107.13235473632812,106.15009307861328,1
2022-06-22,111.27252197265624,112.99623021836342,109.9717237521876,110.40744739575727,23922000.0,110.94981575012207,115.42072479248047,48.415056623872765,-1.796038297338228,-1.975959551293553,0.179921253955325,118.92473144836818,102.97490005187596,15.949831396492215,0.00016958986888071514,0.050620750115527136,-0.04431904765773942,0,0.026819719878111232,111.25365447998048,106.4654312133789,1
2022-06-23,111.91860961914062,112.42713069713687,110.27435938870345,112.18230040566988,24710000.0,111.28544387817382,115.08081146240234,49.503785985855366,-1.5314519420230397,-1.8870580294394506,0.35560608741641087,118.81792235390974,103.75296540243791,15.064956951471828,0.005806353941030906,0.04467609150001728,-0.03883974597329687,0,0.02698197694984307,111.27252197265624,109.64021301269533,1
2022-06-24,117.73233032226562,117.83114901539103,112.83086706945218,112.83086706945218,39122000.0,111.91605339050292,114.88541870117187,58.07786989020738,-0.8429299045094467,-1.6782324044534498,0.8353024999440031,119.38986321738948,104.44224356361637,14.947619653773103,0.05194596969091303,0.05823337554678654,0.03150080998492322,0,0.031383883988910996,111.91860961914062,105.91121673583984,0
2022-06-27,115.829833984375,118.43947773196082,115.21231003618294,118.12661630936586,32840000.0,112.32954826354981,114.61400604248047,54.79877410346851,-0.4456496125626188,-1.4317158460752837,0.9860662335126649,119.70805123934431,104.9510452877553,14.757005951589008,-0.016159506336814844,0.04095631096452235,0.04662210367620179,0,0.0299666830602631,117.73233032226562,107.13235473632812,0
2022-06-28,111.80638122558594,117.0554564099158,111.67974538764318,115.56018814367552,28232000.0,112.31825065612793,114.32237182617187,48.55512789067498,-0.45027069094001604,-1.2354268150482302,0.7851561241082141,119.69923087774387,104.93727043451199,14.761960443231885,-0.03473589333929128,-0.0010027679394570832,0.053285757769272024,0,0.028975178380020047,115.829833984375,111.25365447998048,0
2022-06-29,111.49351501464844,112.89194226797524,110.7957903744075,111.3862473719189,18628000.0,112.2297306060791,114.01041641235352,48.09622282282372,-0.4737178923539034,-1.0830850305093649,0.6093671381554615,119.6056852572465,104.8537759549117,14.75190930233481,-0.0027982858179288472,-0.05299152144988417,0.04722738398712911,0,0.02909011540388995,111.80638122558594,111.27252197265624,0
2022-06-30,108.6291275024414,110.57313022533408,106.58064565851387,109.74846655096356,38046000.0,111.9931251525879,113.59012237548828,43.99642075072167,-0.7151878614741349,-1.009505596702319,0.29431773522818405,119.51094304378967,104.47530726138612,15.035635782403546,-0.025691068326536226,-0.062166250561189074,-0.009221849196305754,0,0.02912479546320574,111.49351501464844,111.91860961914062,0
2022-07-01,108.33960723876952,109.06002666130432,106.37703963705644,107.60066073190902,31028000.0,111.56282005310058,113.20943740844727,43.59194725693623,-0.9193190792660886,-0.991468293215073,0.07214921394898444,118.87998868271322,104.24565142348794,14.634337259225276,-0.0026652176108602488,-0.031006942079823574,0.02292854881448947,0,0.026709738257577283,108.6291275024414,117.73233032226562,1
2022-07-05,113.1129379272461,113.27740841849858,105.52734366856436,106.78375273297814,36398000.0,111.52919960021973,112.98992965698243,51.50739482550239,-0.6879958578939522,-0.9307738061508489,0.2427779482568967,118.81130666528315,104.2470925351563,14.564214130126857,0.04405896246196139,0.01452481709258957,0.055824248478783645,0,0.02972993175288517,108.33960723876952,115.829833984375,1
2022-07-06,114.430419921875,115.56117820891916,111.48756133312514,113.31654439216727,28852000.0,111.43995971679688,112.9025178527832,53.44904425767283,-0.3938210283824759,-0.8233832505971744,0.42956222221469853,118.53142580147214,104.34849363212162,14.182932169350522,0.011647491602386761,0.05340457529959641,0.0285542569971593,0,0.027592148055550214,113.1129379272461,111.80638122558594,1
2022-07-07,118.49510955810548,119.04733033593438,114.74874365655045,115.21952861601214,32184000.0,111.54307975769044,112.82417419433594,58.91477638867603,0.16539456148542797,-0.625627688180654,0.7910222496660819,118.97381831810418,104.11234119727669,14.861477120827487,0.03552105846509668,0.09373766970517328,0.0649089951176276,0,0.02937386475081535,114.430419921875,111.49351501464844,1
2022-07-08,119.35174560546876,119.61642905396496,116.71528477183756,116.75104317989522,29082000.0,111.68860931396485,112.83733428955078,59.98121839351183,0.6699772346874227,-0.36650670360703863,1.0364839382944613,119.59607321926636,103.78114540866333,15.814927810603024,0.007229294530026298,0.05515556215360129,0.06641554976087649,0,0.029372538963925793,118.49510955810548,108.6291275024414,0
2022-07-11,115.73052978515624,117.98709081883324,115.44448523633667,117.84357221556846,26718000.0,111.76828956604004,112.86717010498047,53.64247537860794,0.7687985544112195,-0.13944565200338702,0.9082442064146065,119.80390803469577,103.73267109738431,16.071236937311454,-0.030340702617646542,0.011361575568532123,-0.017002980673447188,0,0.02673882780082161,119.35174560546876,108.33960723876952,0
2022-07-12,114.0688934326172,117.0485030317856,113.83598261451812,116.04437302073772,24970000.0,111.93822631835937,112.77655014038086,50.98018438581156,0.7049092405516859,0.029425326507627553,0.6754839140440584,120.01739876281265,103.85905387390609,16.158344888906555,-0.014357804769611904,-0.03735357637960435,-0.015202823756057082,0,0.02663414150495854,115.73052978515624,113.1129379272461,0
2022-07-13,111.42449188232422,114.37430681051724,111.06296746769613,111.8734232163138,38958000.0,112.20194625854492,112.7213377380371,46.98376862573515,0.4358709451619944,0.11071445023850093,0.3251564949234935,119.84047503663757,104.56341748045227,15.277057556185298,-0.02318249498804059,-0.06641925246195401,-0.003415631013861331,0,0.025232097454980486,114.0688934326172,114.430419921875,0
2022-07-14,110.6825714111328,111.22635079084648,108.58244122180702,110.07273862079845,32366000.0,112.41280326843261,112.6077749633789,45.89667947337057,0.16093422662589774,0.1207584055159803,0.04017582110991744,119.62733431292749,105.19827222393774,14.429062088989753,-0.006658504415483102,-0.043618208465774244,-0.007273459836736662,0,0.025308094869003754,111.42449188232422,118.49510955810548,1
2022-07-15,112.00054931640624,113.22567073995222,111.06247266484746,112.19521630493216,34330000.0,112.53082008361817,112.50125396728515,48.19000811988601,0.04883179598124343,0.10637308360903293,-0.0575412876277895,119.6364717522735,105.42516841496284,14.211303337310653,0.011907727553399416,-0.018132411510003665,0.031036075604023106,1,0.023893916322095962,110.6825714111328,119.35174560546876,0
2022-07-18,109.16297149658205,114.019734722899,108.55711691536104,112.66897771337736,33354000.0,112.69340782165527,112.24967575073242,43.87769294440482,-0.26591371560361665,0.031915723766503014,-0.2978294393701197,119.31830009781194,106.0685155454986,13.249784552313344,-0.0253353919881939,-0.02029643884874588,0.007599845327091792,1,0.02554300489692674,112.00054931640624,115.73052978515624,1
2022-07-19,113.84095764160156,114.0296611037204,109.74895758124636,110.9706008956798,30992300.0,113.02883796691894,112.2074348449707,51.571638436980415,-0.13630616222150138,-0.0017286534310978659,-0.1345775087904035,119.15398743248788,106.90368850135,12.250298931137877,0.04285323201527169,0.028535533555114734,0.006436219655294728,1,0.025319288583736815,109.16297149658205,114.0688934326172,1
2022-07-20,113.92041778564452,115.53934404705004,112.49021015741278,113.2847682669771,26780100.0,113.16217613220215,112.18836547851562,51.692782104166966,-0.026869735263744587,-0.00675686979762721,-0.020112865466117378,119.24288886529904,107.08146339910526,12.161425466193776,0.0006979925827144129,0.017141598688186432,-0.004456875510713609,1,0.025039440382914505,113.84095764160156,111.42449188232422,1
2022-07-21,114.2581024169922,114.42694515033254,111.14937898253623,114.30775803280672,27267800.0,113.31145515441895,112.22721954345702,52.23956615004083,0.08611506824672688,0.011817517811243607,0.07429755043548328,119.34568938523492,107.27722092360298,12.068468461631937,0.0029642151768007885,0.046674534877146456,-0.035756810191694965,1,0.021789301785444602,113.92041778564452,110.6825714111328,0
2022-07-22,107.62350463867188,112.41074399445272,106.86866804792542,111.05005281577732,44455300.0,113.09669990539551,112.10357559204101,42.145933925690784,-0.3556011058289954,-0.061666206916804196,-0.2939348989121912,119.60131795423649,106.59208185655453,13.009236097681963,-0.05806675971308306,-0.054615255631489945,-0.09826618712026192,1,0.02732352150188521,114.2581024169922,112.00054931640624,0
2022-07-25,107.47451782226562,109.82841214424514,106.28267700818483,108.13996215050174,28289900.0,112.58380928039551,111.9893374633789,41.949915485113564,-0.7095075853357855,-0.19123448260060047,-0.518273102735185,119.16269985489733,106.0049187058937,13.157781149003625,-0.0013843334400459595,-0.05658248177695113,-0.07133823700813591,1,0.0264428593418367,107.62350463867188,109.16297149658205,0
2022-07-26,104.72335815429688,107.00772119291918,104.04797960863031,106.69983059538612,36626600.0,112.0284854888916,111.83596710205079,38.39845012876122,-1.1981649136154147,-0.39262056880356333,-0.8055443448118513,119.26023951146574,104.79673146631747,14.463508045148274,-0.025598250857179372,-0.08344917394039741,-0.08192886769644103,1,0.027020326653727594,107.47451782226562,113.84095764160156,1
2022-07-27,112.82788848876952,113.62245412544924,107.68309531399404,108.85507546044992,41474600.0,112.07956085205078,111.7780532836914,51.44053743876366,-0.9208465553738137,-0.4982657661176134,-0.42258078925620024,119.31874412384441,104.84037758025714,14.47836654358727,0.07738990113868982,0.04835731625327111,0.01259504605080397,1,0.037500498613702825,104.72335815429688,113.92041778564452,1
2022-07-28,113.8111572265625,113.92041019069406,111.09077509027344,112.03333007032592,23303800.0,112.19544296264648,111.77403076171875,52.74763521240289,-0.6146429673506333,-0.5215412063642174,-0.09310176098641587,119.46751660394915,104.92336932134381,14.544147282605337,0.008714766809545083,0.058959458787951835,0.028266291391157772,1,0.03742674855659016,112.82788848876952,114.2581024169922,1
2022-07-29,115.84722900390624,116.10546397625716,112.46040978775846,112.62925252533653,31336200.0,112.55634803771973,111.7728092956543,55.42339270949137,-0.20531371281671795,-0.45829570765471755,0.2529819948379996,119.80103106857497,105.31166500686449,14.489366061710484,0.017889913668925672,0.10622148721796831,0.0343451859029098,1,0.03762487338228865,113.8111572265625,107.62350463867188,0
2022-08-01,114.6951141357422,116.3239668523193,113.91048266241526,114.74476975149842,22856200.0,112.87412338256836,111.83397064208984,53.57467694574197,0.025819003820018338,-0.36147276535977035,0.3872917691797887,119.90549529917824,105.84275146595847,14.06274383321977,-0.009945122365638825,0.016549327227359578,0.050677831166709986,1,0.03659160409603465,115.84722900390624,107.47451782226562,1
2022-08-02,115.11226654052734,116.28424676364207,113.48341369857668,113.65225644471474,17911000.0,112.97408981323242,111.93636032104492,54.17075535308685,0.23988877132374853,-0.2412004580230666,0.48108922934681514,120.0727282997596,105.87545132670525,14.197276973054358,0.0036370547074171533,0.011432177175518365,0.011167412197358395,1,0.0341710871923825,114.6951141357422,104.72335815429688,1
2022-08-03,117.9726791381836,118.60832860290463,115.36055735589358,115.54926081797244,25302800.0,113.15120277404785,112.12441314697266,58.139652953114265,0.633054536886732,-0.0663494590411069,0.6994039959278389,120.55648412789826,105.74592142019743,14.810562707700825,0.024848894766998475,0.01834700883700635,0.035570983949197776,1,0.03494264130719593,115.11226654052734,112.82788848876952,1
2022-08-04,118.06206512451172,118.68778040206465,116.90994579468722,117.49593961314318,15757700.0,113.12955055236816,112.26750396728515,58.26129720173376,0.9410066024122585,0.1351217532495662,0.8058848491626923,120.47449183985107,105.78460926488525,14.689882574965822,0.0007576837873066733,0.029355661870519745,0.03329271733952588,1,0.034957188469452456,117.9726791381836,113.8111572265625,0
2022-08-05,117.41648864746094,118.05213811703544,115.916749628212,116.13525555416687,15615700.0,113.03278770446778,112.51171279907227,56.97356633632851,1.120056888031769,0.33210878020600676,0.7879481078257622,120.09275482281203,105.97282058612353,14.119934236688493,-0.005468111000514364,0.02001717259317748,0.09099298560911384,1,0.027843254124764693,118.06206512451172,115.84722900390624,0
2022-08-08,117.3370361328125,120.0385502953638,117.02914553757196,118.31037869161456,17061100.0,113.11311302185058,112.75605072021484,56.807151286503576,1.2412361774422465,0.5139342596532548,0.7273019177889917,120.3288649248368,105.89736111886437,14.431503805972426,-0.0006766725488358549,-0.005388052640786012,0.09176610893809145,1,0.027814575531989662,117.41648864746094,114.6951141357422,0
2022-08-09,116.70138549804688,117.39662476361512,115.7677719892498,117.18805298394464,15424300.0,113.24473762512207,112.93887969970703,55.41263522936052,1.271324901387203,0.6654123880000444,0.6059125133871586,120.61970962606335,105.86976562418079,14.749944001882568,-0.005417306041769598,-0.011525121342150224,0.11437780028121192,1,0.025661670246501962,117.3370361328125,115.11226654052734,1
2022-08-10,119.82997131347656,120.95228823638466,118.548738236419,118.77717073608471,20497000.0,113.66501159667969,113.0948324584961,60.5462478125239,1.5299844521317851,0.8383268008263925,0.6916576513053926,121.51957032414519,105.81045286921419,15.709117454931004,0.026808471913832177,0.020554887084573092,0.06205985876802078,1,0.013041148175946817,116.70138549804688,117.9726791381836,0
2022-08-11,119.00562286376952,121.50849192474884,118.73746129841248,121.25026451441688,16671600.0,114.08116416931152,113.20966659545898,58.63073927147956,1.6494422357626348,1.0005498878136412,0.6488923479489936,122.13888076879125,106.02344756983179,16.115433198959465,-0.006879317758914705,0.014220460870243645,0.0456410932266198,1,0.013615426468881371,119.82997131347656,118.06206512451172,1
2022-08-12,121.81637573242188,121.81637573242188,119.5816685005584,120.33650506503211,16121100.0,114.5719554901123,113.37876937866211,62.93641042258819,1.9484570559270225,1.1901313214363176,0.7583257344907048,123.23591533923589,105.90799564098872,17.32791969824717,0.023618656001405336,0.04382973014883884,0.05152602077615831,1,0.014340050600080216,119.00562286376952,117.41648864746094,1
2022-08-15,122.04481506347656,122.42223715562083,120.74372120486863,121.37937069132896,15525000.0,115.21604766845704,113.48075149536133,63.27099442172934,2.178746368152204,1.387854330779495,0.7908920373727091,124.08859441685996,106.34350092005411,17.74509349680585,0.0018752760429883164,0.01848322023048765,0.06408033143448422,1,0.013416956397870515,121.81637573242188,117.3370361328125,0
2022-08-16,121.67733764648438,122.39045233747292,120.7089659505267,121.48862659584758,15626200.0,115.60786666870118,113.63859130859375,62.29675085954342,2.305029011210678,1.571289266865732,0.733739744344946,124.88576925530042,106.32996408210194,18.55580517319848,-0.003011003923444555,0.02245032392942714,0.057031898539202874,1,0.013725302813977243,122.04481506347656,116.70138549804688,0
2022-08-17,119.50220489501952,121.31976851143936,119.38301778692126,120.10805943382614,17589200.0,115.88695602416992,113.7043310546875,56.728672934611026,2.2041854036756945,1.6978684942277245,0.50631690944797,125.28012323393932,106.49378881440052,18.786334419538804,-0.017876235571363197,-0.01899720643869418,0.012965084526429749,1,0.013733280176943847,121.67733764648438,119.82997131347656,1
2022-08-18,120.03854370117188,120.86290420560644,118.73744988691108,119.41282839044769,15652000.0,116.17597808837891,113.77644775390625,57.73188089018773,2.142842819303766,1.7868633592429328,0.35597946006083325,125.70561388674663,106.64634229001119,19.059271596735442,0.004488108036362348,-0.0164388086561581,0.0167410130813459,1,0.013765332712855897,119.50220489501952,119.00562286376952,0
2022-08-19,117.31716918945312,119.18438854880354,116.8702231858715,119.05527485578985,20187000.0,116.66066131591796,113.7939680480957,51.24048945999513,1.853272824125341,1.8001452522194143,0.05312757190592654,125.35006809253655,107.97125453929938,17.378813553237165,-0.02267083911392187,-0.03583385814784246,-0.0008458731746442405,1,0.015705310951417393,120.03854370117188,121.81637573242188,0
2022-08-22,114.28789520263672,115.70817612252117,113.89061239572106,115.31089331560553,19316000.0,117.00133018493652,113.79698745727539,45.15416831298065,1.3636303409303991,1.7128422699616115,-0.34921192903121234,124.70136436438945,109.3012960054836,15.400068358905855,-0.025821233223966455,-0.04363358564775832,-0.02598617649353685,1,0.017714612964777176,117.31716918945312,122.04481506347656,0
2022-08-23,113.98993682861328,115.14205626777331,113.523137653305,113.54299838473824,14390700.0,117.46465911865235,113.86338302612305,44.593106072156615,0.9406986066996694,1.5584135373092232,-0.6177149306095537,122.95062394844634,111.97869428885836,10.971929659587971,-0.0026070860216224068,-0.05038887249095758,-0.02323407436734304,1,0.017685255235453952,114.28789520263672,121.67733764648438,0
2022-08-24,113.92041778564452,114.93051144236782,113.00667254975258,113.67211695561694,16051200.0,117.5192855834961,114.01878952026367,44.454315490998646,0.5930759441829281,1.3653460186839643,-0.7722700745010362,122.8387098814425,112.1998612855497,10.638848595892796,-0.0006098700017115322,-0.028953574547330385,-0.04931615574181014,1,0.014531048774104377,113.98993682861328,119.50220489501952,1
2022-08-25,116.90001678466795,116.97947486143588,114.26803429519929,114.36735310238954,14874700.0,117.67372856140136,114.22748123168945,51.43157686763502,0.5516521151339759,1.2026072379739667,-0.6509551228399908,122.7262051733835,112.62125194941922,10.104953223964287,0.02615509192241494,0.022855627688302738,-0.017693332705059905,1,0.017496021822665398,113.92041778564452,120.03854370117188,0
2022-08-26,110.54352569580078,115.80749841902876,110.4640676165158,115.02286693555348,31698700.0,117.40854339599609,114.24554748535157,39.9131127348486,0.005840400212960617,0.9632538704217656,-0.957413470208805,123.30319908407839,111.5138877079138,11.78931137616459,-0.05437545060901017,-0.030234345493096115,-0.09253969319677258,1,0.021829629579777087,116.90001678466795,117.31716918945312,0
2022-08-29,109.59004974365234,111.19904183604932,109.06365320101196,110.02706162548508,20386100.0,117.15329017639161,114.31912414550781,38.51956114838695,-0.49791717774797917,0.6710196607878167,-1.1689368385357959,123.87932747816413,110.42725287461909,13.452074603545043,-0.008625344145185454,-0.03801222051467812,-0.10205075335110625,1,0.021474234231165634,110.54352569580078,114.28789520263672,0
2022-08-30,109.16297149658205,110.6130473143692,108.06051529649396,110.27535427321912,20548200.0,116.85582542419434,114.3597364807129,37.88156543642368,-0.9209936909850995,0.35261699043323347,-1.273610681418333,124.39383044503298,109.3178204033557,15.076010041677279,-0.0038970531363868854,-0.06618515121633983,-0.10284878344610882,1,0.021441724990347483,109.59004974365234,113.98993682861328,0
2022-08-31,108.40814208984376,111.0103298953237,108.3088232750042,110.87128203904032,25898000.0,116.37759857177734,114.30282623291015,36.72382712119039,-1.3021825507142921,0.021657082203728306,-1.3238396329180204,124.74000936678746,108.01518777676722,16.72482159002024,-0.006914701902942522,-0.019317129542559264,-0.09283563273934303,1,0.021307274367364567,109.16297149658205,113.92041778564452,1
2022-09-01,109.79862213134766,110.46406648910384,107.45466185914012,108.45779168410176,22784400.0,115.96442642211915,114.27334823608399,40.34092009239566,-1.4750736192628864,-0.2776890580895946,-1.1973845611732918,124.7585250166756,107.17032782756269,17.58819718911292,0.012826343249675132,0.0019032055207859333,-0.08530527990505976,1,0.02206465868575976,108.40814208984376,116.90001678466795,0
2022-09-02,107.94132995605467,110.9159764299258,107.39506513529724,110.58324667157568,20618100.0,115.49066848754883,114.19380264282226,37.27580587840943,-1.741879688442424,-0.5705271841601605,-1.1713525042822635,124.91885506864756,106.0624819064501,18.856373162197457,-0.0169154415532754,-0.011190988334039864,-0.07991873055049259,1,0.021730955413215847,109.79862213134766,110.54352569580078,0
2022-09-06,106.74949645996094,108.1399750497356,105.78608802451706,107.40004342393551,20565100.0,114.96129150390625,113.97414596557617,35.41619204592928,-2.02614033847442,-0.8616498150230124,-1.1644905234514074,125.07907511651881,104.8435078912937,20.23556722522511,-0.011041493527817026,-0.015300009740119136,-0.06595973028735824,1,0.020875929078091996,107.94132995605467,109.59004974365234,1
2022-09-07,109.72909545898438,110.2356236471069,106.88356276802084,107.0275814788406,22987200.0,114.61267700195313,113.85213119506835,43.063574978519476,-1.9880729465434683,-1.0869344413271036,-0.9011385052163647,124.94481166118858,104.28054234271768,20.6642693184709,0.02791206607837271,-0.0006332198985166126,-0.037379101069554777,1,0.023580283115896515,106.74949645996094,109.16297149658205,0
2022-09-08,108.67630767822266,109.82842719020272,107.32555052919646,108.43794099825924,21660700.0,114.05499382019043,113.7895297241211,41.206937030892895,-2.0195750357005835,-1.2734625602017997,-0.7461124754987838,124.40453625715966,103.7054513832212,20.69908487393846,-0.009594426859695027,0.006809048234510451,-0.04603310108368197,1,0.023626989491010743,109.72909545898438,108.40814208984376,1
2022-09-09,111.02025604248048,111.2387619658912,109.25235550221456,109.3020186948222,21732900.0,113.65572547912598,113.78006454467773,46.71517361352927,-1.8342594236669214,-1.3856219328948243,-0.44863749077209714,123.82506906228751,103.48638189596444,20.33868716632307,0.021568163423420383,0.04000730424167753,-0.050297347287965755,0,0.023003159255769925,108.67630767822266,109.79862213134766,1
2022-09-12,111.10964965820312,111.87441282213103,110.17603618382878,111.22882919788368,19732900.0,113.12038917541504,113.82967498779297,46.91942511765842,-1.6610347733986686,-1.4407045009955932,-0.22033027240307534,122.62020322548784,103.62057512534224,18.9996281001456,0.0008052009507926172,0.012581477988532042,0.005121276518357476,0,0.01506718102540652,111.02025604248048,107.94132995605467,0
2022-09-13,104.59423828125,108.62664887758756,104.2863476795802,108.14990795407763,33015000.0,112.24786033630372,113.75476760864258,36.067673216862275,-2.026136199715822,-1.557790840739639,-0.4683453589761828,121.51129463538268,102.98442603722475,18.526868598157932,-0.05863947368204214,-0.03756172328801566,-0.04558636002162875,0,0.02407968235972242,111.10964965820312,106.74949645996094,1
2022-09-14,105.1504364013672,105.37886891760192,103.78974514853898,104.72335867803716,22115800.0,111.42151527404785,113.595517578125,37.398748285446,-2.244725373718879,-1.695177747335487,-0.5495476263833918,120.10319179413865,102.73983875395705,17.363353040181607,0.005317674560826324,-0.05287160965353266,-0.036757290867082015,0,0.024276114981095994,104.59423828125,109.72909545898438,0
2022-09-15,103.1938247680664,105.48812197475904,102.60783087857332,104.2962810413566,26494900.0,110.6060962677002,113.37078567504882,34.66456519200858,-2.5464867614350766,-1.865439550155405,-0.6810472112796715,119.16129023617302,102.05090229922737,17.110387936945642,-0.018607736689101873,-0.07124336108058549,-0.04809894553359251,0,0.024737816618854328,105.1504364013672,108.67630767822266,0
2022-09-16,102.92564392089844,103.322926712673,101.16271431949586,102.27013375537857,64540100.0,109.75045127868653,113.05939636230468,34.29447928263281,-2.7752830528792884,-2.047408250700182,-0.7278748021791066,117.76708942584997,101.73381313152308,16.033276294326896,-0.0025988071260147905,-0.015953023682478307,-0.06259621548098615,0,0.02399775727547281,103.1938247680664,111.02025604248048,1
2022-09-19,103.1441421508789,103.31298486210392,101.67420578162589,101.84304849285088,19738600.0,109.04179992675782,112.73524429321289,34.90426072710194,-2.905482191045081,-2.219023038769162,-0.6864591522759191,116.75771596430023,101.3258838892154,15.431832075084827,0.002122874549596032,-0.019080227521169002,-0.04444254862459829,0,0.023805815488491016,102.92564392089844,111.10964965820312,0
2022-09-20,101.13788604736328,102.46877472936796,100.43271266812418,102.18074488530593,24001700.0,108.38429946899414,112.44339141845703,31.970374934855343,-3.134422376600199,-2.4021029063353696,-0.7323194702648292,116.43390819764832,100.33469074033997,16.099217457308356,-0.019450994129951438,-0.019923078976130215,-0.052568027004253226,0,0.024216374238838632,103.1441421508789,104.59423828125,0
2022-09-21,99.33026123046876,102.78660436929312,99.31039292163136,101.54510028084248,26596800.0,107.65131568908691,112.14861877441406,29.559531979295187,-3.4222695458147285,-2.6061362342312417,-0.8161333115834868,116.18112386051864,99.12150751765519,17.05961634286345,-0.01787287521560421,-0.03493184549025352,-0.09476824888620894,0,0.021447879137932183,101.13788604736328,105.1504364013672,1
2022-09-22,99.8864517211914,100.98890794782774,98.7343398779962,98.77406134022748,21272700.0,106.94961738586426,111.91785797119141,31.276747651820926,-3.5644221372976546,-2.7977934148445245,-0.7666287224531301,115.60908617297903,98.29014859874948,17.31893757422955,0.005599406302095211,-0.03158386275511571,-0.08088106915682991,0,0.021987189159873993,99.33026123046876,103.1938247680664,0
2022-09-23,98.49597930908205,99.42959292941816,97.3438673059916,99.3799297284273,25657000.0,106.02941551208497,111.6741261291504,29.350377240932673,-3.7460959311656836,-2.9874539181087565,-0.7586420130569271,114.15899258770776,97.89983843646218,16.259154151245582,-0.013920530644040974,-0.02612183071578167,-0.11281073544458575,0,0.01936001717288182,99.8864517211914,102.92564392089844,0
2022-09-26,98.13841247558594,99.75733865187506,97.71133476729084,97.9397748530234,22437900.0,105.40915985107422,111.39688339233399,28.858149342885525,-3.8742662471968288,-3.164816383926371,-0.7094498632704576,113.94902534900169,96.86929435314676,17.07973099585493,-0.003630268321654584,-0.011998848489056746,-0.11674267016878792,0,0.01908998572418785,98.49597930908205,103.1441421508789,0
2022-09-27,97.42330169677734,99.7771960919519,96.67839927042913,99.23093885915344,24225000.0,104.80082244873047,111.1620899963379,27.852117930431916,-3.9875792777564385,-3.329368962692385,-0.6582103150640535,113.78457573873514,95.8170691587258,17.967506580009342,-0.0072867571501270545,-0.024659500682728708,-0.06855957557805692,0,0.009890365750836553,98.13841247558594,101.13788604736328,1
2022-09-28,100.0552978515625,100.71081566371072,97.13528531596889,97.35378367581184,24617000.0,104.34543876647949,110.8863768005371,36.611086756285765,-3.820954987041006,-3.427686167562109,-0.3932688194788967,113.32188894796882,95.36898858499016,17.952900362978653,0.027016084539785323,0.015831291321925844,-0.04845570521796194,0,0.014298734556664854,97.42330169677734,99.33026123046876,0
2022-09-29,97.42330169677734,98.62508427952042,95.8639729207233,98.62508427952042,21921500.0,103.79619674682617,110.55643447875977,32.37794029131044,-3.856825050969988,-3.513513944243685,-0.34331110672630283,113.05103739049821,94.54135610315413,18.50968128734408,-0.026305415218391248,-0.0072867571501270545,-0.055919267303626174,0,0.01529349483132521,100.0552978515625,99.8864517211914,0
2022-09-30,95.49649810791016,98.81777167666374,95.37731098487272,97.06576112897416,26277800.0,103.08109054565429,110.18120239257813,29.673049501602037,-3.994681084773049,-3.609747372349558,-0.38493371242349106,112.57728690124652,93.58489419006206,18.992392711184465,-0.019777646161738827,-0.019777646161738827,-0.0721797360694465,0,0.01586884309995215,97.42330169677734,98.49597930908205,1
2022-10-03,98.62507629394533,99.29052058899325,96.3605667360688,96.55921191353448,24840000.0,102.61527786254882,110.0012338256836,38.63703424011773,-3.8075913290686714,-3.649316163693381,-0.15827516537529052,112.02573197369573,93.20482375140192,18.82090822229381,0.032761182326287,-0.014294311129221637,-0.043813112045889224,0,0.02025317573778505,95.49649810791016,98.13841247558594,1
2022-10-04,101.71394348144533,102.02183404903307,100.35325236776238,100.35325236776238,22580900.0,102.36350021362304,109.88602233886719,45.96066179434247,-3.3712143222738575,-3.5936957954094764,0.22248147313561883,111.58560445783337,93.14139596941271,18.444208488420657,0.03131928819293228,0.04404122740596783,0.0056957630478085,0,0.022290498302830773,98.62507629394533,97.42330169677734,0
2022-10-05,101.52523803710938,102.0417003960936,99.06209062819975,100.00563826788984,18475500.0,101.9533073425293,109.82205993652343,45.60258248737656,-3.0059585339084265,-3.4761483431092666,0.4701898092008401,110.53609896045383,93.37051572460477,17.165583235849056,-0.0018552563972743519,0.06313048173124414,0.022097765368277456,0,0.02135630789395389,101.71394348144533,100.0552978515625,1
2022-10-06,101.54509735107422,103.0249756376386,100.81012907362776,100.81012907362776,17156200.0,101.59674682617188,109.59640411376954,45.6505726717172,-2.683949312463568,-3.3177085369801267,0.6337592245165586,109.60607580718485,93.58741784515891,16.01865796202594,0.00019560962720999164,0.029607288195407477,0.016605311344050078,0,0.021334488640374846,101.52523803710938,97.42330169677734,0
2022-10-07,98.89324951171876,100.7306740498155,98.53569572751684,99.9659108643245,24249900.0,100.99039649963379,109.29804595947266,40.511114145024166,-2.6126199858389754,-3.1766908267518965,0.5640708409129211,107.80068153096728,94.1801114683003,13.620570062666985,-0.026114976582150118,-0.027731635144409794,0.004033364665476213,0,0.0226444577684088,101.54509735107422,95.49649810791016,0
2022-10-10,98.03910064697266,99.31039970801406,97.20481347974176,99.17135184680892,16529900.0,100.33686904907226,108.94188339233398,38.98854233493662,-2.5950989700206577,-3.060372455405649,0.46527348538499114,105.42938927367626,95.24434882446826,10.185040449208003,-0.008637079567750394,-0.034337643107642535,-0.0010119567466815305,0,0.022803964433349894,98.89324951171876,98.62507629394533,0
2022-10-11,97.38358306884766,99.43951352228164,96.58901742661035,97.5822206906372,21617700.0,99.97633628845215,108.5956527709961,37.81393967029516,-2.6040899015231673,-2.9691159446291526,0.3650260431059853,104.82743593826969,95.1252366386346,9.702199299635083,-0.006686287142570246,-0.04098193207535039,-0.00040769125289252806,0,0.02278304137051201,98.03910064697266,101.71394348144533,1
2022-10-12,97.6318817138672,98.97071925966216,97.00615882181884,97.60207925147586,17343400.0,99.60040855407715,108.24604507446288,38.56888769487028,-2.5616505411144885,-2.88762286392622,0.3259723228117313,103.92625092537739,95.27456618277691,8.65168474260048,0.0025496971583394146,-0.012754842257479804,-0.024220767812720645,0,0.020810647857138098,97.38358306884766,101.52523803710938,1
2022-10-13,99.03229522705078,99.84672158959768,94.62247036872678,95.27798815146768,32812200.0,99.39233207702637,107.86723739624023,42.787608073805906,-2.3874938327213613,-2.787597057685248,0.4001032249638867,103.3950500877294,95.38961406632333,8.00543602140607,0.014343813604738465,0.010130596604047915,0.016515489644164383,0,0.01952097710297702,97.6318817138672,101.54509735107422,0
2022-10-14,96.51949310302734,100.60155910753976,96.37051109853005,99.94107803038207,22624800.0,99.07202453613282,107.43638595581055,37.77479857792278,-2.4242898137289473,-2.714935608893988,0.29064579516504097,102.91456874890258,95.22948032336305,7.685088425539533,-0.025373562414789497,-0.008873055792262496,0.01071238229030369,0,0.02027423992874384,99.03229522705078,98.89324951171876,1
2022-10-17,100.09502410888672,101.07829322222308,98.8336592929938,98.84358586984254,23311600.0,98.9195686340332,107.08995666503907,47.245638635853844,-2.140263794806174,-2.6000012460764257,0.4597374512702519,102.32031150438618,95.51882576368021,6.801485740705971,0.037044651716547694,0.025228873517344708,0.014904402310020215,0,0.021044579218514017,96.51949310302734,98.03910064697266,1
2022-10-18,100.7008819580078,103.51164911498128,99.9659136378853,103.2335534034506,21610500.0,98.89771842956543,106.75723358154296,48.67123915476097,-1.8450152758364453,-2.44900405202843,0.6039887761919847,102.2463855296058,95.54905132952506,6.697334200080746,0.006052826846437487,0.016848915064842762,-0.00995990803976965,0,0.01844689788123266,100.09502410888672,97.38358306884766,0
2022-10-19,99.6083526611328,100.96804357643693,98.9578057590965,100.0155620443566,21573700.0,98.91162300109863,106.41537292480469,46.24437522105355,-1.679822730230967,-2.2951677876689374,0.6153450574379704,102.26965509530903,95.55359090688823,6.716064188420802,-0.010849252515291563,0.03200244281026565,-0.018880875465427827,0,0.01871871508463378,100.7008819580078,97.6318817138672,1
2022-10-20,99.84671783447266,102.29993098406972,99.29052645976014,100.13474767567423,25125100.0,98.90963630676269,106.0157078552246,46.866865899252964,-1.51224020653882,-2.138582271442914,0.6263420649040938,102.26540537222392,95.55386724130146,6.711538130922463,0.002393023948009443,-0.0024807054758680946,-0.016725371888016594,0,0.018756918298930027,99.6083526611328,99.03229522705078,1
2022-10-21,100.790283203125,100.92933107131732,97.56237219037102,97.79080472631249,28988700.0,99.02435150146485,105.65140106201171,49.366413998263056,-1.2884396790067427,-1.9685537529556798,0.6801140739489371,102.47133450759317,95.57736849533653,6.893966012256641,0.00945013906432668,0.0008877900906019143,0.019182640885730518,0,0.016851936662119857,99.84671783447266,96.51949310302734,1
2022-10-24,102.27013397216795,102.39924765931433,99.61828326607534,101.3961103129034,24680800.0,99.23093757629394,105.26047622680665,53.09342282067659,-0.980363538492341,-1.7709157100630122,0.7905521715706711,102.92701979902566,95.53485535356222,7.392164445463436,0.014682474560177461,0.02672247095673308,0.043156590556973295,0,0.01682545819910152,100.790283203125,100.09502410888672,1
2022-10-25,104.21681213378906,104.38565485926829,102.31979038357484,102.5978936448536,29910200.0,99.57061309814453,104.90391616821289,57.52276185308395,-0.5725305432763292,-1.5312386767056758,0.9587081334293466,103.7560384627457,95.38518773354336,8.370850729202346,0.019034669125894466,0.043768031579778155,0.07016818286620752,0,0.016914800811799392,102.27013397216795,100.7008819580078,0
2022-10-26,94.175537109375,97.87025461765158,93.92723628303963,96.10235394655017,71504300.0,99.27662506103516,104.3538801574707,37.73104698609789,-1.0474920954873852,-1.434489360462018,0.3869972649746327,104.06687085239851,94.48637926967181,9.580491582726694,-0.09634985775158333,-0.06562880749545219,-0.03540180260605663,0,0.03688569054088574,104.21681213378906,99.6083526611328,0
2022-10-27,91.97061920166016,94.5231512445966,91.275379959436,93.66899584555584,54036500.0,99.0039909362793,103.80324844360352,34.89208931591199,-1.5835666250945195,-1.4643048133885181,-0.11926181170600136,104.71693414470462,93.29104772785396,11.425886416850659,-0.023412851950651126,-0.1007089202925141,-0.07130679955665331,0,0.03685036791557326,94.175537109375,99.84671783447266,1
2022-10-28,95.9235610961914,96.20165676303272,91.69549157003016,91.901085347489,35696900.0,99.02534408569336,103.32094879150391,43.150548533555,-1.670187297729015,-1.5054813102566176,-0.1647059874723975,104.68866508016842,93.3620230912183,11.326641988950115,0.04298048582084468,-0.07957690192011568,-0.006174214012912627,0,0.03926865890431073,91.97061920166016,100.790283203125,0
2022-10-31,94.0166244506836,95.69513281131776,93.73852117209412,95.12900725488336,29868700.0,98.79492149353027,102.85493789672852,40.482849330671215,-1.8711393258138997,-1.5786129133680742,-0.29252641244582556,104.86503170817632,92.72481127888422,12.1402204292921,-0.01987975241656792,-0.0016874091039889016,-0.06072629196423229,0,0.03739992886231598,95.9235610961914,102.27013397216795,0
2022-11-01,89.88489532470703,95.51139272035944,89.81537139938067,94.94029629746328,43220600.0,98.20346908569336,102.36687789916992,35.379220742330546,-2.336853473812269,-1.7302610254569133,-0.6065924483553558,105.24765460338412,91.15928356800259,14.088371035381527,-0.04394679292218007,-0.022678154122022898,-0.1074070695608309,0,0.038979343683440595,94.0166244506836,104.21681213378906,0
2022-11-02,86.47821044921875,90.67946371422306,86.41862067643025,90.29211503601825,43553600.0,97.45111770629883,101.81664337158203,31.817507517355182,-2.94685675961847,-1.9735801722892248,-0.973276587329245,105.97437573597652,88.92785967662114,17.046516059355383,-0.037900526703421256,-0.09846747284018087,-0.131817682565063,0,0.03992651024290265,89.88489532470703,94.175537109375,0
2022-11-03,82.92253875732422,85.96174591136683,82.88280971728332,85.75813742273455,48510400.0,96.51998977661133,101.19668579101562,28.583102328014164,-3.6748404745223837,-2.313832232735857,-1.3610082417865268,106.9143015837317,86.12567796949095,20.78862361424075,-0.04111638843385268,-0.11800131900267041,-0.16950160650453816,0,0.04039493015444985,86.47821044921875,91.97061920166016,1
2022-11-04,86.1107177734375,86.14052023573473,83.30988494310704,84.92881107198549,40173300.0,95.88086318969727,100.58089981079101,34.966757319330924,-3.948991891187106,-2.640864164426107,-1.3081277267609988,107.14815670413087,84.61356967526366,22.534587028867207,0.03844767736120103,-0.0419890075817011,-0.14564464909879682,0,0.043479188297052454,82.92253875732422,95.9235610961914,1
2022-11-07,88.04747009277344,88.33549994609857,86.36895416660064,86.74636867567865,26899900.0,95.3812816619873,100.13097869873047,38.55960257064921,-3.964281370037938,-2.9055476055484735,-1.0587337644894643,107.09855045752461,83.66401286645,23.434537591074616,0.022491419992940465,0.01814630107865356,-0.1390695731684981,0,0.04413168684360439,86.1107177734375,94.0166244506836,1
2022-11-08,88.30570983886719,89.79054393617074,87.05427154783787,88.55401066611286,30172000.0,94.92738800048828,99.70529190063476,39.04317234185314,-3.9104829891638673,-3.1065346822715525,-0.8039483068923148,106.99723519683343,82.85754080414313,24.139694392690302,0.0029329604339756177,0.06491806886541451,-0.15267308574451388,0,0.0430749763382496,88.04747009277344,89.88489532470703,0
2022-11-09,86.80596160888672,88.8817526695531,86.76623257139283,87.94317594418506,26743900.0,94.38609199523925,99.25815170288087,37.211441822455804,-3.9434073872904634,-3.273909223275335,-0.6694981640151285,106.88560646419475,81.88657752628376,24.999028937910992,-0.01698359293772833,0.008073836259017586,-0.0782536073240474,0,0.03256897967655057,88.30570983886719,86.47821044921875,1
2022-11-10,93.52994537353516,93.907367446618,91.02707659419583,91.71238166301086,42371200.0,94.11097450256348,98.96058776855469,48.80761796088305,-3.3878775711237807,-3.2967028928450244,-0.09117467827875636,106.4302382765816,81.79171072854535,24.63852754803625,0.07745993063176981,0.06226726645280056,0.016954612086017784,0,0.04152920588352754,86.80596160888672,82.92253875732422,1
2022-11-11,96.0725555419922,96.69827087353168,93.52002344383008,94.06628069524211,30569100.0,94.08862762451172,98.68606643676758,52.388453598391195,-2.7111958205621534,-3.1796014783884505,0.4684056578262972,106.3919454724377,81.78530977658573,24.606635695851963,0.027184985068712475,0.08795406001828532,0.0015532622444176525,0,0.04009180830135692,93.52994537353516,86.1107177734375,0
2022-11-14,95.37730407714844,96.51948929652994,94.46653690557272,94.85090758255208,24170100.0,93.85274162292481,98.43478591918945,51.33113294633179,-2.2055968927243583,-2.984800561255632,0.7792036685312738,105.86381313626323,81.84167010958639,24.022143026676844,-0.0072367333305699555,0.09874140334831827,0.01447275558354666,0,0.03956062244029927,96.0725555419922,88.04747009277344,1
2022-11-15,98.04901885986328,99.73746122998912,96.36056891219856,97.99935566999062,31831000.0,93.72014846801758,98.2607763671875,55.082739302156774,-1.5712091245126487,-2.7020822739070356,1.1308731493943869,105.48186001182228,81.95843692421289,23.523423087609387,0.02801206019152902,0.04831686224428,0.09082864819126235,0,0.03668774260574446,95.37730407714844,88.30570983886719,1
2022-11-16,98.3171844482422,99.17133982210024,97.23658189289009,97.35377611417864,24660200.0,93.65559005737305,98.03253814697266,55.453909635963264,-1.0348840269887631,-2.368642624523381,1.3337585975346178,105.30091296070471,82.01026715404139,23.29064580666332,0.0027350155207794824,0.02336389298262076,0.13690123717321212,0,0.03293364922425437,98.04901885986328,86.80596160888672,0
2022-11-17,97.83051300048828,98.80385544872192,96.4400270362426,96.51948510906551,21818700.0,93.55477981567383,97.81562225341797,54.57255281855774,-0.6417155443964191,-2.0232572084979887,1.3815416641015696,105.01745308107098,82.09210655027667,22.925346530794315,-0.004950014084365129,0.02572109735200212,0.17978193222946026,0,0.02788077516905609,98.3171844482422,93.52994537353516,0
2022-11-18,97.13528442382812,98.4860414992974,96.08248378770254,98.33705949085572,24969900.0,93.37202987670898,97.53792282104492,53.270048649696406,-0.3818243912796362,-1.6949706450543183,1.313146253774682,104.4784599523149,82.26559980110305,22.212860151211856,-0.007106459481171168,-0.00931915940271788,0.12802781042189104,0,0.027709791625922013,97.83051300048828,96.0725555419922,0
2022-11-21,95.17867279052734,98.04902968311204,95.01975662742385,96.89691023323071,18696900.0,93.01745681762695,97.2193032836914,49.67654619906684,-0.3299376706533792,-1.4219640501741306,1.0920263795207514,103.39374908569184,82.64116454956206,20.752584536129774,-0.020143160592020704,-0.03192231017729241,0.08099270416560445,0,0.0292319149227915,97.13528442382812,95.37730407714844,1
2022-11-22,96.6684799194336,96.88499296690811,93.76832807468752,95.50643386608218,18868900.0,92.64004020690918,97.06078811645507,52.314293420393554,-0.16668069497187332,-1.1709073791336793,1.004226684161806,101.84213508136993,83.43794533244842,18.40418974892151,0.015652741157518246,-0.011878022974783797,0.0947024840842805,0,0.029254454002660208,95.17867279052734,98.04901885986328,1
2022-11-23,98.14834594726562,98.39565410483333,96.678401786893,96.678401786893,17568900.0,92.83868064880372,96.92074630737305,54.84612491110574,0.08117867788168098,-0.9204901677306073,1.0016688456122882,102.3317019937868,83.34565930382064,18.986042689966155,0.015308671751799618,0.010429387523253064,0.13066365636824795,0,0.02775470338347259,96.6684799194336,98.3171844482422,0
2022-11-25,96.93663024902344,98.2675264697174,96.8671063285234,97.79574889038956,8567800.0,93.08698120117188,96.79560241699218,52.39319858064031,0.17778429974042353,-0.7008352742364012,0.8786195739768248,102.73471532111233,83.43924708123143,19.295468239880904,-0.012345757705313098,0.01847007745490492,0.03642346696432708,0,0.0168600682881397,98.14834594726562,97.83051300048828,0
2022-11-28,95.59581756591795,97.16508059755766,95.23826377193576,96.53935766931887,19974500.0,93.0705940246582,96.64900588989258,49.74216459507295,0.14448701679239662,-0.5317708160306417,0.6762578328230383,102.70009631562297,83.44109173369344,19.25900458192953,-0.013831847462213442,-0.011096298963319096,-0.004962270165342564,0,0.015444717375674825,96.93663024902344,97.13528442382812,0
2022-11-29,94.79131317138672,95.7348531538796,93.74844680965133,95.3475045229582,20220000.0,93.10932846069336,96.48194931030274,48.16731945181768,0.0525758375195835,-0.4149014853205967,0.4674773228401802,102.75994984527509,83.45870707611164,19.30124276916345,-0.008415686114891963,-0.03420366123829144,-0.006143923980989507,0,0.015507156941213648,95.59581756591795,95.17867279052734,1
2022-11-30,100.76046752929688,100.76046752929688,94.02655065004306,94.4734966628274,39888100.0,93.65310707092286,96.4744009399414,58.632399950677076,0.45613835709619366,-0.24069351683723864,0.6968318739334323,103.7318125632222,83.57440157862351,20.157410984598698,0.0629715335530554,0.0394467733244932,0.02765401123808231,0,0.024171422838584904,94.79131317138672,96.6684799194336,0
2022-12-01,100.59162139892578,101.89271519864762,99.98576682557302,100.71080851382015,21771500.0,94.3587776184082,96.49962814331055,58.273992799948175,0.7536524534061328,-0.04182432278856435,0.7954767761946973,104.30469078029043,84.41286445652597,19.891826323764462,-0.0016757180123444515,0.05225964859354826,0.02313366644343784,0,0.024216742526607042,100.76046752929688,98.14834594726562,0
2022-12-02,100.14468383789062,100.46250856946295,98.49596283330088,98.69460802649564,18821500.0,95.21988487243652,96.50479278564453,57.27594422613008,0.9425057723879604,0.1550416962467406,0.7874640761412198,103.9659123198274,86.47385742504565,17.492054894781745,-0.004443089343024842,0.05647532972588731,0.02365489831777534,0,0.024199831442392312,100.59162139892578,96.93663024902344,0
2022-12-05,99.1912078857422,101.05842720345456,98.67970883582956,99.1365814057739,19955500.0,95.87390937805176,96.51869735717773,55.10756279588681,1.0036662082007695,0.3247665986375464,0.678899609563223,103.70595254330799,88.04186621279554,15.664086330512447,-0.009520984196144333,-0.015574160005742299,0.021165567940723884,0,0.024319157038489372,100.14468383789062,95.59581756591795,0
2022-12-06,96.64860534667967,99.52889627270372,96.10234810845029,98.992565611096,20877600.0,96.30396614074706,96.48890121459961,49.703686049312566,0.8373174444457021,0.42727676779917756,0.41004067664652455,103.26604235818448,89.34188992330965,13.924152434874827,-0.025633345870647473,-0.039198255256358894,0.015443927857529793,0,0.024937624436577335,99.1912078857422,94.79131317138672,0
2022-12-07,94.50328063964844,96.648595489745,94.37913024668453,96.1122648828362,26647900.0,96.61384468078613,96.43050079345703,45.637258663394356,0.5263081236271603,0.44708303896477414,0.07922508466238615,102.60888257055471,90.61880679101755,11.990075779537165,-0.022197161555885137,-0.05633252791904775,-0.022398193098616015,1,0.02546931348071612,96.64860534667967,100.76046752929688,0
2022-12-08,93.31143951416016,95.21839545602492,93.16246509314972,95.0396185732732,25593200.0,96.93911857604981,96.29562362670899,43.50764877804749,0.18156639361782823,0.393979709895385,-0.21241331627755677,101.2355739497854,92.64266320231421,8.592910747471194,-0.01261163757936512,-0.05927711232587185,-0.04928158886859191,1,0.024887402706789855,94.50328063964844,100.59162139892578,0
2022-12-09,92.43742370605467,93.84777046478492,92.38776051386506,93.26178420015135,21885300.0,96.88449249267578,96.19590606689454,41.96127394288723,-0.1603215948550627,0.2831194489452955,-0.4434410438003582,101.37627963123452,92.39270535411703,8.983574277117498,-0.0093666522846092,-0.043572089069670916,-0.046413894638287045,1,0.02480433905376807,93.31143951416016,100.14468383789062,1
2022-12-12,92.92408752441406,93.23694895236896,91.2753741783329,92.45728081525564,27380900.0,96.72706909179688,96.14445785522462,43.172437085193074,-0.3875333428224934,0.14898889059173775,-0.5365222334142312,101.53145629202277,91.92268189157099,9.608774400451779,0.0052647921031090394,-0.016710458140136053,-0.027948189675365276,1,0.024738734498099907,92.43742370605467,99.1912078857422,1
2022-12-13,95.19853973388672,99.12169751917048,94.73173294623548,97.4034523868112,34788500.0,96.71813087463379,96.07592712402344,48.5737807666736,-0.3796941275931829,0.043252286954753624,-0.4229464145479365,101.53318270025676,91.90307904901081,9.630103651245946,0.02447645459929948,0.020223674927233315,0.004296032504199188,1,0.026027165827098485,92.92408752441406,96.64860534667967,0
2022-12-14,94.6622085571289,96.5592305867048,93.30152482166112,94.8906486610068,26452900.0,96.54879035949708,95.93489242553711,47.428986269393164,-0.41200954711109716,-0.047800079858416535,-0.3642094672526806,101.402771199225,91.69480951976915,9.707961679455849,-0.005633817265023655,0.024068010140015472,-0.060522337000816884,1,0.014110867253654236,95.19853973388672,94.50328063964844,0
2022-12-15,90.58013153076172,93.3908984898298,89.81536837789909,92.90423102891724,28298800.0,96.16193771362305,95.71599029541015,39.750122958881306,-0.7582684044252517,-0.18989374477178358,-0.5683746596534681,101.58983272238235,90.73404270486374,10.855790017518615,-0.043122562726852554,-0.025224417652059405,-0.09952608108840932,1,0.018161415026115974,94.6622085571289,93.31143951416016,0
2022-12-16,90.24244689941406,91.1263971758981,89.39822566179373,90.58013236344644,48485500.0,95.78253440856933,95.48993728637696,39.18494255863415,-1.0478504039164847,-0.3614850766007238,-0.6863653273157608,101.72706991244901,89.83799890468966,11.889071007759355,-0.003728020986953129,-0.05206059723527978,-0.09887930700850611,1,0.018188332697629817,90.58013153076172,92.43742370605467,0
2022-12-19,88.5440673828125,90.58012940979408,88.32059817683806,90.26230468678754,23020500.0,95.35297355651855,95.28295364379883,36.383023805047515,-1.398272838985605,-0.5688426290777,-0.829430209907905,102.03971466936763,88.66623244366947,13.373482225698154,-0.018820184679772756,-0.06463129550399294,-0.10733955891729918,1,0.018385992181574943,90.24244689941406,92.92408752441406,1
2022-12-20,89.02081298828125,89.16979500537836,87.44162330865628,88.1269360407789,21976800.0,95.04508056640626,95.102587890625,37.729064991881565,-1.61885460917064,-0.7788450250962881,-0.8400095840743519,102.28016796586513,87.80999316694738,14.470174798917753,0.005384274966809155,-0.01721479662403569,-0.07892294287162704,0,0.01828482926560919,88.5440673828125,95.19853973388672,1
2022-12-21,89.63658905029297,90.29707008944192,88.30570039579547,89.12012671896804,20336400.0,94.69348602294922,94.9476480102539,39.509369231805834,-1.724104861671691,-0.9678969924113687,-0.7562078692603222,102.25492013229292,87.13205191360551,15.122868218687415,0.006917214540522965,-0.006713668234155867,-0.051497594119644496,0,0.018096280570263978,89.02081298828125,94.6622085571289,0
2022-12-22,87.6601333618164,88.57387866241014,86.34910518953916,88.3255778148005,23656100.0,94.16907539367676,94.74821304321289,35.95608311884541,-1.9445839479065938,-1.1632343835104137,-0.7813495643961801,102.14288616829485,86.19526461905868,15.947621549236175,-0.022049653042549577,-0.00998298414702914,-0.06056391565458763,0,0.018763982851731302,89.63658905029297,90.58013153076172,1
2022-12-23,89.1995849609375,89.48761482405439,87.02447491073842,87.02447491073842,17815000.0,93.78222312927247,94.55155883789062,40.44856134136258,-1.9723582161333155,-1.3250591500349942,-0.6472990660983213,101.9302495546263,85.63419670391863,16.296052850707667,0.017561593167637835,0.002008204223879373,-0.03502735813379332,0,0.020121125052683157,87.6601333618164,90.24244689941406,0
2022-12-27,87.33236694335938,88.89169582967213,86.94005497185992,88.70298477684108,15470900.0,93.36905059814453,94.36781631469727,37.05347579186163,-2.12059353063475,-1.4841660261549454,-0.6364275044798045,101.93466747458821,84.80343372170084,17.13123375288737,-0.020933034816202567,-0.02570626717668556,-0.06017514650962341,0,0.02057167281338334,89.1995849609375,88.5440673828125,0
2022-12-28,85.87236022949219,87.91835669371382,85.78297556573423,86.90529261675617,17879600.0,92.9231029510498,94.08336303710938,34.60744622519839,-2.3290337738075095,-1.6531395756854583,-0.6758941981220512,102.05600076004015,83.79020514205945,18.2657956179807,-0.016717819119847044,-0.020394369296076742,-0.09796557311135734,0,0.017718586091030848,87.33236694335938,89.02081298828125,1
2022-12-29,88.34542846679688,88.75760873609705,86.39875095299075,86.4384799933794,18280700.0,92.3023509979248,93.83625396728516,41.63567870876121,-2.268518164499085,-1.7762152934481836,-0.4923028710509012,100.89156833540743,83.71313366044218,17.178434674965246,0.02879935092846475,-0.009575790005241336,-0.06672969273181317,0,0.021605454597855414,85.87236022949219,89.63658905029297,0
2022-12-30,88.12693786621094,88.22625668715288,86.4384876000366,86.77120981783928,19190300.0,91.67911682128906,93.60662567138672,41.21422843836933,-2.2126830408483613,-1.8635088429282192,-0.34917419792014215,99.5509263542187,83.80730728835941,15.743619065859292,-0.002473139859953899,0.009098241014890762,-0.027083132063212556,0,0.01739993501174972,88.34542846679688,87.6601333618164,1
2023-01-03,89.09033203125,90.92776417873544,88.41495349133301,89.21945330850191,20738500.0,91.12639923095703,93.39149795532227,43.910230855958375,-2.0668698562659245,-1.9041810455957604,-0.16268881067016405,98.03657974519737,84.2162187167167,13.820361028480676,0.010931891977248087,0.03747389489654007,-0.012766884185312799,0,0.017905127214879062,88.12693786621094,89.1995849609375,0
2023-01-04,88.10706329345703,90.61986641464313,87.20325223631956,90.3914339004661,27046500.0,90.57219200134277,93.1378335571289,41.803017133235514,-2.007512076986643,-1.924847251873937,-0.08266482511270601,96.5166904914593,84.62769351122624,11.88899698023306,-0.011036761401316486,-0.002698104219726827,-0.004935441778003313,0,0.017206717823313764,89.09033203125,87.33236694335938,0
2023-01-05,86.18024444580078,87.61045958011077,85.97167266830384,87.47141172844614,23136100.0,90.04877395629883,92.81603576660156,37.958793828233844,-2.091835410675017,-1.958244883634153,-0.13359052704086416,95.59083831328145,84.50670959931621,11.084128713965242,-0.021869062202636624,-0.02208965235312621,-0.0319090384273889,0,0.018317936584091084,88.10706329345703,85.87236022949219,1
2023-01-06,87.56079864501953,87.86868921535695,84.98839839038199,86.76623304587501,26612600.0,89.70164985656739,92.48291549682617,42.06940348736418,-2.0239324407134234,-1.9713823950500071,-0.052550045663416256,94.94588240728312,84.45741730585165,10.488465101431473,0.016019381333815863,-0.01716834308905657,-0.0231578468934015,0,0.01908054478954593,86.18024444580078,88.34542846679688,1
2023-01-09,88.19644927978516,90.21265061112892,87.977943358204,88.58876121895915,22996700.0,89.44590034484864,92.36333374023438,43.912063352176276,-1.896960177819608,-1.9564979516039274,0.05953777378431946,94.45462805514255,84.43717263455473,10.017455420587822,0.007259534456082628,0.0010145155562659713,0.006118128017842617,0,0.017903480727192694,87.56079864501953,88.12693786621094,1
2023-01-10,88.63345336914062,88.8668567324073,86.11071627710662,86.13058458495952,22855600.0,89.25570182800293,92.29659042358398,45.202537543035554,-1.7410019797881802,-1.913398757240778,0.17239677745259785,94.08113683286669,84.43026682313916,9.650870009727527,0.0049548943628010544,0.028466024192849382,-0.006346796255215725,0,0.017010049045140797,88.19644927978516,89.09033203125,1
2023-01-11,91.6329345703125,91.8216380363287,89.13005812040355,89.44788285939553,25998800.0,89.19114418029785,92.2107778930664,53.16732437374845,-1.3596971763391537,-1.8026584410604534,0.4429612647212997,93.85022011929593,84.53206824129978,9.318151877996144,0.03384141187277945,0.0465063817177116,0.04924368567431947,0,0.018458918529368668,88.63345336914062,88.10706329345703,0
2023-01-12,91.28532409667967,91.99049757020823,89.95442765918024,91.77199161945909,22754200.0,88.9954833984375,92.15615188598633,52.2200358689069,-1.073188582629399,-1.6567644693742425,0.5835758867448435,92.89589538643288,85.09507141044212,7.800823975990767,-0.0037935102183821456,0.03502266635582685,0.06303499580914562,0,0.017179748636918835,91.6329345703125,86.18024444580078,1
2023-01-13,92.16925048828124,92.34802734895077,90.31195796785576,90.90589299587832,18630700.0,88.87083549499512,92.20183898925781,54.442844101111405,-0.7659733217589064,-1.4786062398511755,0.712632918092269,92.14852827804448,85.59314271194576,6.555385566098721,0.009683116101613543,0.03989235423801807,0.043282624668252945,0,0.01536075868410497,91.28532409667967,87.56079864501953,0
2023-01-17,91.53361511230467,92.33810731959731,90.22257954851013,92.14939627737728,22935800.0,88.91850967407227,92.30294708251954,52.549618423610056,-0.5672545197672463,-1.2963358958343896,0.7290813760671433,92.31967405427288,85.51734529387166,6.802328760401224,-0.006896393022718383,-0.0010838838510799365,0.03865648039723735,0,0.015640266678639048,92.16925048828124,88.19644927978516,0
2023-01-18,91.15618896484376,92.95189902627716,90.77877447476529,92.308308320145,19641600.0,88.96419677734374,92.46762008666992,51.4065077223211,-0.4352067804570652,-1.1241100727589246,0.6889032923018594,92.45854216122673,85.46985139346076,6.9886907677659735,-0.0041233610952416955,-0.001414631904019359,0.023188340266473872,0,0.015613764526086699,91.53361511230467,88.63345336914062,1
2023-01-19,93.271728515625,93.75839602643876,90.75891772133188,90.76885187635992,28707700.0,89.20057983398438,92.61084030151368,57.04664487017454,-0.15802996320920215,-0.9308940508489801,0.772864087639778,93.15818088229973,85.24297878566902,7.915202096630708,0.023207854286198204,0.011961451585026595,0.058618061130537136,0,0.016086532791449552,91.15618896484376,91.6329345703125,1
2023-01-20,98.60520935058594,98.7442571879648,95.25811952255884,95.2978409810624,53704800.0,89.6797996520996,92.82199508666992,67.33900974761484,0.4863951307363976,-0.6474362145319046,1.1338313452683022,95.37426605084775,83.98533325335146,11.388932797496295,0.057182180708353236,0.07725680046182992,0.1441741664193037,0,0.019928043991130316,93.271728515625,91.28532409667967,1
2023-01-23,100.52210235595705,100.71081340264897,98.07882321356192,98.45623772940615,31791800.0,90.22407531738281,93.06632293701172,70.11105598616783,1.1386581633930462,-0.2902173389469144,1.4288755023399606,97.62358447140008,82.82456616336555,14.799018308034533,0.019440078450172926,0.10274577620533742,0.14802633040710345,0,0.020000866727461302,98.60520935058594,92.16925048828124,0
2023-01-24,98.53569793701172,100.40291740273793,98.02916213511088,98.87339099745888,27391400.0,90.76785354614258,93.30091766357423,64.04494358887314,1.478254680762106,0.06347706499488967,1.4147776157672163,98.8963104178996,82.63939667438555,16.256913743514048,-0.01976087221008671,0.05643692365479103,0.11722976085383463,0,0.022670952644318208,100.52210235595705,91.53361511230467,0
2023-01-25,96.0725555419922,97.05582465656556,94.61453083956604,96.5393547132768,31000900.0,91.11150207519532,93.35176986694336,57.411632424881766,1.53098412945981,0.3569784778878738,1.1740056515719364,99.52194280394542,82.70106134644521,16.820881457500207,-0.024997462306443174,-0.025684787094655492,0.08393108798174875,0,0.02542458405555905,98.53569793701172,91.15618896484376,1
2023-01-26,98.48603057861328,98.5356861908946,96.16193120623514,97.61200693402644,24542100.0,91.669185256958,93.40003936767579,61.60757070316242,1.747377186153301,0.6350582195409593,1.1123189666123416,100.47326571930854,82.86510479460746,17.60816092470108,0.025121378556087093,-0.020254966118136597,0.074788568547286,0,0.02459006587810231,96.0725555419922,93.271728515625,1
2023-01-27,100.0254898071289,100.88957928832752,98.29731842227046,98.37677649405538,29020400.0,92.37684173583985,93.4930030822754,64.04119436510823,2.0198086398414574,0.9120083036010589,1.1078003362403985,101.47374511481212,83.27993835686758,18.193806757944543,0.015631244547791967,0.015119311085303622,0.09574557352935043,0,0.024364452535590282,98.48603057861328,98.60520935058594,0
2023-01-30,97.28425598144533,98.7333391695272,96.85717827788066,98.07385832960358,24365100.0,92.82378311157227,93.47770782470702,57.1003946824212,1.9915604007694867,1.1279187230347445,0.8636416777347422,101.96274963079208,83.68481659235246,18.277933038439613,-0.027405352685293316,0.012612347330799523,0.05549579134110938,0,0.027004640321807896,100.0254898071289,100.52210235595705,1
2023-01-31,99.1912078857422,99.23093692367723,97.12534337835456,97.1948673003561,22306800.0,93.37699661254882,93.49518829345703,60.32204026129461,2.0988542639388186,1.3221058312155594,0.7767484327232592,102.65025261720737,84.10374060789027,18.546512009317098,0.019601855254570477,0.007160175945623459,0.08365880408025239,0,0.026926888691685594,97.28425598144533,98.53569793701172,1
2023-02-01,100.7406005859375,101.4954371374518,97.7510568409264,99.06208475800965,26392600.0,93.9595100402832,93.55339004516601,62.76851783482502,2.2825961184154124,1.5142038886555302,0.7683922297598822,103.54102471192252,84.3779953686439,19.163029343278623,0.015620262452898492,0.007149285449013831,0.10514274159476056,1,0.02662963498248766,99.1912078857422,96.0725555419922,1
2023-02-02,108.06051635742188,108.08037708825424,105.81587489639396,106.06417570826528,46622600.0,94.95718269348144,93.77189468383789,71.65917177410138,2.984465825278548,1.808256275980134,1.176209549298414,105.94542503506581,83.96894035189707,21.976484683168735,0.07266102970311428,0.11077085667419673,0.15855595341861206,1,0.03308846601968235,100.7406005859375,98.48603057861328,0
2023-02-03,104.50484466552734,107.2858091521604,102.59789628997224,102.80646805815428,36823400.0,95.87341270446777,93.95841812133789,63.701707331725316,3.2167094113560495,2.089946903055317,1.1267625083007324,106.8373627614056,84.90946264752993,21.927900113875666,-0.03290444846787299,0.05356963477958532,0.059830868508838675,1,0.032682497467528944,108.06051635742188,100.0254898071289,0
2023-02-06,102.7667465209961,103.9883823348809,101.51530824301912,101.9870782943574,25573000.0,96.6337100982666,94.08038345336914,60.18352863258329,3.223357275968624,2.3166289776379787,0.9067282983306453,107.29108745218943,85.97633274434378,21.31475470784565,-0.01663174707444537,0.020112506013205467,0.022329856941218473,1,0.033059629821653676,104.50484466552734,97.28425598144533,1
2023-02-07,107.30567932128906,107.931394636688,102.84420598747944,102.92564938087828,33738800.0,97.5891716003418,94.26353012084961,65.53645117313599,3.5539124100791355,2.5640856641262104,0.9898267459529251,108.47350790218971,86.70483529849389,21.76867260369582,0.04416732993844108,-0.00698531768658317,0.08900308789494238,1,0.03438933781826727,102.7667465209961,99.1912078857422,0
2023-02-08,99.32032012939452,102.87598940863624,97.78582300200476,101.99203916568776,73546000.0,98.12351493835449,94.31120391845702,52.23216436889836,3.1353852159680997,2.6783455744945885,0.45703964147351117,108.21732902217845,88.02970085453053,20.187628167647915,-0.07441692967606306,-0.049610375028317,0.033805331492225754,1,0.04244016429792458,107.30567932128906,100.7406005859375,0
2023-02-09,94.8111801147461,99.9261783018846,93.22205645071824,99.85665437838148,97798600.0,98.28242721557618,94.2955111694336,46.492629063810924,2.4120449320519697,2.6250854460060653,-0.21304051395409562,108.05754133282979,88.50731309832257,19.550228234507216,-0.04539997463534062,-0.07741381989381757,-0.037313418383065566,1,0.04438193075063285,99.32032012939452,108.06051635742188,0
2023-02-10,94.21526336669922,96.36057850251892,93.8875044670127,95.08927952165692,49325300.0,98.42892417907714,94.28399017333984,45.77671663442069,1.7703001264951013,2.4541283821038724,-0.6838282556087711,107.86202995117036,88.99581840698393,18.866211544186427,-0.006285300397333549,-0.12199182780806228,-0.058087458023280636,1,0.043903284362497665,94.8111801147461,104.50484466552734,1
2023-02-13,94.35431671142578,94.70193636274934,93.41077657532756,94.36425086647505,43116600.0,98.53817749023438,94.15586715698242,45.9857255805449,1.2584268262621237,2.2149880709355227,-0.9565612446733991,107.72618715629059,89.35016782417816,18.376019332112435,0.0014759110122670727,-0.04999987325351973,-0.030117301514629102,1,0.04321747031823921,94.21526336669922,102.7667465209961,0
2023-02-14,94.30464935302734,94.5281261553057,92.02028633258648,94.01662706716678,42513100.0,98.67672920227051,94.03012771606446,45.917643477683704,0.839083376392395,1.9398071320268975,-1.1007237556345024,107.51497046353694,89.83848794100408,17.676482522532865,-0.0005263920097089425,-0.005342521431604519,-0.0492640289081232,1,0.0425522713627199,94.35431671142578,107.30567932128906,1
2023-02-15,96.44003295898438,96.67839961455326,93.71865820674988,94.09607270952888,36964500.0,98.94092140197753,93.95603469848633,49.387094138060306,0.6713197260990853,1.6861096508413351,-1.0147899247422498,107.15823090346295,90.72361190049212,16.434619002970834,0.022643460535686444,0.023613685434662912,-0.042689517453139425,1,0.0429720784015791,94.30464935302734,99.32032012939452,0
2023-02-16,95.12901306152344,97.21473852424944,94.3245207947317,94.89064638572218,35642100.0,99.03378562927246,93.87479080200195,47.37755790023555,0.42764781765475846,1.43441728420402,-1.0067694665492615,107.0317766162034,91.03579464234151,15.995981973861888,-0.013594146095102566,0.008210502466643899,-0.11966908665442688,1,0.03362050461638554,96.44003295898438,94.8111801147461,0
2023-02-17,93.94709777832033,95.09921725909616,92.81484660723504,94.42383870287512,31095100.0,98.80088005065917,93.82076065063477,45.577068753459194,0.13757945861630105,1.1750497190864764,-1.0374702604701753,107.10082119057739,90.50093891074096,16.599882279836436,-0.012424340852130178,-0.003791452247158378,-0.10102638706365796,1,0.03283006059571647,95.12901306152344,94.21526336669922,0
2023-02-21,91.4243621826172,92.78008249699454,91.37469898910732,92.60626889724948,28367200.0,98.34599304199219,93.75918228149413,41.91553594167263,-0.29249379850541857,0.8815410155680974,-1.174034814073516,107.1976265686442,89.49435951534018,17.703267053304018,-0.026852725154488888,-0.05200818189786727,-0.11037018026119516,1,0.03321290786355477,93.94709777832033,94.35431671142578,0
2023-02-22,91.17605590820312,91.7322472700053,90.25237663804508,91.30914022546922,29891100.0,97.97801094055175,93.716474609375,41.56161230427417,-0.645920425850278,0.5760487272844224,-1.2219691531347003,107.36332792471843,88.59269395638508,18.770633968333357,-0.002715974916161712,-0.041553644110275734,-0.15031472253012312,1,0.027329037658851994,91.4243621826172,94.30464935302734,0
2023-02-23,90.45101928710938,91.50381230278894,89.39822627142979,91.50381230278894,32423700.0,97.69693412780762,93.67674652099609,40.486625680728714,-0.9732983922521754,0.2661793033771028,-1.2394776956292781,107.61525690989417,87.77861134572107,19.836645564173097,-0.007952050720681836,-0.037213267614294776,-0.08929996229100168,1,0.017972374321915674,91.17605590820312,96.44003295898438,0
2023-02-24,88.74270629882812,89.51740359895886,88.25603884215047,89.02080198835822,31295600.0,97.20976791381835,93.59311889648437,37.9931337181363,-1.3549750613786244,-0.058051569574042644,-1.2969234918045818,107.85565480455543,86.56388102308128,21.29177378147415,-0.01888660848429724,-0.029331961632202086,-0.06400588842553745,1,0.013408946648101498,90.45101928710938,95.12901306152344,1
2023-02-27,89.48760986328125,89.83522947965548,89.00094240035733,89.47767570923075,22724300.0,96.68287391662598,93.47890029907227,39.73602952428286,-1.5791456709500409,-0.3622703898492423,-1.2168752811007986,107.75378741049184,85.61196042276012,22.14182698773172,0.008393969437271442,-0.018518524716860107,-0.05017927387218846,1,0.014215725668710358,88.74270629882812,93.94709777832033,1
2023-02-28,89.68626403808594,90.82844180947724,88.9115590728912,88.93142738298188,30546900.0,96.302974319458,93.3793814086914,40.218621276875204,-1.720934896174569,-0.6340032911143076,-1.0869316050602613,107.77929814958183,84.82665048933417,22.952647660247663,0.0022199070363839724,-0.008454910238169355,-0.049473652462734274,1,0.01425553029264438,89.48760986328125,91.4243621826172,1
2023-03-01,89.89482879638672,90.58013389010252,89.2393110103965,89.5472091723947,26323900.0,95.83815536499023,93.36567535400391,40.75503700105139,-1.7957738822703817,-0.8663574093455225,-0.9294164729248592,107.5593442634949,84.11696646648555,23.442377797009357,0.002325492766787729,0.012982728898068396,-0.04676143315196013,1,0.014382256140261384,89.68626403808594,91.17605590820312,1
2023-03-02,91.68258666992188,91.85143697598744,89.15984958576476,89.24924181574528,23328600.0,95.38525466918945,93.39447814941406,45.28692485647298,-1.6913305922085016,-1.0313520459181185,-0.6599785462903831,107.01335638186862,83.75715295651028,23.256203425358336,0.019887215955263216,0.024528276149000883,-0.049330616582076714,1,0.013815598382970182,89.89482879638672,90.45101928710938,1
2023-03-03,93.3809585571289,93.47035078260345,92.03020921946552,92.10965971400655,30242500.0,94.65127677917481,93.49121597290039,49.257965859623546,-1.4547447233263142,-1.1160305813997577,-0.33871414192655647,104.73734856536703,84.56520499298259,20.172143572384442,0.0185244761180392,0.041195767921317294,-0.018375619047619085,1,0.015244830204287334,91.68258666992188,88.74270629882812,1
2023-03-06,94.93036651611328,95.64547405392447,93.65906759446636,93.71865736343752,28288200.0,94.1725528717041,93.60940704345703,52.63538479077455,-1.1292076415956416,-1.1186659934389347,-0.010541648156706884,103.1952551252393,85.1498506181689,18.0454045070704,0.016592332986563596,0.05601587752207804,0.010466195987374638,1,0.01574037329386017,93.3809585571289,89.48760986328125,0
2023-03-07,93.52994537353516,95.43689373660692,93.20616470053572,94.77144939806718,24101500.0,93.71071281433106,93.68727416992188,49.43273632784989,-0.9730032653844347,-1.0895334478280347,0.11653018244360003,101.82653236534424,85.59489326331789,16.23163910202635,-0.01475208823027585,0.020149504619281666,0.023030876460610417,1,0.013678158607913037,94.93036651611328,89.68626403808594,1
2023-03-08,94.00669860839844,95.58588829793769,93.76336105969412,93.76336105969412,25395200.0,93.04576377868652,93.81420547485351,50.53615173376869,-0.8015009659662269,-1.0319269514556733,0.23042598548944637,98.25640642212191,87.83512113525113,10.421285286870784,0.005097332549048872,0.006700938402626422,0.031045899847271574,0,0.013578551678071843,93.52994537353516,89.89482879638672,0
2023-03-09,92.03021240234376,95.26804938742116,91.727285122409,93.84776850441315,24438900.0,92.68125839233399,93.87081802368164,46.04990503861844,-0.8156675687174015,-0.988675074908019,0.17300750619061744,97.03460164675636,88.32791513791162,8.70668650884474,-0.021024950724927383,-0.03055033094470616,0.017459096953033937,0,0.015287414755423516,94.00669860839844,91.68258666992188,0
2023-03-10,90.39143371582033,92.546683040593,90.18286193383004,91.87130449901218,32850100.0,92.4602710723877,93.93199935913086,42.667761428635615,-0.9482001861087355,-0.9805800971481624,0.032379911039426945,96.80740829240167,88.11313385237372,8.694274440027954,-0.017806964080001375,-0.033556222503716815,0.018578737180274363,0,0.015127769658082425,92.03021240234376,93.3809585571289,1
2023-03-13,91.03701782226562,92.44736468511762,89.32870693935652,89.94945899985898,31508600.0,92.30135879516601,94.03529251098632,44.40018412634587,-0.9897309953899622,-0.9824102767965225,-0.007320718593439746,96.61247465238932,87.9902429379427,8.622231714446627,0.00714209388994691,-0.03159009762169762,0.017314217704010204,0,0.015073561386256405,90.39143371582033,94.93036651611328,1
2023-03-14,93.60940551757812,94.18546521629575,92.14939554007007,92.43742538942888,32303900.0,92.26411323547363,94.14057205200196,50.78203817383363,-0.8057856765923219,-0.9470853567556825,0.14129968016336059,96.51610582859406,88.0121206423532,8.503985186240868,0.028256502210283863,0.017159507448818445,0.043742946833265295,0,0.01724278697493424,91.03701782226562,93.52994537353516,1
2023-03-15,95.89378356933594,96.58902286226429,92.40763779470394,92.90423945466418,38367300.0,92.34356994628907,94.29590896606446,55.65036577593229,-0.47025664290303837,-0.8517196139851537,0.38146297108211535,96.79961430799285,87.88752558458528,8.912088723407578,0.02440329621929771,0.06087247018134856,0.06673303518422569,0,0.018323762819077764,93.60940551757812,94.00669860839844,1
2023-03-16,100.38304901123048,101.27693342357118,95.21839530498951,95.91363452706608,54499500.0,92.54072074890136,94.52176330566407,63.32734715595355,0.15609932065596865,-0.6501558270569293,0.806255147712898,97.95101653396145,87.13042496384128,10.820591570120172,0.046814978769177396,0.10266187769036339,0.0948976534947934,0,0.022081433131508812,95.89378356933594,92.03021240234376,1
2023-03-17,101.76361083984376,102.7866090428348,100.0652340789256,100.1546187401392,76140300.0,92.8724506378174,94.7948942565918,65.31572244579837,0.7551854286254098,-0.3690875759204615,1.1242730045458713,99.54355328369552,86.20134799193927,13.342205291756244,0.013752937793898079,0.08710882498590844,0.08976832549417968,0,0.021911447700725485,100.38304901123048,90.39143371582033,0
2023-03-20,101.2372055053711,101.88278912017724,100.104954429728,100.37311596762692,26033900.0,93.23695602416993,95.09603347778321,63.89319793110728,1.1739563363515089,-0.06047879346606741,1.2344351298175762,100.83531145864752,85.63860058969233,15.196710868955194,-0.0051728248450335634,0.05572229749566193,0.0664364757107232,0,0.022136497706143458,101.76361083984376,91.03701782226562,1
2023-03-21,105.1206283569336,105.23981547486385,101.16768366482349,101.28687078275374,33122800.0,93.92176933288576,95.44723007202148,69.21919665821716,1.7984634990951491,0.3113096650461759,1.4871538340489732,103.0566673932413,84.78687127253022,18.269796120711078,0.038359640926245,0.047195013424757404,0.12392483430956958,0,0.022787309144994706,101.2372055053711,93.60940551757812,0
2023-03-22,103.51164245605467,106.77928201141202,103.50170830198483,104.42538761445692,32336900.0,94.53854866027832,95.75353393554687,64.944764584394,2.138902275543913,0.6768281871457233,1.4620740883981895,104.47887262280034,84.59822469775631,19.88064792504403,-0.01530609097403468,0.017177374129952794,0.10110921868717848,0,0.024333271123719195,105.1206283569336,95.89378356933594,1
2023-03-23,105.53778076171876,106.37306052241634,104.69355950436756,105.17029282679528,31385800.0,95.2928867340088,96.09162048339844,67.65358118838331,2.542882124489296,1.0500389746144378,1.492843149874858,106.1275061943746,84.458267273643,21.6692389207316,0.019574013681835645,0.04248018537137033,0.14677319552759172,0,0.0218529937522774,103.51164245605467,100.38304901123048,0
2023-03-24,105.3391342163086,105.43846060328934,104.02810623008074,105.02130947957274,25236200.0,96.12270812988282,96.36574447631835,67.10607983518773,2.8145653914138933,1.402944257974329,1.4116211334395643,107.35832158012094,84.8870946796447,22.47122690047624,-0.0018822315949458268,0.0020786201794100734,0.165366339331247,0,0.019757211416515735,105.53778076171876,101.76361083984376,0
2023-03-27,102.3595199584961,104.68361940024222,101.9324422769274,104.60416132517383,25393400.0,96.76630363464356,96.58722839355468,59.347842642249915,2.7576578062852946,1.673886967636522,1.0837708386487725,107.88191461487273,85.6506926544144,22.231221960458328,-0.028285919378205793,-0.011130366306840389,0.1243725069985897,1,0.02413305992649674,105.3391342163086,101.2372055053711,0
2023-03-28,100.67106628417967,102.29991875327144,99.5984051233032,102.29991875327144,24913500.0,97.31554374694824,96.75726470947265,55.436626915545915,2.5469543304552076,1.8485004402002592,0.6984538902549484,108.05678160820098,86.5743058856955,21.482475722505484,-0.01649532622858174,-0.04611348128048165,0.0754375132237699,1,0.024930306342218177,102.3595199584961,105.1206283569336,1
2023-03-29,101.20740509033205,102.12115019310482,100.34331559980669,102.02183139107106,26148300.0,97.88117256164551,96.95074050903321,56.419137880985204,2.395633001102425,1.9579269523806924,0.4377060487217326,108.1821609528472,87.58018417044383,20.60197678240337,0.0053276360919667365,-0.039223116429761506,0.05541153266889398,1,0.024219368214028186,100.67106628417967,103.51164245605467,0
2023-03-30,100.63134765625,100.9193774927972,99.60834957534662,100.75053476785062,25009800.0,98.32861061096193,97.14024368286132,55.01612834574016,2.2038224434650147,2.007106050597557,0.19671639286745757,108.28540516556372,88.37181605636015,19.91358910920357,-0.005691850646381891,-0.016883356847969044,0.002473511688131147,1,0.019549218115599183,101.20740509033205,105.53778076171876,1
2023-03-31,103.29313659667967,103.48184763642853,100.75053873603554,101.018700275775,28108000.0,98.82421951293945,97.34067184448242,59.96967042707235,2.2407651705530043,2.0538378745886465,0.18692729596435775,108.73324048128353,88.91519854459537,19.81804193668816,0.026450892315605046,0.02604591775255738,0.015030183620774684,1,0.0208787891048427,100.63134765625,105.3391342163086,1
2023-04-03,104.19696044921876,104.23668191245343,101.68414976863062,101.97217963109028,20719900.0,99.28754920959474,97.45250686645508,61.51919353142108,2.3162730256472486,2.106324904800367,0.20994812084688164,109.29109106842486,89.28400735076463,20.007083717660237,0.008750086233397791,0.02953889941371779,0.029235841991812395,1,0.02083463368618602,103.29313659667967,102.3595199584961,1
2023-04-04,104.40552520751952,105.37886011963424,103.8890552897312,104.1274219408047,20377200.0,99.83132820129394,97.53017532348633,61.88583126049151,2.3656729723160623,2.1581945183035063,0.20747845401255605,109.705375123938,89.95728127864989,19.74809384528811,0.002001639562244195,0.03750498864590246,-0.006802690971233205,1,0.016769891017114114,104.19696044921876,100.67106628417967,0
2023-04-05,104.23667907714844,105.81587620043211,103.39444313724364,105.398732649957,21864200.0,100.34282722473145,97.64419494628906,61.376000025564736,2.363948191103148,2.1993452528634347,0.1646029382397134,110.01476802870955,90.67088642075335,19.343881607956206,-0.001617214510778786,0.009134609631934687,0.007004396837791305,1,0.015971773230198293,104.40552520751952,101.20740509033205,1
2023-04-06,108.15983581542967,108.88486994702085,104.10260143442056,105.05110478252844,34684200.0,101.14930839538575,97.88594055175781,67.97721077264579,2.6486156585501703,2.289199334000782,0.3594163245493882,110.60160986251579,91.6970069282557,18.904602934260083,0.03763700813393722,0.038032542879619324,0.02484470523054627,1,0.019053364798313828,104.23667907714844,100.63134765625,0
2023-04-10,106.22309112548828,107.23616274656032,104.88226817057756,106.6601030073264,19741500.0,101.94089126586914,98.04068176269531,62.315067940232964,2.686963919505658,2.3687522511017574,0.31821166840390047,110.23799136026031,93.64379117147797,16.594200188782338,-0.017906320542556697,0.017408713900496364,0.008391533837410536,1,0.020118101502964305,108.15983581542967,103.29313659667967,0
2023-04-11,105.3987274169922,106.49124943293918,104.56443277992452,106.19328543879948,18721300.0,102.65897674560547,98.14814651489257,60.02331076270906,2.6206269743399844,2.419127195749403,0.20149977859058144,109.39631434337284,95.9216391478381,13.47467519553473,-0.0077606827269054435,0.011148171163278375,0.029691497769122277,1,0.01769776375814156,106.22309112548828,104.19696044921876,0
2023-04-12,104.50484466552734,106.85575348889417,104.2565438589955,106.6600938476143,22761600.0,103.20374870300293,98.29255828857421,57.551700095674185,2.4674820032318934,2.428798157245901,0.03868384598599217,108.54295367728074,97.86454372872512,10.678409948555611,-0.008480963417407894,-0.03379249905796289,0.03808222682896267,1,0.01687570234338471,105.3987274169922,104.40552520751952,1
2023-04-13,107.45466613769533,107.52915335326844,105.71656038395147,105.74635527018071,21650700.0,103.7817928314209,98.45782745361328,62.97055122927194,2.554690567770507,2.4539766393508224,0.10071392841968452,108.26481764241474,99.29876802042706,8.966049621987679,0.028226648071761895,0.01159423058732223,0.06172731176920632,1,0.018564429069102845,104.50484466552734,104.23667907714844,1
2023-04-14,108.71603393554688,108.83522106124477,106.8587410088396,106.95806740235778,20758700.0,104.19844207763671,98.61733612060547,65.02651975114443,2.6945250159667467,2.502086314674007,0.19243870129273954,108.88482450144392,99.51205965382951,9.372764847614405,0.01173860422436368,0.03147387639160293,0.08033964035653818,1,0.018141365884819953,107.45466613769533,108.15983581542967,0
2023-04-17,105.69669342041016,105.98472328685942,104.60417130537007,104.71342427462808,29043400.0,104.39509620666504,98.57005966186523,56.884728845672804,2.532516009602844,2.508172253659775,0.024343755943069034,108.98538591671941,99.80480649661068,9.180579420108728,-0.027772725014295063,0.01140472251499336,0.023269279091750805,1,0.019991110660110112,108.71603393554688,106.22309112548828,0
2023-04-18,104.40552520751952,106.32240772509635,104.06783217242112,106.2727445330839,17641400.0,104.55351219177246,98.56807327270508,53.7834993641233,2.273726121427856,2.4612830272133914,-0.1875569057855353,108.90965086511933,100.19737351842558,8.712277346693753,-0.012215786238032988,-0.02837606815760385,0.002001639562244195,1,0.020356717007899566,105.69669342041016,105.3987274169922,0
2023-04-19,104.30620574951172,105.00641588467008,103.09450410586554,103.5066768012728,16732000.0,104.51279106140137,98.59886245727539,53.54169367460832,2.037136182516022,2.3764536582739177,-0.3393174757578956,108.86218403581894,100.1633980869838,8.698785948835138,-0.0009512854593699549,-0.04056281328888023,-0.0009512854593699549,1,0.020352077773712385,104.40552520751952,104.50484466552734,1
2023-04-20,105.1802215576172,106.16150529951382,103.92878339007942,103.93871754390013,22515300.0,104.59622001647949,98.55635330200195,55.440276622050035,1.898280526379665,2.280819031895067,-0.38253850551540225,108.92958022204621,100.26285981091277,8.66672041113344,0.008379327019184313,-0.004886357804389174,0.009051923841226994,1,0.020503859629166787,104.30620574951172,107.45466613769533,1
2023-04-21,105.1901626586914,105.91519680716492,104.76804823513352,105.36893197403585,22379000.0,104.57883911132812,98.67375015258789,55.46257078816944,1.768650678194632,2.17838536115498,-0.4097346829603481,108.89972426749534,100.2579539551609,8.641770312334444,9.451492806333839e-05,0.0075152866633476645,-0.02745633935508085,1,0.016013852588379576,105.1802215576172,108.71603393554688,1
2023-04-24,106.05423736572266,106.5905680074884,104.64389062860116,105.32920326711393,21410900.0,104.61459426879883,98.89861129760742,57.455069511774916,1.7158623045000923,2.085880749824003,-0.3700184453239106,108.97173611640096,100.25745242119669,8.714283695204273,0.008214406035618627,0.016758654038368404,-0.0015896144423640512,1,0.015368867189094474,105.1901626586914,105.69669342041016,0
2023-04-25,103.89898681640624,106.70975367635846,103.8493236256496,105.88539320604784,31408100.0,104.69156761169434,99.09228576660156,51.29128253954731,1.4830210869363896,1.96530881724648,-0.48228773031009053,108.93966510048223,100.44347012290645,8.496194977575783,-0.020322154049197905,-0.012181327651122231,-0.014229209757462224,1,0.016537751605911907,106.05423736572266,104.40552520751952,0
2023-04-26,103.74007415771484,106.292606151167,102.56809404530064,104.84253034725442,37068200.0,104.84501800537109,99.28000091552734,50.858046721309805,1.2710183130870405,1.8264507164145924,-0.555432403327552,108.70511203980226,100.98492397093992,7.720188068862342,-0.0015294918993983275,-0.013785400310499019,-0.007318038797724524,1,0.01634779462036809,103.89898681640624,104.30620574951172,1
2023-04-27,107.63343811035156,108.4081354270428,103.71028075621857,104.51478053531588,38235200.0,105.16631965637207,99.54657669067383,59.81391484477944,1.4010164743773714,1.7413638680071484,-0.34034739362977695,108.82637412910147,101.50626518364267,7.320108945458799,0.037529990066497154,0.014890501161053171,0.0016636966925862584,1,0.018317494527146098,103.74007415771484,105.1802215576172,0
2023-04-28,107.48445892333984,107.5539828490293,105.31927549503187,107.06731536920316,23957900.0,105.50897521972657,99.76746520996093,59.368060079151675,1.4750165063460514,1.6880943956749292,-0.21307788932887783,108.65347949334232,102.36447094611081,6.289008547231504,-0.001384134797022596,0.03450921146391228,-0.011328365905411752,1,0.017872957743259563,107.63343811035156,105.1901626586914,0
2023-05-01,106.9779281616211,107.94133658968804,106.76935637475196,106.98786231648342,20926300.0,105.69321479797364,100.00444351196289,57.79075938337656,1.4757774221234712,1.6456310009646378,-0.16985357884116659,108.72664629158602,102.65978330436126,6.066862987224766,-0.0047125953537154874,0.031211217364118804,0.012121805325686186,1,0.01534280293183954,107.48445892333984,106.05423736572266,0
2023-05-02,105.25968170166016,106.99778735502116,103.78973758641467,106.9282634319883,20343100.0,105.7463508605957,100.23069519042969,52.678001328213625,1.3224875112157548,1.5810023030148614,-0.25851479179910664,108.70949912481092,102.78320259638048,5.926296528430441,-0.01606169131790469,-0.022054079571979357,0.008181142640132144,1,0.01576200152883859,106.9779281616211,103.89898681640624,1
2023-05-03,105.3987274169922,107.3950604140951,104.90212581178544,105.49804622252572,17116300.0,105.79601097106934,100.51018249511719,53.040061866478396,1.198409461314938,1.504483734674877,-0.30607427335993886,108.70031619861544,102.89170574352323,5.808610455092207,0.0013209779194103266,-0.019404958886523604,0.01047417706003162,1,0.015748309024118435,105.25968170166016,103.74007415771484,0
2023-05-04,104.4949188232422,105.57751436615276,103.9883830159156,105.43846650963798,19780600.0,105.80892295837403,100.77655975341797,50.343767137128374,1.0154415348391979,1.4066752947077412,-0.39123375986854336,108.68756620501553,102.93027971173252,5.757286493283004,-0.008575137631161689,-0.02321048258316971,-0.00651550951525226,1,0.015796454311459467,105.3987274169922,107.63343811035156,1
2023-05-05,105.49308013916016,105.71655693366536,104.02711419522396,104.60416655966024,20710600.0,105.67558517456055,101.07740097045898,53.174843168800464,0.9401440161084764,1.3133690389878883,-0.37322502287941184,108.34580317466126,103.00536717445985,5.340436000201407,0.009552247393066038,0.002217358381925605,0.0028797130151003714,1,0.016118676482112695,104.4949188232422,107.48445892333984,1
2023-05-08,107.50432586669922,107.68310276845116,105.0709807494188,105.07594403813356,17266000.0,105.7396469116211,101.45263336181641,58.33008942692994,1.0308775963241885,1.2568707504551484,-0.22599315413095988,108.5185953627438,102.96069846049839,5.557896902245403,0.01906519105220883,0.01997745609751589,0.013673084046382789,1,0.017041732100899064,105.49308013916016,106.9779281616211,0
2023-05-09,107.20635986328124,109.8433132460124,106.99281722693271,108.04064694542788,24782400.0,105.83002853393555,101.8070083618164,57.32318841265077,1.066447898541611,1.218786180072441,-0.15233828153083007,108.67553082694783,102.98452624092326,5.691004586024576,-0.0027716652424522037,0.025948065901898687,0.031832582282243616,1,0.01536747800611274,107.50432586669922,105.25968170166016,1
2023-05-10,111.51686096191406,112.73850430738176,107.74269311564817,107.8122170408348,47533500.0,106.18062934875488,102.24362030029297,66.36788566368222,1.4260207540326064,1.2602330948644742,0.1657876591681322,109.88494976279752,102.47630893471224,7.408640828085282,0.04020751291369229,0.057101193886913704,0.07496415312347149,1,0.019133462246556203,107.20635986328124,105.3987274169922,1
2023-05-11,116.10546875,117.63500276059747,114.14885701191398,115.07253639566636,57115100.0,106.61316947937011,102.76783309936523,72.94198014343677,2.057529216455123,1.419692319182604,0.6378368972725188,112.30082974978959,100.92550920895064,11.375320540838942,0.04114721082090966,0.08000741192466831,0.07871188348515323,1,0.019788971164507504,111.51686096191406,104.4949188232422,1
2023-05-12,117.1185302734375,117.45622333274814,115.75784661419164,116.20478506419184,31293800.0,107.03329429626464,103.27655197143555,74.14365895706223,2.609667202086527,1.6576872957633886,0.9519799063231384,114.30182738094683,99.76476121158245,14.53706616936438,0.008725355785082156,0.09245879090379638,0.0896322263385898,1,0.019525331130653235,116.10546875,105.49308013916016,0
2023-05-15,116.16505432128906,117.9875814245368,115.68832099194547,115.6982475688829,22107900.0,107.5567123413086,103.73223388671875,70.94989541262267,2.936453386075513,1.9134405138258135,1.0230128722496996,115.8063314388347,99.30709324378249,16.499238195052214,-0.008141119513046746,0.04168152976402806,0.0858787071085183,1,0.01981669462363293,117.1185302734375,107.50432586669922,1
2023-05-16,119.27376556396484,120.3762216936363,116.0359286715885,116.0359286715885,32370100.0,108.30012435913086,104.21910186767577,74.766380867898,3.40700695259288,2.212153801579227,1.1948531510136533,117.85614030278518,98.74410841547655,19.112031887308632,0.026761156880086512,0.02728809286999967,0.1331381934255238,1,0.01851628354010803,116.16505432128906,107.20635986328124,1
2023-05-17,120.65433502197266,121.44889308123004,118.64806019895336,119.36316775656262,26659600.0,109.1175308227539,104.76158966064453,76.25812224704532,3.846978883664434,2.5391188179962683,1.3078600656681658,119.88692516304086,98.34813648246696,21.5387886805739,0.01157479560974739,0.030189968575255133,0.14474185769458314,1,0.018093419303725933,119.27376556396484,111.51686096191406,1
2023-05-18,122.68045806884766,123.0578801410531,120.66425675010092,120.73378067221154,27014500.0,109.99254264831544,105.33506484985351,78.28687261634161,4.30947407119298,2.8931898686356106,1.4162842025573696,122.10069650940476,97.88438878722611,24.21630772217864,0.01679279112935328,0.056087467832953486,0.17403276111795551,1,0.016304767310756325,120.65433502197266,116.10546875,0
2023-05-19,122.41229248046876,125.61934186514036,121.88589600512935,123.3558324746576,30268900.0,110.8536491394043,105.94270645141602,77.34483814158448,4.601324908261276,3.2348168765607435,1.3665080317005325,123.88740680300748,97.81989147580111,26.067515327206365,-0.002185886754909272,0.026313639899469443,0.16038220060490982,1,0.017239564553491744,122.68045806884766,117.1185302734375,1
2023-05-22,125.01448822021484,126.18646828720703,122.61093074211966,122.67052808623043,29760200.0,111.80166168212891,106.6351675415039,79.87545046002154,4.985128786533707,3.5848792585553366,1.4002495279783704,126.00669352752548,97.59662983673233,28.41006369079315,0.02125763423768312,0.03613755939600627,0.16287867685647806,1,0.0173091479563888,122.41229248046876,116.16505432128906,0
2023-05-23,122.45203399658205,124.5675542670934,122.21366732973814,124.08088677883804,24477900.0,112.7293140411377,107.26346786499023,71.41577957827677,5.024606943562375,3.8728247955567445,1.1517821480056307,127.17010370834977,98.28852437392563,28.881579334424146,-0.02049725803875624,-0.001861943424904866,0.14220867262673043,1,0.020058808554806316,125.01448822021484,119.27376556396484,0
2023-05-24,120.813232421875,121.91568854157008,119.92928221095389,121.05159905983808,23087900.0,113.58297195434571,107.80754440307618,66.56052687996643,4.86754603563314,4.071769043572024,0.795776992061116,127.81428037706168,99.35166353162974,28.46261684543194,-0.01338321235850426,-0.0130629042736774,0.08336292269862122,1,0.01929393860308998,122.45203399658205,120.65433502197266,1
2023-05-25,123.50482940673828,125.12375564279937,122.06468764613976,124.35898485486452,33812700.0,114.37654151916504,108.35976531982422,70.14999727672108,4.9037362970379945,4.238162494265218,0.6655738027727764,128.95804998964186,99.79503304868823,29.16301694095364,0.022278991555033656,-0.012075870844803771,0.06372964802089287,1,0.016423550688701737,120.813232421875,122.68045806884766,1
2023-05-26,124.57748413085938,125.14360968107697,122.45202977898713,123.22176381435877,25154700.0,115.23119277954102,108.8436540222168,71.46458549442943,4.96177535394277,4.382885066200728,0.5788902877420412,130.09760995716042,100.36477560192162,29.732834355238793,0.008685123725717059,0.017357409794733547,0.0636872221672129,1,0.016422900448098028,123.50482940673828,122.41229248046876,0
2023-05-30,123.79285430908205,125.52102586799192,122.05474859581382,125.43164121138568,27230700.0,116.07193908691406,109.28423889160156,69.06843271296488,4.8881115483110875,4.4839303626228,0.4041811856882873,130.87802150408882,101.26585666973929,29.612164834349528,-0.006298327721509733,0.024663042511786415,0.0656634650787149,1,0.01625212657082393,124.57748413085938,125.01448822021484,0
2023-05-31,122.53148651123048,124.05108625682428,122.26331739286722,122.85923782167312,41548800.0,116.93552932739257,109.71012451171875,65.2791275597249,4.674070832978302,4.521958456693901,0.15211237628440077,131.12006642815032,102.75099222663482,28.369074201515502,-0.010189342550436908,-0.00788101080891579,0.027312971397038366,1,0.015306372747430456,123.79285430908205,122.45203399658205,1
2023-06-01,123.52469635009766,124.19014073818477,122.46196912907176,122.66060675677126,25017700.0,117.84182777404786,110.07820587158203,66.82262515036562,4.532339765855397,4.524034718526201,0.008305047329196569,131.2574697643437,104.42618578375202,26.831283980591692,0.008105751975645337,-0.008450867250263672,0.023789956055886963,1,0.015123713746545293,122.53148651123048,120.813232421875,1
2023-06-02,124.37884521484376,125.88354751888016,123.5048215130662,123.64386936061456,19367500.0,118.83602409362793,110.49554992675782,68.13456062647165,4.437783542751873,4.5067844833713355,-0.06900094061946227,131.0402966414021,106.63175154585375,24.408545095548362,0.006914802383527041,0.004733640798834982,0.013843990907198789,1,0.014388006994805046,123.52469635009766,123.50482940673828,1
2023-06-05,125.76932525634766,127.12008228724162,123.53461793608714,123.7630580184978,22672500.0,119.8498363494873,110.90018081665039,70.2004009578447,4.424049484739442,4.490237483644957,-0.06618799890551497,130.7512266088996,108.948446090075,21.802780518824605,0.011179393401683946,0.02642454472157585,0.027423984208240437,1,0.014629527926374942,124.37884521484376,124.57748413085938,1
2023-06-06,127.04063415527344,128.0040425414935,125.11381738283332,125.739532716262,19450100.0,120.82665176391602,111.33421081542969,71.9884715417623,4.464287619433307,4.485047510802627,-0.02075989136931966,130.56743330202465,111.08587022580737,19.481563076217284,0.010108258880570098,0.028463440178883692,0.016207288962296174,1,0.013443803776440623,125.76932525634766,123.79285430908205,0
2023-06-07,122.10441589355467,128.6694903002165,121.7965177184158,126.70790772443188,34179300.0,121.5715545654297,111.72910873413086,57.54930111188331,4.051165754005822,4.398271159443266,-0.3471054054374436,129.04734015497434,114.09576897588505,14.951571179089285,-0.03885542837959666,-0.018286303570035467,-0.0028388103625708316,1,0.017462955054839566,127.04063415527344,122.53148651123048,0
2023-06-08,121.83623504638672,122.88903559388704,121.18072487297998,121.75181368346898,24815000.0,122.08752326965332,112.152412109375,56.88177156895361,3.65993430178564,4.250603787911741,-0.5906694861261013,127.97115427653786,116.20389226276878,11.767262013769084,-0.0021963239020097447,-0.03127225340475004,0.008467637228175784,1,0.016868923216279585,122.10441589355467,123.52469635009766,1
2023-06-09,122.03488159179688,123.4402650484475,121.58793559912095,121.72698344283192,20304500.0,122.38399391174316,112.5689616394043,57.27707389427521,3.327551728292164,4.065993375987826,-0.7384416476956623,127.59063327247445,117.17735455101187,10.413278721462575,0.0016304389686248033,-0.0394027674433548,-0.01190194603727135,1,0.01514708547435468,121.83623504638672,124.37884521484376,1
2023-06-12,123.50482940673828,123.90211224407092,121.5184227976149,122.5563184322723,22255700.0,122.7033088684082,113.02643127441407,60.18585747710011,3.1464780080485326,3.8820903023999676,-0.7356122943514349,127.33013048185082,118.07648725496558,9.25364322688523,0.012045308650835862,0.011468983352775908,-0.008610341841502889,1,0.015422827634078621,122.03488159179688,125.76932525634766,1
2023-06-13,123.58428192138672,125.00456288601804,123.003258923702,124.79599111076249,19287700.0,123.07427024841309,113.4322541809082,60.343024138129586,2.9750919263133966,3.700690627182653,-0.7255987008692566,126.6044964536623,119.54404404316386,7.060452410498442,0.000643315043064252,0.014347512251461803,-0.0016848499766760616,1,0.015301373446581853,123.50482940673828,127.04063415527344,0
2023-06-14,123.53460693359376,123.94182386845844,121.32970227244762,122.9585548568288,24659600.0,123.28731231689453,113.8190071105957,60.1830638569617,2.8029482230637512,3.521142146358873,-0.7181939232951216,126.35888588265823,120.21573875113083,6.1431471315273996,-0.00040195231157758027,0.012289316974251951,0.00818663390875729,1,0.014889031673028868,123.58428192138672,122.10441589355467,1
2023-06-15,124.9350357055664,125.30252363003528,122.30304562013968,123.0380138915381,24517100.0,123.50134735107422,114.22959732055664,63.14887679910222,2.7478504861102806,3.366483814309155,-0.6186333281988743,126.40096883886757,120.60172586328086,5.799242975586708,0.011336327582484262,0.011580164967622597,0.011417468709832068,1,0.015095943696014661,123.53460693359376,121.83623504638672,0
2023-06-16,123.216796875,125.83885293614736,122.9486353226839,125.83885293614736,56699200.0,123.52816429138184,114.60919967651367,57.49065032081171,2.53630072296923,3.2004471960411705,-0.6641464730719404,126.40676640547731,120.64956217728637,5.757204228190943,-0.01375305830636464,-0.0029735581311260972,-0.009342813384675797,1,0.015637835626372446,124.9350357055664,122.03488159179688,0
2023-06-20,123.00821685791016,124.324215666402,121.99515291111592,122.69536299741416,22698000.0,123.5579605102539,114.90616729736328,56.82502749960992,2.32501403284337,3.0253605634016107,-0.7003465305582406,126.4018722458173,120.71404877469051,5.687823471126791,-0.0016927888273337022,-0.004261073789359804,-0.021953750589101984,1,0.015058847876998635,123.216796875,123.50482940673828,0
2023-06-21,120.43582916259766,122.5712176823766,120.03854634396956,122.39740408124572,22612000.0,123.32902755737305,115.19042205810547,49.251490242019564,1.9277754249096404,2.805843535703217,-0.8780681107935768,126.39553028987528,120.26252482487082,6.133005465004459,-0.02091232407899979,-0.03601236848862799,-0.05198970421230076,1,0.015451397759508103,123.00821685791016,123.58428192138672,1
2023-06-22,123.02809143066406,123.09264449030236,118.78710923648109,119.83990985239453,20781900.0,123.35783042907715,115.54300933837891,55.664190651798236,1.8013697970590528,2.6049487879743847,-0.8035789909153319,126.40157968880732,120.31408116934699,6.0874985194603255,0.021524012298421935,-0.0015314912343271647,0.007564636629641797,1,0.012326656863542793,120.43582916259766,123.53460693359376,0
2023-06-23,122.18385314941406,122.60100424831349,121.0317413888654,121.21051826623972,29573100.0,123.42636146545411,115.89658950805664,53.3019114484473,1.6144589744888265,2.406850825277273,-0.7923918507884467,126.29450934715436,120.55821358375385,5.736295763400506,-0.006862158645497551,-0.0067016962732525664,0.0028531586099569406,1,0.012540069094385969,123.02809143066406,124.9350357055664,0
2023-06-26,118.28057098388672,121.88590361816736,118.18125217474844,120.64042892943591,23185000.0,123.16514854431152,116.11310760498047,44.00379377653857,1.1382475421824836,2.1531301686583153,-1.0148826264758317,126.80492106510057,119.52537602352247,7.279545041578103,-0.0319459737511647,-0.017895490019013915,-0.030764241821188643,1,0.016139380488408114,122.18385314941406,123.216796875,0
2023-06-27,118.20111846923828,119.08009787155268,116.11539320271264,117.03906493174688,27221700.0,122.84633026123046,116.3028092956543,43.83616553236019,0.7458378428573127,1.871671703498115,-1.1258338606408023,127.01415273442021,118.67850778804072,8.335644946379489,-0.0006717292112097262,-0.03923472196710587,-0.04294334855549087,1,0.015301251154057026,118.28057098388672,123.00821685791016,1
2023-06-28,120.25704956054688,120.44575302254566,116.80069896724603,117.1582527381923,19753100.0,122.6695400238037,116.59401641845703,49.22609668278772,0.5939006687000301,1.6161174965384981,-1.022216827838468,126.95992676284979,118.37915328475762,8.58077347809217,0.01739349946881963,-0.01576970720108961,-0.026922779411028386,1,0.01674775595630215,118.20111846923828,120.43582916259766,0
2023-06-29,119.19432830810548,120.08821277976504,118.39976264939926,119.27377881194433,18517500.0,122.50268211364747,116.88979248046876,46.72969259051845,0.38331798882420287,1.3695575949956393,-0.9862396061714365,127.05324907405742,117.95211515323751,9.101133920819905,-0.008837080706078138,0.007725337446530034,-0.035134111268281365,1,0.016837009372734305,120.25704956054688,123.02809143066406,1
2023-06-30,120.14779663085938,121.2005896358522,120.05840439932904,120.27691032358172,23871800.0,122.33383712768554,117.2066242980957,49.217982743016194,0.2900234136560016,1.1536507587277118,-0.8636273450717102,126.96997988341957,117.69769437195151,9.272285511468056,0.007999275941127593,0.016469202549278084,-0.03831782692237817,1,0.016542045247789204,119.19432830810548,122.18385314941406,0
2023-07-03,119.7405776977539,120.19745026934154,118.89139318864773,119.5022110468254,13888300.0,122.10192375183105,117.49783142089844,48.18280652293518,0.18113956193852232,0.959148519369874,-0.7780089574313517,126.76960751091565,117.43423999274646,9.335367518169193,-0.0033893166959740872,-0.004294732530694012,-0.028212218345300966,1,0.016167927772716903,120.14779663085938,118.28057098388672,1
2023-07-05,121.7965087890625,122.53148463160332,119.2439768031758,119.2439768031758,17830300.0,121.9032829284668,117.82995834350587,53.500288334747054,0.2577733314159758,0.8188734817790944,-0.5611001503631186,126.25737615999341,117.54918969694018,8.708186463053238,0.017169877837888148,0.02183141192952265,-0.009850627054022953,1,0.017359989534767056,119.7405776977539,118.20111846923828,0
2023-07-06,120.10807037353516,120.32657630284793,118.43948859587532,119.8200405192174,17732500.0,121.55665473937988,118.11103500366211,49.04864375358064,0.1801862022019094,0.6911360258636574,-0.510949823661748,125.27735434575912,117.83595513300064,7.441399212758483,-0.013862781719396589,-0.00033064490933842894,-0.00272143922071566,1,0.016580558114573252,121.7965087890625,120.25704956054688,0
2023-07-07,119.32343292236328,120.92249069504712,119.27376973089793,120.06833532910896,20997700.0,121.41760559082032,118.41952392578125,47.0878075265855,0.05475299999253025,0.563859420689432,-0.5091064206969017,125.25214785534756,117.58306332629307,7.669084529054487,-0.0065327621094207755,-0.003483737788901986,-0.030112297648611785,1,0.014782089950098679,120.10807037353516,119.19432830810548,0
2023-07-10,116.07566833496094,118.2607124874439,115.8472282498414,118.2607124874439,32960100.0,121.12957725524902,118.66623580932617,39.96579174177279,-0.3032257779414067,0.3904423809632642,-0.6936681589046709,125.60663898086469,116.65251552963335,8.95412345123134,-0.027218162500533105,-0.04697047978616031,-0.049991751422208464,1,0.01666211371272068,119.32343292236328,120.14779663085938,1
2023-07-11,116.9099578857422,117.42145697182896,115.04273843597667,115.96641779505818,18286600.0,120.87333106994629,118.85176620483398,42.37685372485526,-0.5136849044319831,0.2096169238842148,-0.7233018283161979,125.68774231135407,116.0589198285385,9.628822482815565,0.007187462822731749,-0.026626957521229455,-0.011587812662243846,1,0.014012374935648686,116.07566833496094,119.7405776977539,1
2023-07-12,118.80696868896484,120.13785733052732,118.1911799813162,118.4891439702679,22059600.0,120.63843803405761,119.07821640014649,47.53633344977085,-0.5213920773007743,0.06341512364721696,-0.5848072009479912,125.37413973990412,115.9027363282111,9.471403411693018,0.016226255124278,-0.0043282716625699935,0.005125587875754567,1,0.015047244393076841,116.9099578857422,121.7965087890625,1
2023-07-13,123.98155975341795,124.48312465153188,120.23717937113332,120.71392025078217,31535900.0,120.65830192565917,119.41828903198243,58.461950132351426,-0.10870077936638722,0.028991943044496128,-0.13769272241088334,125.4463062776192,115.87029757369915,9.576008703920053,0.043554608972476316,0.06810980743735962,0.030971242072556082,1,0.019809367972813963,118.80696868896484,120.10807037353516,1
2023-07-14,124.84563446044922,126.22618624973646,124.05107647719387,124.27950896108352,20499800.0,120.72385330200196,119.81000808715821,59.96138068326072,0.28480065039516944,0.08015368451463079,0.20464696588053866,125.69978762575208,115.74791897825183,9.951868647500248,0.006969380839777939,0.06787853420033452,0.04741254246372928,1,0.019365180485582587,123.98155975341795,119.32343292236328,0
2023-07-17,124.20999908447266,126.4149115662746,123.65380767556394,125.2032023589752,20675300.0,120.68760147094727,120.18623352050781,58.294332934997314,0.5391479440005611,0.17195253641181685,0.36719540758874425,125.54954518199175,115.8256577599028,9.72388742208895,-0.00509137046500352,0.04547738617633512,0.03381004535683618,1,0.01956706740248186,124.84563446044922,116.07566833496094,0
2023-07-18,123.23665618896484,124.14046717028396,122.46195889710872,124.05604580668826,21045800.0,120.6885944366455,120.56106826782226,55.73882794063433,0.6546331659129976,0.26848866231205304,0.38614450360094454,125.55261158486307,115.82457728842793,9.72803429643514,-0.007836268437985128,-0.006008180296607213,0.029197107266641487,1,0.019790327696778635,124.20999908447266,116.9099578857422,0
2023-07-19,121.94549560546876,124.61721481184262,121.63760501827991,123.94183628886682,22313800.0,120.63545837402344,120.89011657714843,52.45388993940256,0.6346542685465408,0.3417217835589506,0.2929324849875902,125.4195151805154,115.85140156753148,9.568113612983922,-0.010477082253159131,-0.023229797882113434,0.0012232437356993753,0,0.019529053757462334,123.23665618896484,118.80696868896484,0
2023-07-20,118.71758270263672,123.85244166241571,117.87832474792128,121.28998304837812,27541700.0,120.54954605102539,121.11438171386719,45.270765145769275,0.35427143342046463,0.3442317135312534,0.010039719889211207,125.40602161181421,115.69307049023656,9.712951121577646,-0.02647012820609085,-0.04421879415763186,-0.01157697119414236,0,0.02090298435163161,121.94549560546876,123.98155975341795,1
2023-07-21,119.49229431152344,120.47557109782352,118.26072426173562,120.04849334815368,56514600.0,120.37275619506836,121.36010040283203,47.14167160769215,0.19236134696882345,0.31385764021876744,-0.12149629324994399,125.11145380814864,115.63405858198809,9.477395226160553,0.006525668660447792,-0.030383507579920033,0.0014151569815294973,0,0.02092465343108356,118.71758270263672,124.84563446044922,1
2023-07-24,121.0516128540039,122.5116228857852,120.55501121476073,121.09730541816155,22276100.0,120.31614418029785,121.55079544067382,50.788214167071914,0.18770664619211175,0.2886274414134363,-0.10092079522132458,124.99359970915278,115.63868865144293,9.354911057709842,0.013049532201760528,-0.0073301826117205815,0.04286811000462065,0,0.01879934965131448,119.49229431152344,124.20999908447266,1
2023-07-25,121.9554214477539,122.84930584040646,120.70398329804031,121.05160290142214,31820800.0,120.49988670349121,121.66779449462891,52.8198841825267,0.25401938501444477,0.28170583013363804,-0.02768644511919327,125.13154723827,115.86822616871243,9.263321069557577,0.007466307738006384,0.0272734558050034,0.04315683328654263,0,0.018804209427045873,121.0516128540039,123.23665618896484,1
2023-07-26,128.7787322998047,130.47710130804813,127.83519227799408,129.47397151823998,46216900.0,121.02876739501953,121.90099853515625,64.67630378840136,0.8473886998107645,0.39484240406906335,0.45254629574170113,126.77197294318665,115.2855618468524,11.486411096334251,0.05594922120763535,0.07771578947233992,0.08393248073642723,0,0.024816471424171753,121.9554214477539,121.94549560546876,1
2023-07-27,128.9873046875,132.6919638210211,128.3019920018063,130.90419489205476,35931600.0,121.46528015136718,122.15744354248046,64.96612427579745,1.31926059048088,0.5797260413514267,0.7395345491294534,128.15637796163952,114.77418234109484,13.382195620544678,0.0016196182705832118,0.06555626683856786,0.040374914979596666,0,0.02153541676689596,128.7787322998047,118.71758270263672,1
2023-07-28,132.10595703125,133.1587651922078,130.03016590418054,130.07982909702133,26971000.0,122.11086158752441,122.41408737182617,69.05453724403407,1.9227078645474194,0.8483224059906253,1.0743854585567942,130.15555205896692,114.06617111608189,16.08938094288503,0.024177978998054295,0.08323152396996658,0.058154396845176315,0,0.022451973160738534,128.9873046875,119.49229431152344,1
2023-07-31,132.20529174804688,132.9203993357979,131.23195675836118,132.10596535610603,18381900.0,122.71373634338379,122.64510650634766,69.17791797006684,2.3815071265998995,1.1549593501124802,1.2265477764874193,131.81714186794557,113.61033081882199,18.206811049123573,0.0007519321537738932,0.026608116006802573,0.0643691548386276,1,0.022209104648958294,132.10595703125,121.0516128540039,0
2023-08-01,130.9935760498047,132.01657418500386,129.8613249508911,129.96560704872977,22154300.0,123.27638626098633,122.8113688659668,65.73496465732407,2.6171644741989155,1.4474003749297673,1.1697640992691483,132.94845465776146,113.60431786421121,19.34413679355025,-0.00916540996370585,0.015554021902894455,0.06294328409029348,1,0.022308030751251505,132.20529174804688,121.9554214477539,0
2023-08-02,127.76566314697266,129.53356368736996,126.98103168445736,128.95750399425148,22705800.0,123.57484397888183,122.91843627929687,57.52194328475415,2.5144737374856305,1.66081504744094,0.8536586900446905,133.41279666019912,113.73689129756453,19.675905362634595,-0.024641764887804563,-0.03285464169682095,0.04772761398529979,1,0.02388840746195498,130.9935760498047,128.7787322998047,1
2023-08-03,127.89479064941406,128.88799392972774,126.90655065758769,127.49750024424098,15018100.0,123.96417999267578,122.97604232788086,57.74935950796246,2.4156638301416535,1.8117848039810827,0.6038790261605709,133.83877703936037,114.08958294599118,19.749194093369184,0.0010106588833094232,-0.03260460335315207,0.07730285386423663,1,0.02131765443592768,127.76566314697266,128.9873046875,0
2023-08-04,127.66633605957033,131.0332943910306,127.44287442666632,128.71914420987264,20521900.0,124.38132514953614,123.08032836914063,57.1662337797421,2.2924954302676213,1.9079269292383905,0.3845685010292308,134.14070585434672,114.62194444472557,19.51876140962115,-0.0017862697040568198,-0.02540002411239861,0.06840643403110724,1,0.02152842292998288,127.89479064941406,132.10595703125,1
2023-08-07,131.04322814941406,131.16240767971158,128.55027850345567,128.62973657534653,17621000.0,125.12970314025878,123.2849282836914,63.09779864607383,2.4392523728009365,2.0141920179509,0.4250603548500367,134.5150447198227,115.74436156069488,18.770683159127813,0.026450920376285048,0.02565294087403691,0.08254012532208632,1,0.022358796146419217,127.66633605957033,132.20529174804688,0
2023-08-08,130.94390869140625,131.0432350752888,129.2455396745946,130.08975331728277,16836000.0,125.83140068054199,123.43370986938477,62.82224995647454,2.518512215767444,2.1150560575142086,0.40345615825323566,134.74000739771725,116.92279396336673,17.81721343435052,-0.0007579137007718284,0.023840830627343212,0.0737030558949201,1,0.02253863262721092,131.04322814941406,130.9935760498047,0
2023-08-09,129.26539611816406,131.56963491821122,128.62479093757165,131.29153922235432,17745200.0,126.35432205200195,123.52746810913087,58.19675854110233,2.4180109505307854,2.1756470361175237,0.24236391441326166,134.76618406767028,117.94246003633361,16.823724031336667,-0.012818561703377251,0.012525307046076684,0.003779069801886248,1,0.015439466658925002,130.94390869140625,127.76566314697266,1
2023-08-10,129.32501220703125,131.7454452051303,129.15119859334655,131.0730446111846,17855700.0,126.62149467468262,123.63811126708984,58.31415542325199,2.316470662058066,2.2038117613056323,0.11265890075243368,135.05434102355701,118.18864832580823,16.865692697748784,0.0004611913989160943,-0.013111825514735664,0.0026181454085687506,1,0.015434345351672247,129.26539611816406,127.89479064941406,0
2023-08-11,129.2852783203125,129.553447468379,127.87493138116484,128.32385517342402,15205500.0,126.84347686767578,123.77318710327148,58.196847238589505,2.2073481241482398,2.204519033874154,0.0028290902740857327,135.31131047077315,118.37564326457841,16.935667206194736,-0.0003072405410264878,-0.01266672415440584,-0.021351639050389393,1,0.012985346121809365,129.32501220703125,127.66633605957033,1
2023-08-14,130.93399047851562,131.01344855968142,128.7092096711116,128.96745222367028,17526200.0,127.17967643737794,123.92137298583984,61.64469615070673,2.228219491692073,2.209259125437738,0.01896036625433517,135.73604860087343,118.62330427388244,17.112744326990992,0.012752512734809152,0.012908283349290617,-0.009616114852301516,1,0.01380483419652892,129.2852783203125,131.04322814941406,0
2023-08-15,129.3845672607422,131.09287774151238,128.93662867838805,130.6955874232658,14769200.0,127.4870719909668,124.02148742675782,56.89543033059747,2.09557817548162,2.1865229354465145,-0.09094475996489448,135.89518494617184,119.07895903576176,16.816225910410083,-0.011833620988032756,0.0004605068477827601,-0.012283112176819544,1,0.014007069177601026,130.93399047851562,130.94390869140625,0
2023-08-16,128.2324676513672,130.00830942211613,127.58689162386746,128.40131037925053,17548400.0,127.80142059326172,124.07075027465821,53.58934639574925,1.8758703016289218,2.124392408682996,-0.2485221070540744,135.8183035575611,119.78453762896233,16.033765928598783,-0.008904459270271614,-0.008143314402254687,0.0036535990413759656,1,0.011781294393575819,129.3845672607422,129.26539611816406,1
2023-08-17,129.5732879638672,131.59047420025007,128.96743344389486,129.56334623324454,23665600.0,128.34420585632324,124.12140335083008,56.73991601965863,1.7893170886203507,2.057377344670467,-0.2680602560501164,135.21564163985914,121.47277007278734,13.742871567071802,0.010456168683779632,-0.010392278656409792,0.013124047554479601,1,0.012204357764533368,128.2324676513672,129.32501220703125,0
2023-08-18,127.23927307128906,128.9475839288437,126.136816821996,128.182813158233,23627200.0,128.73155479431153,124.22410049438477,50.33440135047267,1.5149244421131272,1.948886764158999,-0.43396232204587193,134.316300143986,123.14680944463706,11.169490699348955,-0.018013086873499673,-0.016580757928647105,-0.003345149563013905,1,0.013662476997755515,129.5732879638672,129.2852783203125,1
2023-08-21,128.05368041992188,128.38143929227465,126.29572167968156,126.9810267302367,21851100.0,129.08165817260743,124.34844940185548,52.35555958923489,1.3476473201865957,1.8286388753645184,-0.4809915551779227,133.43994822845784,124.72336811675703,8.716580111700807,0.006400597307535172,-0.001394243086168978,-0.022813446919084934,1,0.010386972332772065,127.23927307128906,130.93399047851562,1
2023-08-22,128.80853271484375,130.05996336176372,128.04873283009252,128.25234131621266,15557900.0,129.4243137359619,124.4839224243164,54.21537269688299,1.2614480792956186,1.7152007161507385,-0.4537526368551199,132.31970842441768,126.52891904750612,5.790789376911562,0.005894811398208244,-0.005902105758377463,-0.016307562512089868,1,0.010701890843170053,128.05368041992188,129.3845672607422,1
2023-08-23,132.3046112060547,133.1587666047098,129.62295031499127,129.96065093684385,26497000.0,129.60060768127443,124.65991806030273,61.676811584222094,1.4584270371067305,1.6638459803419372,-0.2054189432352067,132.73666568558883,126.46454967696002,6.272116008628814,0.02714166847122268,0.03980954946141235,0.02351143600033856,1,0.013210323379354356,128.80853271484375,128.2324676513672,0
2023-08-24,129.5335693359375,134.05264726921672,129.41438979253613,133.81130263179728,18680400.0,129.6279209136963,124.77890380859375,54.144871948034556,1.3750832561561595,1.6060934355047818,-0.23101017934862234,132.75162808167437,126.50421374571822,6.247414335956151,-0.02094440885209581,0.01155678549154282,0.0016126588766323113,1,0.015151839210846335,132.3046112060547,129.5732879638672,1
2023-08-25,129.8017120361328,130.50687773112531,127.16971479961782,129.25544731496356,20678100.0,129.51270866394043,124.90424591064453,54.72109208789686,1.3155052584907594,1.5479758001019772,-0.23247054161121783,132.42515764927393,126.60025967860693,5.824897970666996,0.002070063394145283,0.007710508771090252,0.003994528398978403,1,0.01516052284436563,129.5335693359375,127.23927307128906,1
2023-08-28,130.89422607421875,132.3343826513987,129.96062791763316,131.1822634516852,16715500.0,129.44715538024903,125.02342971801758,57.087192558268214,1.3409879441729515,1.506578228916172,-0.16559028474322046,132.16687733261412,126.72743342788394,5.439443904730183,0.008416792205189205,-0.010660135871147891,-0.00030369810124586394,1,0.014829633679778452,129.8017120361328,128.05368041992188,1
2023-08-29,134.56912231445312,136.36184701971675,132.0761722999378,132.0940552941573,30803300.0,129.62593269348145,125.25047622680664,63.917451666665364,1.6388252134392474,1.5330276258207873,0.10579758761846003,133.09546693669623,126.15639845026666,6.939068486429562,0.02807531203210334,0.03887450183246499,0.04007089225149052,1,0.016541915937476566,130.89422607421875,128.80853271484375,1
2023-08-30,135.9993133544922,136.31714566801028,134.10329175046678,134.64857148727685,21773400.0,130.03761520385743,125.51029815673829,66.17395085497654,1.9675867442528556,1.6199394495072013,0.34764729474565437,134.37254467967782,125.70268572803704,8.669858951640776,0.01062792872124918,0.04774668393151971,0.06056848039640905,1,0.015984886840152125,134.56912231445312,132.3046112060547,1
2023-08-31,136.41647338867188,137.4593246842881,135.89007687495427,136.1185093806048,28147900.0,130.4636993408203,125.82991104125976,66.82563024366223,2.236018524747891,1.7431552645553394,0.49286326019255156,135.4921235201651,125.43527516147552,10.056848358689592,0.00306736867922508,0.04218862420502756,0.05281324208360738,1,0.015927331111829823,135.9993133544922,129.5335693359375,0
2023-09-01,135.87022399902344,137.63812478459252,135.0160684949219,137.48913518609672,16671600.0,130.87389373779297,126.08675369262696,65.058138886374,2.3772711818048435,1.8699784480052402,0.5072927337996034,136.24912075296933,125.49866672261662,10.750454030352714,-0.004004277314016869,0.009668649554910314,0.06783244449140047,1,0.014170785685494328,136.41647338867188,129.8017120361328,0
2023-09-05,135.7808380126953,136.43634071242855,134.63864505565655,135.512668862075,17730200.0,131.11077423095702,126.35869338989258,64.75631091107368,2.453717302449462,1.9867262188940846,0.46699108355537744,136.89683520430685,125.32471325760719,11.572121946699667,-0.000657877669567708,-0.001606444447461275,0.0603431121029403,1,0.014360471377566589,135.87022399902344,130.89422607421875,0
2023-09-06,134.44993591308594,136.5455956388084,133.77456489308247,136.08375970703423,15814300.0,131.28607559204102,126.68208068847656,60.27258525318649,2.3794795679149843,2.0652768886982646,0.3142026792167196,137.25097380112652,125.3211773829555,11.929796418171023,-0.009801840370766701,-0.014415689152020295,0.04379681283018044,1,0.01520261467405103,135.7808380126953,134.56912231445312,1
2023-09-07,135.2742919921875,135.6517141113346,133.04952620794418,133.6851757398823,16976000.0,131.58652038574218,127.02354415893555,62.02643244136836,2.359960123317279,2.1242135356220677,0.2357465876952114,137.71705765845752,125.45598311302683,12.261074545430688,0.006131323704270608,-0.0043860383040232875,0.022445784459528495,1,0.013003021095139674,134.44993591308594,135.9993133544922,1
2023-09-08,136.26747131347656,136.58033273550848,134.94650928438494,134.94650928438494,17810700.0,131.93364334106445,127.34375259399414,64.08369895307601,2.3970009587544894,2.1787710202485524,0.21822993850593697,138.29453056980864,125.57275611232028,12.721774457488365,0.007341966508658038,0.003583961536131941,0.051985767180360076,1,0.010148480832140322,135.2742919921875,136.41647338867188,1
2023-09-11,136.8038330078125,137.32427361716273,135.6219186127161,136.4462792005151,17180800.0,132.30957107543946,127.69594268798828,65.18079041019381,2.4414919939442825,2.2313152149876982,0.21017677895658426,138.88502404176063,125.73411810911828,13.150905932642345,0.003936094866705764,0.017507610388510786,0.053944750510921624,1,0.010103087340625544,136.26747131347656,135.87022399902344,0
2023-09-12,135.14517211914062,136.70449332504472,135.00610911668778,136.1979651285559,15212900.0,132.5201301574707,127.99589019775391,59.16238502907699,2.31621154328505,2.2482944806471687,0.06791706263788111,139.17512252893735,125.86513778600406,13.309984742933295,-0.012124374384869463,-0.0009545041496452633,0.03247619220813869,1,0.011406125930970947,136.8038330078125,135.7808380126953,1
2023-09-13,136.56546020507812,136.76409784345125,134.0129203289883,134.97632878793237,16394900.0,132.8791748046875,128.33238784790038,62.36671660020822,2.304961105398462,2.2596278055974275,0.04533329980103451,139.593328461884,126.165021147491,13.428307314392995,0.01050935126772723,0.002186794021561189,0.014835036866481799,1,0.00800531101340014,135.14517211914062,134.44993591308594,1
2023-09-14,138.04531860351562,138.60150997223292,136.1284285416027,137.4493906198453,19064600.0,133.36981735229492,128.65736404418945,65.41202071753773,2.387930678947896,2.285288380267521,0.102642298680375,140.08817799836353,126.65145670622631,13.436721292137221,0.010836256812046141,0.009074932831978577,0.015044232199102225,1,0.008031924073799624,136.56546020507812,135.2742919921875,0
2023-09-15,137.36000061035156,138.41279353936486,136.2476027612339,137.85660219234484,48958800.0,133.75915298461913,129.0024026489258,62.87461140782769,2.3710532037390806,2.3024413449618333,0.06861185877724729,140.45479531671762,127.06351065252066,13.39128466419696,-0.00496444211290048,0.016388513599719268,0.006916519671282151,1,0.008258756186912424,138.04531860351562,136.26747131347656,1
2023-09-18,138.0155487060547,138.97894204444447,136.6945863886662,136.6945863886662,16233600.0,134.29796676635743,129.3762449645996,64.3011524423797,2.383103996281278,2.3185738752257223,0.06453012105555578,140.526285894699,128.06964763801588,12.456638256683107,0.004772481747162383,0.010618266864835357,0.01578951328619782,1,0.008166736850321762,137.36000061035156,136.8038330078125,0
2023-09-19,137.88641357421875,138.22906991920226,136.56545138944225,137.31035385156648,15479100.0,134.78960342407225,129.81245986938475,63.78123935711996,2.355086242072076,2.325876348594993,0.02920989347708325,140.49944584352144,129.07976100462307,11.419684838898377,-0.0009356564028228931,-0.00115110770074911,0.015507162809869968,1,0.008175729480046115,138.0155487060547,135.14517211914062,0
2023-09-20,133.67523193359375,137.89634606670882,133.60571558145466,137.88641948928324,21473500.0,135.03293838500977,130.14776535034179,49.67543344536963,1.9703617027179234,2.254773419419579,-0.28441171670165577,140.07864708053341,129.98722968948613,10.091417391047287,-0.03054094693933196,-0.026825630899714237,-0.005762025650893454,1,0.012738266482573517,137.88641357421875,136.56546020507812,0
2023-09-21,130.46717834472656,132.28474209437664,130.19900922623293,131.49017647055624,22058400.0,134.94106674194336,130.38096954345704,42.04659965167207,1.3905719716023839,2.0819331298561403,-0.6913611582537564,140.24256594074447,129.63956754314225,10.60299839760222,-0.023998863083782518,-0.05469217368692736,-0.03553604736470228,1,0.014443689647942811,133.67523193359375,138.04531860351562,0
2023-09-22,130.35794067382812,132.10597312722533,129.62296473343812,130.7850108431209,17348700.0,134.9822853088379,130.50849716186522,41.81113595621318,0.9117596675330617,1.8478984373915248,-0.9361387698584631,140.12542648383172,129.8391441338441,10.28628234998763,-0.0008372808570275003,-0.05459909142055064,-0.04336714098153227,1,0.013984746946185145,130.46717834472656,137.36000061035156,1
2023-09-25,131.27166748046875,131.32133067237535,129.1462132005402,129.88118903755412,14650000.0,135.0557830810547,130.63701782226562,44.60553280798921,0.5991212866120748,1.5981430072356348,-0.9990217206235601,139.9359841530088,130.1755820091006,9.760402143908209,0.007009368220436185,-0.01798062676501677,-0.04043867343269414,1,0.014218516458396675,130.35794067382812,138.0155487060547,0
2023-09-26,128.57015991210938,130.51187411815656,127.3187292512261,130.0242139812398,20378800.0,134.93957977294923,130.72422103881837,38.689674235796105,0.13184421591753903,1.304883248972016,-1.1730390330544769,140.2978724022414,129.58128714365705,10.71658525858436,-0.020579517425276195,-0.014540196673869965,-0.04865147680773152,1,0.01498428201071101,131.27166748046875,137.88641357421875,1
2023-09-27,130.56649780273438,130.82472517586547,128.5006333524518,128.5602231189376,18764200.0,134.73944854736328,130.87081787109375,44.542942376394976,-0.07650652586926299,1.0286052940037602,-1.1051118198730232,140.42701492581037,129.0518821689162,11.375132756894175,0.015527225695213476,0.001599880512289431,-0.04392737660998036,1,0.01562687209759656,128.57015991210938,133.67523193359375,1
2023-09-28,132.2251434326172,133.26799464147877,129.80172526272474,129.80172526272474,18201400.0,134.55074005126954,131.07641082763672,48.9073700111926,-0.10655880578713095,0.8015724740455821,-0.908131279832713,140.30859224621253,128.79288785632656,11.515704389885968,0.012703455004121844,0.00726337960390655,-0.0421613367970467,1,0.015838491820240982,130.56649780273438,130.46717834472656,0
2023-09-29,130.95387268066406,133.9732043098925,130.42747609778897,133.16871199097326,23237300.0,134.27761001586913,131.32113662719726,45.924179370208165,-0.2303016058126559,0.5951976580739344,-0.8254992638865903,140.17216348775702,128.38305654398124,11.789106943775778,-0.00961444033222758,0.018540171142232387,-0.04663750656102372,1,0.015931920677972815,132.2251434326172,130.35794067382812,1
2023-10-02,134.25128173828125,134.43999278095146,131.16738988460972,131.25677454006015,19210400.0,134.19666290283203,131.61631637573242,53.7964729664122,-0.06158539490235171,0.4638410474786772,-0.5254264423810289,140.0458000758074,128.34752572985667,11.698274345950722,0.02517992778768785,0.02822151162478148,-0.027274223832494227,1,0.018390233323771432,130.95387268066406,131.27166748046875,0
2023-10-03,132.3939971923828,134.320813935823,131.91229300652276,134.01290819587905,19628700.0,134.0273208618164,131.8431640625,49.4314012121546,-0.07685795246706562,0.35570124748952864,-0.43255919995659425,139.87930320439443,128.17533851923838,11.703964685156052,-0.01383438967472328,0.0012770170285478777,-0.03983290477621704,1,0.018709433562154206,134.25128173828125,128.57015991210938,1
2023-10-04,135.34381103515625,135.64177504098322,132.52310228908374,132.75154994809577,22848000.0,134.07201461791993,132.11093185424804,55.59420176617027,0.14736502780993987,0.3140340035536109,-0.166668975743671,139.9498216740842,128.19420756175566,11.755614112328544,0.022280570912041053,0.03352278374536666,0.012482335563789526,1,0.017785460711786844,132.3939971923828,130.56649780273438,0
2023-10-05,135.0657196044922,135.57224782184414,133.54114893132785,135.20476745759348,15922900.0,134.06158599853515,132.2366716003418,54.91474188303445,0.29917499762859734,0.3110622023686082,-0.01188720474001087,139.93155844380422,128.19161355326608,11.73994489053814,-0.0020547037100339116,0.006066518365155371,0.03524672885631919,1,0.015514513473444267,135.34381103515625,132.2251434326172,1
2023-10-06,137.78709411621094,138.2400036865355,134.0228601531263,134.0228601531263,20826700.0,134.13756713867187,132.41266738891602,60.0591667830313,0.6317947356278353,0.37520870902045367,0.2565860266073816,140.15721663976666,128.11791763757708,12.03929900218958,0.020148521176858614,0.04073520732206126,0.05699041733845345,1,0.016252682951822917,135.0657196044922,130.95387268066406,1
2023-10-09,138.55184936523438,139.01865609163104,135.77087731470144,137.05211795696582,16599100.0,134.22496795654297,132.5415852355957,61.39236376205822,0.9462004221803966,0.48940705165244225,0.4567933705279543,140.4443736582425,128.00556225484343,12.438811403399086,0.005550267635214379,0.02370288161344014,0.05545889699198647,1,0.01624593667019988,137.78709411621094,134.25128173828125,0
2023-10-10,138.25389099121094,139.78343250100227,137.48912023631527,138.561781577511,19554900.0,134.3804039001465,132.66255722045898,60.54441598279055,1.1579779938059573,0.6231212400831453,0.534856753722812,140.83497243535933,127.92583536493365,12.909137070425686,-0.00215051892405993,0.02360459334947862,0.07531865158852846,1,0.013818945537378004,138.55184936523438,132.3939971923828,1
2023-10-11,140.73690795898438,141.25337793081044,138.8895491704142,138.89949090290392,20146300.0,134.5889762878418,132.8574238586426,64.89575716661973,1.5087796898727959,0.8002529300410754,0.7085267598317204,141.56132021015256,127.61663236553105,13.944687844621512,0.01795983425834491,0.02140849156950453,0.07789448539560206,1,0.013998667906129601,138.25389099121094,135.34381103515625,0
2023-10-12,139.33645629882812,141.4122622967003,138.50216933163898,141.19375640218746,18173100.0,134.6535331726074,133.08883972167968,60.821531051672544,1.6547133114526105,0.9711450063233824,0.6835683051292281,141.77500508898962,127.5320612562252,14.24294383276441,-0.009950848576013804,0.005662912023104427,0.05378185027142668,1,0.014888821956901563,140.73690795898438,135.0657196044922,0
2023-10-13,137.6381072998047,140.37934279597587,137.0322527150799,139.69403013316338,19438700.0,134.66743850708008,133.2837060546875,56.21254324464366,1.614710806369942,1.0998581663326945,0.5148526400372475,141.81104629085056,127.52383072330959,14.287215567540969,-0.01218883445249297,-0.004454006227176621,0.051042664736157706,1,0.015195445166331869,139.33645629882812,137.78709411621094,1
2023-10-16,139.53514099121094,139.9473137040504,138.37309491618828,138.78029676276267,17345600.0,134.7434181213379,133.52108215332032,59.87054770714744,1.7162988725698085,1.2231463075801172,0.4931525649896913,142.05812779945379,127.428708443222,14.629419356231779,0.013782765025053045,-0.00853910310523287,0.03935797993519641,1,0.013893140590701139,137.6381072998047,138.55184936523438,1
2023-10-17,140.03173828125,140.28996568260703,137.58746642254545,139.07825644802168,17424000.0,134.85068435668944,133.70085235595704,60.793889002357204,1.8159462994523778,1.3417063059545695,0.4742399934978083,142.40558577454505,127.29578293883384,15.109802835711207,0.003558940683410672,0.0049899502319101785,0.05768948178042188,1,0.012430434889088795,139.53514099121094,138.25389099121094,0
2023-10-18,138.33334350585938,141.02493090489875,137.76225468439802,139.79335345416348,18304900.0,135.08358993530274,133.84864105224608,56.04436624721906,1.7378386170705085,1.4209327681777573,0.3169058488927512,142.76532155450073,127.40185831610475,15.36346323839598,-0.012128641665359097,0.0050511898172234115,0.02208843129093352,1,0.012086478513026353,140.03173828125,140.73690795898438,0
2023-10-19,138.03538513183594,140.0466308307612,137.6579781976682,138.84981908124664,21831200.0,135.4620002746582,134.02404083251952,55.22917365288374,1.6330699515549725,1.4633602048532004,0.16970974670177208,142.93973996733237,127.98426058198405,14.955479385348326,-0.0021539157984048485,-0.010748230508252132,0.02198681897997301,1,0.012090447161318801,138.33334350585938,139.33645629882812,0
2023-10-20,135.81060791015625,138.0949630937213,135.31896203197488,137.64802469498372,24970300.0,135.7346336364746,134.15375274658203,49.44589494849032,1.3549006494750984,1.44166829377758,-0.08676764430248163,142.83627398828298,128.6329932846662,14.20328070361677,-0.01611744133255999,-0.030144097494638866,-0.014344494444361366,1,0.011549741203461585,138.03538513183594,137.6381072998047,1
2023-10-23,136.9627227783203,138.07512072917788,134.1916923655936,135.30407516137225,20780700.0,136.0191864013672,134.3073016357422,52.235269557052426,1.2134278735170767,1.3960202097254795,-0.18259233620840276,142.83295494663884,129.20541785609555,13.627537090543285,0.00848324652906518,-0.009908100916255269,-0.011469544392186282,1,0.011780332027666424,135.81060791015625,139.53514099121094,1
2023-10-24,139.1676483154297,139.75364980879309,137.8069645778721,138.21418158789808,26535200.0,136.5490608215332,134.47197479248047,57.11240623724272,1.2646506374958335,1.3697462952795503,-0.10509565778371677,142.56481825857088,130.53330338449553,12.031514874075356,0.01609872739371676,0.008202702390494476,0.006609270217768026,1,0.012953034458966181,136.9627227783203,140.03173828125,0
2023-10-25,125.80904388427734,129.2157386423228,125.23298422634004,128.8879797771993,58796100.0,136.31118812561036,134.40046432495117,34.27688942790911,0.22472680123345867,1.140742396470332,-0.9160155952368734,143.5135755472325,129.1088007039882,14.404774843244297,-0.09598929487458518,-0.07364346702943347,-0.1060692912129172,1,0.03209420724788126,139.1676483154297,138.33334350585938,0
2023-10-26,122.60100555419922,124.60727268606844,121.48861524118378,123.62400363880585,33907400.0,135.82998123168946,134.28783508300782,31.064636021052166,-0.8485012199040796,0.7428936731954497,-1.5913948930995292,145.06051822873206,126.59944423464685,18.46107399408521,-0.025499266436115442,-0.10485858438552009,-0.12010819845121656,1,0.03243087071919861,125.80904388427734,138.03538513183594,0
2023-10-27,122.56128692626952,123.59421925232624,120.63447012790029,123.18700226811843,37367700.0,135.41035194396972,134.14759506225585,31.025868171632666,-1.6828482925970718,0.25774528003694547,-1.9405935726340173,146.1320505543199,124.68865333361954,21.443397220700362,-0.00032396657556077457,-0.11932630600699035,-0.10953957933099656,1,0.032648259572749284,122.60100555419922,135.81060791015625,1
2023-10-30,124.8953094482422,125.6898750840977,123.03801663151516,123.6140763386334,24165600.0,134.94255332946778,134.10071578979492,36.074514668708574,-2.1311714299331186,-0.22003806195706732,-1.9111333679760514,146.60119878703767,123.28390787189791,23.317290915139765,0.0190437174780711,-0.007262867658986538,-0.10491859927880731,1,0.03313131341232451,122.56128692626952,136.9627227783203,0
2023-10-31,124.44837188720705,125.6998025427816,123.08271740055687,125.41177268720156,21123400.0,134.54527206420897,134.02860961914064,35.53808932243017,-2.4937880360774614,-0.6747880567811462,-1.8189999792963152,147.03603767093847,122.05450645747946,24.981531213459007,-0.0035784975673596175,0.01506811730178792,-0.11128453153058904,1,0.03287057890330143,124.8953094482422,139.1676483154297,1
2023-11-01,126.70293426513672,126.87177699365124,124.0759150866492,124.48808775404078,26536600.0,134.113228225708,133.98649765014648,40.356173421704455,-2.569618998936022,-1.0537542452121214,-1.5158647537239007,147.05330154319887,121.17315490821716,25.880146634981713,0.018116447356764764,0.03379245961539823,-0.08407524134071143,1,0.03414412246081958,124.44837188720705,125.80904388427734,1
2023-11-02,127.7060775756836,129.20580904934013,127.23927082893424,128.67941253152986,24091700.0,133.74524612426757,133.89452697753907,42.418418153429585,-2.5197244863862807,-1.3469482934469532,-1.1727761929393274,146.97145956875755,120.51903267977758,26.45242688897997,0.007917285549581043,0.022504993501026638,-0.07483086707286646,0,0.03448880347967104,126.70293426513672,122.60100555419922,1
2023-11-03,129.48390197753906,129.8414557513251,128.1331449604673,128.21260303853958,19529400.0,133.330086517334,133.89353363037108,45.983054964492275,-2.310097785108013,-1.539578191779165,-0.770519593328848,146.54401083343586,120.11616220123214,26.42784863220372,0.013921220004598833,0.0404628040847006,-0.04658476999677774,0,0.03492968211490441,127.7060775756836,122.56128692626952,1
2023-11-06,130.55657958984375,130.665832566441,129.04690622824918,129.3349436915877,15360400.0,132.93032302856446,133.9086309814453,48.07186737275374,-2.0339647163430925,-1.6384554966919507,-0.39550921965114183,145.97078541036984,119.88986064675909,26.080924763610753,0.008284254613293518,0.03041480725807788,-0.046772896000652375,0,0.03492172149777377,129.48390197753906,124.8953094482422,1
2023-11-07,131.50009155273438,132.3741151780464,130.24866103428275,131.08294804658382,19223800.0,132.59263305664064,133.92074829101563,49.90676311612577,-1.7191761472927567,-1.654599626812112,-0.06457652048064477,145.41209319765431,119.77317291562697,25.638920282027343,0.007226843456337173,0.029708953943889727,-0.05509582762594689,0,0.03445832659425685,130.55657958984375,124.44837188720705,1
2023-11-08,132.354248046875,132.63234372011158,131.26173366061062,131.4603712621971,15093600.0,132.17350006103516,133.87645080566406,51.574982613454736,-1.3848173355721087,-1.6006431685641114,0.21582583299200264,144.43650912001434,119.91049100205598,24.52601811795836,0.006495482125182361,0.022167590144401395,0.052024909819822884,0,0.012941023943074647,131.50009155273438,126.70293426513672,0
2023-11-09,130.79493713378906,133.04951273258644,130.6161526699025,132.45358472640288,17976500.0,131.7464241027832,133.77236328125,48.405771308288514,-1.2314633840078102,-1.5268072116528513,0.2953438276450411,143.56887369752064,119.92397450804577,23.64489918947487,-0.011781343901660746,0.001825703037672488,0.06683413029567276,0,0.00963455369290925,132.354248046875,127.7060775756836,1
2023-11-10,133.14881896972656,133.35739831059152,129.9804983273355,130.63601607853604,20872900.0,131.5219596862793,133.70701019287108,53.09172695169522,-0.9095064563084918,-1.4033470605839795,0.4938406042754877,143.0553778013376,119.988541571221,23.066836230116607,0.01799673509938482,0.012537842350710537,0.08638561416074464,0,0.009923526480682966,130.79493713378906,129.48390197753906,0
2023-11-13,132.73165893554688,133.19846559530873,131.86757710602342,132.4535632856985,16409900.0,131.1817855834961,133.64423889160156,52.1871134916962,-0.6801739777172884,-1.2587124440106414,0.578538466293353,142.1365708057418,120.22700036125039,21.909570444491408,-0.003133035932331718,0.002851520780339456,0.06274334498167944,0,0.009748171003906072,133.14881896972656,130.55657958984375,1
2023-11-14,134.50950622558594,136.30721680296887,134.18176249600617,134.7280121486915,22317300.0,130.9056739807129,133.61881225585938,55.654943859554535,-0.35092368813170083,-1.0771546928348534,0.7262310047031526,141.2135729509507,120.59777501047509,20.615797940475602,0.013394297218136675,0.0283999455422137,0.08084584945392237,0,0.009335640341264887,132.73165893554688,131.50009155273438,1
2023-11-15,135.45306396484375,135.90992897259557,134.41019752225017,135.711291353787,15840900.0,130.76166000366212,133.63887481689454,57.42007307956695,-0.013695365944272453,-0.8644628274567373,0.8507674615124649,140.7251692898967,120.79815071742752,19.927018572469194,0.007014803382560775,0.017305786209347307,0.06906019778039729,0,0.008610222213448062,134.50950622558594,132.354248046875,1
2023-11-16,137.75729370117188,137.93607817454426,135.1551059232679,136.0291296706895,17615100.0,130.7477554321289,133.68853485107422,61.455047528454074,0.43448412887767063,-0.6046734361898557,1.0391575650675264,140.67131863625806,120.82419222799975,19.84712640825832,0.01701127806843994,0.037863120267828565,0.07870585579242717,0,0.009208581981564724,135.45306396484375,130.79493713378906,0
2023-11-17,136.00926208496094,137.0620551562761,134.55917860130444,136.88328583703222,25565300.0,130.75768814086913,133.68337066650392,57.0391676947276,0.6412264061044937,-0.35549346773098583,0.9967198738354794,140.7018777730232,120.81349850871509,19.888379264308114,-0.012689212812229234,0.011149813135584274,0.050395145711269906,0,0.0108850355976226,137.75729370117188,133.14881896972656,1
2023-11-20,136.98257446289062,137.48414689533257,134.569098120999,134.57902469651415,19569400.0,130.75868072509766,133.68694549560547,58.813763471420344,0.8735397029563217,-0.10968683359352435,0.983226536549846,140.70535124710506,120.81201020309028,19.893341044014775,0.007156221297059062,0.01129181174110494,0.04922000019634987,0,0.010852808798303118,136.00926208496094,132.73165893554688,1
2023-11-21,137.67782592773438,138.02048225208836,136.76905164689023,137.00245501050702,17648100.0,130.6841896057129,133.73759857177734,60.082197067253446,1.101058332124552,0.13246219955009092,0.968596132574461,140.39741901955284,120.97096019187296,19.42645882767988,0.0050754737788352156,-0.0005768679922667497,0.04697893592357372,0,0.010822160318467092,136.98257446289062,134.50950622558594,1
2023-11-22,139.0683135986328,140.14097485234876,138.05524211094365,138.1545684910402,17306400.0,131.34715309143067,133.78765563964845,62.565327744935985,1.3776880884719276,0.3815073773344583,0.9961807111374693,141.4414109233363,121.25289525952505,20.188515663811245,0.01009957603215117,0.022491494084873276,0.050727994385038055,0,0.010949562014976653,137.67782592773438,135.45306396484375,0
2023-11-24,137.28054809570312,138.72764589165334,136.5356456925598,138.59156844459474,8828600.0,132.08113021850585,133.7723602294922,57.60383419603577,1.4361068820890353,0.5924272782853737,0.8436796038036616,141.64570900648437,122.51655143052733,19.129157575957038,-0.012855304394424394,0.0021752667007526316,0.049586100991661386,0,0.011136278691551467,139.0683135986328,137.75729370117188,0
2023-11-27,137.11172485351562,138.68098795774316,136.60518144814702,136.63499149118078,17886400.0,132.80865211486815,133.76739471435548,57.14299640749377,1.4520433206505743,0.7643504867584139,0.6876928338921604,141.54363397903424,124.07367025070208,17.46996372833216,-0.0012297681246858927,-0.004111781039569107,0.02976298186084625,0,0.010249696155744562,137.28054809570312,136.00926208496094,1
2023-11-28,137.67782592773438,137.71756254349978,136.10856301672683,136.69456443617818,17046900.0,133.44777793884276,133.76064025878907,58.34635787102601,1.493140692160381,0.9101085278388072,0.5830321643215737,141.6260144959445,125.26954138174102,16.35647311420348,0.004128757586731258,-0.009998594467115929,0.03726441025339189,0,0.010022857941476029,137.11172485351562,136.98257446289062,0
2023-11-29,135.47291564941406,138.72069448225272,135.36863355280897,138.04035268879304,21014700.0,133.99900512695314,133.71237030029297,52.19862503715036,1.3324333605466734,0.9945734943803806,0.3378598661662928,141.09058620772612,126.90742404618015,14.183162161545965,-0.01601499924524985,-0.013167433196936917,0.007162389119267143,1,0.011120323993771398,137.67782592773438,137.67782592773438,0
2023-11-30,133.00978088378906,136.0291273292303,131.8874563324484,135.47292076448537,29913500.0,134.31434745788573,133.69906127929687,46.32629161142031,0.9948492492262915,0.9946286453495629,0.00022060387672862003,140.59462945784304,128.03406545792842,12.56056399991462,-0.01818175060171634,-0.029916799413827744,-0.018037857613090513,1,0.012336139783890254,135.47291564941406,139.0683135986328,0
2023-12-01,132.4138641357422,132.59263344572554,131.2537883158629,132.4138641357422,24268000.0,134.54973678588868,133.7379949951172,45.00707965818718,0.671485441376376,0.9300000045549255,-0.2585145631785495,140.1362232183775,128.96325035339987,11.172972864977623,-0.004480247573428686,-0.03823391135443399,-0.03878872342702122,1,0.010429149320125734,133.00978088378906,137.28054809570312,0
2023-12-04,129.74215698242188,130.5565758395042,128.52050596417803,130.40164545419833,24117100.0,134.56264953613282,133.72567932128905,39.5669686109224,0.19735783676892993,0.7834715709977265,-0.5861137342287965,140.10324444608148,129.02205462618417,11.081189819897304,-0.02017694424038141,-0.042301877386492714,-0.04607851705440613,1,0.011357814427274515,132.4138641357422,137.11172485351562,1
2023-12-05,131.4901885986328,132.63236636910744,128.84826409665897,129.48391362332904,19235100.0,134.60932998657228,133.73004974365233,44.309932202300004,-0.03691463434279285,0.6193943299296226,-0.6563089642724155,140.02853284842536,129.1901271247192,10.83840572370616,0.01347311973892773,-0.011424665728033356,-0.04009550766433967,1,0.012229487474189702,129.74215698242188,137.67782592773438,0
2023-12-06,130.53668212890625,132.40390889193193,130.41750260107986,131.9966919650887,16360600.0,134.56115951538087,133.76938018798828,42.35711828602341,-0.2961039567664159,0.43629467259041493,-0.7323986293568308,140.10573321112673,129.016585819635,11.089147391491736,-0.007251540817521329,-0.01417662734252334,-0.05186851078383847,1,0.011825849415367287,131.4901885986328,135.47291564941406,1
2023-12-07,137.5089874267578,139.04845550081836,135.30407499140995,135.6715705006872,38419400.0,134.818896484375,133.90822998046875,57.20819182098124,0.06039718426038121,0.3611151749244082,-0.300717990664027,140.4082104243738,129.22958254437617,11.178627879997634,0.05341261309956025,0.05986358347185661,-0.011212663269761003,1,0.021798707389400932,130.53668212890625,133.00978088378906,0
2023-12-08,135.71128845214844,137.05211887182605,134.6485688789512,134.7379535322421,23016100.0,135.06471405029296,133.97795288085936,53.38885442444203,0.19561272202753344,0.3280146843450332,-0.1324019623174998,140.34860921681593,129.78081888377,10.567790333045934,-0.013073319848034615,0.032102013834661935,-0.011431041508231043,1,0.021812078146355312,137.5089874267578,132.4138641357422,0
2023-12-11,133.7844696044922,133.87385425633943,131.98677421586547,132.91046108352194,24502900.0,135.09649658203125,134.03456481933594,49.56898572631627,0.145615269786731,0.2915348014333728,-0.1459195316466418,140.34141621818992,129.85157694587258,10.48983927231734,-0.014197926124145832,0.02488026677726274,-0.02426674489419589,1,0.022213077877567447,135.71128845214844,129.74215698242188,0
2023-12-12,132.73165893554688,133.62553564504864,131.92716686598,132.36417864576356,26584000.0,135.09649658203125,134.00417236328124,47.56639524342661,0.020799146778642807,0.23738767050242682,-0.216588523723784,140.34141621818992,129.85157694587258,10.48983927231734,-0.007869453547618366,-0.03474193636801748,-0.0359256616587168,1,0.02215503966090597,133.7844696044922,131.4901885986328,1
2023-12-13,133.0594482421875,133.86394049599028,132.04637662569377,133.6305371126579,25414500.0,135.02399368286132,134.01748138427735,48.267168552186234,-0.05107985558146311,0.17969416528564883,-0.23077402086711193,140.33898728213035,129.7090000835923,10.62998719853806,0.0024695638498708483,-0.019540306780713945,-0.017815128549180215,1,0.02175645563704874,132.73165893554688,130.53668212890625,0
2023-12-14,132.294677734375,134.1172124747159,130.1692232592123,133.85401420402098,29619100.0,134.8660743713379,133.9564987182617,46.69898703957788,-0.1678205406112454,0.11019122410627,-0.27801176471751543,140.3068845842032,129.4252641584726,10.881620425730603,-0.005747585142698797,-0.011135760933398853,-0.005376320031974524,1,0.021046426903850335,133.0594482421875,137.5089874267578,1
2023-12-15,132.93032836914062,133.9136051092364,131.72856084188126,132.0165831357041,58594000.0,134.62472610473634,133.91379089355468,48.2052550141406,-0.2066643823414438,0.046820102816727244,-0.253484485158171,139.9583001881833,129.29115202128938,10.667148166893924,0.004804808822633788,0.001496775036091691,0.003900378836984908,1,0.021048495393657354,132.294677734375,135.71128845214844,1
2023-12-18,136.25755310058594,137.43946736521315,132.8607998837617,132.950184536949,25699800.0,134.63714065551758,133.8832000732422,55.322387788348934,0.030677194678560227,0.043591521189093846,-0.012914326510533619,139.98468521754796,129.2895960934872,10.695089124060758,0.02502983910643608,0.024035157973730792,0.05021803452093687,1,0.020948453092631766,132.93032836914062,133.7844696044922,1
2023-12-19,137.161376953125,137.82682132203928,136.51578573785298,137.06205056459726,20661000.0,134.6460807800293,133.855390625,57.04893956185009,0.28837888349019636,0.09254899364931435,0.195829889840882,140.00985323678708,129.28230832327154,10.727544913515544,0.006633201844391312,0.03678681033957765,0.043130125638523475,1,0.020755644134594995,136.25755310058594,132.73165893554688,1
2023-12-20,138.7107696533203,142.10553763734032,138.46246884060355,139.37621401279182,33507300.0,134.6977279663086,133.8645281982422,59.90914581368848,0.6105938250705663,0.19615795993356472,0.41443586513700154,140.19549375248715,129.19996218013006,10.995531572357095,0.011296129673040722,0.04348474388875134,0.06261908446808895,1,0.020422720776630692,137.161376953125,133.0594482421875,1
2023-12-21,140.8362274169922,141.06465992680535,139.51825079333318,139.81322925621407,18101500.0,134.78612365722657,133.86651458740235,63.49995643206343,1.0256352809598468,0.36205342413882113,0.6635818568210257,140.60935341349557,128.96289390095757,11.646459512538001,0.015322946941928262,0.033603086303966245,0.024196527459753092,1,0.01277443710419742,138.7107696533203,132.294677734375,1
2023-12-22,141.74996948242188,142.27636599411244,141.08948083232403,141.16398320036313,18513500.0,135.0095947265625,133.91478485107422,64.95324168863856,1.4120131643721834,0.5720453721854937,0.8399677921866897,141.50304116112557,128.51614829199946,12.986892869126109,0.006487976014326602,0.03345396955926616,0.04449652714337504,1,0.011571447080164719,140.8362274169922,132.93032836914062,1
2023-12-26,141.84930419921875,142.96665792446996,141.53147186515343,142.0082052111716,11170100.0,135.24647369384766,133.9990087890625,65.11585186821955,1.7065636981363639,0.7989490373756678,0.9076146607606961,142.3466803766077,128.14626701108762,14.200413365520092,0.0007007741670743695,0.022626466234327625,0.06028229299386312,1,0.009718287010349717,141.74996948242188,136.25755310058594,0
2023-12-27,140.47866821289062,142.34589514736865,140.09230463692492,141.85922010559463,17288400.0,135.38651580810546,134.0178793334961,60.91597252860029,1.8085504057586377,1.000869311052262,0.8076810947063757,142.7775485453366,127.99548307087431,14.782065474462286,-0.00966262044121946,-0.0025388297504085333,0.05836594931059835,1,0.010012923085280932,141.84930419921875,137.161376953125,0
2023-12-28,140.3197479248047,141.303024555929,139.87082419725482,140.88588102744305,12192500.0,135.628857421875,134.0236395263672,60.42929698155534,1.855166858484239,1.1717288205386573,0.6834380379455816,143.32679934999416,127.93091549375585,15.395883856238314,-0.0011312770124294325,-0.010089748610454197,0.05456433029394803,1,0.010206223385976525,140.47866821289062,138.7107696533203,0
2023-12-29,139.97213745117188,140.47370998040037,138.9491392378536,139.7238366196853,14881000.0,135.97697525024415,134.05641540527344,59.31305883948108,1.8428186072132462,1.3059467778735752,0.536871829339671,143.7983862315881,128.1555642689002,15.64282196268789,-0.002477274074202951,-0.013233528064476863,0.058033020286816894,1,0.009856696059003205,140.3197479248047,140.8362274169922,0
2024-01-02,138.6114501953125,139.65928755799916,136.80382806901335,138.65118681417778,20071900.0,136.28685455322267,134.06793670654298,55.028124467587574,1.7035984172062797,1.3854771057401163,0.3181213114661634,144.00950361256815,128.56420549387718,15.445298118690971,-0.009721129366435766,-0.013291826021217812,0.042737589652195096,1,0.011006628197254776,139.97213745117188,141.74996948242188,1
2024-01-03,139.406005859375,140.13103997328284,137.48911574634155,137.6579736317779,18974300.0,136.77004699707032,134.13984466552733,56.98242121762364,1.6384919006051746,1.436080064713128,0.2024118358920466,143.98701425888657,129.55307973525407,14.433934523632502,0.005732251289074064,-0.006511856520148185,0.023106629226380182,1,0.008322564527859792,138.6114501953125,141.84930419921875,0
2024-01-04,137.10177612304688,139.67913988502855,137.07198123661422,138.89948681660132,18253300.0,137.050626373291,134.14262573242186,50.173061956561625,1.3849970507906164,1.4258634619286257,-0.04086641113800926,143.84888682827355,130.25236591830847,13.59652090996508,-0.016528912955532937,-0.02050666211428187,-0.0004345307068366333,1,0.010035088788763873,139.406005859375,140.47866821289062,0
2024-01-05,136.45619201660156,137.8665387934094,135.91986893728313,137.41165910690393,15439500.0,137.3466018676758,134.08839660644531,48.426980590784865,1.1191069457118772,1.364512158685276,-0.2454052129733988,143.46626817865754,131.22693555669403,12.239332621963513,-0.004708794624702084,-0.015548918763017339,-0.016253803813168988,1,0.009281653876616619,137.10177612304688,140.3197479248047,1
2024-01-08,139.57485961914062,139.6841125891912,136.94287691575877,137.06205646305762,17645300.0,137.44989547729492,134.36371292114256,56.33285039215956,1.1468177325825195,1.3209732734647246,-0.17415554088220508,143.64629686729904,131.2534940872908,12.392802780008253,0.022854716641657724,0.0012112373403478927,-0.008956273687428906,1,0.010961017628299026,136.45619201660156,139.97213745117188,1
2024-01-09,141.591064453125,141.82943870841166,138.83988698262704,139.1080561254395,19579700.0,137.74388427734374,134.7435140991211,60.54391001981324,1.3162961679405214,1.3200378523598841,-0.003741684419362734,144.13723846333448,131.350530091353,12.78670837198149,0.014445329477572155,0.03274420256998756,-0.0011210233757164012,1,0.011808620607698534,139.57485961914062,138.6114501953125,1
2024-01-10,142.8226318359375,143.5426951064754,141.49174310459878,141.5513328753932,16641900.0,138.195792388916,135.14874099731446,62.897587268060924,1.5323225832409264,1.3624947985360927,0.16982778470483373,144.6828130012442,131.7087717765878,12.97404122465639,0.00869805864917561,0.04665555828028234,0.006861701875898962,1,0.012131483370790872,141.591064453125,139.406005859375,0
2024-01-11,142.69351196289062,145.6631951956154,141.2483993866276,143.9101920305069,17471100.0,138.6938850402832,135.50470504760742,62.476791678993074,1.6738115217860354,1.4247581431860814,0.24905337859995402,144.95196754703895,132.43580253352744,12.516165013511511,-0.0009040575109636739,0.022343940393419803,0.01576640623217962,1,0.011600753756415467,142.8226318359375,137.10177612304688,1
2024-01-12,143.2596435546875,143.75624518425926,142.38561983701592,143.35895478755444,13998700.0,139.2038948059082,135.88093048095703,63.62584219584219,1.8107513980910994,1.501956794167085,0.30879460392401437,145.19914387273215,133.20864573908423,11.990498133647918,0.003967465542120019,0.011784494367685916,0.020951403301110894,1,0.011578133927812775,142.69351196289062,136.45619201660156,0
2024-01-16,143.10073852539062,144.8487709416046,142.08369624783842,142.45514726369032,19198900.0,139.74419784545898,136.2088865661621,63.04229483757196,1.8847289467270514,1.5785112246790785,0.30621772204797293,145.0606744946658,134.42772119625218,10.63295329841361,-0.0011092100004856942,0.001947217229357534,0.022351598905247405,1,0.011525533199218637,143.2596435546875,139.57485961914062,0
2024-01-17,141.91880798339844,142.43527790298106,139.55497946211506,141.93867629128815,17884500.0,140.19362182617186,136.4931411743164,58.727843147809516,1.8269251145680698,1.6281940026568769,0.19873111191119297,144.56592313167974,135.821320520664,8.74460261101575,-0.008259430064244344,-0.005429146489110637,0.023860639098903125,1,0.0113646712769651,143.10073852539062,141.591064453125,1
2024-01-18,144.0045166015625,144.5954736325196,142.37566419528878,142.46504883314552,18876800.0,140.5809700012207,136.7835534667969,63.47786993870208,1.9271988667236144,1.6879949754702244,0.23920389125339003,144.8614980838996,136.3004419185418,8.561056165357797,0.014696491943534618,0.005199461819061835,0.03298646076142675,1,0.011991338653347137,141.91880798339844,142.8226318359375,1
2024-01-19,146.9642791748047,147.03379551838088,144.8090300426916,145.3105873548029,27181000.0,141.07111511230468,137.11170745849608,68.94070843547865,2.2199049591072537,1.7943769721976304,0.42552798690962335,145.88490318669253,136.25732703791684,9.627576148775688,0.020553262099628267,0.026998747101004916,0.07193563300672601,1,0.010852473157351269,144.0045166015625,142.69351196289062,0
2024-01-22,146.70606994628906,148.9953963381963,146.5769486642882,147.69927327225247,21829200.0,141.47088012695312,137.4158270263672,67.9853265128053,2.403337144778561,1.9161690067138166,0.48716813806474457,146.74056744371384,136.2011928101924,10.539374633521447,-0.0017569523013718502,0.033732399749655695,0.07511478796389448,1,0.010533357174470953,146.9642791748047,143.2596435546875,1
2024-01-23,147.66944885253906,147.84823331444744,146.18958574018595,146.7159822392896,14113600.0,141.81254119873046,137.72213104248047,69.67392920847934,2.59651410163184,2.0522380256974215,0.5442760759344183,147.72071936981382,135.9043630276471,11.816356342166728,0.006566728333754046,0.02545012015919501,0.05799460773585041,1,0.00901374255880729,146.70606994628906,143.10073852539062,1
2024-01-24,149.32810974121094,150.5398188783834,148.82156640127982,149.2685048179238,19245000.0,142.19144821166992,138.09279449462892,72.37550923493302,2.850588493685791,2.2119081192950953,0.6386803743906957,148.9463174378544,135.43657898548545,13.509738452368936,0.011232254887930004,0.016084388530866134,0.054643598577135855,1,0.008719422238094965,147.66944885253906,141.91880798339844,1
2024-01-25,152.5957489013672,153.70813170761585,150.19219882067753,150.70866876146974,21495100.0,142.72877044677733,138.4817330932617,76.76662737431829,3.277830659852384,2.425092627406553,0.8527380324458309,150.85895369125373,134.59858720230093,16.260366488952798,0.02188227766238482,0.04014611636201826,0.06842835018371751,1,0.010157058139739973,149.32810974121094,144.0045166015625,1
2024-01-26,152.74472045898438,153.0625527719859,151.76145894517842,151.83097529172323,19494500.0,143.34207305908203,138.88199432373048,76.94654380846177,3.5870941261477753,2.657492927154798,0.9296011989929776,152.487923381963,134.19622273620107,18.29170064576192,0.0009762497231393663,0.03436913759672411,0.07043914161078124,1,0.010017361979839042,152.5957489013672,146.9642791748047,1
2024-01-29,153.78759765625,154.14515145585057,151.8806491100736,152.59575670927472,20909300.0,144.0154655456543,139.26755615234376,78.21819205817309,3.87170848013659,2.9003360377511567,0.9713724423854333,154.1064345448735,133.9244965464351,20.1819379984384,0.006827582610592797,0.029863686902402042,0.07348862415355373,1,0.009965823973962977,152.74472045898438,146.70606994628906,0
2024-01-30,152.009765625,153.98623046062033,151.73662562889228,152.96323229065618,26578900.0,144.6173469543457,139.59869018554687,71.02555978814034,3.908753541536555,3.1020195385082365,0.8067340030283185,155.10022235942836,134.13447154926303,20.965750810165332,-0.011560308232552385,-0.0038401022347349656,0.06225703089595602,1,0.01137749109693349,153.78759765625,147.66944885253906,0
2024-01-31,140.8362274169922,144.60046116076612,140.5879265982581,144.4018235367947,43908600.0,144.72858581542968,139.6602688598633,43.778268313526986,3.001896868871654,3.08199500458092,-0.08009813570926605,154.99924276796898,134.45792886289038,20.541313905078596,-0.07350539724909733,-0.07796336924908576,-0.007628168399870461,1,0.027632935191867096,152.009765625,149.32810974121094,1
2024-02-01,141.7400665283203,143.63707353987303,141.29311286591138,142.71340163506835,25526900.0,144.84528884887695,139.77488494873046,45.59638408228048,2.3292881015179603,2.9314536239683284,-0.6021655224503681,154.9225996941792,134.76797800357468,20.15462169060453,0.006417660625430033,-0.07833876926056571,-0.015724854516247944,1,0.027251481294630366,140.8362274169922,152.5957489013672,1
2024-02-02,142.5643768310547,142.90207742784477,137.23088063991614,139.93239448377048,42136100.0,145.11841888427733,139.88652099609374,47.27113423373392,1.8415277740200224,2.7134684539786673,-0.8719406799586449,154.62115048458497,135.6156872839697,19.00546320061528,0.0058156477764153,-0.06213672361844558,-0.0299385835010737,1,0.02632490072517085,141.7400665283203,152.74472045898438,1
2024-02-05,143.9449462890625,145.67312547842107,142.93188983968503,143.06099596259807,29254400.0,145.49285659790038,140.01186340332032,50.04480636754003,1.548524194721466,2.480479602127227,-0.931955407405761,154.15366869532394,136.83204450047683,17.321624194847118,0.009683831884902405,0.022073289870694346,-0.018820786748888096,1,0.026617919897600952,142.5643768310547,153.78759765625,1
2024-02-06,144.4216766357422,145.74263867089806,143.53772642034644,144.9679414104424,21517700.0,145.73519744873047,140.1189306640625,51.003264310943116,1.3393457577443826,2.252252833250658,-0.9129070755062756,153.9813903575277,137.48900453993326,16.492385817594425,0.003311893602171656,0.018919210164799027,-0.021993528397604156,1,0.026527163976791047,143.9449462890625,152.009765625,1
2024-02-07,145.68304443359375,146.00087674584566,144.22304960880777,145.12685304223172,21436100.0,145.9397964477539,140.28698059082032,53.54304812168731,1.2608182510212202,2.0539659168047706,-0.7931476657835503,153.96463481483866,137.91495808066915,16.04967673416951,0.008733922962499419,0.02187550404849614,-0.024409773310156924,1,0.026401293550265152,144.4216766357422,140.8362274169922,1
2024-02-08,146.21939086914062,146.60673954948905,145.4248251990445,145.97109004442805,18241300.0,146.10963439941406,140.46913391113281,54.620208674946696,1.2277110226518744,1.8887149379741914,-0.6610039153223171,154.00614898897828,138.21311980984984,15.793029179128439,0.003681598209538839,0.01580079494774833,-0.041785948023676744,1,0.025159245818996666,145.68304443359375,141.7400665283203,1
2024-02-09,149.19900512695312,149.67078276972947,146.4279593553154,146.94442932923687,21877700.0,146.43490905761718,140.69955749511718,60.14830783389831,1.4254713284255445,1.7960662160644623,-0.3705948876389178,154.27752291068265,138.5922952045517,15.685227706130945,0.0203776957358488,0.03307902665650553,-0.0232133413277833,1,0.02630435391184277,146.21939086914062,142.5643768310547,0
2024-02-12,147.7191162109375,149.56647487567028,147.5502734758104,148.5236084245168,17236100.0,146.6578826904297,140.94448150634764,56.46891204024091,1.446113234766358,1.7260756198048415,-0.2799623850384836,154.37935265956665,138.93641272129273,15.442939938273923,-0.009918892654521283,0.01397603808500758,-0.03946014852821178,1,0.026211292087256786,149.19900512695312,143.9449462890625,0
2024-02-13,145.37513732910156,147.03378473805583,144.12370684077956,145.07718851407995,18138500.0,146.77160263061523,141.1917886352539,51.13350099864287,1.2588216752599521,1.6326248308958637,-0.3738031556359116,154.34575616717152,139.19744909405895,15.148307073112562,-0.0158678100841656,-0.005773882212343651,-0.043646066215678014,1,0.026389675239561903,147.7191162109375,144.4216766357422,1
2024-02-14,146.1399383544922,146.82525108162173,144.56570439760185,146.36837087850864,16651800.0,146.98265914916993,141.4663101196289,52.70373633542944,1.1587474961876865,1.5378493639542283,-0.37910186776654187,154.23245219126187,139.732866107078,14.499586084183875,0.0052608791258388354,-0.02050326521854473,0.03765871207126703,1,0.010121977725849931,145.37513732910156,145.68304443359375,0
2024-02-15,142.96168518066406,143.77610400462038,140.91568881099957,143.4781551391971,26724300.0,146.930517578125,141.73070068359374,46.07749708658619,0.8136008349432586,1.3929996581520345,-0.5793988232087759,154.27955859745174,139.58147655879827,14.698082038653467,-0.021748012279289575,-0.032205926709445,0.008618724982040638,1,0.012848568772671353,146.1399383544922,146.21939086914062,0
2024-02-16,140.79647827148438,143.4979921513447,140.5581192059589,143.2298382026285,21865100.0,146.62212753295898,141.9168264770508,42.186221948770466,0.36119192144172985,1.1866381108099737,-0.8254461893682439,154.4421688306708,138.80208623524717,15.640082595423621,-0.015145365042692815,-0.031495475373151116,-0.012400703449679806,1,0.013648409776898383,142.96168518066406,149.19900512695312,1
2024-02-20,141.23350524902344,142.35482958461156,139.84302670070326,139.98207455553526,18625600.0,146.3484992980957,142.13076293945312,43.22836653050534,0.037486897146607134,0.9568078680773004,-0.9193209709306933,154.51303216974827,138.18396642644313,16.329065743305136,0.0031039624208240024,-0.0335735265849586,-0.0188366532479306,1,0.01321924187965935,140.79647827148438,147.7191162109375,1
2024-02-21,142.8623504638672,143.00139831132194,140.94547548430683,141.67050960638667,16440800.0,146.1081443786621,142.2378302001953,47.05878959287433,-0.08661898107027355,0.7481224982477858,-0.8347414793180593,154.3852320462487,137.83105671107552,16.55417533517317,0.01153299432717314,-0.0006948345402569833,-0.010797036900547119,1,0.013816090986676138,141.23350524902344,145.37513732910156,1
2024-02-22,144.33230590820312,145.20631447694225,143.03119689930858,145.12685639704245,23024700.0,145.8583541870117,142.4102505493164,50.31666964911568,-0.06560441737784117,0.5853771151226603,-0.6509815325005015,154.03256269701225,137.68414567701117,16.34841702000108,0.010289313031481395,0.02511304032691042,-0.009271762068415068,1,0.013945980411147486,142.8623504638672,146.1399383544922,0
2024-02-23,144.302490234375,144.96297886741098,143.8058886206968,143.9846730822618,14519400.0,145.4436912536621,142.62061096191405,50.24912439124187,-0.050770845247541274,0.45814752304862,-0.5089183682961613,153.02891032711068,137.85847218021354,15.17043814689714,-0.000206576577852835,0.0217298648783113,-0.013109756670243278,1,0.013859740873512164,144.33230590820312,142.96168518066406,0
2024-02-26,137.8069610595703,142.86236233617606,137.79703448216958,142.47501364642804,33513000.0,144.6968032836914,142.72211700439453,38.21380012780516,-0.5567323870643293,0.2551715410260302,-0.8119039280903595,152.20060938150195,137.19299718588084,15.007612195621107,-0.04501328538582183,-0.03538643587958812,-0.076354691894154,1,0.017483427121148178,144.302490234375,140.79647827148438,1
2024-02-27,139.1477813720703,139.53513003332552,137.5586501102096,138.46246870483137,22364000.0,143.9648124694824,142.84388366699218,41.33723566869661,-0.8398364488915888,0.0361699430425064,-0.8760063919340952,150.58249213198474,137.34713280698008,13.235359325004652,0.00972969944472113,-0.03592074902087561,-0.05802454725377337,1,0.018300265062824336,137.8069610595703,141.23350524902344,0
2024-02-28,136.4959259033203,138.33335811960436,135.7113019435236,138.15458879525067,30628700.0,143.18912048339843,142.9279086303711,37.319003262266044,-1.2636148657916806,-0.22378701872433102,-1.0398278470673497,149.4819331247492,136.89630784204766,12.585625282701528,-0.019057835077220142,-0.05409861131554505,-0.06107792287535663,1,0.018521603352882075,139.1477813720703,142.8623504638672,1
2024-02-29,138.82994079589844,138.998783519723,136.6349702311013,137.40966750750945,35485000.0,143.08880615234375,143.04590087890625,42.606998044331974,-1.395045601381895,-0.4580387352558438,-0.9370068661260512,149.58899902888814,136.58861327579936,13.000385753088779,0.01709952056907027,0.007423280569157198,-0.05002053265454276,1,0.019672832061772668,136.4959259033203,144.33230590820312,0
2024-03-01,137.1415252685547,139.04847394982835,137.037243156515,138.66112523574276,28551500.0,142.85887908935547,143.06358032226564,39.979440510960714,-1.616808862485641,-0.6897927607018033,-0.9270161017838376,149.84108875983628,135.87666941887466,13.964419340961626,-0.012161753564571387,-0.014418168106834939,-0.040711326987747154,0,0.018984401736606288,138.82994079589844,144.302490234375,0
2024-03-04,133.28787231445312,135.70136407802622,131.95698360470536,135.6119642682059,43571500.0,142.3950538635254,142.9861102294922,34.7169554382275,-2.0795437458714616,-0.9677429577357349,-1.1118007881357266,150.53103593965534,134.25907178739544,16.271964152259898,-0.028099825684126056,-0.023502925582844503,-0.05332950120068436,0,0.020231741873134094,137.1415252685547,137.8069610595703,0
2024-03-05,132.8707275390625,133.10910177124268,130.65588856888178,131.8378028431057,28447600.0,141.8413429260254,142.86930938720704,34.192291442712445,-2.4516633232462652,-1.264527030837841,-1.1871362924084243,150.93144447742208,132.7512413746287,18.18020310279337,-0.003129652894499624,-0.04292455375744131,-0.05921242055994902,0,0.020039899083660065,133.28787231445312,139.1477813720703,0
2024-03-06,131.6590118408203,133.82420266578097,131.05315729148174,133.327601073047,23175200.0,141.2032096862793,142.6857650756836,32.648795802451886,-2.8119318988470354,-1.5740080044396798,-1.2379238944073556,151.2234611273898,131.1829582451688,20.040502882221006,-0.009119508267055765,-0.039977048651007374,-0.07842051167904052,0,0.01908492562581907,132.8707275390625,136.4959259033203,1
2024-03-07,134.32080078125,134.89686043251783,131.75833481046982,132.9799704535482,24107300.0,140.6350975036621,142.53718170166016,39.1473164177725,-2.849812355721099,-1.8291688746959638,-1.020643481025135,150.86124828142215,130.40894672590207,20.45230155552008,0.02021729392628191,0.0077496057882895375,-0.06936427062504325,0,0.020356037225220162,131.6590118408203,138.82994079589844,1
2024-03-08,135.36366271972656,138.04035272217487,133.88379959347205,134.11720296074475,26495200.0,140.0923110961914,142.40746887207033,41.52775398959615,-2.763823016519183,-2.0160997030606076,-0.7477233134585752,150.2272225339325,129.9573996584503,20.26982287548219,0.007763964571465998,0.01876210981031301,-0.0619450676154657,0,0.020801639778391504,134.32080078125,137.1415252685547,1
2024-03-11,137.99566650390625,139.02859124953528,136.13838121514166,136.13838121514166,22536400.0,139.53214416503906,142.35780883789062,47.14715244101504,-2.454995477192597,-2.1038788578870053,-0.35111661930559146,148.79249460998008,130.27179372009803,18.52070088988205,0.019443946265175427,0.048129289248708185,0.0013693462426354053,0,0.017085062129158966,135.36366271972656,133.28787231445312,1
2024-03-12,138.67103576660156,139.32655356229864,137.27063067316766,137.31035213574967,19019700.0,139.07974014282226,142.32483459472655,48.51445562658036,-2.1311838117252364,-2.1093398486546517,-0.02184396307058467,147.54605055790606,130.61342972773846,16.932620830167593,0.00489413385076265,0.03238690478354278,-0.0034261818677077116,0,0.016854405547053555,137.99566650390625,132.8707275390625,1
2024-03-13,139.813232421875,141.22357928560828,139.0583882165814,139.10805141246854,19637000.0,138.80164489746093,142.32165649414063,50.83116028019593,-1.7620828157192818,-2.039888442067578,0.2778056263482962,146.77348666838625,130.8298031265356,15.943683541850646,0.008236735587638266,0.03287122712807622,0.02430333723589917,0,0.01562945001645183,138.67103576660156,131.6590118408203,1
2024-03-14,143.35894775390625,143.7462963997645,140.52335683159683,141.33281987289658,36117900.0,138.66259536743163,142.4166064453125,57.26044968124625,-1.1699713215272993,-1.8659050179595225,0.6959336964322231,146.20292784194734,131.12226289291593,15.080664949031416,0.02536037019251758,0.03886557734657692,0.03262269602683299,0,0.016669681084650955,139.813232421875,134.32080078125,0
2024-03-15,141.20370483398438,143.35895407703438,140.1707801178293,142.43528232504678,41039500.0,138.57469635009767,142.4525604248047,52.74566701509521,-0.8646615083332847,-1.665656316034275,0.8009948077009903,145.9517365219414,131.19765617825394,14.754080343687463,-0.015033891875529282,0.018263864933161456,0.029620346991729996,0,0.016988160272282764,143.35894775390625,135.36366271972656,1
2024-03-18,147.4708251953125,151.89057695283617,147.1331397026208,148.35477554681722,47676700.0,138.90841369628907,142.65994140625,62.102850253972534,-0.11566374543053826,-1.355657801913528,1.2399940564829897,147.20396740495084,130.6128599876273,16.591107417323542,0.04438354056429672,0.0547701575937487,0.10640842737288891,0,0.017668735135201032,141.20370483398438,137.99566650390625,0
2024-03-19,146.9146270751953,148.60306961691788,146.01080845492217,147.96742012514895,17748400.0,139.19246978759764,142.86911010742188,60.94934727496496,0.42810688823524856,-0.9989048638837726,1.427011752119021,148.14970933275046,130.23523024244483,17.914479090305633,-0.0037715807135448864,0.024802632671333757,0.10569596325875508,0,0.017724034482694828,147.4708251953125,138.67103576660156,1
2024-03-20,148.66265869140625,148.74211677188956,146.66135470166356,147.7787083842636,17730000.0,139.48248519897462,143.0508660888672,63.25907968442071,0.9887034180331682,-0.6013832075003845,1.5900866255335528,149.2364072436219,129.72856315432733,19.507844089294565,0.011898281682437561,0.052824066239561374,0.12914913011153284,0,0.016367862295637345,146.9146270751953,139.813232421875,0
2024-03-21,147.72906494140625,150.2766186867377,147.00401561759026,149.29832798085226,19843900.0,139.65232315063477,143.1736260986328,61.17784580459209,1.3421752329115009,-0.2126715194180075,1.5548467523295084,149.84647239621108,129.45817390505846,20.388298491152625,-0.006279947891541182,0.0017511243037511282,0.09982269374638753,0,0.017080087090254138,148.66265869140625,143.35894775390625,1
2024-03-22,150.73846435546875,151.52308826961857,149.06987498317417,149.21886456654786,19252900.0,139.97412185668946,143.33194274902343,65.15724152015662,1.8438824458848444,0.19863927364256292,1.6452431722422816,151.09896593620684,128.8492777771721,22.249688159034747,0.020371071970543664,0.026027614515988784,0.1135814540389326,0,0.01738472305106575,147.72906494140625,141.20370483398438,0
2024-03-25,150.12265014648438,150.42657006807727,147.78863183569348,149.92401254738604,15114700.0,140.58990631103515,143.48052551269532,63.71793352783106,2.166820212074498,0.59227546132895,1.574544750745548,152.50227811191323,128.67753451015707,23.824743601756154,-0.004085315659924538,0.009820835090194269,0.08787945266552888,0,0.01769689506056971,150.73846435546875,147.4708251953125,1
2024-03-26,150.66893005371094,152.15873492930152,150.00348569455662,150.212065045374,19312700.0,141.16596374511718,143.6287112426758,64.46776519115433,2.438718907961089,0.9615641506553779,1.477154757305711,153.83397986075568,128.4979476294787,25.336032231276988,0.0036388906450393055,0.01990038394591287,0.08652055002533565,0,0.01773050031618231,150.12265014648438,146.9146270751953,1
2024-03-27,150.90728759765625,151.65218995305727,149.10959233810078,151.1108960600751,16622000.0,141.88653182983398,143.7848422241211,64.80950493972571,2.6429675602900033,1.297844832582303,1.3451227277077002,155.04018479159603,128.73287886807194,26.307305923524098,0.001581995331488395,0.0011199745394074867,0.07934910725978961,0,0.017864681404311317,150.66893005371094,148.66265869140625,1
2024-03-28,151.22512817382812,151.6323451618167,150.3014563843258,150.96690077307125,21105600.0,142.50629119873048,143.9709686279297,65.28891406231816,2.7982269485580957,1.5979212557774616,1.2003056927806341,156.18311488416984,128.82946751329112,27.35364737087872,0.002106197661038589,0.007343848688175836,0.05487052286003924,0,0.016808045804927674,150.90728759765625,147.72906494140625,1
2024-04-01,155.4363250732422,155.9329267507925,150.61928273897215,150.79806722353212,24469800.0,143.42103118896483,144.1996047973633,70.93809938937403,3.2239162282249936,1.923120250266968,1.3007959779580256,157.96027194031586,128.8817904376138,29.07848150270206,0.027847203373327245,0.03164152700780276,0.10079494908431297,0,0.01645906561728682,151.22512817382812,150.73846435546875,0
2024-04-02,154.8105926513672,154.9297873521515,152.41698422967937,153.69820981124406,17598100.0,144.49716720581054,144.35653106689452,69.13757278009366,3.4707777073788577,2.232651741689346,1.2381259656895116,159.06306872355677,129.93126568806431,29.131803035492453,-0.004025651157026244,0.025865583537077352,0.049770979760463074,1,0.011527222991807745,155.4363250732422,150.12265014648438,1
2024-04-03,155.3072052001953,155.48598968638157,153.08442467934654,153.8670633532154,17266200.0,145.61899108886718,144.52855377197267,69.7928771617672,3.6642504917235215,2.518971491696181,1.1452790000273403,159.88321543333805,131.3547667443963,28.52844868894175,0.003207871892503489,0.02699337785764655,0.057125544896931446,1,0.01114697313544122,154.8105926513672,150.66893005371094,0
2024-04-04,150.90728759765625,155.118459214274,150.84769783403652,154.02594485273215,24184800.0,146.58140487670897,144.593310546875,58.03532416293565,3.4230833146773705,2.6997938562924193,0.7232894583849512,159.48024772500648,133.68256202841147,25.79768569659501,-0.02833041517209356,-0.02913757433117281,0.015098807770614453,1,0.015166343255316931,155.3072052001953,150.90728759765625,1
2024-04-05,152.89370727539062,153.78758411816315,150.0541305184715,150.64905828185488,16297300.0,147.51005020141602,144.66462249755858,61.2122804438163,3.3535860042219667,2.830552285878329,0.5230337183436378,159.37744958064127,135.64265082219077,23.734798758450495,0.01316317925632915,-0.01238213318059822,0.03496023166485762,1,0.01528923977123439,150.90728759765625,151.22512817382812,1
2024-04-08,155.0787811279297,155.59028028215346,152.94339984060665,152.9682238640317,16641500.0,148.49580612182618,144.71428314208984,64.40456411144933,3.435226925814476,2.9514872138655583,0.4837397119489175,159.39986503968163,137.59174720397073,21.808117835710902,0.014291457061756718,-0.0014707886345078913,0.028793691053039305,1,0.014653598636554613,152.89370727539062,155.4363250732422,1
2024-04-09,157.06515502929688,158.80326064686437,155.57535021423902,156.28053116160086,21521500.0,149.44928054809571,144.8006918334961,67.0587247299676,3.6184999029454445,3.0848897516815357,0.5336101512639089,159.8366868027048,139.06187429348662,20.77481250921818,0.012808805220931863,0.04080563324455544,0.04624555239358119,1,0.014727390201124709,155.0787811279297,154.8105926513672,0
2024-04-10,156.58843994140625,157.08504160417482,155.1383564178868,156.80694588543082,16339200.0,150.34515075683595,144.85670867919922,65.79083677534426,3.6828248221428623,3.2044767657738014,0.47834805636906097,159.91840946165084,140.77189205202106,19.14651740962978,-0.0030351422490985103,0.024165367769915624,0.03928819223435842,1,0.01492711204385962,157.06515502929688,155.3072052001953,1
2024-04-11,159.6971435546875,160.02490244508977,156.8565816596134,157.26379862845369,17841700.0,151.33934631347657,145.01045623779297,69.80068375491088,3.9392400775918475,3.351429428137411,0.5878106494544366,160.4498499277282,142.22884269922494,18.221007228503254,0.019852701862567157,0.029780750101124243,0.05824672947847587,1,0.015701566152099233,156.58843994140625,150.90728759765625,0
2024-04-12,158.1080322265625,160.6009669981502,157.52204592984705,158.3215672940823,16989800.0,152.07680053710936,145.35589233398437,65.56963706981412,3.968476880300102,3.4748389185699495,0.4936379617301525,160.86608894639244,143.2875121278263,17.578576818566148,-0.009950781164603684,0.006639774411269617,0.045514288107084466,1,0.016460336422393165,159.6971435546875,152.89370727539062,0
2024-04-15,155.26747131347656,159.73688609456082,155.0886868415919,159.19062125696797,21140900.0,152.77998886108398,145.6264404296875,58.718006906049126,3.719560947699449,3.5237833243958496,0.1957776233035995,160.10562394839408,145.45435377377387,14.651270174620208,-0.01796594944028862,-0.008435926869339694,-0.0010863211008498297,1,0.015619875075467759,158.1080322265625,155.0787811279297,0
2024-04-16,154.93971252441406,156.16134832204972,153.9961724342877,154.58215873546226,15413200.0,153.15343322753907,145.8739471435547,57.9653543327287,3.4560071831703,3.51022809615074,-0.05422091298044007,160.1106254878895,146.19624096718863,13.914384520700878,-0.0021109301664401503,-0.029790332653284346,0.0008340506346207199,1,0.015576698635347337,155.26747131347656,157.06515502929688,1
2024-04-17,155.81373596191406,157.60248998335425,155.0737892102677,156.12162655498005,16237800.0,153.598388671875,146.11132293701172,59.45775175199475,3.2798571611526484,3.464153909151122,-0.18429674799847362,160.0203419918628,147.1764353518872,12.843906639975614,0.005641054983642535,-0.014510940603958744,0.003261476253247908,1,0.01564786562680234,154.93971252441406,156.58843994140625,1
2024-04-18,156.38978576660156,157.4078130055725,155.14828174098898,155.85841840642055,14016100.0,153.98474502563477,146.3506851196289,60.454299271114195,3.1504232860295076,3.401407784526799,-0.2509844984972913,160.09461351651157,147.87487653475796,12.219736981753613,0.0036970412212458115,0.007228265158380154,0.036330241277429565,1,0.011945374486810082,155.81373596191406,159.6971435546875,0
2024-04-19,154.66162109375,156.91619685740514,152.86392552225382,156.6778226064857,21479900.0,154.33137283325195,146.53025665283204,56.00656441929203,2.875253429497235,3.2961769135208865,-0.42092348402365154,159.72718743410965,148.93555823239424,10.79162920171541,-0.011050367927677218,-0.001794836366565744,0.01156302538452425,1,0.012250499556819682,156.38978576660156,158.1080322265625,1
2024-04-22,156.87644958496094,158.10305619927254,154.60202082115646,154.94963286401034,17243900.0,154.63827209472657,146.74339782714844,60.06200139879069,2.8035795647951147,3.1976574437757326,-0.39407787898061786,159.87771399711718,149.39883019233596,10.47888380478122,0.014320478962705163,0.006820410386069176,0.011591969216912412,1,0.01225394384573993,154.66162109375,155.26747131347656,1
2024-04-23,158.83306884765625,159.38926026709757,156.89135459062405,157.5121066489433,16115400.0,155.07379302978515,146.9360791015625,63.28216373263646,2.8715587907301483,3.132437713166616,-0.2608789224364676,160.1859484609919,149.9616375985784,10.224310862413517,0.012472358138342798,0.015623034900124955,0.011255926357629065,1,0.012219004144680011,156.87644958496094,154.93971252441406,1
2024-04-24,160.00503540039062,160.29305764902878,157.74053340428372,158.0086873462676,19485700.0,155.54059829711915,147.18179748535155,65.09743839806065,2.985584760661169,3.1030671226655264,-0.11748236200435747,160.6636219373443,150.417574656894,10.246047280450284,0.007378605483335798,0.03454906439524286,0.021818950749256105,1,0.012262863870875993,158.83306884765625,155.81373596191406,0
2024-04-25,156.87644958496094,157.20420847456293,151.72967873273606,152.3176503256472,36197800.0,155.83905639648438,147.41182373046874,56.996570854076346,2.7913237915909406,3.0407184564506093,-0.24939466485966877,160.52440039613825,151.1537123968305,9.370687999307734,-0.019553045987589224,0.0,-0.017662770334778255,1,0.012301473353839638,160.00503540039062,156.38978576660156,1
2024-04-26,172.50949096679688,175.2209318481347,170.23504682584894,174.79386168533992,56500800.0,156.9032745361328,147.93921478271486,74.24404204593527,3.854395293102982,3.203453823781084,0.6509414693218982,165.1945481671205,148.61200090514512,16.582547261975378,0.09965193260808358,0.08610563416273398,0.091086193012621,1,0.03394024769084664,156.87644958496094,154.66162109375,0
2024-04-29,166.7588348388672,170.21519337610644,165.92454766991162,169.6093387320858,35914600.0,157.46940002441406,148.4151577758789,64.06510381232542,4.184619538576925,3.3996869667402523,0.7849325718366726,166.76774674739744,148.17105330143067,18.596693445966764,-0.03333530286189601,0.04220991809149077,0.07401011575818206,1,0.03561613909531319,172.50949096679688,156.87644958496094,0
2024-04-30,163.52098083496094,168.71542953697917,163.38193298755766,166.24236316851517,29420800.0,157.90491943359376,148.86964782714844,59.14804071798243,4.137363918182814,3.547222357028765,0.590141561154049,167.4762839073586,148.33355495982892,19.14272894752969,-0.0194163865862631,0.04235518631113244,0.05538456326485508,1,0.036554476089693186,166.7588348388672,158.83306884765625,1
2024-05-01,164.44467163085938,167.6626405057152,163.77921210776898,165.05051107278743,25223200.0,158.36179275512694,149.33387115478516,60.089127145356834,4.126875573464986,3.6631530003160093,0.46372257314897647,168.26028419951277,148.46330131074112,19.79698288877165,0.005648760123514007,-0.046750003670753104,0.05539264953543621,1,0.03655446821769912,163.52098083496094,160.00503540039062,1
2024-05-02,167.3150177001953,167.38453404353805,164.56384059343182,165.537175485777,17041100.0,159.18217926025392,149.8229244995117,62.94571378171891,4.3006017639212075,3.7906427530370492,0.5099590108841583,169.19247969322032,149.17187882728751,20.020600865932806,0.017454783063930446,0.003335252743073891,0.06985898650631017,1,0.03671747206955709,164.44467163085938,156.87644958496094,1
2024-05-03,167.84141540527344,168.69557076948902,163.8586608459886,168.38766504505602,22767100.0,159.92956466674804,150.2931066894531,63.462204972229436,4.429694160109165,3.9184530344514727,0.5112411256576919,170.1794072566147,149.67972207688138,20.49968517973332,0.0031461473830243225,0.026421285808412742,0.08521696732723583,1,0.03619744561931099,167.3150177001953,172.50949096679688,1
2024-05-06,168.6757049560547,168.7452213009313,166.7488882811883,168.06985038462844,15147900.0,160.6094108581543,150.78057098388672,64.3112740246529,4.546907093821744,4.044143846325527,0.5027632474962171,171.27728241461375,149.94153930169483,21.33574311291892,0.004970701353815166,0.025729221161346016,0.07521368186436117,1,0.03615907511460577,167.84141540527344,166.7588348388672,1
2024-05-07,171.8042755126953,172.2909505088197,168.84453438859916,168.9637139161899,21102400.0,161.34636688232422,151.46051727294923,67.37316328149045,4.836496563854837,4.202614389831389,0.6338821740234479,172.9301363840665,149.76259738058195,23.167539003484535,0.01854784337469173,0.026831170771198343,0.08166565538993842,1,0.03629630206243766,168.6757049560547,163.52098083496094,0
2024-05-08,169.99667358398438,170.74057579361528,169.3630094192717,169.58945661024885,14569900.0,162.01677856445312,152.0774951171875,63.95887060713292,4.86406996556363,4.334905504977837,0.5291644605857924,173.96767376217315,150.0658833667331,23.90179039544006,-0.010521286058316814,0.012841039105317309,0.062445773400762405,1,0.03679295485619837,171.8042755126953,164.44467163085938,1
2024-05-09,170.413818359375,171.26797377514256,168.77502387588422,169.98673307395163,11937700.0,162.5526123046875,152.7558529663086,64.40714642481304,4.8635185676109245,4.440628117504454,0.4228904501064701,174.99051160424716,150.11471300512784,24.87579859911932,0.0024538408110941212,0.01030446799539475,0.0862931868373431,1,0.03569260302424257,169.99667358398438,167.3150177001953,0
2024-05-10,169.132568359375,170.17543476333674,166.76875501948376,168.5366555250242,18740500.0,163.1038391113281,153.36190551757812,61.862057093678985,4.705453870438731,4.49359326809131,0.21186060234742143,175.68136831776206,150.52630990489416,25.155058412867902,-0.007518463070277814,-0.015550876981073047,-0.0195752859074394,1,0.016132124598674354,170.413818359375,167.84141540527344,1
2024-05-13,169.73843383789062,169.7880970327157,164.63336960450573,164.71978386660297,19648600.0,163.82738723754883,154.01384368896484,62.61437369513591,4.576321751334234,4.510138964739895,0.0661827865943394,176.18141454686673,151.47335992823093,24.7080546186358,0.0035821928584935936,-0.0015190870541721413,0.01786771298745582,1,0.011759702416103692,169.132568359375,168.6757049560547,1
2024-05-14,170.7614288330078,171.60565766413922,169.2616973696119,170.42374336258686,18729500.0,164.61847305297852,154.76331481933593,63.90894202759495,4.5046044866738555,4.509032069126687,-0.00442758245283148,176.61583767601496,152.62110842994207,23.994729246072893,0.006026890739985191,0.0020398021532488375,0.04427840367074687,1,0.009103353396131327,169.73843383789062,171.8042755126953,1
2024-05-15,172.69818115234375,172.8630532509762,170.86074912895955,171.1289182424168,20958200.0,165.4626953125,155.55986389160157,66.2889471620648,4.5515799830074855,4.517541651902847,0.03403833110463861,177.2371409703573,153.68824965464268,23.548891315714627,0.011341860586268293,0.021081763421179067,0.050190191263914,1,0.009365811223473417,170.7614288330078,169.99667358398438,1
2024-05-16,174.23764038085938,175.14145898339967,172.8670301894522,173.4132950126952,17247300.0,166.3550880432129,156.41143646240235,68.09022542058605,4.659320153828446,4.545897352287967,0.11342280154047923,177.9476937068008,154.762482379625,23.185211327175807,0.008914160057989395,0.02650670470581651,0.04137478378102566,1,0.008442551372864485,172.69818115234375,170.413818359375,1
2024-05-17,176.08497619628906,176.28858465648682,173.79067939149425,174.35681244986029,16546400.0,167.42625579833984,157.2467199707031,70.15131130769183,4.838000123037801,4.604317906437934,0.23368221659986776,178.4437698313507,156.40874176532898,22.03502806602171,0.010602392292455631,0.03117535030985996,0.049115176794181314,1,0.008675543223172958,174.23764038085938,169.132568359375,1
2024-05-20,177.24708557128906,178.72694893919808,176.02047876512353,176.10489256734428,17495100.0,168.44478759765624,158.08438842773438,71.40267514426905,5.01556152913588,4.686566630977523,0.32899489815835725,179.13431727021873,157.75525792509376,21.379059345124972,0.006599707709898928,0.0263401987710139,0.05081573909809656,1,0.008693545056533563,176.08497619628906,169.73843383789062,1
2024-05-21,178.3197021484375,178.59781299691733,176.10486317775027,177.18745106671037,14706000.0,169.41911926269532,158.890869140625,72.54669904514938,5.1830840497073325,4.785870114723485,0.3972139349838475,179.9782156188153,158.86002290657532,21.11819271223999,0.0060515329416630514,0.023428128151043115,0.037923541869368194,1,0.007319822717810691,177.24708557128906,170.7614288330078,0
2024-05-22,176.79019165039062,177.63640585320144,175.57848238285234,177.18746691791006,16189400.0,170.2583770751953,159.65325225830077,68.34787799870361,5.133255169402503,4.855347125659288,0.27790804374321443,180.34889974699402,160.1678544033966,20.181045343597418,-0.008577350004620787,0.00400497231129715,0.03996265293420587,1,0.006913123926249253,178.3197021484375,172.69818115234375,0
2024-05-23,173.8701629638672,178.6872049115101,173.35369301724543,177.5648803607011,14928400.0,171.10806274414062,160.33439086914063,61.079694184075066,4.802780052638724,4.844833711055175,-0.042053658416451256,179.21513296934418,163.00099251893707,16.214140450407115,-0.01651691566859037,-0.019052062811287684,0.0202820677206077,1,0.009490934674173791,176.79019165039062,174.23764038085938,1
2024-05-24,175.13153076171875,176.098909756579,174.0092062404227,175.32024180389195,11403600.0,171.23916473388672,160.96984252929687,62.91431564357005,4.589750197992714,4.793817008442684,-0.20406681044996944,179.5156794275584,162.96265004021504,16.553029387343372,0.007254653566487468,-0.01787896316731641,0.03546899606938547,1,0.008971505831252703,173.8701629638672,176.08497619628906,1
2024-05-28,176.81002807617188,177.2966879178619,174.4859211995409,174.5455261184923,15655300.0,171.74172439575196,161.68196899414062,65.2609820524633,4.504438841824793,4.735941375119106,-0.23150253329431258,180.08933861190187,163.39411017960205,16.695228432299814,0.009584209691725132,0.0001122032031080078,0.04166171490091042,1,0.009174025049842766,175.13153076171875,177.24708557128906,0
2024-05-29,176.19424438476562,177.01860487232003,175.0619933251889,175.60825812478257,15023800.0,172.3753875732422,162.2564373779297,63.66926055954013,4.337144478084468,4.656181995712179,-0.31903751762771027,180.02557769661135,164.72519744987304,15.300380246738314,-0.0034827418903013996,0.013366763919013591,0.031815238305781035,1,0.009444228614894282,176.81002807617188,178.3197021484375,0
2024-05-30,172.38035583496094,175.48908689657685,172.0525969396879,175.48908689657685,18826300.0,172.77217178344728,162.765751953125,54.76071007987423,3.8524054258467118,4.495426681739085,-0.6430212558923731,179.50391835850442,166.04042520839013,13.463493150114289,-0.0216459315292733,-0.015709192484025136,-0.0018403512721564264,1,0.011754169866260092,176.19424438476562,176.79019165039062,1
2024-05-31,172.7776336669922,173.234498647724,169.80795067192355,172.22142715011307,28085200.0,173.0453025817871,163.24805145263673,55.459811695350325,3.4604137398868886,4.288424093368646,-0.8280103534817576,179.29525538541287,166.79534977816132,12.499905607251549,0.002304658382371594,-0.022806367110820736,-0.008379399024664336,1,0.011369146493910999,172.38035583496094,173.8701629638672,1
2024-06-03,173.2344970703125,174.66471207625125,171.277885590671,172.69817402062438,20742800.0,173.31495666503906,163.75816009521483,56.29622361495837,3.1503077760534666,4.06080082990561,-0.9104930538521439,179.0909524502533,167.53896087982483,11.55199157042847,0.0026442276909570683,-0.016798206574726415,-0.01618808820349904,1,0.01074507448464814,172.7776336669922,175.13153076171875,1
2024-06-04,173.93968200683594,173.99927177427736,172.04266024953338,173.2642959473173,14066600.0,173.57815551757812,164.2221844482422,57.61916030466119,2.927700388772138,3.8341807416789164,-0.9064803529067786,178.95017169714927,168.20613933800698,10.744032359142295,0.004070695782014022,0.009045846113509226,-0.01865984737516535,1,0.010559360798061246,173.2344970703125,176.81002807617188,1
2024-06-05,175.86651611328125,176.7603930238306,174.09860029150283,175.33514870902772,15233900.0,173.78126754760743,164.73706176757813,61.08540041525118,2.873636348666736,3.64207186307648,-0.7684355144097443,179.17677759165812,168.38575750355673,10.79102008810139,0.011077599339117894,0.017877791128002807,-0.013757234930294793,1,0.01108289652084231,173.93968200683594,176.19424438476562,1
2024-06-06,177.13780212402344,177.4953558930094,176.00555104808095,176.22404181599816,14255800.0,174.13832397460936,165.26643920898437,63.22264025243904,2.8999436189719745,3.493646214255579,-0.5937025952836046,179.428901074117,168.84774687510173,10.581154199015259,0.007228698440374659,0.022531915523307466,0.001966231669233265,1,0.011061334302645184,175.86651611328125,172.38035583496094,0
2024-06-07,174.7541046142578,178.20052102148705,174.59518846085118,177.2470544112042,14716300.0,174.3553382873535,165.7433755493164,56.91116702881015,2.6973544297543413,3.3343878573553316,-0.6370334276009904,179.3656550379933,169.34502153671372,10.020633501279576,-0.013456740916863552,0.004682212810932063,0.005083917995604148,1,0.010577623891809143,177.13780212402344,172.7776336669922,1
2024-06-10,175.62911987304688,177.45868975619194,173.39186963927978,175.45013196473693,17099800.0,174.6801658630371,166.23145538330078,58.54708802635619,2.577693411213687,3.183048968127003,-0.6053555569133158,179.10173355872308,170.25859816735112,8.843135391371959,0.005007122783871276,-0.0013498660545562258,0.0028412308689582666,1,0.010442537090859242,174.7541046142578,173.2344970703125,1
2024-06-11,177.18028259277344,177.37914625134988,174.4458655634547,176.71294465034026,14402400.0,175.05225830078126,166.6663345336914,61.3485804920964,2.578305953688897,3.062100365239382,-0.48379441155048486,178.97175104977538,171.13276555178714,7.838985497988233,0.008832036058985082,0.00023981594126509798,0.002094080978495505,1,0.010370961892320407,175.62911987304688,173.93968200683594,1
2024-06-12,178.54249572753906,181.0482200434598,176.77258356019271,178.7314214935462,18600400.0,175.44131164550782,167.14097259521483,63.67059580056282,2.658070036707045,2.9812942995329146,-0.3232242628258697,179.11705393026753,171.76556936074812,7.351484569519414,0.007688288532062604,0.02167840990999048,0.01332762798792353,1,0.010523779108938983,177.18028259277344,175.86651611328125,0
2024-06-13,175.73851013183594,177.49846952158737,175.658961630306,176.83226789014032,15956900.0,175.59332809448242,167.54959869384766,56.1879039643983,2.4665921050930137,2.8783538606449346,-0.41176175555192085,179.04750784494195,172.13914834402289,6.908359500919062,-0.01570486389964043,0.0006228480725072316,0.01948107300631241,1,0.0091589506721815,178.54249572753906,177.13780212402344,1
2024-06-14,177.3592529296875,177.7172135792028,174.8555311299011,174.8555311299011,12361600.0,175.74940872192383,168.07863800048827,59.174480644552546,2.41775449462466,2.78623398744088,-0.36847949281622006,179.22648125047127,172.2723361933764,6.954145057094877,0.009222468067105583,0.0010101030108717879,0.026517432641344207,1,0.009443925368813666,175.73851013183594,174.7541046142578,1
2024-06-17,177.76693725585938,178.9004768092494,175.48992027637692,175.977133968316,15272900.0,175.83350677490233,168.57610260009767,59.9146982225349,2.384460478315617,2.7058792856158274,-0.3214188073002102,179.41865762386232,172.24835592594235,7.170301697919967,0.0022986357883088004,-0.004343831245997687,0.026163612110740475,1,0.009444625680041603,177.3592529296875,175.62911987304688,0
2024-06-18,175.45013427734375,177.89620124099332,174.62483569288585,177.7768709097724,15640300.0,175.74365921020507,168.98352966308593,53.93042653605967,2.146385892000268,2.593980606892716,-0.44759471489244795,179.27222409722765,172.21509432318248,7.0571297740451655,-0.013032811468091321,-0.001640937175783841,0.008683770448933315,1,0.01062847485802734,177.76693725585938,177.18028259277344,1
2024-06-20,176.7030029296875,177.7271651627615,175.46008612524582,175.70866948613414,16753200.0,175.66282424926757,169.37628662109375,56.46286497227473,2.0353439189544247,2.4822532693050574,-0.44690935035063273,179.02161891831008,172.30402958022506,6.71758933808502,0.007140881695554935,-0.00370011707401674,0.004756373384160462,1,0.010277385732153567,175.45013427734375,178.54249572753906,1
2024-06-21,179.23854064941406,181.47777846659835,177.0510101132299,177.47858138255626,58903200.0,175.78524169921874,169.8292886352539,61.12077907047575,2.127415536871524,2.411285722818351,-0.28387018594682667,179.4628109513213,172.1076724471162,7.355138504205115,0.01434914901098483,0.00827827388079827,0.011859346227632406,1,0.011013914386130908,176.7030029296875,175.73851013183594,1
2024-06-24,179.76553344726562,181.04823206356787,179.20870915616425,180.25276228814133,18198300.0,176.08001022338868,170.23065643310548,62.03004516363375,2.2173466796623416,2.372497914187149,-0.1551512345248076,180.03121267834328,172.1288077684341,7.902404909909194,0.0029401756784124267,0.024596157692876375,0.028677030757416233,1,0.00972939651862993,179.23854064941406,177.3592529296875,1
2024-06-25,184.5283966064453,184.6974314659776,180.07874851431123,180.1185303473328,18797000.0,176.549853515625,170.75906372070312,69.07041723564056,2.642480144066468,2.426494360163013,0.2159857839034549,181.9186628622718,171.1810441689782,10.737618693293598,0.026494862879690384,0.04428557266721511,0.0506708496850139,1,0.012288967100014918,179.76553344726562,177.76693725585938,0
2024-06-26,184.3195953369141,184.87641966721847,182.94742542932823,183.15622696702985,13375700.0,176.92533187866212,171.34010620117186,68.47102368458472,2.9287916728071934,2.526953822691849,0.40183785011534434,183.27516787888385,170.5754958784404,12.699672000443456,-0.0011315400413766108,0.028348002996958277,0.040294058908064034,1,0.01234957663369903,184.5283966064453,175.45013427734375,1
2024-06-27,185.80116271972656,186.43753556757085,184.39914881090036,184.5930511306068,13025700.0,177.40567779541016,171.95733520507812,70.43175672017256,3.2379209902750574,2.669147256208491,0.5687737340665664,184.8250217872909,169.98633380352942,14.838687983761474,0.008038035131882504,0.03357500827171345,0.040655122258761445,1,0.012361588609938665,184.3195953369141,176.7030029296875,0
2024-06-28,182.38064575195312,185.5227432016718,182.2861828572196,184.66761579883251,23032400.0,177.90569229125975,172.4886734008789,60.99998373209309,3.17035518755398,2.769388842477589,0.40096634507639095,185.25047931050736,170.56090527201215,14.68957403849521,-0.018409556311190345,-0.011639134648055438,0.03779556122977468,1,0.012861603263652066,185.80116271972656,179.23854064941406,1
2024-07-01,183.444580078125,184.28975439076217,181.6945435299368,183.4346270335313,11815900.0,178.4390396118164,173.0297692871094,62.674311209127076,3.166161867423824,2.8487434474668363,0.31741841995698783,185.76601152612312,171.1120676975097,14.653943828613421,0.0058335922750205604,-0.00474727202601366,0.034310739631103315,1,0.012746723501240518,182.38064575195312,179.76553344726562,1
2024-07-02,185.5525665283203,185.89063626145088,182.0226797308145,182.43036008846724,12555500.0,179.0549430847168,173.64758819580078,65.80655893072833,3.294953349190166,2.9379854278115025,0.3569679213786636,186.59617438380948,171.5137117856241,15.082462598185373,0.011491135084490178,-0.0013379689759059898,0.04379683529820344,1,0.012983559093140218,183.444580078125,184.5283966064453,1
2024-07-03,186.32814025878903,186.556832698724,184.33449688272276,185.24432046483227,7409100.0,179.67436599731445,174.23662200927734,66.9068959761544,3.4201781598514174,3.0344239742194854,0.385754185631932,187.4642396019001,171.88449239272882,15.579747209171273,0.0041798059977271595,0.021644262145034343,0.0620005566040196,1,0.0114729548349975,185.5525665283203,184.3195953369141,1
2024-07-05,190.87225341796875,191.17054131148387,186.2585468729365,186.2585468729365,14303400.0,180.42465286254884,174.8774057006836,72.49222883138164,3.841805734636239,3.1959003263028363,0.6459054083334026,189.4029044542625,171.44640127083517,17.956503183427344,0.024387691268041634,0.04049001249685591,0.08018681207086997,1,0.012860458745378079,186.32814025878903,185.80116271972656,0
2024-07-08,189.400634765625,190.5928456918421,188.2472194735337,190.28062959522865,12097600.0,181.0377944946289,175.4653176879883,68.46233073029951,4.010965386663742,3.358913338375017,0.6520520482887244,190.68446250330166,171.39112648595616,19.293336017345496,-0.007709966357033693,0.020738426362415074,0.05669592086273312,1,0.013491950821162247,190.87225341796875,182.38064575195312,0
2024-07-09,189.36085510253903,191.76714010959296,189.15203841273987,190.6634294288226,10198500.0,181.76813201904298,176.11500579833984,68.35171865226654,4.094615563856053,3.5060537834712244,0.5885617803848282,191.611015130476,171.92524890760996,19.68576622286605,-0.00021002919623369642,0.016276204117842363,0.053376870812047006,1,0.013597614171948061,189.400634765625,183.444580078125,1
2024-07-10,191.56829833984372,192.2146090546467,189.5398494759331,189.66911768782384,12052900.0,182.56509094238282,176.49618194580077,71.13838298095251,4.2895835043603086,3.6627597276490413,0.6268237767112672,192.8613490879764,172.26883279678924,20.592516291187167,0.011657336655505501,0.003646653242735942,0.03815077713167825,1,0.011705305349595048,189.36085510253903,185.5525665283203,0
2024-07-11,186.23866271972656,191.31970737889765,185.7613869004445,190.2557632789729,16452000.0,183.01800994873048,176.88577850341798,57.885832488635984,3.9682959039555783,3.723866962910349,0.2444289410452294,193.12207759615407,172.9139423013069,20.20813529484718,-0.027821073039247524,-0.016694622221362865,0.010411629752683949,1,0.015413348778093857,191.56829833984372,186.32814025878903,0
2024-07-12,185.72161865234372,187.62079936803704,185.0852457893025,185.86082474199884,14449100.0,183.3769660949707,177.3297912597656,56.78070848918665,3.6301064235742615,3.705114855043132,-0.07500843146887037,193.32848052543054,173.42545166451086,19.903028860919676,-0.002776244523195248,-0.01921852564630988,-0.00042811393760133765,1,0.015254438578411975,186.23866271972656,190.87225341796875,1
2024-07-15,187.1236114501953,188.82391312654403,185.4332476461541,185.4332476461541,12186000.0,183.94622116088868,177.78337005615234,59.062932959841014,3.435614302607547,3.6512147445560155,-0.21560044194846828,193.37355920101282,174.51888312076454,18.854676080248282,0.0075488939199697125,-0.02320157838309711,0.02600586086690826,1,0.013911378899555243,185.72161865234372,189.400634765625,0
2024-07-16,184.4488677978516,189.26143838906276,184.0710162054396,187.8892684498503,12760100.0,184.3007019042969,178.12604705810546,53.28218773512647,3.0307122720038535,3.5271142500455834,-0.4964019780417299,193.23070620247844,175.37069760611533,17.860008596363116,-0.014293993321391363,-0.00961022215117846,0.005474611020390485,1,0.014826839344554461,187.1236114501953,189.36085510253903,0
2024-07-17,181.58517456054688,184.18038554020825,180.59084108439043,183.6334990938572,17376600.0,184.49161376953126,178.40092224121094,47.8790799889924,2.4505005393868373,3.3117915079138345,-0.8612909685269972,193.00842004061013,175.97480749845238,17.033612542157755,-0.015525675334820743,-0.02227228107213486,-0.02138149874185602,1,0.015090088695449347,184.4488677978516,191.56829833984372,0
2024-07-18,178.20445251464844,183.00708517888935,177.20018113362187,182.49996537952947,17877200.0,184.62932968139648,178.5914971923828,42.41130236015892,1.6983055367874726,2.9890943136885624,-1.2907887769010897,192.6303380814055,176.62832128138746,16.002016800018055,-0.018617830745709885,-0.047664529700041536,-0.043598823735683134,1,0.015750900828709287,181.58517456054688,186.23866271972656,1
2024-07-19,178.37347412109375,180.93885620153185,177.84647861485163,179.34791663817788,14485900.0,184.7128532409668,178.72288116455078,42.763233407154985,1.1031082636207827,2.6118971036750063,-1.5087888400542235,192.4102583414084,177.01544814052522,15.394810200883171,0.0009484701648037053,-0.032938091457499374,-0.06548243169480161,1,0.012386144558288105,178.20445251464844,185.72161865234372,1
2024-07-22,182.31103515625,183.25564885280767,180.86923958683064,181.3167017551738,16303900.0,184.8664779663086,178.9691683959961,50.37203939196017,0.9383220123645231,2.27718208541291,-1.3388600730483868,192.23640126358697,177.49655466903022,14.739846594556752,0.022074812718415382,0.003997356047704681,-0.03743176266620263,1,0.015339907925043231,178.37347412109375,187.1236114501953,1
2024-07-23,182.55963134765625,184.17044671555996,182.29115706223075,182.79826167041253,23772600.0,185.0061828613281,179.2120846557617,50.81658056724394,0.8183538819213823,1.9854164447146043,-1.167062562793222,192.0841826383925,177.92818308426374,14.155999554128755,0.0013635827978990545,0.024439225684609767,-0.03591673554283392,1,0.015387701261264146,182.31103515625,184.4488677978516,0
2024-07-24,173.3819122314453,176.94162766782634,172.5864576395385,174.39613656014745,31250700.0,184.44885864257813,179.29707153320314,37.47171712534635,-0.017089954698150223,1.5849151648320534,-1.6020051195302036,193.15717175702133,175.74054552813493,17.4166262288864,-0.05027244549334897,-0.027983767845771612,-0.09493421545216008,1,0.020275732700151993,182.55963134765625,181.58517456054688,0
2024-07-25,168.20144653320312,174.20721377004753,168.09206924909273,173.2626000467253,28967900.0,183.64295120239257,179.26633178710938,32.313379126320285,-1.0847017347618646,1.05099178491327,-2.1356935196751348,194.8692198763792,172.41668252840594,22.452537347973248,-0.029878928150976036,-0.07739294887418213,-0.09685000913944453,1,0.02048898757165808,173.3819122314453,178.20445251464844,0
2024-07-26,167.7241668701172,168.87759736716222,164.92513082283665,167.81366841574962,25150100.0,182.7391014099121,179.20558654785157,31.877981728975527,-1.9468620286219505,0.4514210222062258,-2.3982830508281765,195.8734568978626,169.6047459219616,26.268710975901,-0.0028375479100991585,-0.0812636636480013,-0.09690552943067088,1,0.020486614065456977,168.20144653320312,178.37347412109375,1
2024-07-29,170.16029357910156,171.1844558514704,168.75827972854137,169.53385863048427,13768900.0,182.12808380126953,179.1548287963867,36.57553679750005,-2.4058223843070436,-0.12002765909642804,-2.2857947252106157,196.36316396292364,167.89300363961542,28.47016032330822,0.01452460163877789,-0.01858105387627318,-0.09065300599763537,1,0.021253046738992684,167.7241668701172,182.31103515625,1
2024-07-30,170.8861541748047,171.96997403739772,169.15600844040551,170.85632538389478,13681400.0,181.50016250610352,179.08779907226562,37.948548841655985,-2.6800865199095654,-0.6320394312590555,-2.04804708865051,196.53312397259145,166.4672010396156,30.065922932975866,0.004265746023561556,0.015961263692649608,-0.07353102127962685,1,0.021571768066977273,170.16029357910156,182.55963134765625,1
2024-07-31,172.16883850097656,174.91320865604047,170.74694888658044,173.92881303446427,15650200.0,180.83097610473632,179.00947631835936,40.40375352998729,-2.7621011355170992,-1.0580517721106641,-1.704049363406435,196.26888446564092,165.39306774383172,30.8758167218092,0.00750607521344171,0.026499887963678193,-0.05185630425148269,1,0.021835197438122192,170.8861541748047,173.3819122314453,0
2024-08-01,171.47279357910156,174.68448624625722,169.5437843354653,171.00545566245466,17177800.0,180.08820877075195,178.89399047851563,39.490624954754324,-2.85040561575218,-1.4165225408389674,-1.4338830749132128,195.8233145727239,164.35310296878,31.47021160394388,-0.004042804307302417,0.007713315323999881,-0.037774919989687294,1,0.02131223512955724,172.16883850097656,168.20144653320312,0
2024-08-02,167.4457550048828,169.24551138112997,165.4471501358132,167.23695346679165,18907800.0,178.91688385009766,178.67651153564452,34.616205636385104,-3.208352025096218,-1.7748884376904177,-1.4334635874058004,194.75395270686735,163.07981499332797,31.67413771353938,-0.023485000099220166,-0.020132697037599567,-0.06126313999351918,1,0.022113909123857644,171.47279357910156,167.7241668701172,0
2024-08-05,159.729736328125,164.99970702790134,155.7126355760506,156.478261463729,34907800.0,177.43333892822267,178.33530242919923,27.589330901454048,-4.067754809764125,-2.2334617121051594,-1.8342930976589655,194.56975183137737,160.29692602506796,34.27282580630941,-0.04608070641464046,-0.07224944003313938,-0.12386139329839063,0,0.02295966745327106,167.4457550048828,170.16029357910156,0
2024-08-06,159.6302947998047,161.43005119518008,157.23396257497106,160.0330138293395,36146500.0,175.94681091308593,178.05050506591797,27.51182026933074,-4.702652557164669,-2.7272998811170615,-1.9753526760476072,193.82848121141734,158.0651406147545,35.76334059666283,-0.0006225611498915651,-0.06906342710182678,-0.12559916109923686,0,0.022830858882238278,159.729736328125,170.8861541748047,1
2024-08-07,159.83909606933594,163.8561963802638,159.3319914909659,162.3149917286518,19334200.0,174.36035079956054,177.74465637207032,27.969421350805334,-5.129831573573853,-3.20780621960842,-1.9220253539654326,192.04571852272778,156.6749830763933,35.37073544633449,0.0013080303446981745,-0.04542760092858167,-0.07810974044415453,0,0.019003481227701992,159.6302947998047,172.16883850097656,1
2024-08-08,162.91159057617188,164.56218776245834,161.11184943969516,161.42406553399982,15733600.0,173.19399719238282,177.4666876220703,34.51988368506875,-5.160957092168786,-3.598436394120493,-1.562520698048293,190.6675964744918,155.72039791027385,34.947198564217956,0.01922242168776478,0.01992023727823944,-0.031449527135826494,0,0.019046779233607588,159.83909606933594,171.47279357910156,1
2024-08-09,164.4528350830078,164.58210330739894,160.01810050841772,160.72906057024213,13549200.0,172.13055801391602,177.23185943603517,37.58609118933482,-5.003580576651757,-3.879465230626746,-1.124115346025011,189.00350628747475,155.25760974035728,33.74589654711747,0.009460619108714097,0.030210683312031472,-0.01950423631940079,0,0.019452874518416447,162.91159057617188,167.4457550048828,0
2024-08-12,163.02098083496094,165.75539806973325,162.62325348792436,165.05439110341254,12435000.0,170.9254264831543,177.04467193603514,35.904009792714646,-4.9374810178811686,-4.09106838807763,-0.8464126298035382,186.75342586474667,155.09742710156192,31.655998763184755,-0.008706777522711318,0.019906799048993173,-0.04195639648930094,0,0.018658427809677577,164.4528350830078,159.729736328125,1
2024-08-13,164.98974609375,165.59629011991402,163.8363307946276,164.24897251060386,12717600.0,169.9524703979492,176.88891418457033,39.887505926619255,-4.6723735250619995,-4.207329415474504,-0.4650441095874953,184.69047425150276,155.21446654439566,29.4760077071071,0.012076759989453123,0.012756339252647964,-0.03450489075330865,0,0.01920389525522622,163.02098083496094,159.6302947998047,0
2024-08-14,161.11184692382812,164.0252518080872,158.62601331064516,163.2795017241323,22515900.0,168.92880401611328,176.64646118164063,35.241543256345906,-4.720769884413244,-4.310017509262252,-0.4107523751509916,183.1268514029017,154.73075662932484,28.396094773576863,-0.023503879857590615,-0.020315783291259937,-0.06422179340592882,0,0.019754360792971108,164.98974609375,159.83909606933594,1
2024-08-15,162.24539184570312,162.59341463206414,160.5749188847497,161.2908402029654,18392500.0,168.130850982666,176.41257537841796,37.532006348619014,-4.614464076639564,-4.370906822737714,-0.2435572539018498,181.94257433847437,154.31912762685764,27.623446711616737,0.0070357639336784406,-0.004757602274783279,-0.053812628468910884,0,0.0202089949663824,161.11184692382812,162.91159057617188,1
2024-08-16,163.80650329589844,166.0039717947397,162.15590607432796,162.48403794408534,16853100.0,167.40250244140626,176.17137512207032,40.645583994989764,-4.354056458264097,-4.367536749842991,0.013480291578893855,180.49446434553667,154.31054053727584,26.18392380826083,0.009621915497482592,-0.007171614150974115,-0.021733914418303746,0,0.019607111347038804,162.24539184570312,164.4528350830078,1
2024-08-19,167.4457550048828,167.51536563246327,165.14884705192927,166.05369417652463,13100800.0,166.65923843383788,175.9775341796875,47.246663246067534,-3.8101038407772876,-4.25605016802985,0.4459463272525621,177.8278196138425,155.49065725383326,22.337162360009245,0.022216771836039095,0.039313732676960145,0.04830671391648189,0,0.013496550137090786,163.80650329589844,163.02098083496094,1
2024-08-20,168.00259399414062,169.44437452745237,167.7042909111701,167.78383941145057,12622500.0,165.9313865661621,175.84250396728515,48.19601531697203,-3.2960899465573448,-4.064058123735349,0.7679681771780045,174.44106071261191,157.4217124197123,17.019348292899622,0.0033254888381111236,0.035484534154983205,0.05244805946663056,0,0.013377165354846834,167.4457550048828,164.98974609375,0
2024-08-21,166.6801300048828,167.68440138112788,165.6261389190102,166.04375716969605,15269600.0,165.59629745483397,175.66352416992189,46.07529034752211,-2.961305932319476,-3.843507685452175,0.8822017531326987,173.4049767310132,157.78761817865475,15.61735855235844,-0.007871687917532566,0.017542812105533434,0.042799503399214345,0,0.013975918608954719,168.00259399414062,161.11184692382812,0
2024-08-22,164.55226135253906,168.4599848429793,164.09486125288578,168.0821332464103,19123800.0,165.4138381958008,175.4109637451172,42.811101594407624,-2.8350081961967817,-3.6418077876010964,0.8067995914043147,173.14060650123594,157.68706989036565,15.453536610870287,-0.012766180661614612,-0.017280185169575524,0.010070927246886408,0,0.013837955473889425,166.6801300048828,162.24539184570312,1
2024-08-23,166.4812469482422,166.99830460508238,164.72128761615647,165.60624380473357,14281600.0,165.35169219970703,175.16973876953125,46.51060730385036,-2.549869999905553,-3.4234202300619883,0.8735502301564351,173.02292733616576,157.6804570632483,15.342470272917467,0.011722631945910722,-0.009055497357091435,0.012334307670710087,0,0.014007458738780558,164.55226135253906,163.80650329589844,1
2024-08-26,166.97840881347656,168.4202044524346,165.37754652596405,167.20213990843885,11990300.0,165.19259796142578,174.99453674316408,47.45406963304952,-2.2577531446170553,-3.190286812973002,0.9325336683559469,172.58525083812316,157.7999450847284,14.785305753394766,0.002986293497603043,0.0017895282934146106,0.024275574580931103,0,0.01355877175692118,166.4812469482422,167.4457550048828,0
2024-08-27,165.4372100830078,167.29163232217277,165.21845550253033,166.6602360212593,13718200.0,164.92015075683594,174.75609588623047,44.815143661362136,-2.126101910059532,-2.9774498323903082,0.8513479223307763,171.83990921976013,158.00039229391174,13.839516925848386,-0.009229928236951568,0.005377918985706387,0.002712071506574487,0,0.013558010013980566,166.97840881347656,168.00259399414062,0
2024-08-28,163.56784057617188,166.4414634298573,162.35475264200346,165.8349194627731,15208700.0,164.4901008605957,174.47211395263673,41.78023374602781,-2.147850767745723,-2.811530019461391,0.663679251715668,170.57289128068427,158.40731044050713,12.165580840177142,-0.011299571033009936,-0.017499907199614362,0.015244028910579743,0,0.011576299315380833,165.4372100830078,166.6801300048828,0
2024-08-29,162.47409057617188,166.68013227630968,161.06412637762125,165.11902137221767,17133800.0,164.04016571044923,174.21259307861328,40.070406040388086,-2.2276642514856633,-2.6947568658662457,0.46709261438058247,169.26049450378576,158.8198369171127,10.440657586673069,-0.006686827900565517,-0.02697545310984628,0.0014095853686015847,0,0.011669903944613562,163.56784057617188,164.55226135253906,1
2024-08-30,164.17442321777344,164.3434581110658,162.48405911252289,163.28946691034466,18498800.0,163.87659912109376,173.962021484375,43.91316320790974,-2.1291706248694027,-2.581639617666877,0.45246899279747455,168.85945110776842,158.8937471344191,9.96570397334932,0.010465254094186749,-0.007633028050949231,0.002246064194474595,0,0.01174832641441608,162.47409057617188,166.4812469482422,0
2024-09-03,157.7112274169922,162.45420217078595,156.96050081516395,162.38956806965845,26533100.0,163.77567367553712,173.53147521972656,34.7831963906624,-2.543321771886326,-2.573976048510767,0.030654276624440868,169.1562998086252,158.39504754244905,10.761252266176143,-0.0393678605601554,-0.03580540733771154,-0.058135409808428795,0,0.014736347414151061,164.17442321777344,166.97840881347656,0
2024-09-04,156.91575622558594,159.4910761689926,156.54785771147758,157.17925397775187,17410700.0,163.63994674682618,173.07447967529296,33.85037230050939,-2.9022718337138826,-2.6396352055513903,-0.26263662816249234,169.54353130764315,157.73636218600922,11.807169121633933,-0.005043846303364297,-0.034210589090695964,-0.06599206300910665,0,0.01438951346354556,157.7112274169922,165.4372100830078,1
2024-09-05,157.7012939453125,160.10260259244973,156.62741198020422,156.88593321960403,14139500.0,163.533056640625,172.5379376220703,35.684679101722594,-3.087762214099598,-2.729260607261032,-0.358501606838566,169.7757191280875,157.2903941531625,12.485324974924993,0.005006111168321725,-0.03942836615831735,-0.05386866484509756,0,0.014843013818348015,156.91575622558594,163.56784057617188,0
2024-09-06,151.2679443359375,158.31776446976443,151.07404204106973,157.79076898385384,24999100.0,162.95087432861328,171.8769046020508,28.672345277321455,-3.711102940060215,-2.925629073820869,-0.7854738662393461,171.17428249738134,154.72746615984522,16.44681633753612,-0.040794526464735026,-0.040854942204073375,-0.08073007874465521,0,0.01856397172264044,157.7012939453125,162.47409057617188,0
2024-09-09,148.8883514404297,153.96613354006942,147.55419432766988,152.960540228326,28057700.0,162.1726501464844,171.13864837646486,26.59090435472379,-4.347008606593363,-3.209904980375368,-1.137103626217995,172.38546773881174,151.95983255415703,20.42563518465471,-0.01573097926301681,-0.051157417064070065,-0.10567493835075614,0,0.01727134263293453,151.2679443359375,164.17442321777344,1
2024-09-10,149.35630798339844,151.63633754172483,148.89134773184537,150.79003544164266,20401800.0,161.48941650390626,170.47816162109376,27.702411417724406,-4.7583568706022845,-3.5195953584207516,-1.238761512181533,173.11448435874507,149.86434864906744,23.250135709677636,0.0031430030518941887,-0.052916407678987865,-0.1055352063497198,0,0.017285477620643214,148.8883514404297,157.7112274169922,1
2024-09-11,151.4869842529297,151.81554806620483,148.0520210302128,150.43160574548077,18991500.0,160.81427841186525,169.83900970458984,32.6990739771082,-4.856443507562858,-3.786964988249173,-1.069478519313685,173.0975282096947,148.5310286140358,24.56649959565891,0.014265726692762604,0.0014480260041462856,-0.08432338663761696,0,0.019052393686424238,149.35630798339844,156.91575622558594,1
2024-09-12,154.86221313476562,154.93191539548397,152.83110931126586,154.1353984322752,20980800.0,160.5017967224121,169.22520263671876,39.79719469259665,-4.608698899136925,-3.9513117704267233,-0.657387128710202,173.05390225015574,147.94969119466847,25.10421105548727,0.022280652681028412,0.04012309651185908,-0.053223343969942105,0,0.021345828344193164,151.4869842529297,157.7012939453125,1
2024-09-13,157.6798858642578,158.58094104280494,155.42973945471823,155.68064025177955,16733900.0,160.27352142333984,168.6522375488281,45.01116839590508,-4.137304599024503,-3.9885103361462795,-0.14879426287822373,172.85650700381427,147.69053584286542,25.165971160948857,0.01819470787906252,0.05572967083375269,-0.02950750298039928,0,0.022574069671632297,154.86221313476562,151.2679443359375,1
2024-09-16,158.2971954345703,158.5461060421012,156.92320401946452,157.64006778453728,14157600.0,159.99805603027343,168.00073638916015,46.11229918577315,-3.6715857417716222,-3.9251254172713486,0.25353967549972634,172.50056706157153,147.49554499897533,25.005022062596197,0.003914954446656127,0.04495575124969142,-0.03579868086642901,0,0.02224030006220215,157.6798858642578,148.8883514404297,1
2024-09-17,159.58157348632812,160.88586268807376,158.71536940107993,159.39239898672255,12064800.0,159.6048469543457,167.40435516357422,48.42631910087781,-3.1624073538489768,-3.7725818045868746,0.6101744507378979,171.63129182042172,147.57840208826968,24.05288973215204,0.008113713248246945,0.03047457643818885,0.011859308306508165,0,0.018458244733530877,158.2971954345703,149.35630798339844,1
2024-09-18,160.1092529296875,160.92568699517338,158.9642702393375,160.14908713362692,16756500.0,159.21017990112304,166.8193231201172,49.38791727706312,-2.6853455005493174,-3.5551345437793636,0.8697890432300461,170.61012647090504,147.81023333134104,22.799893139564006,0.003306643942852183,0.015406956011631445,0.02035166372655728,0,0.01832601861699887,159.58157348632812,151.4869842529297,1
2024-09-19,162.52867126464844,164.2710454691448,161.81379771037444,164.1017880837837,17548200.0,159.00260696411132,166.23853057861328,53.654665337616436,-2.0879748309239403,-3.261702601208279,1.1737277702843385,169.9948261109712,148.01038781725146,21.984438293719734,0.015111046305508857,0.026731211620405038,0.03061089226706004,0,0.018772920188824524,160.1092529296875,154.86221313476562,1
2024-09-20,163.92254638671875,164.03206764655698,162.4689019554381,163.80307417318457,46362700.0,158.97112121582032,165.79220825195313,55.958253842604904,-1.4849624751158217,-2.9063545759897873,1.4213921008739656,169.90301695175913,148.0392254798815,21.86379147187762,0.008576179890135371,0.027202218937655287,0.08365686534800632,0,0.010663369821817512,162.52867126464844,157.6798858642578,0
2024-09-23,162.3594207763672,165.8839883465766,162.23993335222076,164.61951818775515,15648400.0,158.76502990722656,165.32496429443358,52.78941312968986,-1.1202880287971482,-2.5491412665512594,1.4288532377541112,169.2698938735314,148.26016594092172,21.009727932609678,-0.009535757251256327,0.014053952569923256,0.09047765796055085,0,0.009203958994002585,163.92254638671875,158.2971954345703,1
2024-09-24,162.92691040039062,163.83294856754733,161.3239256401504,163.53425282985546,18774100.0,158.56245498657228,164.8410302734375,53.81203208979076,-0.7765377885536111,-2.19462057095173,1.4180827823981188,168.5704693647098,148.55444060843476,20.016028756275034,0.003495267606338004,0.002450270051698844,0.09086059102706678,0,0.009180814758764482,162.3594207763672,159.58157348632812,0
2024-09-25,162.27976989746094,163.50141298569918,162.06569522258198,162.25985279443302,13607900.0,158.40458297729492,164.39764831542968,52.41766397209051,-0.5499921100944789,-1.8656948787802798,1.315702768685801,168.06749620312408,148.74166975146576,19.325826451658315,-0.003971968174805163,-0.01002166282472361,0.0712456300965838,0,0.009761397974872587,162.92691040039062,160.1092529296875,1
2024-09-26,163.1160888671875,164.77880977721125,162.78752506691262,164.31085665490733,18234500.0,158.3819953918457,164.0282666015625,54.073875854001706,-0.2995164372483998,-1.5524591904739038,1.252942753225504,167.99852610502208,148.7654646786693,19.233061426352776,0.005153562703810843,0.0046604507899947745,0.05329819047102924,0,0.008140288664810915,162.27976989746094,162.52867126464844,1
2024-09-27,164.56971740722656,166.24240445583408,163.1160880833797,163.19574129448452,13604300.0,158.48677673339844,163.75557189941406,56.88308450890686,0.016097451363464188,-1.2387478621064303,1.2548453134698945,168.32254201057557,148.6510114562213,19.671530554354263,0.008911619633196644,0.010083091877202799,0.043695056634553975,0,0.006938941086854152,163.1160888671875,163.92254638671875,1
2024-09-30,166.46145629882812,166.63071368478148,163.92256512493256,164.06195445408815,14070100.0,158.60112838745118,163.51733154296875,60.2875094349868,0.41409778904909444,-0.9081787318753254,1.3222765209244198,168.74702468657608,148.45523208832628,20.2917925982498,0.011495060703789584,0.02576837768508944,0.051575524391601624,0,0.007296124303769852,164.56971740722656,162.3594207763672,1
2024-10-01,167.6861114501953,169.6973135950972,165.17708804513052,168.12419658990655,18629500.0,159.09987258911133,163.22483306884766,62.35950448520501,0.8188956407460353,-0.5627638573510533,1.3816594980970884,169.97614158635764,148.22360359186501,21.752537994492627,0.007356989291074756,0.02801699461252305,0.05078617654162643,0,0.007264854365298801,166.46145629882812,162.92691040039062,0
2024-10-02,166.5809326171875,168.14409852538486,165.5255540716188,167.02896867245562,12745000.0,159.5831314086914,162.9052590942383,59.3500610346761,1.0385503966704164,-0.24250100654675935,1.2810514032171758,170.87907094130685,148.28719187607595,22.5918790652309,-0.006590759505661681,0.012221052825801548,0.04042039775391415,0,0.008141012367183443,167.6861114501953,162.27976989746094,0
2024-10-03,166.4813690185547,167.17831564598703,164.64937549349344,165.09742671826152,11004300.0,160.02213516235352,162.76724822998048,59.073475942771346,1.1908668511741496,0.04417256499742245,1.146694286176727,171.66843185779697,148.37583846691007,23.292593390886907,-0.0005976890456100836,0.0001196236063849554,0.024320002884106406,0,0.007222615706012706,166.5809326171875,163.1160888671875,1
2024-10-04,167.8254852294922,168.8111767024193,166.23246646010332,168.60208510793254,11422100.0,160.85001220703126,162.75972900390624,61.670419893368816,1.4038549180974371,0.31610903561742537,1.0877458824800117,172.24062185546006,149.45940255860245,22.781219296857614,0.008073673461849618,0.0008311587530507314,0.023809652355971878,0,0.007176699312436191,166.4813690185547,164.56971740722656,0
2024-10-07,163.67364501953125,169.15962888910855,163.41478347821553,168.4029461736727,14034700.0,161.58927688598632,162.67871856689453,50.92185615392665,1.2235266356262287,0.497592555619186,0.7259340800070426,171.61615346314582,151.56240030882682,20.053753154318997,-0.024739032956070495,-0.017452703331523267,0.008094536411128672,0,0.010717884468231947,167.8254852294922,166.46145629882812,1
2024-10-08,164.97793579101562,165.37620184985647,163.59399352017417,164.70910810033513,11723900.0,162.3703582763672,162.57507141113283,53.65459830528446,1.1723464572201863,0.6325433359393862,0.5398031212808001,170.7647252888692,153.9759912638652,16.788734025003976,0.007968850277200845,-0.009030639502799254,0.012588622625842705,0,0.010931397839321703,163.67364501953125,167.6861114501953,0
2024-10-09,162.3494415283203,165.5354940563339,160.41789291037858,164.13661774956313,19666400.0,162.91348114013672,162.40433715820313,47.86978557871564,0.9092074992543644,0.6878761686023818,0.22133133065198263,169.66596136855995,156.1610009117135,13.504960456846447,-0.01593239877861563,-0.032629392929707235,0.00042933035278158727,1,0.012158490932382943,164.97793579101562,166.5809326171875,1
2024-10-10,162.46890258789062,163.59498593555762,160.9356201364823,161.4035732310404,12900500.0,163.29381561279297,162.2103384399414,48.143432229648255,0.7022128161499381,0.6907434981118931,0.011469318038045073,168.95882388373522,157.62880734185072,11.330016541884504,0.0007358267355017656,-0.007360637880929888,-0.0039676422098609,1,0.012034499026053417,162.3494415283203,166.4813690185547,1
2024-10-11,163.80308532714844,164.54981709717626,161.7918835060304,162.6182684879368,10946000.0,163.5999755859375,162.05694427490235,51.22299723008655,0.6384656012806715,0.6802879187456488,-0.04182231746497722,168.64636168663515,158.55358948523985,10.092772201395292,0.008211926824187588,-0.007121258113905737,-0.004658403089926266,1,0.01197668116413793,162.46890258789062,167.8254852294922,1
2024-10-14,165.6251220703125,166.88957700087903,164.0619561840233,164.1913945597103,9981800.0,163.96637191772462,162.02053161621095,55.14097471204236,0.7265929013218226,0.6895489152608836,0.03704398606093906,168.45250341149674,159.4802404239525,8.97226298754424,0.011123335922061939,0.02017672811902327,-0.005024191468169348,1,0.011936162160448972,163.80308532714844,163.67364501953125,1
2024-10-15,166.17271423339844,168.35317356937637,165.32642728967718,166.41167388401854,14829300.0,164.29592895507812,162.1493911743164,56.27764663303952,0.8310408114996903,0.7178472945086449,0.1131935169910454,168.3970559028728,160.19480200728344,8.202253895589365,0.003306214396952889,0.022797049690811866,-0.00902517926922275,1,0.011708764966316827,165.6251220703125,164.97793579101562,0
2024-10-16,166.013427734375,166.55106797325655,164.4960665730318,165.30651490961594,9968500.0,164.5911376953125,162.2770538330078,55.834452515654654,0.8906960538935493,0.7524170463856258,0.13827900750792355,168.27284363464895,160.90943175597607,7.363411878672878,-0.0009585598920873739,0.013493899719972058,-0.0034067817600509365,1,0.011535801106698945,166.17271423339844,162.3494415283203,0
2024-10-17,163.79312133789062,167.19821643099235,163.65373201334134,166.65062527959674,15113400.0,164.65436019897462,162.3561343383789,49.93171868043264,0.7501656503071672,0.7519667671699342,-0.0018011168627669605,168.23424605604984,161.0744743418994,7.159771714150452,-0.013374257894589792,-0.011061128345276838,-0.016147438578334006,1,0.01225963063548307,166.013427734375,162.46890258789062,1
2024-10-18,164.33078002929688,165.64502008827174,164.03208427288982,164.15155649853372,13091300.0,164.6747718811035,162.3845181274414,51.275042908872045,0.6744047379763742,0.7364543613312222,-0.06204962335484798,168.2423686543807,161.10717510782632,7.135193546554376,0.0032825474416420253,-0.01108445638984068,-0.02082344761533983,1,0.01193058129203046,163.79312133789062,163.80308532714844,1
2024-10-21,165.0775146484375,165.4956826376428,163.58901891443685,163.8628296926184,11384000.0,164.81067657470703,162.39701171875,53.154907483184274,0.6669309473583098,0.7225496785366399,-0.05561873117833005,168.21862853936423,161.40272461004983,6.815903929314402,0.004544094654741482,-0.005637574614958174,0.008577249127302844,1,0.0089644964663263,164.33078002929688,165.6251220703125,1
2024-10-22,166.0930633544922,166.74022480209356,163.95242319647124,163.98229125145,11958600.0,164.9689842224121,162.4584533691406,55.6603613062077,0.7344874931137042,0.7249372414520527,0.009550251661651465,168.3056111896976,161.6323572551266,6.673253934570994,0.006151950544067031,0.01404174972560046,0.006759252733584464,1,0.00882238577065562,165.0775146484375,166.17271423339844,0
2024-10-23,163.76324462890625,166.86965899975868,162.91993546186882,165.70474411550393,12754300.0,165.04315795898438,162.43392333984374,49.16392866941624,0.5931916976546461,0.6985881326925714,-0.10539643503792528,168.19838527288638,161.88793064508238,6.310454627804006,-0.014027188604580076,-0.0034536159342117845,0.008708395220067944,1,0.008435153135575737,166.0930633544922,166.013427734375,1
2024-10-24,163.81304931640625,164.33078763866595,162.06072409253227,163.87278543199432,12764400.0,165.0780059814453,162.4879473876953,49.300157272035655,0.47970286776330795,0.6548110797067187,-0.17510821194341075,168.16191847393156,161.99409348895904,6.167824984972526,0.000304126164652363,-0.0076598277768124,0.008273255417531322,1,0.008437188823346849,163.76324462890625,163.79312133789062,1
2024-10-25,166.26231384277344,166.67051564133874,164.50997366436278,164.64439509849527,14566400.0,165.16263580322266,162.5682858276367,55.601267154923484,0.5807033436809661,0.6399895325015682,-0.059286188820602104,168.27883749783757,162.04643410860774,6.23240338922983,0.014951583751038111,0.0010190099746671955,0.015013322311441257,1,0.009313689293021012,163.81304931640625,164.33078002929688,1
2024-10-28,167.60643005371094,169.86256206708674,165.06753901516458,169.84662534790536,20858300.0,165.2198844909668,162.64428436279297,58.6392456929407,0.7604400143615351,0.6640796288735616,0.09636038548797343,168.46867541749776,161.97109356443582,6.497581853061945,0.008084310748908363,0.023467936492791663,0.011962605422608075,1,0.009010542837353936,166.26231384277344,165.0775146484375,1
2024-10-29,170.3942413330078,171.11110508314272,167.9250524115973,168.6468840430168,28916100.0,165.35529098510742,162.70325408935548,64.12260016634006,1.114982863934273,0.7542602758857039,0.36072258804856905,169.17885496032193,161.5317270098929,7.647127950429024,0.016633080714167692,0.04017501685039715,0.025404454149313693,1,0.010252297287455223,167.60643005371094,166.0930633544922,1
2024-10-30,175.3724365234375,182.98909414615085,174.97915355569205,181.61511808403745,49698300.0,165.79486618041992,162.8506509399414,71.41123910930438,1.7771732272072143,0.958842866150006,0.8183303610572082,171.59270521995705,159.99702714088278,11.595678079074276,0.029215747853242435,0.054793671939866506,0.05637501084573171,1,0.013136616789882942,170.3942413330078,163.76324462890625,0
2024-10-31,171.93746948242188,177.64249554999887,171.80803112319362,173.95862211563897,32801900.0,166.0676712036133,162.9557977294922,62.04495574882586,2.001716189722316,1.167417530864468,0.834298658857848,172.45275577951844,159.68258662770813,12.770169151810308,-0.01958669850924133,0.02584053265332975,0.04972338324104708,1,0.014233502869773563,175.3724365234375,163.81304931640625,0
2024-11-01,171.89764404296875,173.0625589507953,169.56784461190855,170.79248043711254,21752900.0,166.27127914428712,163.1027053833008,61.94351341222955,2.1516516245600883,1.3642643496035922,0.7873872749564961,173.11110479258028,159.43145349599396,13.679651296586314,-0.00023162746068683404,0.008823084032650863,0.046046541082095827,1,0.014322495896064132,171.93746948242188,166.26231384277344,0
2024-11-04,169.9362335205078,171.1708355365351,168.74644878064225,170.49380601285034,16194000.0,166.58440856933595,163.1718051147461,57.00058118107976,2.0881363637431036,1.5090387524314945,0.5790976113116091,173.4929433096741,159.6758738289978,13.81706948067631,-0.011410339759925114,-0.030998046846450578,0.029432953860601963,1,0.015192118245156427,171.89764404296875,167.60643005371094,1
2024-11-05,170.66307067871094,171.3470734959179,169.6275940553142,170.0855962526431,12518300.0,166.8686653137207,163.2454983520508,58.3276401466316,2.0725585809797167,1.621742718141139,0.45081586283857766,173.95496128796134,159.78236933948006,14.172591948481283,0.004277117028814281,-0.007411989995823598,0.02751473921860903,1,0.015160550775276298,169.9362335205078,170.3942413330078,1
2024-11-06,177.5529022216797,177.86154891962624,174.27723038022245,174.5858922704656,27061500.0,167.62883834838868,163.48781219482422,68.31127285018167,2.586351055678506,1.8146643856486127,0.7716866700298932,175.79278625369562,159.46489044308174,16.32789581061388,0.04037095732292029,0.03289898596456209,0.08420483866218786,1,0.01794683967299174,170.66307067871094,175.3724365234375,1
2024-11-07,181.48568725585935,181.78438300082172,178.11046028006697,178.32950281355292,16730400.0,168.5796775817871,163.84616912841796,72.37903569673443,3.2731473727055516,2.1063609830600005,1.166786389645551,178.38330595743892,158.7760492061353,19.607256751303623,0.022149933822368517,0.06796345603339349,0.10788296789053886,1,0.018198521949198385,177.5529022216797,171.93746948242188,0
2024-11-08,179.07623291015625,181.5553878202433,178.78750331450587,181.20690692232023,15021500.0,169.3433349609375,164.17821197509767,66.72759134929646,3.58172764624382,2.4014343156967644,1.1802933305470558,179.89088477100472,158.7957851508703,21.09509962013442,-0.013276277496782618,0.04929691114771906,0.07707049644154673,1,0.01956018420803463,181.48568725585935,171.89764404296875,1
2024-11-11,181.17706298828125,181.29156734251112,179.20569513512734,179.28534835646568,12503400.0,170.12093200683594,164.5182647705078,69.00038433472588,3.95026299332514,2.7112000512224395,1.2390629421027004,181.69998985787518,158.5418741557967,23.158115702078476,0.011731484653125346,0.02041172361168564,0.08096725722409026,1,0.019603703379722774,179.07623291015625,169.9362335205078,1
2024-11-12,182.52117919921875,183.22309374945087,180.20133049340728,180.5896304369029,14065800.0,170.93835525512696,165.01446380615235,70.39382511027031,4.301207216630871,3.0292014843041257,1.2720057323267455,183.54935834843667,158.32735216181726,25.22200618661941,0.007418798984639929,0.005705639706450105,0.07116988092637944,1,0.019367299884021492,181.17706298828125,170.66307067871094,0
2024-11-13,179.7034912109375,181.81923118102523,179.33509321479593,181.3562459473078,13969700.0,171.62285842895508,165.47021850585938,63.90850213482642,4.302374079510287,3.283836003345358,1.0185380761649285,184.57190318474227,158.6738136731679,25.89808951157437,-0.015437594698014645,0.0035027445607254126,0.024696324994727403,1,0.018833277339269008,182.52117919921875,177.5529022216797,0
2024-11-14,176.5771942138672,179.6587088055344,175.2629388903221,178.96673001193344,17925800.0,172.2620620727539,165.84773651123047,57.570938016502,4.004867170837429,3.4280422368437726,0.576824933993656,184.85934618185019,159.66477796365763,25.194568218192558,-0.017396974182324776,-0.025388803077747157,0.02698495415462454,1,0.018557353722389206,179.7034912109375,181.48568725585935,0
2024-11-15,173.13226318359375,175.11359710727302,171.99224833661086,174.8746374525842,21708900.0,172.70213623046874,166.2850228881836,51.50937044709134,3.4513288876008232,3.432699566995183,0.018629320605640043,184.76394823746932,160.64032422346816,24.123624014001166,-0.019509490144582253,-0.0514401455043042,0.007182292389745548,1,0.019864795945255392,176.5771942138672,179.07623291015625,1
2024-11-18,176.0295867919922,176.13910806830904,173.65995291839005,174.19262527103558,18662800.0,173.24973983764647,166.82784759521485,55.73102123253263,3.2094391941384117,3.388047492423829,-0.17860829828541736,184.8633200196527,161.63615965564026,23.227160364012434,0.016734741145999044,-0.020444257338511296,0.0358567042781317,1,0.01992188860209622,173.13226318359375,181.17706298828125,1
2024-11-19,178.7974395751953,179.38486486474858,174.3528880122025,174.471372723143,15392900.0,173.88495864868165,167.4166702270508,59.370172643495394,3.2041470444260938,3.351267402824282,-0.14712035839818816,185.25038973205935,162.51952756530395,22.7308621667554,0.015723792992105246,0.012573794544719075,0.04766332203056445,1,0.020283893914199273,176.0295867919922,182.52117919921875,0
2024-11-20,176.55726623535156,178.32950846808063,174.56598146219105,178.05072981522193,15729800.0,174.5246597290039,167.9180758666992,55.40064557278411,2.984782990681879,3.277970520395802,-0.29318752971392303,184.93977280809602,164.10954664991178,20.830226158184246,-0.012529113085546273,0.01978258118260645,-0.0056075455476647385,1,0.016544484641924973,178.7974395751953,179.7034912109375,0
2024-11-21,168.5025177001953,174.8148865873952,164.58963534340768,174.69043129296793,38839400.0,174.75913314819337,168.19088195800782,44.007321768721916,2.1363579031412314,3.0496479969448878,-0.9132900938036563,184.3799537322093,165.13831256417745,19.241641168031833,-0.045621167040609034,-0.042760249733991285,-0.07153825600230557,1,0.01981959289768683,176.55726623535156,176.5771942138672,0
2024-11-22,165.84417724609375,167.53178337066268,164.98792409496505,166.43160267043936,24497000.0,174.73822631835938,168.35416778564453,41.00977287228375,1.2352300871837372,2.6867644149926577,-1.4515343278089206,184.4343358687499,165.04211676796885,19.392219100781062,-0.015776265484836016,-0.07244657619190298,-0.07389062997936258,1,0.01992003919027129,168.5025177001953,173.13226318359375,1
2024-11-25,168.69168090820312,169.7172065350398,166.6705280950971,167.257968644597,21395700.0,174.792488861084,168.5620574951172,45.307212370157856,0.7422928586994431,2.297870103734015,-1.5555772450345717,184.33934181932779,165.2456359028402,19.09370591648758,0.01716975361687867,-0.04454976843979663,-0.06891259784294934,1,0.020566134671387855,165.84417724609375,176.0295867919922,1
2024-11-26,169.87649536132812,170.74768243022393,168.6916785168623,168.75142982025878,14937500.0,174.7666015625,168.76795593261718,47.03615253845753,0.44214441260118065,1.926724965507448,-1.4845805529062674,184.36369502623677,165.16950809876323,19.194186927473538,0.007023549986260091,0.0081540482592517,-0.06927789910939142,1,0.020535868367675115,168.69168090820312,178.7974395751953,1
2024-11-27,170.0756378173828,170.39423547744005,168.93063997056893,169.9362333002551,12433400.0,174.50176162719725,168.9672836303711,47.337487608173525,0.2178326987610717,1.5849465121581727,-1.367113813397101,184.30743667575953,164.69608657863498,19.611350097124557,0.0011722778694669422,0.025514676737851794,-0.05357632914462096,1,0.020445686571683646,169.87649536132812,176.55726623535156,0
2024-11-29,169.7470703125,170.1254040760573,168.01464714823365,169.3189362005132,9250700.0,174.39224166870116,169.1116516113281,46.86373405946854,0.013396965889853618,1.270636602904509,-1.2572396370146555,184.35766106437245,164.42682227302987,19.93083879134258,-0.0019318904759046962,0.006256321583938629,-0.03868066842819273,1,0.020009311445714557,170.0756378173828,168.5025177001953,1
2024-12-02,172.22621154785156,172.84352014313558,169.52802925415844,169.57781441072444,16593400.0,174.4086700439453,169.2777249145508,50.85990966874781,0.050840100324904824,1.0266773023885882,-0.9758372020636834,184.35865687808698,164.45868320980364,19.899973668283337,0.014604913244084416,0.013831908773050516,-0.00523329169896769,1,0.01993270309523904,169.7470703125,165.84417724609375,1
2024-12-03,172.2660369873047,173.56037503069683,171.7582496853769,172.36559210307576,15721500.0,174.52516021728516,169.47585723876952,50.923760829731386,0.08277347318252737,0.8378965365473762,-0.7551230633648488,184.31625799789686,164.73406243667347,19.582195561223386,0.00023123913076417146,0.012878970780481724,-0.021380211550088735,1,0.019024136075431106,172.22621154785156,168.69168090820312,1
2024-12-04,175.32266235351562,175.66117711522332,171.99722046364053,172.02708851953844,18239800.0,174.75813980102538,169.72377227783204,55.683316582718454,0.35068257260419955,0.7404537437587408,-0.3897711711545413,184.39102787337447,165.1252517286763,19.26577614469818,0.017743633159891026,0.03284646993171125,-0.019434155376807483,1,0.019242611612784614,172.2660369873047,169.87649536132812,0
2024-12-05,173.5504150390625,176.9356081335433,173.2517192965647,176.54730822598512,16145500.0,174.55801544189453,169.94918518066407,52.50385809507715,0.41521062743572656,0.675405120494138,-0.26019449305841147,184.11635808068328,164.99967280310577,19.116685277577517,-0.01010848963084765,0.007688745396591479,-0.01703045850449969,1,0.019107276159945466,175.32266235351562,170.0756378173828,1
2024-12-06,175.72093200683594,176.06841023086653,172.7937409307028,173.1223047445848,13319500.0,174.26977767944337,170.20128204345704,55.83027231014897,0.6341817034088706,0.6671604370770845,-0.03297873366821391,183.30866796557245,165.23088739331428,18.077780572258177,0.01250655014155333,0.020055578452680578,0.04283861395758981,1,0.011562102286902494,173.5504150390625,169.7470703125,1
2024-12-09,176.52830505371094,177.4652578397127,174.8337806994744,175.14776627345978,19887800.0,174.1423812866211,170.44045379638672,57.03564685861623,0.8629189238974675,0.7063121344411611,0.15660678945630635,182.9762029422895,165.3085596309527,17.667643311336803,0.004594632168486212,0.006876707688617589,0.06442268872523127,1,0.009190326302800365,175.72093200683594,172.22621154785156,1
2024-12-10,185.9278717041016,187.4230296378457,182.08033134621863,183.9393165192724,34317400.0,174.37992172241212,170.82978210449218,67.98839333935757,1.7821181436971756,0.921473336292364,0.8606448074048115,184.1621970588041,164.59764638602013,19.56455067278398,0.05324679601682414,0.0713190842110818,0.10217570127407694,1,0.017371142028323516,176.52830505371094,172.2660369873047,1
2024-12-11,196.07501220703125,196.25442385309117,185.65873341528825,186.0973154961447,41664500.0,175.05761337280273,171.3975601196289,75.30674955280611,3.2914379355837013,1.3954662561506317,1.8959716794330697,188.27635848840941,161.83886825719605,26.43749023121336,0.05457568254789957,0.11583184750809017,0.1542209638242109,1,0.022302316560616393,185.9278717041016,175.32266235351562,0
2024-12-12,193.00494384765625,196.07001433446632,192.65606760610345,195.6663229401296,25197800.0,175.72268600463866,171.9260403442383,70.08607224840091,4.191538439754538,1.954680692871413,2.2368577468831248,190.98933049733097,160.45604151194635,30.533288985384615,-0.015657621666412935,0.09333709281880931,0.13481828629032444,1,0.02400364293394168,196.07501220703125,173.5504150390625,0
2024-12-13,190.76222229003903,193.7126587699419,190.6425993125333,192.08793082002455,18883200.0,176.43193740844725,172.41165740966798,66.46135500531841,4.670072004639678,2.4977589552250663,2.172313049414612,193.04969229083378,159.81418252606073,33.23550976477304,-0.011620021295348004,0.02600121510362441,0.12380273744254122,1,0.02485288938905197,193.00494384765625,175.72093200683594,1
2024-12-16,197.52032470703125,199.992314777292,193.4833954424774,193.73757714576848,32248600.0,177.65134048461914,173.00555419921875,71.28129241134796,5.530879155638615,3.1043829953077764,2.426496160330839,196.54494913027898,158.7577318389593,37.78721729131968,0.035426838374303715,0.0073712222874882105,0.1468656421798602,1,0.02594263411955811,190.76222229003903,176.52830505371094,0
2024-12-17,196.48367309570312,202.2250890040401,196.0550684770214,197.88912513239245,24129500.0,178.67404479980468,173.66175476074218,69.62828676730373,6.059574895766758,3.6954213753995733,2.364153520367185,199.2456291942344,158.10246040537496,41.14316878885944,-0.005248328813076464,0.018024042175793786,0.14058276681771686,1,0.02632305396418715,197.52032470703125,185.9278717041016,0
2024-12-18,189.53616333007807,198.0486035423652,188.66897667785352,196.1946072720863,27638400.0,179.21098098754882,174.15291931152345,59.645388113761655,5.850522917176022,4.126441683754863,1.7240812334211588,200.32095401352234,158.1010079615753,42.21994605194703,-0.03535922174175288,-0.006427158088443963,0.08107052896506173,1,0.030419720039392174,196.48367309570312,196.07501220703125,0
2024-12-19,189.087646484375,193.97183843918745,188.9082348238825,192.6560920907741,26981200.0,179.8375,174.68768341064452,59.056714577871105,5.584284007031215,4.418010148410134,1.1662738586210812,201.3354561990323,158.3395438009677,42.995912398064604,-0.0023663919213241513,-0.04269271142179354,0.08952575216726166,1,0.029996547287290953,189.53616333007807,193.00494384765625,1
2024-12-20,192.3371124267578,193.5083072410875,185.76837404956785,186.4063074568899,45319700.0,181.02922973632812,175.2850476074219,61.9841058071032,5.571270360503462,4.6486621908288,0.9226081696746622,202.52418121555155,159.5342782571047,42.98990295844686,0.01718497216924919,-0.02110384340649829,0.09456005172608273,1,0.030093469580563647,189.087646484375,190.76222229003903,1
2024-12-23,195.3573303222656,195.85571627268868,191.0114042261952,193.40365070441305,15235900.0,182.50488739013673,175.91613250732422,64.5230618372344,5.738513285965212,4.8666324098560825,0.8718808761091292,203.67714297387428,161.33263180639918,42.344511167475105,0.01570273078035256,0.03071269825194234,0.10666292446883063,1,0.03009820800821621,192.3371124267578,197.52032470703125,1
2024-12-24,196.9322509765625,197.03191905065805,194.56789854953635,195.5367610534217,6809800.0,183.9169158935547,176.5422750854492,65.80554235035999,5.9297826012883945,5.079262448142545,0.8505201531458493,204.9824787361118,162.85135305099757,42.13112568511423,0.008061743327976822,0.041486604958276496,0.05918628106481005,1,0.026110041566543295,195.3573303222656,196.48367309570312,0
2024-12-26,196.46376037597656,197.52033622530104,195.23771990822092,196.1049218602123,7907900.0,185.24627914428712,177.14809600830077,65.05219805114668,5.974689138303546,5.258347786174745,0.7163413521288007,205.95248813610866,164.54007015246557,41.41241798364308,-0.0023789430033056558,0.021455287007026147,0.0019826502345685615,1,0.01980407714854052,196.9322509765625,189.53616333007807,0
2024-12-27,193.4136199951172,196.1647202757909,191.3523024429326,195.83578371138285,14693000.0,186.41317825317384,177.69609985351562,60.218653734680636,5.698468655288963,5.3463719599975885,0.3520966952913742,206.17708212747254,166.64927437887513,39.52780774859741,-0.015525206150092341,-0.009949513150809497,0.002117438752157197,1,0.019792207227613094,196.46376037597656,189.087646484375,0
2024-12-30,192.0679931640625,193.15447096011988,189.7455126508592,190.24888736231756,12209500.0,187.52922439575195,178.26159729003905,58.16533003677861,5.309773331301244,5.33905223425832,-0.029278902957075914,205.87243065693508,169.18601813456883,36.686412522366254,-0.006957249603666282,-0.024700158498055846,0.006845018150596571,1,0.019531088835087477,193.4136199951172,192.3371124267578,0
2024-12-31,189.8252410888672,192.62616766511687,188.96801665543023,191.82377359456456,14355200.0,188.40917587280273,178.77148651123048,54.810784381268235,4.765820722961365,5.2244059319989296,-0.4585852090375644,205.3677682559831,171.45058348962237,33.91718476636072,-0.011676865250940471,-0.03379004491416182,-0.03895843949010147,1,0.015538644687857553,192.0679931640625,195.3573303222656,1
2025-01-02,190.0146331787109,192.57632906643343,188.1008329456353,190.8668688990928,17545200.0,189.29660568237304,179.27022888183595,55.0465593523147,4.300443880597555,5.039613521718655,-0.7391696411210997,204.55566990558572,174.03754145916037,30.51812844642535,0.0009977181578031402,-0.01757366837191754,-0.03292405834576029,1,0.015601878258903334,189.8252410888672,196.9322509765625,1
2025-01-03,192.50656127929688,193.87213391074388,190.7323085199097,192.10286987789056,12875000.0,190.15580062866212,179.79849884033203,58.14118540281601,4.085610774170135,4.848812972208951,-0.7632021980388162,204.04438305094098,176.26721820638326,27.777164844557717,0.013114401027431777,0.0022834003105336453,0.015671932453575232,1,0.011502718624767455,190.0146331787109,196.46376037597656,1
2025-01-06,197.32098388671875,198.9158098969417,194.43033607710257,194.5200419032114,19483300.0,191.3443290710449,180.4696536254883,63.38553165459937,4.254791075149001,4.7300085927969615,-0.4752175176479607,203.2759059314381,179.41275221065172,23.863153720786386,0.02500913514546088,0.03948759793405143,0.043542439474088646,1,0.013528846221543064,192.50656127929688,193.4136199951172,0
2025-01-07,196.07501220703125,201.48747646329343,195.30749356553247,197.62997397768044,16966800.0,192.36203308105468,181.11489288330077,61.24689429801976,4.239458344201296,4.631898543077829,-0.3924401988765327,202.05106842978486,182.6729977323245,19.378070697460373,-0.006314440842251301,0.03189427533520783,0.019434105738157292,1,0.013086002342166534,197.32098388671875,192.0679931640625,0
2025-01-08,194.7592620849609,197.00199887323063,193.12455676767007,193.32390810694315,14335300.0,193.2735809326172,181.68483184814454,58.98366429641075,4.074172481507873,4.520353330763838,-0.44618084925596513,199.72041587519516,186.82674599003923,12.89366988515593,-0.0067104426375405035,0.011701942991936276,-0.0030614066864964595,1,0.012379243803031709,196.07501220703125,189.8252410888672,0
2025-01-10,192.5464324951172,196.98206455558247,190.98150846908007,194.78916934463103,20753800.0,193.60450897216796,182.18363189697266,55.28367266717508,3.7217236761450465,4.360627399840079,-0.6389037236950328,199.1215269586759,188.08749098566003,11.034035973015875,-0.0113618708869333,-0.024196876062317907,-0.022270696951345426,1,0.012455866968583163,194.7592620849609,190.0146331787109,0
2025-01-13,191.66925048828125,191.86861702397584,188.05097905030004,190.7322977343606,13169100.0,193.38422088623048,182.60913208007813,53.84183853724716,3.3332011337782035,4.155142146627704,-0.8219410128495008,198.8405702091226,187.92787156333836,10.912698645784246,-0.004555690777901966,-0.022469776587839996,-0.024404042142530336,1,0.012478721729598116,192.5464324951172,192.50656127929688,0
2025-01-14,190.43328857421875,192.6461235720949,189.0278364413317,191.87860489385017,13651200.0,193.2556381225586,182.91034912109376,51.79217479144617,2.8922226799897714,3.9025582533001177,-1.0103355733103463,198.86085390008122,187.65042234503596,11.210431555045261,-0.006448410013154771,-0.022211901320795757,-0.0154091083191229,1,0.011725143213216162,191.66925048828125,197.32098388671875,1
2025-01-15,196.34413146972656,197.16149175688608,192.7059199913067,193.72263162353136,12894900.0,193.53473358154298,183.39848236083984,59.69451771104991,2.9852871687716345,3.7191040363944214,-0.733816867622787,199.17132834611616,187.8981388169698,11.27318952914635,0.031038916251263204,0.019723548888425535,0.022263669418420173,1,0.015352190574604624,190.43328857421875,196.07501220703125,0
2025-01-16,193.7824249267578,196.34412075053376,193.67277941152807,195.1928504453873,13449600.0,193.34783859252929,183.83617797851562,55.452031513600765,2.819827916739712,3.5392488124634798,-0.719420895723768,198.6832640178281,188.01241316723048,10.670850850597617,-0.01304702373222566,0.011025109312491121,0.020846457590105505,1,0.015496321337647882,196.34413146972656,194.7592620849609,1
2025-01-17,196.91229248046875,198.16821960282297,194.67951794230683,197.41067843197104,22109100.0,193.36926956176757,184.37569915771485,59.26156341045899,2.9077358527174226,3.412946220514269,-0.5052103677968462,198.758082234402,187.98045688913314,10.77762534526886,0.0161514520983721,0.03402243355013468,0.03630067425002226,1,0.016097961939155046,193.7824249267578,192.5464324951172,1
2025-01-21,198.98558044433597,203.18198165088893,198.79619134868744,199.8627293790569,19005200.0,193.84174041748048,184.94214935302733,61.60389934887232,3.1088634936612607,3.3521296751436673,-0.24326618148240664,199.45569055014107,188.2277902848199,11.227900265321182,0.010528992059106068,0.01345315979060313,0.03365609526232749,1,0.015949820808281934,196.91229248046875,191.66925048828125,1
2025-01-22,199.38429260253903,201.4675423346555,198.5569700561532,199.9026182769261,15477400.0,194.35657272338867,185.37877716064452,62.055729868955254,3.2628195840162277,3.3342676569181795,-0.07144807290195176,200.0204867410123,188.69265870576504,11.32782803524725,0.0020037238744272656,0.02890802753602917,0.010456610722176629,1,0.014035582464390062,198.98558044433597,190.43328857421875,0
2025-01-23,198.9357452392578,201.28812762165109,196.18466016542132,199.33444793070095,15170800.0,194.68650436401367,185.7277783203125,61.18344986807125,3.310475767320156,3.3295092789985747,-0.019033511678418602,200.6044958017546,188.76851292627273,11.835982875481875,-0.0022496624855768976,0.010275908798277555,0.014589992880918334,1,0.013853761543532447,199.38429260253903,196.34413146972656,1
2025-01-24,201.24826049804688,201.91611112171265,199.139093625211,199.2048900678887,12732400.0,194.98105087280274,186.1712188720703,63.99351110261956,3.494561164999311,3.362519656198722,0.1320415088005893,201.5534872013697,188.40861454423577,13.14487265713393,0.011624433085204666,0.011371075475209436,0.03331804784850356,1,0.013854533989714854,198.9357452392578,193.7824249267578,0
2025-01-27,193.14450073242188,198.0286770954344,192.077947468968,193.56314311700584,24970200.0,194.7916633605957,186.41056762695314,50.26182822073441,2.9525097868348382,3.280517682325945,-0.328007895491107,201.34655433517273,188.23677238601866,13.109781949154069,-0.04026747732164193,-0.0312953030987041,0.0031060987708502186,1,0.019238541981761018,201.24826049804688,196.91229248046875,1
2025-01-28,196.4338531494141,196.59332510027124,191.98824361312452,194.0216516747315,15939200.0,194.79016799926757,186.68882110595703,54.52712065200781,2.7565773068724866,3.1757296072352537,-0.41915230036276707,201.3435459464716,188.23679005206353,13.106755894408082,0.01703052587321241,-0.012576382825694399,0.02485846138071146,1,0.019813430624699563,193.14450073242188,198.98558044433597,1
2025-01-29,196.54347229003903,197.81935429110533,194.5599059799904,196.73286138104572,12287800.0,194.94666061401367,187.02562072753906,54.666641004335894,2.5803995140530276,3.0566635885988083,-0.4762640745457807,201.51054978665218,188.38277144137516,13.127778345277022,0.000558046074377927,-0.023378031672743327,0.03208569132827277,1,0.019578965407889927,196.4338531494141,199.38429260253903,1
2025-01-30,201.97589111328125,202.5819301203944,198.82808076772176,199.11514547234088,14571500.0,195.44205551147462,187.53359466552735,61.04538991289744,2.846317565247375,3.014594383928522,-0.16827681868114697,202.53625368165874,188.3478573412905,14.188396340368229,0.02763978248652088,0.04572426523856454,0.028683106550719817,1,0.019067418250759697,196.54347229003903,198.9357452392578,1
2025-01-31,204.93630981445312,206.411527975635,202.92282630706868,203.0573850388532,17060300.0,196.1976089477539,188.16967559814452,64.01679604319195,3.258380008125613,3.0633515087679406,0.1950284993576723,203.9282399569194,188.4669779385884,15.461262018331013,0.014657287485423165,0.04328407007610746,0.057558805407203595,1,0.01848086457606612,201.97589111328125,201.24826049804688,0
2025-02-03,201.98585510253903,204.5575284028812,201.00902290938853,201.56222400754768,16719500.0,196.7961700439453,188.68880096435547,59.172367066530235,3.3087245090527517,3.112426108824903,0.19629840022784872,204.37142417129553,189.22091591659506,15.150508254700469,-0.01439693490424121,0.027690478595334245,0.025765596236575927,1,0.019088541147747662,204.93630981445312,193.14450073242188,1
2025-02-04,207.0395050048828,208.02629948497267,203.6006296665919,203.83986040606996,28285400.0,197.52281723022458,189.2536422729492,64.1733537402568,3.7136021072988115,3.232661308519685,0.4809407987791263,206.04205687436345,189.0035775860857,17.038479288277756,0.02501982081754317,0.025070387676921158,0.040474915531881095,1,0.020261790696991223,201.98585510253903,196.4338531494141,0
2025-02-05,192.67601013183597,193.92197499920485,189.29695401991276,192.47665879496333,43666400.0,197.29056854248046,189.5760171508789,46.674171086549876,2.8426877900428735,3.154666604824323,-0.3119788147814493,206.06848667678318,188.51265040817773,17.555836268605447,-0.06937562409989384,-0.059824926552632274,-0.03364498969874041,1,0.03089134692794879,207.0395050048828,196.54347229003903,1
2025-02-06,192.68597412109372,193.2042997692843,189.8750852637993,190.37347121526227,20816600.0,197.12111663818357,190.05968627929687,46.68503209096716,2.128747058685832,2.949482695596625,-0.820735636910793,206.11455499607564,188.1276782802915,17.98687671578415,5.171369933876235e-05,-0.04604223883263603,-0.03141602888232864,1,0.030905928225562564,192.67601013183597,201.97589111328125,0
2025-02-07,186.535888671875,192.39192345610877,184.5024807326074,192.11781727342543,29565700.0,196.7099479675293,190.4735205078125,41.11830239114484,1.0545274520304133,2.570491646883383,-1.5159641948529696,206.78464069872086,186.63525523633774,20.149385462383123,-0.03191766020994191,-0.09903238675403636,-0.07310558506076958,1,0.031713099850055486,192.68597412109372,204.93630981445312,1
2025-02-10,187.59246826171875,189.3766984774281,187.00437649187288,188.4496927028371,16606000.0,196.46224975585938,190.8515362548828,42.389261749969435,0.2851705485468017,2.113427427216067,-1.8282568786692655,207.1586384469568,185.76586106476196,21.392777382194822,0.005664216132169164,-0.02638388591625329,-0.028745485631997303,1,0.029633619631047176,186.535888671875,201.98585510253903,0
2025-02-11,186.46612548828125,188.19053660602077,185.47931583791075,186.2318834848387,13028100.0,196.20209350585938,191.18332885742188,41.36424840035275,-0.4107024665769643,1.608601448457461,-2.019303915034425,207.58330335420825,184.8208836575105,22.762419696697748,-0.0060042004024707385,-0.032279716576067985,-0.050743430937797984,1,0.02883058512811867,187.59246826171875,207.0395050048828,0
2025-02-12,184.83140563964844,186.22689542176803,183.03722839190223,184.6320543020691,17632300.0,195.92199935913087,191.4784442138672,39.857832842460944,-1.0816267544813627,1.0705558078696962,-2.152182562351059,208.1048074562127,183.73919126204902,24.365616194163692,-0.00876684622663837,-0.00913756084345152,-0.059590209300399044,1,0.028788428375743608,186.46612548828125,192.67601013183597,1
2025-02-13,187.2735137939453,187.38315931387632,184.2831980244079,185.32979637612,12729300.0,195.4684684753418,191.8289730834961,43.18655118904289,-1.4001414092832647,0.576416364439104,-1.9765577737223687,208.2168673352225,182.7200696154611,25.49679771976139,0.013212625559197777,-0.0017002519916121672,-0.0727927340154172,1,0.027249991334168142,184.83140563964844,192.68597412109372,0
2025-02-14,186.2667694091797,187.5426362882782,185.509228202694,186.2269052233785,12714200.0,195.0926856994629,192.10978424072266,42.150829414694904,-1.7140439939180965,0.11832429276766393,-1.8323682866857605,208.4464315141516,181.73893988477417,26.707491629377444,-0.005375796952650447,-0.001069127588614438,-0.09109923186465407,1,0.02618118715923848,187.2735137939453,186.535888671875,0
2025-02-18,185.20022583007807,187.173829973565,182.98739095029217,186.83493117095733,19796000.0,194.50708236694337,192.36846801757812,41.02823848852697,-2.0255262019344684,-0.3104458061727626,-1.7150803957617058,208.50210865906112,180.5120560748256,27.990052584235514,-0.0057258929356245325,0.001995441138118448,-0.08310299384053232,1,0.02613307950464145,186.2667694091797,187.59246826171875,1
2025-02-19,186.52593994140625,186.7551932313241,184.9011967952385,185.58398314772265,13120500.0,193.88410034179685,192.59253356933593,43.058266561047134,-2.1407270773748337,-0.6765020604131768,-1.4642250169616569,208.1331940806964,179.6350066028973,28.498187477799092,0.007158274809797138,-0.003991882447197614,-0.09908043908331776,1,0.02413505386107178,185.20022583007807,186.46612548828125,0
2025-02-20,186.0375213623047,186.515967653067,184.0041132194147,185.89797389376844,12063800.0,193.21676177978514,192.8422756958008,42.4781035419234,-2.245550589202338,-0.9903117661710092,-1.255238823031329,207.6222692928793,178.81125426669098,28.81101502618833,-0.0026185021732365588,-0.001230751183381562,-0.034454153192133186,1,0.012203308276688548,186.52593994140625,184.83140563964844,0
2025-02-21,180.99383544921875,186.8648210730536,180.5452911558963,186.68539423000573,19520800.0,192.3196662902832,192.94773376464843,36.942551598798374,-2.704432267157216,-1.3331358663682507,-1.3712964007889654,207.40734857402785,177.23198400653857,30.175364567489282,-0.02711112186483855,-0.02271266334587896,-0.06067976003550224,0,0.014201165622243068,186.0375213623047,187.2735137939453,0
2025-02-24,180.6051025390625,184.49250685544607,180.2961056843669,183.20667779988293,18734000.0,191.287508392334,193.02926971435548,36.54724108205987,-3.064145241098373,-1.6793377413142752,-1.384807499784098,206.61327097893727,175.96174580573071,30.65152517320655,-0.002147768785558002,-0.03174270240484334,-0.03179434357130606,0,0.010946277723740665,180.99383544921875,186.2667694091797,0
2025-02-25,176.7974395751953,180.17649594747144,176.19938551849802,179.57345316387003,20832500.0,190.47015533447265,192.84666107177733,32.84033999275701,-3.614797804795529,-2.066429754010526,-1.5483680507850033,207.00827703952137,173.93203362942393,33.07624341009745,-0.02108280945741081,-0.04966783968871791,-0.057545107149306274,0,0.01178319747438731,180.6051025390625,185.20022583007807,0
2025-02-26,174.1360626220703,177.50515679618596,173.029645111073,176.37382606939352,23637200.0,189.35526580810546,192.40788208007814,30.510937541710746,-4.217330051191652,-2.496609813446751,-1.7207202377449011,207.09744531144935,171.61308630476157,35.48435900668778,-0.015053255067039917,-0.03788953811674167,-0.06612494807795977,0,0.012138780712986451,176.7974395751953,186.52593994140625,0
2025-02-27,169.66055297851562,176.01994740253818,169.20402365784025,175.3720517468169,25930500.0,188.0111198425293,191.9409942626953,27.037750099667008,-4.998359445988513,-2.996959739955104,-2.0013997060334088,207.3708796608845,168.6513600241741,38.7195196367104,-0.025701222229125187,-0.06059933748649049,-0.08207940965784921,0,0.013550384373692118,174.1360626220703,186.0375213623047,1
2025-02-28,171.6640625,171.94315742282225,167.84642419410588,169.75026222513335,30049800.0,186.49552841186522,191.55903106689453,30.83353709018465,-5.393491580414775,-3.4762661080470383,-1.9172254723677367,205.99051546260978,167.00054136112067,38.98997410148911,0.011808929573264404,-0.02903535869936613,-0.08335108888446552,0,0.013306178197988643,169.66055297851562,180.99383544921875,0
2025-03-03,168.11557006835938,174.43510093183014,167.09885836425866,173.16919622639824,24122000.0,184.65449142456055,190.9709359741211,28.05013629424556,-5.92467436882356,-3.9659477602023427,-1.958726608621217,203.78689695414312,165.52208589497798,38.26481105916514,-0.020671143278114035,-0.03457349651219166,-0.0974473299687012,0,0.013767405433844866,171.6640625,180.6051025390625,1
2025-03-04,172.0528106689453,174.5995557564392,166.99916947110347,167.39788738556237,30711400.0,183.15783920288087,190.48231872558594,35.055454044131935,-5.959243692244456,-4.364606946610766,-1.5946367456336903,201.28997388259765,165.02570452316408,36.26426935943357,0.02341984504460215,0.014100258713247493,-0.070990276076637,0,0.01740439039344495,168.11557006835938,176.7974395751953,1
2025-03-05,174.42514038085938,175.18268163682967,170.37823322393749,171.76376092594464,18848000.0,181.5271209716797,190.18009826660156,38.914699108981786,-5.729170635942921,-4.637519684477198,-1.0916509514657236,196.33666362811002,166.71757831524937,29.619085312860648,0.013788381036557329,0.01608419281618345,-0.06487462046484327,0,0.01812355701661428,172.0528106689453,174.1360626220703,0
2025-03-06,173.64764404296875,176.15949834739462,171.95112715118205,171.99299899435542,19082400.0,180.57570266723633,189.87129821777344,38.115293973955666,-5.545646773932219,-4.819145102368203,-0.7265016715640167,194.83261158766643,166.31879374680622,28.513817840860213,-0.004457478642086565,0.03290637489650661,-0.06659880882419889,0,0.018088676510218043,174.42514038085938,169.66055297851562,1
2025-03-07,175.1826629638672,176.32894457512367,171.6939612832212,172.68276339705244,16395300.0,179.700537109375,189.52820922851564,40.70511956965402,-5.216210366713341,-4.898558155237231,-0.3176522114761102,192.99267890300538,166.40839531574463,26.584283587260757,0.008839848817750795,0.018191230255134583,-0.03210701884364453,0,0.01713320601610855,173.64764404296875,171.6640625,0
2025-03-10,167.4588623046875,170.09333760834892,165.21856474391475,169.80395112078375,28990700.0,178.74668579101564,188.97023986816407,33.180675521863506,-5.514804569006742,-5.021807437991133,-0.49299713101560894,192.66318744624434,164.83018413578694,27.8330033104574,-0.04408998315531243,-0.03993849774729108,-0.07278997132172194,0,0.021455702917061677,175.1826629638672,168.11557006835938,0
2025-03-11,165.63267517089844,168.30208065925785,162.89841848850494,166.33120734425228,23705900.0,177.6486961364746,188.34424835205078,31.689136260718413,-5.831577865590106,-5.1837615235109284,-0.6478163420791772,192.05676938029103,163.24062289265817,28.816146487632864,-0.010905288072878161,-0.04615650800356974,-0.06315003447517853,0,0.020966119750281734,167.4588623046875,172.0528106689453,1
2025-03-12,168.64637756347656,169.1752673518877,165.13373869034936,168.11748777506543,19880100.0,176.75770874023436,187.78790069580077,36.74272302708081,-5.772896036831895,-5.3015884261751225,-0.4713076106567726,191.0781862567585,162.43723122371023,28.64095503304827,0.018195095801408767,-0.03731125723176609,-0.03152526234906372,0,0.022033284502270777,165.63267517089844,174.42514038085938,0
2025-03-13,164.3852996826172,167.76820552881753,163.72669229913674,167.62849908664165,15206200.0,175.73540344238282,187.20733428955077,33.02284862849838,-6.001047300673008,-5.441480201074699,-0.5595670995983086,190.5162704219038,160.95453646286182,29.561733959041987,-0.025266346911338555,-0.018354135336701605,-0.03109298657400017,0,0.021983824088588497,168.64637756347656,173.64764404296875,1
2025-03-14,167.2692413330078,167.89792789698524,164.16574856488666,164.9690719773977,18611100.0,174.73518981933594,186.7113592529297,37.62557515499814,-5.881352264042448,-5.52945461366825,-0.3518976503741982,188.95425805796742,160.51612158070446,28.438136477262958,0.017543792881472564,0.00988069630838706,-0.02560128837095521,0,0.02248034134672008,164.3852996826172,175.1826629638672,0
2025-03-17,166.22146606445312,168.1075107039109,165.46304658969382,166.97487590206185,17839100.0,173.7329246520996,186.2392837524414,36.64039643895522,-5.804133356321557,-5.584390362198912,-0.21974299412264564,187.37348888458465,160.09236041961455,27.281128464970095,-0.006264004429055392,-0.01437867527341774,-0.011266678054484003,0,0.021621717173991854,167.2692413330078,167.4588623046875,0
2025-03-18,162.32962036132812,166.0917361122214,158.4677229909182,165.61274474870302,24616800.0,172.58939437866212,185.68558349609376,33.16659554945211,-5.987950868113444,-5.665102463381818,-0.32284840473162557,186.02597196091023,159.15281679641402,26.87315516449621,-0.023413616756429723,-0.0125052503189641,-0.05651282457876272,0,0.020821253786492976,166.22146606445312,165.63267517089844,1
2025-03-19,165.93206787109375,167.78118741272533,162.70883071557313,163.57201100984685,24955700.0,171.5597007751465,185.15409362792968,38.93752654586921,-5.776353950725678,-5.68735276085059,-0.08900118987508776,183.6559431774992,159.46345837279378,24.19248480470543,0.022192176028915434,-0.00799413837988272,-0.04869179116737932,0,0.021835762167341278,162.32962036132812,168.64637756347656,0
2025-03-20,164.70465087890625,166.68050364483307,162.7986437263556,163.48220798963953,19981500.0,170.49305725097656,184.50176696777345,37.74174078481945,-5.642659100858737,-5.678414028852219,0.03575492799348279,180.94509296901083,160.0410215329423,20.904071436068534,-0.00739710538134819,-0.00912526655828394,-0.05150080332704987,0,0.021850980346324236,165.93206787109375,164.3852996826172,1
2025-03-21,165.90211486816406,166.1216557270406,162.68885163572668,163.0381253367192,29882100.0,169.73847122192382,183.8983090209961,39.6877529067869,-5.378084423320104,-5.618348107745797,0.24026368442569357,179.179315050143,160.29762739370463,18.881687656438373,0.007270371436798095,0.022007656390028885,-0.052976407246516755,0,0.021745458955184167,164.70465087890625,167.2692413330078,1
2025-03-24,169.5744171142578,170.14323170803982,167.0896371412489,168.91081531503914,18742800.0,169.1869369506836,183.39461212158204,45.33125053895972,-4.816560671448229,-5.457990620486284,0.6414299490380548,177.20575353999024,161.16812036137694,16.037633178613305,0.022135355230474163,0.021950845848517142,0.012633280678338243,0,0.018420348201699813,165.90211486816406,166.22146606445312,1
2025-03-25,172.42843627929688,172.54819553776656,170.19313314600385,170.82180453881222,13841600.0,168.96848678588867,182.99225219726563,49.301697561616336,-4.094059785204166,-5.185204453429861,1.0911446682256951,176.35956594490764,161.5774076268697,14.782158318037943,0.016830481941837006,0.046894761982582356,0.041029109150030996,0,0.018448227217553195,169.5744171142578,162.32962036132812,0
2025-03-26,166.79025268554688,171.58021155127406,166.5118295600408,170.94155138430105,22498000.0,168.6011962890625,182.49467224121094,42.703428485886874,-3.9311115167342905,-4.934385866090747,1.0032743493564569,175.65077887622968,161.55161370189532,14.09916517433436,-0.03269868773047013,0.0053533845429794,-0.011006016878311375,0,0.020997082991160293,172.42843627929688,165.93206787109375,0
2025-03-27,163.73666381835938,167.08963361496558,163.50714935773365,166.36116540619523,21571200.0,168.30500183105468,181.96073974609374,39.6113941352186,-4.002237637489543,-4.747956220370506,0.7457185828809632,175.64352879074355,160.96647487136582,14.677053919377727,-0.018307957557594734,-0.03442590807766133,-0.003945826454738621,0,0.02020029622513039,166.79025268554688,164.70465087890625,0
2025-03-28,155.7334442138672,163.46722744812823,155.01395983965068,162.02026459805788,34866500.0,167.50847091674805,181.14852600097657,32.88967962794807,-4.650787157670493,-4.7285224078305035,0.0777352501600106,176.49002347837228,158.52691835512383,17.963105123248454,-0.04887860432633784,-0.0968227307843087,-0.06896544174654673,0,0.02423172384980695,163.73666381835938,165.90211486816406,1
2025-03-31,155.90309143066406,156.8012173569281,151.89151406467764,154.4860645445433,33591600.0,166.8978469848633,180.39093933105468,33.14864211449401,-5.0923764663564555,-4.801293219535694,-0.2910832468207616,177.1954240202481,156.60026994947847,20.595154070769638,0.0010893435103374038,-0.06527456538727483,-0.06207606561349943,0,0.024362806441367308,155.7334442138672,169.5744171142578,1
2025-04-01,158.5475616455078,159.74504769962883,154.93014665745514,154.97505067146278,20111400.0,166.22258453369142,179.62364471435546,37.21565489448661,-5.16936332677696,-4.874907240983947,-0.29445608579301297,176.84552660360433,155.5996424637785,21.24588413982582,0.01696226925698796,-0.03169175462502449,-0.023298635870655393,0,0.024523100467695704,155.90309143066406,172.42843627929688,0
2025-04-02,158.527587890625,159.93962031962053,156.20246156153843,156.63156970946335,17113300.0,165.42770690917968,178.81448486328125,37.197247944466945,-5.1723638921480415,-4.934398571216766,-0.23796532093127531,175.8539136331569,155.00150018520245,20.85241344795446,-0.0001259795778346673,0.017941834465053264,-0.04462356237385656,0,0.023039341341827703,158.5475616455078,166.79025268554688,0
2025-04-03,152.31063842773438,154.36332590944218,151.8615678363665,152.51521130834698,28416100.0,164.36085662841796,177.87301177978514,31.90732999648111,-5.6117094330864745,-5.069860743590708,-0.5418486894957661,175.54348299155652,153.1782302652794,22.365252726277106,-0.0392168299891118,-0.023042859317048192,-0.07524992393981744,0,0.025570985669900344,158.527587890625,163.73666381835938,0
2025-04-04,147.4308624267578,152.7696585204793,147.23126874135036,149.58633109667096,39832200.0,162.9732666015625,176.84291412353517,28.483313353402863,-6.281244800759055,-5.3121375550243775,-0.9691072457346772,175.27172789996501,150.67480530315999,24.59692259680503,-0.032038313615839975,-0.07011586367758549,-0.11133825784008022,0,0.02606571886278723,152.31063842773438,155.7334442138672,1
2025-04-07,148.92771911621094,154.60579993715052,142.3614860124179,143.08995421575065,47823000.0,162.04670944213868,175.79650329589845,30.931750018092146,-6.61482103894204,-5.572674251807911,-1.0421467871341292,175.58367677976133,148.50974210451602,27.07393467524531,0.010152939925972104,-0.06055645520221642,-0.12175597209415912,0,0.024584887183567505,147.4308624267578,155.90309143066406,0
2025-04-08,146.27328491210938,154.11683856421288,144.90615649348965,153.25364308480528,35304400.0,161.07873992919923,174.85907897949218,29.03348401924258,-7.012537104638312,-5.860646822373991,-1.151890282264321,176.13496717998424,146.02251267841422,30.112454501570028,-0.017823641024343195,-0.03963842301461751,-0.1516869950894979,0,0.022308914686990148,148.92771911621094,158.5475616455078,1
2025-04-09,160.7229766845703,161.53127930904452,145.50488757744728,146.02380373183385,46479500.0,160.6825698852539,174.14486145019532,47.80987805016706,-6.091541093296513,-5.906825676558496,-0.18471541673801717,175.332950830366,146.03218894014182,29.30076189022418,0.0987855833082798,0.09015828869898868,-0.03637668210992717,0,0.041727351173010435,146.27328491210938,158.527587890625,0
2025-04-10,155.0448760986328,159.6951284840176,151.88151129987415,158.42778175519828,35270500.0,160.21554870605468,173.31488952636718,42.99579207817548,-5.753497642909224,-5.876160069828641,0.1226624269194172,174.95922203957323,145.47187537253612,29.487346667037116,-0.03532849318166342,0.04107467044230062,-0.05308394294248453,0,0.04275825193891185,160.7229766845703,152.31063842773438,1
2025-04-11,159.0664520263672,159.52549618373823,155.2594476417932,155.2594476417932,22582000.0,159.80540924072267,172.4567007446289,47.061582904402975,-5.1022723853459695,-5.721382532932107,0.6191101475861371,174.19346729391953,145.4173511875258,28.776116106393715,0.025938141452517494,0.08746072204466304,0.02140200410595683,0,0.04065157116867249,155.0448760986328,147.4308624267578,1
2025-04-14,161.1321258544922,163.686766627887,159.5853661782517,161.9703645032261,18255900.0,159.55094223022462,171.5806170654297,49.07092579909484,-4.369124514808107,-5.450930929307306,1.0818064144991997,173.6532852648419,145.44859919560733,28.204686069234583,0.012986231866054299,0.0025456793942091327,0.033540286955462184,0,0.04076857671071942,159.0664520263672,148.92771911621094,0
2025-04-15,158.34796142578125,161.7109201959518,157.3151386924203,161.2319288394032,15690800.0,159.35185928344725,170.70785919189453,46.50860090509789,-3.9670289066792748,-5.1541505247817,1.1871216181024256,173.40400378594745,145.29971478094706,28.104289005000396,-0.017278766812926727,0.021304059897130356,-0.0012589296085980806,0,0.040998931300691106,161.1321258544922,146.27328491210938,0
2025-04-16,155.17462158203125,157.84900646503428,153.58795225695732,155.1446855741514,16921500.0,158.81398696899413,169.6705615234375,43.70723605324047,-3.859932347599056,-4.895306889345172,1.0353745417461164,172.6391659032418,144.98880803474646,27.650357868495348,-0.02004029489976966,-0.024466695489573254,-0.021150680163676605,0,0.04151873828569616,158.34796142578125,160.7229766845703,0
2025-04-17,153.03909301757812,156.74133649905758,150.5842338964966,156.2822923546128,19513400.0,158.23070907592773,168.87782318115234,41.87910520225676,-3.9023925090441764,-4.696724013284973,0.7943315042407963,171.99677663104018,144.4646415208153,27.532135110224885,-0.013762099386362636,-0.05022606630425985,0.004782690147998814,0,0.039681327815561336,155.17462158203125,155.0448760986328,0
2025-04-21,149.5464324951172,150.74391856133738,148.0894807095273,150.64911612185406,16147800.0,157.41292495727538,168.01503234863281,39.00557175618254,-4.169804101608662,-4.591340030949711,0.421535929341049,171.20215158727942,143.62369832727134,27.578453260008075,-0.02282201530075567,-0.055583468529775804,0.014349573986995878,0,0.03892442973177897,153.03909301757812,159.0664520263672,1
2025-04-22,153.5779571533203,154.28647817349793,150.55429866627406,150.75389234645476,15910300.0,156.61310195922852,167.3558737182617,43.79914546798594,-4.010192366905272,-4.475110498140824,0.46491813123555126,169.29950889954856,143.92669501890848,25.37281388064008,0.026958347256694104,-0.010289468808962976,0.031224798611739324,0,0.03966735742274338,149.5464324951172,161.1321258544922,1
2025-04-23,157.38998413085938,159.68517460141064,156.0228556241092,157.57958900662848,18575700.0,155.86117935180664,166.75182403564452,47.96350848531435,-3.5353469199476137,-4.287157782502182,0.7518108625545681,166.2909022568414,145.43145644677188,20.85944581006953,0.02482144604732195,0.028429932689038484,0.07599951847276576,0,0.03938027282344782,153.5779571533203,158.34796142578125,1
2025-04-24,161.1321258544922,161.3716291370705,157.7591936190999,158.19328094694924,30787500.0,155.5782730102539,166.24514404296875,51.74365825160508,-2.824509729477853,-3.9946281718973164,1.1701184424194633,165.0717772370094,146.0847687834984,18.98700845351101,0.023776238013477835,0.07747221492397216,0.0025456793942091327,0,0.024507033089228077,157.38998413085938,155.17462158203125,1
2025-04-25,163.5071563720703,167.8879698596393,162.65892887309212,166.75035587414118,35148100.0,155.56679763793946,165.8186590576172,54.02633178384626,-2.0459367357762233,-3.604889884673098,1.5589531488968746,165.0213026976582,146.11229257822072,18.909010119437482,0.014739646144325436,0.06465250223922081,0.05457955455460617,0,0.021268824442114673,161.1321258544922,153.03909301757812,0
2025-04-28,162.08013916015625,164.60484399235878,160.04441449921725,163.91628536051073,20871200.0,155.8841323852539,165.3147915649414,52.42180819916756,-1.5264642620512632,-3.189204760148731,1.662740498097468,165.75651962935993,146.01174514114788,19.744774488212045,-0.008727552014095363,0.029799577496604446,0.018946088854043808,0,0.020379721817703728,163.5071563720703,149.5464324951172,0
2025-04-29,161.7209014892578,162.33959932204192,159.0564900529909,161.70593348449245,15955200.0,156.1750228881836,164.82387420654297,52.00310407818442,-1.1307316907196139,-2.777510146262908,1.646778455543294,166.37007382402587,145.97997195234134,20.39010187168452,-0.002216420054671042,0.003653992843719589,0.003653992843719589,0,0.02003870236588808,162.08013916015625,153.5779571533203,0
2025-04-30,160.5533447265625,161.03632552341878,156.82615942714932,159.5255011706688,20639500.0,156.27531204223632,164.33093658447265,50.5888391640312,-0.90093740432755,-2.4021955978758367,1.5012581935482867,166.60037786865215,145.9502462158205,20.650131652831647,-0.007219578619359068,-0.018065335555015327,0.013927449907935374,0,0.01928278617209276,161.7209014892578,157.38998413085938,1
2025-05-01,162.44935607910156,163.59695884625,160.59324751027046,162.17993201602457,21904300.0,156.47140045166014,163.84940490722656,52.83217830056228,-0.5593832839679465,-2.033633135094259,1.4742498511263125,167.1044807352356,145.8383201680847,21.266160567150905,0.0118092298591983,0.0022779898935085807,0.046880955293482796,0,0.017901133316044093,160.5533447265625,161.1321258544922,1
2025-05-02,165.46304321289062,166.3511802953172,163.31754813877285,164.60983654805946,16844900.0,157.12902069091797,163.4379153442383,56.23354285900905,-0.04500107319626068,-1.6359067227146593,1.5909056495183986,168.2663488528158,145.99169252902013,22.274656323795682,0.01855154865816533,0.023139505711210706,0.08118154616798123,0,0.017089130754083907,162.44935607910156,163.5071563720703,1
2025-05-05,165.70254516601562,166.75035109742606,164.12584947218224,164.1707534829321,15309300.0,158.04260482788087,163.1320895385742,56.501998322182075,0.37762333404728565,-1.2332007113622705,1.6108240454095561,168.84037053779696,147.24483911796477,21.595531419832184,0.0014474649352171909,0.03207158622713657,0.10803408948873416,0,0.013597308952017429,165.46304321289062,162.08013916015625,0
2025-05-06,164.8543243408203,166.39111049603875,162.7886636287067,163.61692872306404,10691900.0,158.83893508911132,162.81707397460937,55.21037433810332,0.6367715834784349,-0.8592062523941295,1.4959778358725644,169.16941683120174,148.5084533470209,20.660963484180854,-0.005118936612262037,0.014804418557052834,0.07342438587226785,0,0.013027159919247898,165.70254516601562,161.7209014892578,0
2025-05-07,152.4802703857422,166.64058037151528,149.1771989680043,165.7225072906682,78729800.0,159.14928436279297,162.3307305908203,40.62164277006599,-0.15455271419264704,-0.7182755447538332,0.5637228305611861,168.25098732568844,150.0475813998975,18.203405925790946,-0.07506053604936669,-0.07846327841585954,-0.031194575513998957,0,0.027855313505540772,164.8543243408203,160.5533447265625,1
2025-05-08,155.42410278320312,157.08063299058793,153.7775613966295,155.59374524152167,38387500.0,158.88434066772462,161.95649139404296,44.38661624061654,-0.537939220955792,-0.682208279994225,0.1442690590384329,168.09522066010396,149.67346067534527,18.421759984758694,0.019306316745200336,-0.06202947801745973,-0.03542448807783749,0,0.02741379278840376,152.4802703857422,162.44935607910156,0
2025-05-09,154.0569610595703,156.10265920444155,153.5081089022484,155.22451097958617,22871000.0,158.83494491577147,161.64441955566406,43.022307739686916,-0.9412426418610664,-0.7340151523675933,-0.20722748949347314,168.13779241605613,149.53209741548682,18.605695000569312,-0.008796201484526533,-0.06549639097684512,-0.057796829950338746,0,0.026698806310808718,155.42410278320312,165.46304321289062,1
2025-05-12,159.24609375,160.10429487952555,157.55962750025756,158.7671023741996,31884900.0,158.84392700195312,161.39606018066405,49.381939494939374,-0.8325467867313989,-0.7537214792403545,-0.07882530749104444,168.1479980714576,149.53985593244863,18.608142139008976,0.033683208176637836,0.04437179542731484,-0.017485457655955217,0,0.029380959707584014,154.0569610595703,165.70254516601562,1
2025-05-13,160.5533447265625,161.72089473004775,157.25027318025747,159.58537318722793,24944300.0,158.81498794555665,161.24481567382813,50.86967468598464,-0.6336163746193222,-0.7297004583161482,0.09608408369682597,168.0939770922331,149.5359987988802,18.557978293352903,0.008208998699928971,0.0330015863145372,-0.007219578619359068,0,0.029531827420542466,159.24609375,164.8543243408203,1
2025-05-14,166.46095275878906,167.98775006260223,160.59325160571225,160.97246133997135,31769200.0,159.22063751220702,161.132978515625,57.01784267713192,0.0007236645021464483,-0.5836156337524893,0.5843392982546357,169.07406159378633,149.36721343062771,19.70684816315861,0.03679529717856567,0.08051561976756383,0.03679529717856567,0,0.031596885021177405,160.5533447265625,152.4802703857422,0
2025-05-15,165.05389404296875,167.15947947237044,163.49716078272107,166.79025857078503,22717600.0,159.7146011352539,160.9455535888672,55.24458822724269,0.3854614766316047,-0.38980021167567047,0.7752616883072752,169.69685004304813,149.73235222745967,19.96449781558846,-0.00845278542805905,0.03647059815537079,0.016032922670367267,0,0.03169586376930698,166.46095275878906,155.42410278320312,1
2025-05-16,167.0796356201172,170.29289879987024,166.6006443117216,168.57649678235524,36271400.0,160.41662826538087,160.81419342041016,57.30337029341271,0.8440991307319621,-0.14302034319414395,0.987119473926106,170.3971187221788,150.43613780858294,19.960980913595847,0.012273212873251449,0.04064873830358118,0.009770111656574487,0,0.03139356281752322,165.05389404296875,154.0569610595703,1
2025-05-19,167.51873779296875,167.59857222526293,165.06887289763344,165.36824821202137,21374700.0,161.31524353027345,160.6609149169922,57.75698378897644,1.2288393563573266,0.13135159671615015,1.0974877596411763,170.4166672053168,152.2138198552301,18.2028473500867,0.002628101092163826,0.0063545535253091145,0.010960559628903077,1,0.031395861590332204,167.0796356201172,159.24609375,0
2025-05-20,164.9740753173828,169.32493740245835,163.91628057612473,167.4089568284216,33563300.0,161.88504943847656,160.61121917724608,54.1655736709825,1.3132771207594658,0.3677367015248133,0.9455404192346525,170.38454870219917,153.38555017475394,16.998998527445224,-0.015190315478205263,-0.00048359189614244347,0.000726404824631377,1,0.031792476711715346,167.51873779296875,160.5533447265625,1
2025-05-21,169.70416259765625,174.1648107504269,164.5449821761113,164.60485419531173,45567600.0,162.5007583618164,160.69264892578124,59.239286954966445,1.7417948431959474,0.6425483298590402,1.0992465133369071,171.38398308689014,153.61753363674265,17.76644945014749,0.028671700515208398,0.015708239773196242,0.11295816939687553,1,0.018549829578057737,164.9740753173828,166.46095275878906,1
2025-05-22,171.62013244628906,177.75727288119202,171.52035082957954,172.98727611426764,45024100.0,163.02515869140626,160.7521240234375,61.116871580751386,2.2105194872385994,0.9561425613349521,1.2543769259036472,172.7241104102238,153.32620697258872,19.39790343763508,0.011290058059302277,0.024483199356415186,0.10420539268402496,1,0.018318569835733003,169.70416259765625,165.05389404296875,0
2025-05-23,169.23513793945312,170.84676411617667,168.90582662036127,169.92369658602146,24963600.0,163.3115577697754,160.84912078857423,57.56236152906429,2.362306817641354,1.2373754125962326,1.1249314050451213,173.3817052768873,153.2414102626635,20.140295014223796,-0.013896938971203476,0.025828680135789428,0.09852314868143974,1,0.018963205368683168,171.62013244628906,167.0796356201172,1
2025-05-27,173.61595153808594,173.92530044273832,170.8517585839039,170.94156660908797,24341300.0,163.8883483886719,160.97605499267578,61.940900452788306,2.8037742516923743,1.5506551804154611,1.2531190712769131,174.88880060532455,152.88789617201923,22.000904433305323,0.0258859575616035,0.023050636357718313,0.09023679921873073,1,0.017998755012756173,169.23513793945312,167.51873779296875,0
2025-05-28,173.0172119140625,176.1107161118287,172.65297018501624,173.61594729418155,25999200.0,164.45316390991212,161.11196990966798,61.01433143986605,3.069938747090106,1.8545118937503902,1.2154268533397157,176.09195883547926,152.81436898434498,23.27758985113428,-0.003448644083214325,0.008140533676669115,0.07763069158557334,1,0.018415524418684298,173.61595153808594,164.9740753173828,0
2025-05-29,172.5980987548828,175.0329804174553,171.42055991285764,174.63382348309548,21174700.0,165.05540161132814,161.31733947753906,60.3339693045409,3.210053598340778,2.125620234668468,1.0844333636723102,177.0652750959481,153.04552812670818,24.019746969239918,-0.002422378412778148,0.01987152819666127,0.03686838201020515,1,0.015458985694234175,173.0172119140625,169.70416259765625,0
2025-05-30,172.48831176757812,173.0770735186819,168.17234979116824,172.04923004578563,36258300.0,165.55734939575194,161.44846435546876,60.144773966895634,3.2744904475032968,2.3553942772354337,0.919096170267863,177.92345593008173,153.19124286142215,24.732213068659576,-0.0006360845692778838,-0.00649502399127444,0.04504236490581648,1,0.014964012920725299,172.5980987548828,171.62013244628906,0
2025-06-02,170.01348876953125,170.70404207052297,168.29708672339368,168.65633401739595,24742900.0,165.78487167358398,161.55464111328126,55.89014468594536,3.09023725030778,2.502362871849903,0.5878743784578768,178.30218696733758,153.26755637983038,25.034630587507195,-0.014347772163145867,-0.017360834285222393,0.017559609455245928,1,0.015776447364354018,172.48831176757812,169.23513793945312,0
2025-06-03,167.35906982421875,169.4446927986556,166.33121111323524,168.51165174308437,25386700.0,165.86769790649413,161.58378021240233,51.66833813717083,2.6989144335022104,2.5416731841803646,0.1572412493218458,178.40364644884735,153.3317493641409,25.07189708470645,-0.015612990266382964,-0.030353920283353375,-0.0009531349797258226,1,0.01670417896564073,170.01348876953125,173.61595153808594,1
2025-06-04,169.03555297851562,169.225157842239,167.44388927750356,167.92787503026992,18508700.0,166.0767593383789,161.5730029296875,54.03017736917494,2.495302171293588,2.5323989816030092,-0.03709681030942136,178.67742817309025,153.47609050366756,25.201337669422685,0.01001728293577231,-0.020017349313007138,0.024618884229653748,1,0.01604109034898514,167.35906982421875,173.0172119140625,1
2025-06-05,169.4546661376953,171.999333247985,168.9956372255751,171.26087623375113,25375400.0,166.92547912597655,161.51352752685546,54.627118835374866,2.3407739310214595,2.4940739714866997,-0.15330004046524026,177.93477985180667,155.91617840014644,22.01860145166023,0.0024794379158386004,-0.0032869311481130703,-0.0014701846798682583,1,0.013186308109098353,169.03555297851562,172.5980987548828,1
2025-06-06,174.55398559570312,175.4620851142868,171.93947270561807,171.93947270561807,22258100.0,167.88197326660156,161.66880218505858,61.22463445672276,2.5998126290992047,2.515221703009201,0.08459092609000374,178.0174391633264,157.74650736987672,20.270931793449677,0.03009252901813997,0.04299089245083265,0.017095040701779363,1,0.016021695800638697,169.4546661376953,172.48831176757812,1
2025-06-09,177.47137451171875,177.75610840952234,175.5031325772629,175.71293650196031,18817600.0,169.05269393920898,161.9434963989258,64.41282571449301,3.0058618630121146,2.613349735009784,0.3925121280023305,177.8510149218537,160.25437295656425,17.59664196528945,0.01671339045086495,0.049905604972199535,0.048667414300287204,1,0.015605885115543536,174.55398559570312,170.01348876953125,1
2025-06-10,179.8492431640625,182.2820814822952,176.3174115528641,177.6012524442818,32908000.0,170.0828514099121,162.42581237792967,66.80832400180552,3.479424296458319,2.786564647299491,0.6928596491588279,178.87175168438333,161.2939511354409,17.577800548942434,0.013398603909424933,0.06134134434469196,0.03590275876585669,1,0.014171245663847467,177.47137451171875,167.35906982421875,0
2025-06-11,178.63034057617188,181.587704115862,177.84105272420047,181.06816418757248,18994400.0,170.98670120239257,162.88035736083984,64.41471467858031,3.7135630416176753,2.9719643261631283,0.7415987154545469,179.37875726327508,162.59464514151006,16.78411212176502,-0.0067773573379940055,0.02335297568002992,0.03244260267526111,1,0.014393174806971214,179.8492431640625,169.03555297851562,0
2025-06-12,176.8119659423828,177.97093371422645,175.95273331776258,177.32150502104858,17345900.0,171.50425186157227,163.24564544677733,60.90879664044714,3.709629745339214,3.1194974099983455,0.5901323353408685,179.9922099348054,163.01629378833914,16.97591614646626,-0.010179539645526647,-0.0037155770678520827,0.024414331431798608,1,0.014934145949913784,178.63034057617188,169.4546661376953,0
2025-06-13,175.7229461669922,178.18374417661255,173.41501140826213,173.4249969901244,20873200.0,172.03770446777344,163.5895526123047,58.84317922904321,3.5773997477070907,3.2110778775400948,0.3663218701669959,180.1706743221147,163.90473461343217,16.265939708682538,-0.006159197255605986,-0.022943087913393168,0.01875277441275336,1,0.015163983508773004,176.8119659423828,174.55398559570312,1
2025-06-16,177.78109741210938,178.08581772153445,175.66299550545116,175.74791106095938,18132500.0,172.57277755737306,164.0989617919922,61.500541077623,3.5972156637288037,3.2883054347778367,0.3089102289509671,180.73860935638518,164.40694575836093,16.33166359802425,0.011712478592074582,-0.004754193276031771,0.04568819038298666,1,0.014262009334504172,175.7229461669922,177.47137451171875,0
2025-06-17,177.0717315673828,178.5554060908411,175.78289022905207,176.84194122313968,17656100.0,173.05042724609376,164.69177917480468,60.0611455196218,3.5151594546083516,3.33367623874394,0.18148321586441174,181.09453477384457,165.00631971834295,16.08821505550162,-0.0039901083695202955,0.001469163150895847,0.058034869298482006,1,0.012836982695711222,177.78109741210938,179.8492431640625,0
2025-06-18,173.8246307373047,177.66520741745524,172.68564937270733,177.12168687013792,32531800.0,173.49295501708986,165.18971740722657,53.84839173400112,3.151783618230155,3.297297714641183,-0.14551409641102797,180.63429443763886,166.35161559654085,14.282678841098004,-0.01833777080811161,-0.010802888701191615,0.028331777986360995,1,0.014770886000657903,177.0717315673828,178.63034057617188,0
2025-06-20,167.58021545410156,175.2084072749372,166.1215277486504,174.70885376714864,55402600.0,173.38675765991212,165.6158560180664,44.34793254765612,2.333039693994806,3.1044461105119074,-0.7714064165171015,180.80799242464198,165.96552289518226,14.84246952945972,-0.0359236505017525,-0.05737888958105275,-0.01106166461105662,1,0.019214768099737687,173.8246307373047,176.8119659423828,0
2025-06-23,165.86175537109375,168.32955099660168,163.18415580302408,167.17059840849774,36975600.0,173.09883880615234,165.71863159179688,42.14428129011032,1.5279011747215065,2.7891371233538274,-1.2612359486323208,181.18859005870004,165.00908755360464,16.1795025050954,-0.01025455229515726,-0.06330754263857874,-0.04979680180286494,1,0.01592835228528438,167.58021545410156,175.7229461669922,1
2025-06-24,167.5902099609375,169.09885600930554,166.7609493398623,167.5352511496685,27310300.0,173.01659240722657,165.96953826904297,45.09923764951413,1.017565080751666,2.434822714833395,-1.4172576340817291,181.29308797727023,164.7400968371829,16.55299114008733,0.010421055691690828,-0.035866152857180866,-0.05567751181263758,1,0.015077741241753963,165.86175537109375,177.78109741210938,1
2025-06-25,171.3368682861328,173.2051935344053,168.41048297188135,168.49939276403427,23627400.0,172.90263824462892,166.21494659423828,50.94761883734088,0.9050116532324353,2.1288605025132035,-1.2238488492807682,181.20570304428617,164.59957344497167,16.6061295993145,0.02235606916459254,0.02241704261956956,-0.047330612729710064,1,0.01652868572215563,167.5902099609375,177.0717315673828,1
2025-06-26,174.27423095703125,174.4940357220232,170.70742680723183,173.23016594590123,25909100.0,172.96548919677736,166.47778869628905,54.99536017367822,1.0408347746126196,1.9112553569330868,-0.8704205823204672,181.2900739904569,164.6409044030978,16.649169587359097,0.017143786391572435,0.05071980317051206,-0.024386168693907195,1,0.01787308591905319,171.3368682861328,173.8246307373047,1
2025-06-27,178.11080932617188,178.6802923892228,172.55577684017305,174.47406045255778,74053100.0,173.2411247253418,166.87304565429687,59.67582836467819,1.4414393718121516,1.8172921599089,-0.3758527880967484,181.85870448465724,164.62354496602634,17.235159518630894,0.02201460507426689,0.06277573951179227,0.007345902054006315,1,0.019153916736943558,174.27423095703125,167.58021545410156,0
2025-06-30,177.23159790039062,181.4178588533872,175.34328619730314,180.6235705829387,43964600.0,173.47828903198243,167.31418518066405,58.18248992779169,1.6687401889652733,1.7875817657201747,-0.11884157675490137,182.25946908007774,164.69710898388712,17.562360096190616,-0.004936317055138195,0.03440432682832517,0.00858539972329364,1,0.01910769987872115,178.11080932617188,165.86175537109375,0
2025-07-01,176.7520294189453,177.06175016091655,174.50403858767385,176.64711220363492,25778500.0,173.81521606445312,167.78844390869142,57.33962759139032,1.789551717400542,1.7879757560562481,0.0015759613442938303,182.55578531300546,165.0746468159008,17.481138497104666,-0.002705885898037441,0.014217813203404539,-0.005788399375095565,1,0.018751942395461314,177.23159790039062,167.5902099609375,1
2025-07-02,179.59947204589844,179.77431882306013,175.93275111969743,176.38734664225254,19325900.0,174.4272361755371,168.38950469970703,60.95626320349342,2.090957292912776,1.8485720634275538,0.24238522948522245,182.98611664671856,165.86835570435565,17.117760942362906,0.0161098157475974,0.008358070604240542,0.014275234426979866,1,0.019393177099041283,176.7520294189453,171.3368682861328,1
2025-07-03,180.38877868652344,180.60858345440707,178.03088546799643,179.65943481772604,13287400.0,174.9948974609375,168.9257211303711,61.91998716218021,2.366237321493145,1.952105115040672,0.41413220645247284,183.55406949232295,166.43572542955204,17.118344062770916,0.004394816040568683,0.01781387079694019,0.03776304843206546,1,0.018086183040593007,179.59947204589844,174.27423095703125,0
2025-07-07,177.4014434814453,180.1789598314395,176.48226683459202,179.9741410589373,20991400.0,175.392236328125,169.32595031738282,56.25990000076333,2.316640947793502,2.025012281591238,0.2916286662022638,183.61703865329343,167.16743400295655,16.44960465033688,-0.016560537893931082,0.0036741533584361274,0.05860613080566002,1,0.013907153258254954,180.38877868652344,178.11080932617188,0
2025-07-08,175.0035858154297,178.63033385947716,173.76468764691197,178.62034827773374,24108600.0,175.41471633911132,169.60337951660156,52.13999349287449,2.0601008303946458,2.0320299913519198,0.028070839042726003,183.63268621436902,167.19674646385363,16.435939750515388,-0.013516562317411052,-0.025589642208381447,0.05511716925871357,1,0.014356515670245542,177.4014434814453,177.23159790039062,1
2025-07-09,177.50135803222656,180.11901356387378,173.72473469070374,175.95273909172283,31288000.0,175.4162155151367,169.8832635498047,55.773184172127365,2.0348834129133024,2.0326006756641966,0.0022827372491058817,183.6356964004376,167.19673462983582,16.438961770601793,0.014272691643194113,-0.016006653381220537,0.05913918285321795,1,0.014554345437528609,175.0035858154297,176.7520294189453,1
2025-07-10,178.54042053222656,179.4296251657738,175.5830723051054,176.512234511381,24693700.0,175.35077438354492,170.2124691772461,57.22780726292257,2.074824799069944,2.041045500345346,0.03377929872459795,183.44796651585503,167.2535822512348,16.194384264620226,0.0058538284524636275,0.006420336996301623,0.042043211820959714,1,0.013362539928287042,177.50135803222656,179.59947204589844,1
2025-07-11,181.1480865478516,182.4469286884025,177.38245509455163,177.75112886809936,23975700.0,175.4766616821289,170.60101287841798,60.71950569518608,2.2904921222445864,2.090934824725194,0.19955729751939222,183.8475508083499,167.10577255590792,16.741778252441975,0.014605465853903654,0.03511071332505322,0.03944275383154694,1,0.013111236592274573,178.54042053222656,180.38877868652344,1
2025-07-14,182.6467437744141,184.5650273381907,180.5496192082718,181.9074143693571,20990400.0,175.76840057373047,171.042880859375,62.60871730166314,2.552910776739708,2.183330015128097,0.3695807616116107,184.69346339639586,166.8433377510651,17.850125645330763,0.008273105474766451,0.028987866905521686,0.02546692401995454,1,0.011646195625393534,181.1480865478516,177.4014434814453,1
2025-07-15,182.93649291992188,185.2444275891529,182.22712026096616,183.77573911870363,23911600.0,176.12907791137695,171.45262359619142,62.979441692152065,2.7525303293135437,2.2971700779651867,0.455360251348357,185.5848851311252,166.67327069162872,18.911614439496475,0.0015863909726507863,0.024622280907542926,0.03218892729691225,1,0.011357596650967946,182.6467437744141,175.0035858154297,1
2025-07-16,183.60589599609372,185.16950087616135,182.91650973311008,184.1554078901505,21152600.0,176.42031784057616,171.81548065185547,63.87067391490199,2.930959223254746,2.423927907023099,0.5070313162316471,186.40569391961455,166.43494176153777,19.970752158076778,0.003659210174455918,0.01356795699629365,0.03877673483964972,1,0.011164608457383617,182.93649291992188,177.50135803222656,1
2025-07-17,184.5350646972656,185.02162933119868,181.33792526233427,182.95148859796868,21654400.0,176.79348449707032,172.19213104248047,65.12567828343234,3.1114744157722214,2.5614372087729236,0.5500372069992978,187.38761859885943,166.19935039528121,21.188268203578218,0.0050606691911008195,0.010338650905179936,0.02748110890941713,1,0.010334324988812165,183.60589599609372,178.54042053222656,1
2025-07-18,185.77395629882807,187.1926863962701,184.56503013215195,186.45334173485836,21033400.0,177.39095077514648,172.61052368164061,66.78249986196778,3.316274259427388,2.7124046189038165,0.6038696405235715,188.5791038747423,166.20279767555067,22.376306199191617,0.0067135836952987304,0.01551064707547578,0.029853174080539224,1,0.010400809285495293,184.5350646972656,181.1480865478516,1
2025-07-21,190.9792938232422,191.08919620124823,186.88296433744756,186.9329227356617,24665000.0,178.5609046936035,173.38050415039064,72.6597338376486,3.854178278376253,2.9407593507983036,0.9134189275779492,190.28174548875842,166.8400638984486,23.441681590309827,0.028019737686164392,0.040158829252985084,0.0765374287567,1,0.010638969524561235,185.77395629882807,182.6467437744141,1
2025-07-22,191.93844604492188,193.18732979274287,188.32666875796485,192.2481667751554,26212900.0,179.86473922729493,174.110791015625,73.5870880393374,4.308204359015775,3.214248352441798,1.0939560065739773,191.44559475694155,168.28388369764832,23.161711059293225,0.005022283842809783,0.04011910343327818,0.09676864705705412,1,0.007821004311752444,190.9792938232422,182.93649291992188,0
2025-07-23,191.33897399902344,193.18732802696937,190.010159874068,192.1882210378446,34068100.0,181.05217742919922,174.85643127441406,71.94458160460636,4.5670053204249825,3.4847997460384352,1.0822055743865473,192.21797233338734,169.8863825250111,22.331589808376236,-0.0031232515332448862,0.029955855013625854,0.07795780336669056,1,0.008498977712117852,191.93844604492188,183.60589599609372,1
2025-07-24,193.0274658203125,198.79231737351355,191.77858209315576,197.9330847594232,45252100.0,182.1367073059082,175.5320587158203,73.72362147049282,4.852418466014541,3.7583234900336566,1.0940949759808842,193.52855595700476,170.74485865481165,22.783697302193104,0.008824609989273258,0.010724576241055495,0.08114154343817637,1,0.008484345472667637,191.33897399902344,184.5350646972656,1
2025-07-25,193.9066925048828,195.10061746773783,191.95843686256572,192.75771028339912,31101800.0,183.1183303833008,176.19912567138672,74.62591110832125,5.09087227895202,4.024833247817329,1.0660390311346903,195.00372830153208,171.2329324650695,23.770795836462582,0.004554930464604423,0.010254571194664663,0.07043191126206527,1,0.00818713044972211,193.0274658203125,185.77395629882807,0
2025-07-28,193.2472686767578,194.6460275845246,191.683663826498,194.23639006720387,25553500.0,183.8751533508301,176.7348519897461,72.61201344147982,5.167075818138613,4.253281761881587,0.9137940562570268,196.30397406805784,171.44633263360234,24.857641434455502,-0.0034007275334676512,0.009973371539789389,0.05803840070336186,1,0.008774327369718756,193.9066925048828,190.9792938232422,1
2025-07-29,196.25457763671875,196.4843832196581,192.817662416167,193.1273831421187,31891600.0,184.8263023376465,177.35886566162108,75.81719425896001,5.407794681052138,4.484184345715697,0.9236103353364413,197.96705993246948,171.6855447428235,26.281515189645972,0.015561973944331564,0.01671840741778352,0.0728016838205523,1,0.009152626941546095,193.2472686767578,191.93844604492188,1
2025-07-30,197.26368713378903,198.30275169861972,195.3853611085289,196.12470577159496,21150500.0,185.85188522338868,177.96254669189454,76.79838962154827,5.61526355425724,4.710400187424006,0.9048633668332338,199.50366754747066,172.2001028993067,27.303564648163956,0.005141839284575678,0.01731242272012712,0.07438645182715642,1,0.009102761983729345,196.25457763671875,191.33897399902344,0
2025-07-31,192.68777465820312,196.65423062723093,191.90847242579005,196.4244402882278,27852000.0,186.5063003540039,178.4659274291992,64.09799187253176,5.3487887297500265,4.83807789588921,0.5107108338608164,200.1512798972643,172.86132081074354,27.289959086520753,-0.023196932705016327,-0.00289522342222881,0.044179733398160614,1,0.013280784133559896,197.26368713378903,193.0274658203125,0
2025-08-01,189.7803649902344,191.44687467641603,188.5314812837375,189.6105186355703,21236700.0,186.97587966918945,178.96205322265624,57.58220723103256,4.847127184560264,4.839887753623421,0.00723943093684376,200.3908911630726,173.5608681753063,26.830022987766313,-0.015088708524066963,-0.0329888490981779,0.02156604064006573,1,0.014586336377533418,192.68777465820312,193.9066925048828,1
2025-08-04,195.5751953125,195.9049024520249,190.74950667153828,191.00428383507187,23386000.0,187.8845672607422,179.47947387695314,65.1797529638533,4.86111526250329,4.844133255399395,0.01698200710389486,201.04189833770715,174.72723618377722,26.31466215392993,0.03053440392826623,-0.008559567378175648,0.024064920323307204,1,0.015093189464045977,189.7803649902344,193.2472686767578,0
2025-08-05,195.1455841064453,198.5225553573162,194.5011558308944,195.37037403152397,19010200.0,188.89166717529298,179.94998291015625,64.26080487638009,4.7824062784998205,4.831787860019481,-0.04938158151966032,200.99203479967258,176.79129955091338,24.2007352487592,-0.0021966548741941816,0.012755399000283996,0.016709200931911417,1,0.015130836143189242,195.5751953125,196.25457763671875,1
2025-08-06,196.74415588378903,197.20375182865104,194.2933433951165,195.0756489615275,15383700.0,189.8538070678711,180.50016326904296,66.17196161648266,4.793760734484664,4.824182434912517,-0.030421700427853082,201.216048539608,178.49156559613417,22.724482943473845,0.008191688193527114,0.036693948259151954,0.028249246725829957,1,0.015148052747181152,195.1455841064453,197.26368713378903,1
2025-08-07,197.10382080078125,198.19284373359997,195.04566289247063,197.53344472313984,14660600.0,190.78197708129883,180.96992065429689,66.60466270956135,4.776718142272898,4.814689576384594,-0.03797143411169568,201.29713422759235,180.26681993500532,21.030314292587036,0.0018280843737217278,0.007816049912867218,0.021118004959270298,1,0.015004523106794237,196.74415588378903,192.68777465820312,1
2025-08-08,201.90953063964844,203.24833036524188,197.7232698565624,197.80320024624655,24379900.0,191.82004928588867,181.5477670288086,71.79586662521163,5.0922916182300355,4.870209984753682,0.22208163347635335,202.42477815937605,181.2153204124013,21.20945774697475,0.024381616852189092,0.0346610278893813,0.041271593215196134,1,0.01657866127201019,197.10382080078125,189.7803649902344,0
2025-08-11,201.449951171875,201.97947666721265,199.6215835153614,201.37500595004397,16690200.0,192.7602096557617,182.12480407714844,70.66458220505321,5.244842371271744,4.945136462057294,0.29970590921444984,203.27884852498954,182.24157078653388,21.037277738455657,-0.002276165301942412,0.023918348511787757,0.04244656367608335,1,0.016525287113436975,201.90953063964844,195.5751953125,1
2025-08-12,203.97769165039065,204.9468266736469,201.2201465346662,201.91453322711988,19854000.0,193.81226959228516,182.7545916748047,73.16878371367407,5.506235023692881,5.057356174384412,0.44887884930846855,204.39904160172404,183.2254975828463,21.17354401887775,0.012547734381722409,0.03487436631965157,0.03935252928452937,1,0.016323054172083584,201.449951171875,195.1455841064453,0
2025-08-13,202.84869384765625,205.24654455972475,198.4626147089265,204.79694945685728,19573000.0,194.77440948486327,183.41129577636718,70.28294380149381,5.558218216981999,5.15752858290393,0.400689634078069,204.96628218598553,184.582536783741,20.38374540224453,-0.005534908222559309,0.004651406028395755,0.02831239137327546,1,0.016586159084639635,203.97769165039065,196.74415588378903,1
2025-08-14,203.63800048828125,205.2365625759638,202.14432512407217,202.37911588398708,17777100.0,195.72955627441405,184.13687438964843,71.13994398087132,5.598568904230092,5.245736647169162,0.35283225706093013,205.474753058309,185.9843594905191,19.49039356778991,0.003891110293358757,0.010861503334589795,0.056828856161228014,1,0.013830048011956725,202.84869384765625,197.10382080078125,1
2025-08-15,204.72702026367188,207.14485738883576,201.9045460206804,204.5371874933008,21111400.0,196.67720947265624,184.85070373535157,72.32578149647509,5.653254707897418,5.327240259314814,0.32601444858260376,206.0444263214914,187.3099926238211,18.734433697670283,0.005347821982043532,0.003673581200073217,0.07875764847541844,1,0.01178780308675967,203.63800048828125,201.90953063964844,0
2025-08-18,204.1075592041016,205.95591322393057,203.22835542424343,204.88687667774636,13000200.0,197.33362274169923,185.5437615966797,70.55000623801615,5.582259458635235,5.3782440991788985,0.20401535945633675,206.85045040908648,187.81679507431198,19.033655334774494,-0.003025790434367015,0.006205932769726363,0.04362702477667546,1,0.009004072505003331,204.72702026367188,201.449951171875,0
2025-08-19,202.30918884277344,204.10756930819693,200.75056906348905,203.72291858829,13476600.0,197.8521598815918,186.0988656616211,65.52053736033511,5.319561163766764,5.366507512096471,-0.046946348329707455,207.26619998540997,188.43811977777364,18.828080207636333,-0.008810895433470134,-0.006525361879028524,0.03670902812958676,1,0.009747812068324683,204.1075592041016,203.97769165039065,0
2025-08-20,200.01123046875,201.9894580373513,197.28367265876727,201.49989012472352,13971700.0,198.28577270507813,186.5496627807617,59.66714015788933,4.86980871300733,5.2671677522786435,-0.3973590392713131,207.24791920273245,189.3236262074238,17.924292995308633,-0.011358645581883708,-0.023034525627581126,0.016605700790882638,1,0.010654926243459647,202.30918884277344,202.84869384765625,1
2025-08-21,200.4408416748047,203.17840034597597,200.22103691495775,200.54075847297617,11768900.0,198.65644149780275,186.96149475097656,60.37977267485476,4.496213143088966,5.112976830440709,-0.6167636873517433,207.32647002277304,189.98641297283245,17.340057049940583,0.0021479354186655364,-0.017964633664695806,0.01693026984695667,1,0.010655836853419897,200.01123046875,203.63800048828125,1
2025-08-22,206.535400390625,209.0431534739571,201.94950291655516,203.7778705571345,25723700.0,199.28787689208986,187.51959594726563,68.80135499396378,4.638446789080604,5.018070822168688,-0.379624033088084,208.3144004500811,190.2613533340986,18.05304711598251,0.030405772919813057,0.020889864528773394,0.022910606232018127,1,0.012144889497507898,200.4408416748047,204.72702026367188,1
2025-08-25,208.9732208251953,210.9014899902628,205.7660806926536,206.8151460768586,22788800.0,200.0741744995117,188.16282104492188,71.41837908701541,4.8914936200189345,4.992755381738737,-0.10126176171980283,209.5856654305646,190.56268356845882,19.02298186210578,0.01180340237053601,0.04480743573969237,0.03734560177133783,1,0.012365249616108291,206.535400390625,204.1075592041016,0
2025-08-26,207.7642974853516,208.2738518119723,206.26563698618557,208.18392059569848,23051000.0,200.64966049194337,188.80364807128908,68.35619293730358,4.937567838002792,4.981717872991549,-0.044150034988756914,210.5518550714382,190.74746591244852,19.804389158989693,-0.005785063440520766,0.03653674445464805,0.018563823349128983,1,0.012273212566791054,208.9732208251953,202.30918884277344,1
2025-08-27,208.02407836914065,209.3828645197921,206.20569628356685,206.2756410923181,15249000.0,201.18768005371095,189.4085076904297,68.6670891649972,4.938120554070167,4.972998409207273,-0.03487785513710584,211.457979074863,190.9173810325589,20.54059804230411,0.0012503634499925198,0.007207858680400969,0.0255135215480915,1,0.012000538544379253,207.7642974853516,200.01123046875,1
2025-08-28,212.1803436279297,212.70986910562976,207.4146143286289,207.6543902459798,20915700.0,202.16230850219728,190.11067993164062,73.2032603175587,5.213832639393075,5.0211652552444335,0.19266738414864193,212.7168095173166,191.60780748707796,21.109002030238628,0.019979731631901254,0.015347051598621375,0.04194866930123897,1,0.013212162739317579,208.02407836914065,200.4408416748047,1
2025-08-29,213.3393096923828,215.14769086553312,210.7815982931097,211.08133343259132,24682200.0,203.3402557373047,190.90097351074218,74.31971395355511,5.462882618626423,5.109508727920832,0.35337389070559144,213.3487430864378,193.33176838817158,20.01697469826621,0.0054621745098379915,0.026833350457743155,0.04206718496473494,1,0.013213320372351428,212.1803436279297,206.535400390625,0
2025-09-02,211.8007049560547,212.1793643254396,206.775197810542,208.80338386353435,28900100.0,204.15153121948242,191.78538330078126,70.14164402228293,5.4730144738899185,5.18220987711465,0.2908045967752688,214.14121364197518,194.16184879698966,19.979364844985525,-0.007212007663035314,0.018154756971028974,0.03769162583665109,1,0.013530433617817928,213.3393096923828,208.9732208251953,1
2025-09-03,230.8936309814453,231.5930028238812,224.91896021781164,226.27774633104264,72250300.0,205.9389335632324,193.0860208129883,82.95055201166818,6.941664419795444,5.534100785650809,1.4075636341446351,220.56155609148215,191.31631103498268,29.24524505649947,0.09014571518707704,0.08819519769621276,0.14129087414258068,1,0.029753208317452134,211.8007049560547,207.7642974853516,1
2025-09-04,232.4522399902344,232.56214237085004,226.55749949973745,229.949472058356,32196000.0,207.72433776855468,194.38326141357422,83.57017638285771,8.137542282162798,6.054789084953208,2.0827531972095903,225.74523433675256,189.7034412003568,36.04179313639577,0.006750333485440851,0.08958935099870158,0.1621959399252484,1,0.028587936495808573,230.8936309814453,208.02407836914065,1
2025-09-05,234.95999145507807,235.9191408833356,232.17248963182877,232.4522383723282,26127700.0,209.61714630126954,195.65572387695312,84.54350855932739,9.181796652641395,6.680190598490846,2.5016060541505496,230.50300052774315,188.73129207479593,41.77170845294722,0.010788243920338392,0.10934470923422368,0.1722161486244269,1,0.028268509732076685,232.4522399902344,212.1803436279297,0
2025-09-08,234.16000366210935,238.3999938964844,233.72999572753903,235.7899932861328,23128800.0,211.22966995239258,196.8534393310547,82.85718120543605,9.831492114373361,7.310450901667349,2.5210412127060122,234.3469119660332,188.11242793875198,46.23448402728121,-0.003404783035675596,0.014146655612715886,0.13375238927194721,1,0.028423286003490866,234.95999145507807,213.3393096923828,1
2025-09-09,239.94000244140625,240.58999633789065,233.3800048828125,234.19000244140625,22854800.0,213.15417251586913,198.09002319335937,85.16029756468969,10.689555502803898,7.986271821894659,2.703283680909239,238.9479720865151,187.36037294522316,51.587599141291946,0.024683971168865337,0.03221204687675372,0.14818540621582543,1,0.028655061079188273,234.16000366210935,211.8007049560547,0
2025-09-10,239.55999755859372,242.0800018310547,238.1100006103516,239.25,19990100.0,214.93328781127929,199.33659118652344,84.35787086783105,11.209695312172641,8.630956519950256,2.578738792222385,242.7769774083083,187.08959821425026,55.68737919405805,-0.0015837495996746664,0.01957782716550338,0.15303736232874132,1,0.02835767219790181,239.94000244140625,230.8936309814453,1
2025-09-11,240.77999877929688,242.57000732421875,236.5800018310547,240.13999938964844,21308600.0,216.82985305786133,200.61715057373047,84.85138203437823,11.586788476011378,9.222122911162481,2.364665564848897,246.2456009279606,187.41410518776206,58.831495740198534,0.005092675042312811,0.028271246214789603,0.15746215854892798,1,0.02818087881307,239.55999755859372,232.4522399902344,1
2025-09-12,241.3800048828125,242.42300415039065,238.5,240.8000030517578,14536600.0,218.7169532775879,201.85276123046876,85.1003577809278,11.798052399230897,9.737308808776165,2.0607435904547327,249.32379287076054,188.11011368441524,61.2136791863453,0.002491926682272272,0.0060015104890978055,0.1376171833621218,1,0.028384239696294788,240.77999877929688,234.95999145507807,1
2025-09-15,251.75999450683597,252.75,244.97999572753903,245.13999938964844,29935200.0,221.0686019897461,203.280185546875,88.59316812852971,12.657155187724072,10.321278084565748,2.3358771031583245,254.14249642039036,187.99470755910184,66.14778886128852,0.043002690421946266,0.050926686728063775,0.1800919149398792,1,0.029682138959238883,241.3800048828125,234.16000366210935,0
2025-09-16,251.4199981689453,253.22999572753903,249.71499633789065,252.3300018310547,24493500.0,223.4342239379883,204.760556640625,87.86658565269366,13.158878118276135,10.888798091307827,2.2700800269683086,258.0493056153645,188.81914226061207,69.23016335475245,-0.0013504780160035201,0.044189714443022554,0.18705930757459477,1,0.02920323845216201,251.75999450683597,239.94000244140625,0
2025-09-17,249.8500061035156,251.9499969482422,246.5800018310547,251.4600067138672,20491300.0,225.8112648010254,206.2574850463867,84.42343818818908,13.276765627098627,11.366391598465988,1.9103740286326385,260.82423203320576,190.79829756884504,70.02593446436072,-0.006244499550010829,0.03508990409050328,0.08210003472808491,1,0.015143462204550333,251.4199981689453,239.55999755859372,1
2025-09-18,252.3300018310547,254.13999938964844,250.1100006103516,251.8600006103516,21166400.0,228.4272033691406,207.75405792236327,85.39689195379381,13.4156598800584,11.77624525478447,1.639414625273929,263.1555155143827,193.6988912238985,69.45662429048423,0.009925938230762377,0.0022640901519532797,0.08551331594677425,1,0.01514711342406168,249.8500061035156,240.77999877929688,1
2025-09-19,255.2400054931641,256.70001220703125,252.0679931640625,253.3999938964844,41616800.0,231.1671615600586,209.28804962158202,86.4657161877663,13.603732195109018,12.14174264284938,1.461989552259638,265.2723541892847,197.06196893083245,68.21038525845228,0.011532531371587718,0.015193729027282332,0.08631262672633921,1,0.015162300029048234,252.3300018310547,241.3800048828125,0
2025-09-22,252.8800048828125,256.3099975585937,250.80999755859372,254.77999877929688,20079000.0,233.48439178466796,210.72268798828125,81.2705723636781,13.407791855418537,12.394952485363213,1.0128393700553247,266.8704775389359,200.0983060304,66.7721715085359,-0.009246201847518787,0.012127271183821842,0.0799453404848589,1,0.015768647616617774,255.2400054931641,251.75999450683597,0
2025-09-23,252.33999633789065,254.7700042724609,251.08999633789065,253.65499877929688,17521100.0,235.65273056030273,212.11655303955078,80.08486563741461,13.058404390762206,12.527642866443012,0.5307615243191943,268.0065744441482,203.29888667645722,64.707687767691,-0.0021354339390023958,3.9608872363317005e-05,0.05167956059978995,1,0.01483690397804541,252.8800048828125,251.4199981689453,0
2025-09-24,247.8300018310547,252.9600067138672,247.22000122070312,252.1499938964844,16958500.0,237.6560157775879,213.41442321777345,70.79505327059171,12.276082406332165,12.477330774420842,-0.2012483680886774,267.7362892912739,207.57574226390187,60.16054702737205,-0.01787268991157842,-0.02903151348783317,0.03452164116188983,1,0.016463170407180774,252.33999633789065,249.8500061035156,0
2025-09-25,246.57000732421875,247.31500244140625,241.6499938964844,244.83999633789065,17379800.0,239.58331222534179,214.67370544433595,68.40758253807677,11.422741319337888,12.266412883404252,-0.8436715640663639,266.60638522622594,212.56023922445766,54.04614600176828,-0.0050841080479629985,-0.024952536526238522,0.024046883355245408,1,0.016668390869353896,247.8300018310547,252.3300018310547,1
2025-09-26,247.17999267578125,250.1199951171875,246.63999938964844,247.78500366210935,16594600.0,241.3332946777344,215.92660400390625,68.95344594880618,10.67265535250877,11.947661377225156,-1.2750060247163866,265.4030701910093,217.26351916445947,48.13955102654984,0.0024738830086517005,-0.020448615903124634,0.024028451717799104,1,0.016668393053676588,246.57000732421875,255.2400054931641,0
2025-09-29,244.3600006103516,251.6479949951172,243.1999969482422,248.2749938964844,23157200.0,242.88432922363282,217.09832489013672,63.491702904462215,9.738398827950107,11.505808867370146,-1.7674100394200387,263.2517250143974,222.51693343286826,40.73479158152912,-0.011408658261142346,-0.014001538131241276,-0.02939304916565466,1,0.009173991354859284,247.17999267578125,252.8800048828125,0
2025-09-30,243.5500030517578,243.6750030517578,239.5709991455078,243.05999755859372,22541200.0,244.47179412841797,218.14973907470704,61.9732542944708,8.830837371522591,10.970814568200636,-2.1399771966780445,259.0183028782675,229.92528537856842,29.093017499699073,-0.0033147714706605047,-0.012248060115802706,-0.031302184291239765,1,0.00915716639613327,244.3600006103516,252.33999633789065,1
2025-10-01,245.5399932861328,247.1499938964844,239.1999969482422,241.17999267578125,23967700.0,245.20411224365233,219.22177001953125,64.23622237117326,8.177894284795656,10.41223051151964,-2.2343362267239844,258.3498592563098,232.05836523099484,26.29149402531496,0.008170766616463876,-0.0066348387338921455,-0.017250401089032197,1,0.009730386953808704,243.5500030517578,247.8300018310547,1
2025-10-02,246.42999267578125,247.63499450683597,243.10499572753903,245.63999938964844,20657500.0,245.9029998779297,220.3235903930664,65.23273597023845,7.644130914200446,9.8586105920558,-2.214479677855355,257.6773532016875,234.12864655417192,23.54870664751556,0.003624661619222591,0.00847107570903316,-0.02338211513676336,1,0.00907618886082253,245.5399932861328,246.57000732421875,1
2025-10-03,246.4499969482422,247.1179962158203,242.47000122070312,245.22999572753903,19941400.0,246.47750015258788,221.392041015625,65.25616936877711,7.140423418640381,9.314973157372718,-2.1745497387323365,257.12762449086773,235.82737581430803,21.300248676559704,8.117628963799639e-05,0.011907180702716236,-0.034438208571333506,1,0.007760419826467002,246.42999267578125,247.17999267578125,1
2025-10-06,251.50999450683597,252.1999969482422,245.69000244140625,245.77999877929688,18309000.0,247.34499969482422,222.54410705566406,70.64567668677111,7.068054976153292,8.865589521128832,-1.7975345449755409,256.5719158927863,238.1180834968621,18.453832395924195,0.02053153832928012,0.024313763068919636,-0.0054176302970707635,1,0.010520470766359431,246.4499969482422,244.3600006103516,0
2025-10-07,247.1300048828125,251.5500030517578,246.80999755859372,248.92999267578125,13811200.0,247.70449981689453,223.62176177978515,61.72065373118306,6.581407537232479,8.408753124349563,-1.8273455871170832,256.2871258056204,239.12187382816862,17.16525197745179,-0.017414773645921366,0.0028406128630300564,-0.020646712890103336,1,0.011815313264197932,251.50999450683597,243.5500030517578,0
2025-10-08,245.4600067138672,247.25999450683597,245.08999633789065,246.1999969482422,14136500.0,247.9995002746582,224.60587036132813,58.67684003769266,5.991910031299085,7.925384505739467,-1.9334744744403825,255.8132275691601,240.18577298015632,15.627454589003776,-0.006757569440979938,-0.00401700242091263,-0.009562987126970679,1,0.010620868812753061,247.1300048828125,245.5399932861328,0
2025-10-09,242.2100067138672,245.55499267578125,239.67999267578125,245.05999755859372,19375700.0,248.0710006713867,225.50479675292968,53.18028869364727,5.202509876721052,7.380809579935785,-2.1782997032147327,255.64155492954362,240.5004464132298,15.141108516313807,-0.013240446146440932,-0.0369766132403776,-0.01768260729545479,1,0.011270380685473353,245.4600067138672,246.42999267578125,0
2025-10-10,237.4900054931641,244.83999633789065,236.68499755859372,242.16000366210935,22449100.0,247.8765007019043,226.4008413696289,46.38449975514362,4.148221796391908,6.73429202322701,-2.5860702268351012,256.2788561863476,239.47414521746103,16.804710968886553,-0.01948722633197819,-0.0390078064143593,-0.03920215013246331,1,0.012440131937164626,242.2100067138672,246.4499969482422,1
2025-10-13,244.63999938964844,244.9900054931641,240.75,241.02999877929688,12465000.0,247.52050094604493,227.4980340576172,55.63346146699849,3.845309317262206,6.15649548203405,-2.3111861647718435,255.8374305300035,239.20357136208636,16.633859167917137,0.03010650440483542,-0.0033406962510785787,0.0011458453863049112,1,0.016063454473315412,237.4900054931641,251.50999450683597,1
2025-10-14,246.19000244140625,248.0249938964844,241.1779937744141,241.7550048828125,17705400.0,247.25900115966797,228.5103302001953,57.35106291170953,3.687810503642595,5.662758486355759,-1.9749479827131644,255.3959919232926,239.12201039604335,16.273981527249248,0.006335852908865736,0.016432003704292875,0.010839660671601026,1,0.016116637284380998,244.63999938964844,247.1300048828125,1
2025-10-15,251.7100067138672,252.75999450683597,246.7899932861328,248.0850067138672,16048100.0,247.35200119018555,229.64161865234374,62.86477908163596,3.962729887884592,5.322752766661527,-1.3600228787769346,255.64631559401067,239.05768678636042,16.588628807650252,0.022421723943784944,0.05987620906898505,0.025128344043507056,1,0.017382354098399055,246.19000244140625,245.4600067138672,1
2025-10-16,251.8800048828125,257.5799865722656,250.6699981689453,252.46499633789065,18946000.0,247.32950134277343,230.7443356323242,63.02332445380709,4.146524360378834,5.087507085404988,-0.9409827250261547,255.57195800744307,239.08704467810378,16.484913329339292,0.0006753731056015067,0.02959452874111812,0.022115864014173203,1,0.01738843598828605,251.7100067138672,242.2100067138672,1
2025-10-17,253.7899932861328,254.8800048828125,248.58999633789065,251.3500061035156,17653800.0,247.2570007324219,231.87805908203126,64.83964294671627,4.395632787123475,4.949132225748686,-0.5534994386252112,255.2413255355799,239.27267592926387,15.968649606316035,0.007582929832834262,0.030870428406349903,0.029782902936826172,1,0.017442602936647143,251.8800048828125,237.4900054931641,1
2025-10-20,257.0199890136719,257.8800048828125,254.6000061035156,255.22999572753903,13726800.0,247.46399993896483,232.9802682495117,67.7267491304873,4.798374002443609,4.918980581087671,-0.12060657864406199,256.19999448893964,238.72800538899006,17.47198909994958,0.01272704130575164,0.02109563449275509,0.021907656264873232,1,0.016735012620811295,253.7899932861328,244.63999938964844,0
2025-10-21,251.33999633789065,255.3800048828125,244.6699981689453,255.25,27836400.0,247.41399993896485,233.97806915283203,58.612330333605456,4.606124838003154,4.856409432470768,-0.25028459446761353,256.0486511894566,238.77934868847308,17.269302500983542,-0.022099419961764455,-0.0021439119201743795,0.017035533411147386,1,0.017400393453110775,257.0199890136719,246.19000244140625,1
2025-10-22,252.52999877929688,257.17999267578125,250.4510040283203,255.00999450683597,19650200.0,247.64899978637695,234.94911529541017,59.83197682007001,4.497939791810069,4.784715504338628,-0.28677571252855927,256.567316881911,238.7306826908429,17.83663419106807,0.004734632206353728,-0.004964713109926966,0.028803030522488227,1,0.01714813786166321,251.33999633789065,251.7100067138672,1
2025-10-23,253.72999572753903,255.8600006103516,252.76800537109372,253.6999969482422,13241300.0,248.00699920654296,235.9667413330078,61.07758026079823,4.457647107138996,4.719301824898702,-0.26165471775970595,257.2906721250459,238.72332628804006,18.56734583700583,0.0047518986023158405,-0.012800534692878784,0.04756198626954711,1,0.016173870741148375,252.52999877929688,251.8800048828125,1
2025-10-24,260.510009765625,262.510009765625,256.1000061035156,257.29998779296875,18406000.0,248.67350006103516,237.1041815185547,67.2558659273102,4.916135187917632,4.758668497502488,0.15746669041514405,259.4223584166609,237.92464170540939,21.49771671125154,0.02672137371320682,0.03648449733963788,0.096930412817408,1,0.015032621750187103,253.72999572753903,253.7899932861328,1
2025-10-27,269.92999267578125,270.79998779296875,264.94000244140625,265.3599853515625,22987700.0,249.95199966430664,238.40824096679688,73.54019592712558,5.970776791754787,5.001090156352948,0.969686635401839,263.93935649685307,235.96464283176022,27.97471366509285,0.036159773356237546,0.06890268079275375,0.10337636261130134,1,0.016046911594208017,260.510009765625,257.0199890136719,0
2025-10-28,268.42999267578125,271.3800048828125,267.1700134277344,270.20001220703125,20101200.0,251.1959991455078,239.69468963623046,71.19697706551577,6.609361788587194,5.322744482799798,1.286617305787396,266.9930287822803,235.3989695087353,31.594059273545014,-0.00555699640907148,0.05793558978350899,0.0903366912296455,1,0.016773017724744373,269.92999267578125,251.33999633789065,1
2025-10-29,275.1700134277344,275.9700012207031,268.42999267578125,268.6099853515625,26287900.0,252.6775001525879,241.1519061279297,75.0447133033878,7.572022780123547,5.772600142264548,1.7994226378589984,271.3675872608325,233.98741304434327,37.38017421648925,0.02510904494973465,0.056274243263430224,0.0932025191216792,1,0.017034784442196974,268.42999267578125,252.52999877929688,1
2025-10-30,281.8999938964844,291.92999267578125,280.45001220703125,291.7200012207031,48570000.0,254.45100021362305,242.78968139648438,78.17925499753554,8.776818035613616,6.373443720934363,2.4033743146792528,276.8054786113774,232.09652181586873,44.70895679550867,0.024457535851803325,0.04434483586668536,0.11918369236033133,1,0.017387414927983274,275.1700134277344,253.72999572753903,0
2025-10-31,281.82000732421875,286.2850036621094,277.52301025390625,283.2049865722656,29932800.0,256.21950073242186,244.41726470947265,78.0537695584062,9.614344528758522,7.0216238824991954,2.592720646259327,281.2039284322739,231.2350730325698,49.968855399704125,-0.0002837409506826205,0.04988270690231844,0.11044570227197181,1,0.017756300712376983,281.8999938964844,260.510009765625,1
2025-11-03,284.1199951171875,285.94000244140625,280.3699951171875,282.4200134277344,19691800.0,257.85000076293943,245.9689566040039,79.09294254437185,10.34443588403758,7.686186282806872,2.6582496012307075,285.505725915178,230.19427561070086,55.31145030447715,0.008161194142340511,0.03252527983687292,0.10543929368106109,1,0.01775629226060289,281.82000732421875,269.92999267578125,0
2025-11-04,278.0599975585937,281.8340148925781,276.864990234375,277.06500244140625,18123700.0,259.3965003967285,247.3506921386719,69.7249273725218,10.315140862741146,8.211977198793727,2.1031636639474183,287.9267934374423,230.8662073560147,57.0605860814276,-0.021329007682455825,-0.013621839024589577,0.10631018385462943,1,0.017601501663681792,284.1199951171875,268.42999267578125,1
2025-11-05,284.75,286.70001220703125,277.8800048828125,279.3800048828125,20063200.0,261.36100006103516,248.89040618896485,73.46188696778302,10.70831286858703,8.711244332752388,1.9970685358346412,291.1646139770838,231.55738614498654,59.60722783209724,0.024059564483009055,0.010396680858823615,0.12758880678117923,1,0.017980266593957368,278.0599975585937,275.1700134277344,1
2025-11-06,285.3399963378906,288.8099975585937,281.6199951171875,285.7349853515625,23103800.0,263.51749954223635,250.43672454833984,73.76938994357523,10.941386793356855,9.157272824873282,1.7841139684835738,293.7052418503261,233.32975723414657,60.375484616179534,0.0020719801155071327,0.004293964668695471,0.12458125228636785,1,0.018123430494905616,284.75,281.8999938964844,0
2025-11-07,279.70001220703125,284.5,275.739990234375,284.2099914550781,21991100.0,265.6279998779297,251.78711791992188,65.90749335011128,10.54939313658815,9.435696887216256,1.1136962493718947,294.09502629317257,237.16097346268688,56.93405283048568,-0.01976583795908049,0.0058980603568909995,0.07366320571969975,1,0.019800058745742054,285.3399963378906,281.82000732421875,1
2025-11-10,290.5899963378906,291.4599914550781,283.5400085449219,285.2650146484375,19508200.0,267.9254997253418,253.33213165283203,72.0921030152515,10.990771277631836,9.746711765299372,1.2440595123324645,296.6618632963453,239.1891361543383,57.47272714200699,0.03893451432100292,0.02050920575203019,0.07653837744116321,1,0.02026332388209762,279.70001220703125,284.1199951171875,1
2025-11-11,291.739990234375,292.3399963378906,287.8800048828125,288.20001220703125,14156700.0,270.20299911499023,254.93091735839843,72.65621453779552,11.30306681261203,10.057982774761903,1.245084037850127,298.9078802436497,241.49811798633078,57.4097622573189,0.003957444891348638,0.02242936138860019,0.0868382751354777,1,0.019795621231341914,290.5899963378906,278.0599975585937,0
2025-11-12,287.42999267578125,292.3599853515625,284.3800048828125,292.0849914550781,16998800.0,271.98899841308594,256.0616445922852,67.17575952466481,11.075115454288607,10.261409310667245,0.8137061436213617,300.3115465766672,243.6664502495047,56.64509632716249,-0.014773420521236202,0.027636682629203158,0.04455419794957649,1,0.0201011414249847,291.739990234375,284.75,0
2025-11-13,279.1199951171875,283.510009765625,278.0,282.9849853515625,18060200.0,273.3509979248047,256.99499969482423,58.07927487199519,10.107403155152667,10.23060807956433,-0.12320492441166309,300.259035059411,246.44296079019833,53.81607426921269,-0.028911379363138923,-0.03947142491225364,-0.009861648951711932,1,0.021278388815317018,287.42999267578125,285.3399963378906,0
2025-11-14,276.9800109863281,279.1499938964844,271.4100036621094,271.8949890136719,18330500.0,274.51049880981446,257.83540008544924,55.97711446038473,9.063328937069912,9.997152251065447,-0.9338233139955356,299.9028610452055,249.11813657442343,50.784724470782066,-0.007666896561677405,-0.05059292432343321,-0.01717406930701859,1,0.02138676707631583,279.1199951171875,279.70001220703125,1
2025-11-17,285.6000061035156,294.5199890136719,284.2300109863281,286.3999938964844,34286100.0,275.93949966430665,258.8642001342773,61.95114466309873,8.82967120932119,9.763656042716596,-0.9339848333954048,300.4347182577867,251.4442810708266,48.990437186960094,0.031121361741923703,-0.006366721006495046,0.005209105349018861,1,0.023654560966950743,276.9800109863281,290.5899963378906,0
2025-11-18,284.9599914550781,289.4349975585937,279.010009765625,288.4849853515625,29702200.0,277.620499420166,259.7645999145508,61.28614899132345,8.494927704693225,9.509910375111922,-1.0149826704186964,299.61957746616093,255.62142137417112,43.99815609198981,-0.0022409476006997053,0.0209228877903882,0.024814766442736724,1,0.02241060005232777,285.6000061035156,291.739990234375,1
2025-11-19,292.989990234375,304.25,287.6700134277344,287.6849975585937,43123600.0,279.64349899291994,260.8331997680664,66.1898780770012,8.77642568540216,9.36321343716997,-0.58678775176781,299.36472945361993,259.92226853221996,39.44246092139997,0.028179390160329776,0.057801930150248815,0.028937630322651398,1,0.02288027291148315,284.9599914550781,287.42999267578125,0
2025-11-20,289.9800109863281,306.8900146484375,289.1700134277344,304.739990234375,34801400.0,281.45599975585935,261.817200012207,62.97009122546458,8.6568439845704,9.221939546650056,-0.5650955620796552,297.6687435261903,265.2432559855284,32.42548754066195,-0.01027331768446793,0.015336151222717254,0.016261353851504623,1,0.023271056378528568,292.989990234375,279.1199951171875,1
2025-11-21,299.6499938964844,303.9599914550781,294.3599853515625,296.8699951171875,43670600.0,283.41299896240236,262.98259979248047,68.30443423461132,9.235895773223774,9.2247307919648,0.011164981258973583,298.4459980713088,268.3799998534959,30.065998217812876,0.03334706719013192,0.0515511050038826,0.07132635258766573,1,0.023841966431253386,289.9800109863281,276.9800109863281,1
2025-11-24,318.4700012207031,319.79998779296875,309.3999938964844,311.010009765625,55311800.0,285.8399993896484,264.3167999267578,75.65494894052527,11.0856275791067,9.596910149393182,1.4887174297135175,306.1345830925888,265.54541568670805,40.589167405880744,0.06280663343086945,0.08696546583706022,0.09594275520205575,1,0.028177102766743147,299.6499938964844,285.6000061035156,1
2025-11-25,323.6400146484375,328.6700134277344,317.8160095214844,326.79998779296875,50899300.0,288.6005004882812,265.76120025634765,77.21798144645338,12.820938440297425,10.241715807574032,2.5792226327233934,313.22843638171315,263.9725645948493,49.25587178686385,0.01623391028328447,0.11607697905665759,0.10934402372617824,1,0.02817358124430035,318.4700012207031,284.9599914550781,0
2025-11-26,320.2799987792969,324.989990234375,317.20001220703125,320.7799987792969,29839600.0,290.8559997558594,267.1698001098633,73.89735110206468,13.766369462321109,10.946646538523447,2.819722923797661,318.2572523630705,263.45474714864827,54.80250521442224,-0.010381954384690473,0.06884700585022951,0.11428872052531469,1,0.027762202446275235,323.6400146484375,292.989990234375,0
2025-11-28,320.1199951171875,326.8800048828125,316.94000244140625,323.42999267578125,19695800.0,292.76699981689455,268.5255999755859,73.73474099927371,14.337446244851549,11.624806479789068,2.7126397650624803,322.6242474499571,262.909752183832,59.71449526612514,-0.0004995743184688095,0.005181002575312954,0.14689022899554827,1,0.02445557857180612,320.2799987792969,289.9800109863281,0
2025-12-01,315.1199951171875,319.6300048828125,313.9800109863281,317.4750061035156,28520600.0,294.43199920654297,269.7231997680664,68.65092513177906,14.222620974812969,12.144369378793849,2.07825159601912,325.35658966792084,263.5074087451651,61.84918092275575,-0.015619143059681817,-0.026325606061120443,0.1376994101308704,1,0.025353475361328003,320.1199951171875,299.6499938964844,1
2025-12-02,316.0199890136719,318.6000061035156,314.2200012207031,316.8999938964844,24668200.0,296.02699890136716,270.9859994506836,69.06438245288966,14.042371390601318,12.523969781155342,1.5184016094459754,327.9345994725907,264.1193983301436,63.81520114244711,0.002856035511645816,-0.013300892287565369,0.10651254292736434,1,0.02470925347087061,315.1199951171875,318.4700012207031,1
2025-12-03,320.6199951171875,322.0400085449219,314.2799987792969,316.0299987792969,32285100.0,298.1549987792969,272.35159942626956,71.15816858272208,14.108075235837248,12.840790872091725,1.2672843637455227,330.65702803002046,265.6529695285733,65.00405850144716,0.014556060576651042,0.0015619143059681928,0.12514038718214548,1,0.02431921788871485,316.0199890136719,323.6400146484375,0
2025-12-04,318.3900146484375,323.0989990234375,315.5899963378906,323.0450134277344,20831600.0,299.8369995117188,273.7627996826172,68.72963074735648,13.82088664145408,13.036810025964197,0.7840766154898837,332.8675577048481,266.80644131858946,66.06111638625862,-0.006955213345115729,0.010377061379535535,0.08669246479630233,1,0.024279325533838294,320.6199951171875,320.2799987792969,1
2025-12-05,322.0899963378906,323.8299865722656,319.9849853515625,320.0,14829654.0,301.67449951171875,275.2731994628906,70.52696234652728,13.733533585281805,13.17615473782772,0.5573788474540855,335.3571167332832,267.9918822901543,67.36523444312888,0.01162090995076781,0.019207668929942745,0.11073171989457031,1,0.023357250039189065,318.3900146484375,320.1199951171875,0
