Date,Close,High,Low,Open,Volume,MA20,MA50,RSI,MACD,MACD_signal,MACD_hist,BB_high,BB_low,BB_width,Return,Momentum3,Momentum10,Trend,Volatility10,Lag1,Lag5,Target
2016-02-18,46.026214599609375,46.69645836927301,45.94684371541687,46.149683036041765,27176000.0,45.205051803588866,46.604859619140626,52.972133942154684,-0.42014057699119434,-0.6327628232229701,0.21262224623177572,47.96797906399503,42.4421245431827,5.525854520812331,-0.004387693070914023,0.04088567145408395,0.007759049830446063,0,0.017893164347259297,46.22905349731445,43.52659606933594,0
2016-02-19,45.69992446899414,46.10559647864308,45.44417340736566,45.83221042891831,33559100.0,45.28000736236572,46.54150161743164,51.08953648047961,-0.3365922753840067,-0.5735287136551774,0.23693643827117072,48.011046449796744,42.5489682749347,5.462078174862043,-0.007089223683800494,0.014288647338393856,0.003693654943073277,0,0.01803731485465049,46.026214599609375,43.50908279418945,1
2016-02-22,46.43189239501953,46.74055509241421,46.10558798443535,46.10558798443535,25008300.0,45.31231842041016,46.49313339233399,54.956867796669755,-0.20890779113265268,-0.5006045291506726,0.2916967380180199,48.08154703405637,42.543089806763945,5.538457227292426,0.016016830104872648,0.004387693070913912,0.05717743510069173,0,0.013397036574417969,45.69992446899414,44.21831893920898,0
2016-02-23,45.13550567626953,46.18496228921028,44.95912553720965,46.15850644581126,28895300.0,45.301700019836424,46.433022003173825,47.7548485355529,-0.209904838971255,-0.4424645911147891,0.23255975214353408,48.0719303039112,42.53146973576165,5.540460568149555,-0.027920178392062622,-0.019352208976738283,0.04325973821344631,0,0.015990194067255874,46.43189239501953,45.05613327026367,1
2016-02-24,45.29425048828125,45.41771558461275,44.27124965045684,44.70337748761708,33014500.0,45.282382774353025,46.37100715637207,48.64238620378514,-0.19563052006356685,-0.39309777690454467,0.19746725684097782,48.04715798411345,42.5176075645926,5.529550419520845,0.003517071751678147,-0.00887690702832844,0.049690771466335715,0,0.01580872341192905,45.13550567626953,46.22905349731445,1
2016-02-25,45.94686126708984,45.94686126708984,44.63283579415467,45.62056011372753,26939500.0,45.337286949157715,46.34323402404785,52.23484178611704,-0.13015741013050075,-0.3405097035497359,0.21035229341923517,48.109042306424406,42.56553159189102,5.543510714533383,0.014408247664401408,-0.010446077101559648,0.055604283732606286,0,0.0160587217017128,45.29425048828125,46.026214599609375,0
2016-02-26,45.241329193115234,46.45834836539523,45.06494906661259,46.387794969125736,35975900.0,45.32013931274414,46.282437286376954,48.30122609281867,-0.13365929958683154,-0.29913962275715505,0.16548032317032352,48.08981291620827,42.55046570928001,5.539347206928255,-0.015355392175176785,0.0023445736402005757,0.03981344325551084,0,0.017320375877185885,45.94686126708984,45.69992446899414,0
2016-02-29,44.87093353271485,45.549994826644834,44.67691505897168,45.2854229572965,31654000.0,45.15181674957275,46.21318183898926,46.32873131070118,-0.16442699443969389,-0.27219709709366285,0.10777010265396897,47.57999607843547,42.723637420710034,4.856358657725437,-0.00818710827038982,-0.009345931348967218,0.014758919134919779,0,0.01712538556226866,45.241329193115234,46.43189239501953,1
2016-03-01,46.37016677856445,46.37898427230456,44.90621386900832,44.95031143022364,33024500.0,45.07509212493896,46.15762481689453,54.439058828486445,-0.06706197228297128,-0.23117007213152455,0.16410809984855326,47.23234851902477,42.917835730853156,4.314512788171612,0.03341212512898872,0.009212936418310225,0.029164364825066347,0,0.019234583471097237,44.87093353271485,45.13550567626953,1
2016-03-02,46.69645690917969,46.70527440084942,45.99975732129309,46.22023161891512,29289900.0,45.0895471572876,46.11612373352051,55.997510004578295,0.036014246063068356,-0.177733208492606,0.21374745455567434,47.28583916073531,42.89325515383989,4.392584006895419,0.00703663914286512,0.03216368179310458,0.010110598779453417,0,0.01757883665514834,46.37016677856445,45.29425048828125,0
2016-03-03,46.167327880859375,46.71410669504856,45.6646466283289,46.71410669504856,24427800.0,45.114321327209474,46.09153419494629,52.84095401167758,0.07415182517400609,-0.12735620175928355,0.20150802693328965,47.34720102595636,42.88144162846259,4.46575939749377,-0.011331245737753126,0.028891628635257627,0.003065932805414784,0,0.017954776636695053,46.69645690917969,45.94686126708984,0
2016-03-04,45.8851203918457,46.255519047167645,45.60291349453927,46.211424850245685,33034200.0,45.13199005126953,46.04904197692871,51.18377758385649,0.08067438147722328,-0.08575008511198219,0.16642446658920546,47.38331868051804,42.88066142202103,4.50265725849701,-0.006112710047719072,-0.01046031145488513,0.004052433893566132,0,0.017911816185475965,46.167327880859375,45.241329193115234,0
2016-03-07,45.00322341918945,45.6822848235114,44.60637227899478,45.47063133063046,38407800.0,45.18612003326416,45.979805603027344,46.297382932600776,0.01451452456298341,-0.06569716317698908,0.08021168773997249,47.36937331614361,43.00286675038471,4.366506565758897,-0.01921967219711107,-0.03626042749417624,-0.03076913091707889,0,0.01799643062753893,45.8851203918457,44.87093353271485,1
2016-03-08,45.55000305175781,45.97331340931419,44.62400807017084,44.800388226862246,33835100.0,45.30042419433594,45.913274154663085,49.51544138599117,0.006132219612112522,-0.05133128661916876,0.05746350623128128,47.30088528579517,43.29996310287671,4.000922182918458,0.01214978819350998,-0.013371465437519992,0.009183399394286695,0,0.016196016399182993,45.00322341918945,46.37016677856445,1
2016-03-09,46.59944915771485,46.6082666496642,45.73519028732972,45.76164612734867,28251600.0,45.47289218902588,45.870358276367185,55.07931599062727,0.08321150230971597,-0.024422728833391815,0.10763423114310779,47.28826235793697,43.65752202011478,3.630740337822189,0.02303942998125752,0.01556776488258027,0.02881599000675128,0,0.017641008037242955,45.55000305175781,46.69645690917969,0
2016-03-10,45.90275192260742,46.687639949372574,45.11786389584227,46.67882245696704,38387800.0,45.59169998168945,45.8086051940918,51.056428972114475,0.08707598706639885,-0.002122985653433683,0.08919897271983254,47.178662440221125,44.00473752315778,3.1739249170633457,-0.014950761172078941,0.01998809052052053,-0.0009600077843403554,0,0.017968472889444084,46.59944915771485,46.167327880859375,1
2016-03-11,46.80229187011719,46.80229187011719,46.19378391264751,46.740559325048,32275700.0,45.75636043548584,45.754335479736326,55.56873953182787,0.16086957079886588,0.030475525637026234,0.13039404516183964,47.11122030231433,44.40150056865735,2.709719733656982,0.01959664529539329,0.027492617661000418,0.034503024222362955,1,0.0180385607716573,45.90275192260742,45.8851203918457,1
2016-03-14,46.89048004150391,47.26087867437215,46.41425803377528,46.48480807173932,24083600.0,45.88996849060059,45.70603248596191,55.99705097604843,0.22388673900985623,0.06915776831159223,0.154728970698264,47.13430443256858,44.6456325486326,2.4886718839359787,0.0018842703607648836,0.006245371759740603,0.04500790043328684,1,0.017586337640090235,46.80229187011719,45.00322341918945,1
2016-03-15,47.26088333129883,47.26088333129883,46.51127186268832,46.5200893567384,21104800.0,46.000205993652344,45.67967277526856,57.835563232115405,0.30025558919857787,0.11537733248898936,0.18487825670958852,47.31800262944692,44.682409357857765,2.6355932715891583,0.0078993281678299,0.029587145689679684,0.019208827886858737,1,0.01451681746126479,46.89048004150391,45.55000305175781,1
2016-03-16,47.93112182617188,48.15159617378844,47.0933219965662,47.13741619325519,31691700.0,46.08530941009521,45.678625946044924,61.01007108156584,0.41013333649644323,0.17432853329048015,0.2358048032059631,47.6482651234214,44.522353696769024,3.1259114266523795,0.014181675153523532,0.0241191170549373,0.02644022691900383,1,0.014961335606580639,47.26088333129883,46.59944915771485,1
2016-03-17,48.204498291015625,48.50434345786745,47.62244630408804,47.80764389898076,28223900.0,46.19422359466553,45.67866874694824,62.25822699577226,0.5133538156319233,0.2421335897587688,0.2712202258731545,48.00885171819238,44.37959547113868,3.6292562470537035,0.005703527362350913,0.028023134938022443,0.04412580289276047,1,0.014131270070223507,47.93112182617188,45.90275192260742,0
2016-03-18,47.17269134521485,48.47789903648846,47.13741464335494,48.43380147707785,67625500.0,46.267861938476564,45.6755876159668,55.09000839052439,0.5060649894704028,0.2949198697010956,0.21114511976930717,48.11550863268592,44.420215244267204,3.695293388418719,-0.021404785494740453,-0.001866067239280178,0.028060751336678624,1,0.016089143515724394,48.204498291015625,46.80229187011719,1
2016-03-21,47.498985290527344,47.560717827421485,46.678820598452674,46.96102744258902,23925700.0,46.32121658325195,45.71195541381836,56.784537033020264,0.5206163949303715,0.3400591747469508,0.18055722018342069,48.244797404950006,44.3976357615539,3.847161643396106,0.0069170093121173615,-0.009015781796464784,0.055457402419616386,1,0.014098537683931526,47.17269134521485,46.89048004150391,1
2016-03-22,47.6841926574707,47.84293446029759,47.14623469946533,47.27852065654495,23124100.0,46.44865093231201,45.74922515869141,57.75879982110451,0.5408584952044038,0.3802190388384414,0.16063945636596239,48.37882289592413,44.518478968699895,3.8603439272242355,0.0038991857575596534,-0.010793715358342282,0.04685377525195422,1,0.013906358155529581,47.498985290527344,47.26088333129883,0
2016-03-23,47.59599685668945,47.8341095238816,47.39316088778603,47.71946193652884,20129000.0,46.56373825073242,45.785256423950194,57.09865810087276,0.5435184985453247,0.4128789307798181,0.13063956776550667,48.47928932096544,44.6481871804994,3.8311021404660437,-0.001849581504184905,0.008973528950824594,0.021385396544105317,1,0.012400403395550609,47.6841926574707,47.93112182617188,1
2016-03-24,47.80765151977539,47.91348161730168,47.38434122218384,47.48135046283067,19950000.0,46.6567777633667,45.81711486816406,58.32952773961249,0.5562927364113648,0.44156169190612743,0.11473104450523736,48.623517985311786,44.69003754142161,3.9334804438901756,0.0044469005181932975,0.00649837522549368,0.041498592510959886,1,0.010840675130102539,47.59599685668945,48.204498291015625,0
2016-03-28,47.21678161621094,47.87820458234107,47.03158399309558,47.807651184485024,17025100.0,46.755550384521484,45.857120208740234,53.69776696745004,0.5128266029860384,0.45581467412210963,0.05701192886392881,48.623989548607966,44.887111220435,3.7368783281729634,-0.012359316652901131,-0.009802221977780246,0.008856184804881373,1,0.010477908925562242,47.80765151977539,47.17269134521485,1
2016-03-29,48.24860763549805,48.38089359579724,47.137418352837365,47.32261600591886,23924300.0,46.92443408966064,45.89201873779297,59.713836656931306,0.5552386697556386,0.47569947324881545,0.07953919650682317,48.688652313623344,45.16021586569794,3.528436447925401,0.021852951090017836,0.0137114636084541,0.028963823633113117,1,0.012405155158776862,47.21678161621094,47.498985290527344,1
2016-03-30,48.54844665527344,49.068766207162426,48.41616407615194,48.44261991914198,23008300.0,47.033348083496094,45.97003982543945,61.28790628819816,0.6060587729930376,0.5017713331976599,0.10428743979537769,48.912458996074974,45.15423717091721,3.7582218251577615,0.006214459535093253,0.015495325788835723,0.027243742249775327,1,0.012341420897447622,48.24860763549805,47.6841926574707,1
2016-03-31,48.70719146728516,49.02467505957315,48.38089038150984,48.46026127958184,26360500.0,47.133884811401366,46.05876609802246,62.131516862858646,0.6516318443168103,0.53174343542149,0.11988840889532026,49.140941982775885,45.126827640026846,4.014114342749039,0.003269822681226442,0.031565257098389754,0.016191351496587014,1,0.011684266966005222,48.54844665527344,47.59599685668945,1
2016-04-01,49.00703430175781,49.04231100231775,48.125136972787296,48.54844728699258,24399200.0,47.275870132446286,46.14946174621582,63.738884896749006,0.703830324664402,0.5661608132700724,0.1376695113943296,49.38834037040131,45.16339989449126,4.224940475910046,0.006156027999972835,0.015719140995516856,0.016648570967323195,1,0.011702489615117778,48.70719146728516,47.80765151977539,0
2016-04-04,48.88357162475586,49.086407616721765,48.504355485463066,48.88357162475586,18928800.0,47.4257926940918,46.2431169128418,62.56135947114791,0.7268568370315691,0.5983000180223718,0.12855681900919735,49.547755761103836,45.30382962707976,4.243926134024079,-0.0025192848080081154,0.006902897879761838,0.03626844750113167,1,0.008694190368787307,49.00703430175781,47.21678161621094,0
2016-04-05,48.11632537841797,48.76892759792413,48.0281336162065,48.67191834157739,19272300.0,47.581447792053225,46.28972999572754,55.6775376775608,0.6754094542833684,0.6137219052745712,0.06168754900879725,49.40556728346874,45.75732830063771,3.6482389828310318,-0.01569538028496542,-0.01213098253189282,0.012996911073250628,1,0.01049129302869954,48.88357162475586,48.24860763549805,1
2016-04-06,48.61019515991211,48.68074858328072,47.807668472042295,47.93995445877225,21188700.0,47.734457397460936,46.3549764251709,58.81866961678152,0.6668017215453261,0.6243378685287222,0.042463853016603936,49.35312192242417,46.1157928724977,3.2373290499264726,0.010264079345420285,-0.00809759552888245,0.019419485805141967,1,0.010850619772318312,48.11632537841797,48.54844665527344,0
2016-04-07,48.028133392333984,48.4249879100064,47.82529738645069,48.38971120528624,19225100.0,47.805891609191896,46.4019271850586,53.9645326850863,0.6060266136213102,0.6206756175472399,-0.014649003925929716,49.3418811388068,46.269902079576994,3.071979059229804,-0.011974067696361335,-0.01749950349349394,0.00907926221076294,1,0.01168752520366148,48.61019515991211,48.70719146728516,0
2016-04-08,47.99285125732422,48.75128350213387,47.90466286967389,48.21332559062138,22167200.0,47.910396575927734,46.46480865478516,53.675369939661095,0.5486899728410748,0.6062784886060069,-0.05758851576493207,49.17458854373649,46.64620460811898,2.528383935617512,-0.0007346139130902651,-0.002566158577627653,0.0038738513953613385,1,0.011630758416257443,48.028133392333984,49.00703430175781,0
2016-04-11,47.89585494995117,48.63664899246564,47.887034090920224,48.05459677078799,21414200.0,47.965074729919436,46.511040115356444,52.83714934980341,0.48977762893117927,0.5829783166710414,-0.09320068773986212,49.12295452218879,46.80719493765008,2.3157595845387107,-0.002021057404007487,-0.014695275499532201,0.014382033474028333,1,0.010795383795971406,47.99285125732422,48.88357162475586,1
2016-04-12,48.195682525634766,48.31032673752871,47.410791204760216,47.948749026097616,24944300.0,48.030334854125975,46.51020606994629,55.16778573826388,0.4619575919744676,0.5587741717317267,-0.0968165797572591,49.08073255038901,46.97993715786294,2.1007953925260665,0.006259990055442088,0.0034885622543792127,-0.0010969251229613342,1,0.008382390741982961,47.89585494995117,48.11632537841797,1
2016-04-13,48.81300735473633,48.89237823515747,48.40733546110413,48.61017140792023,20818000.0,48.10794105529785,46.52837303161621,59.59505421502036,0.4841420782532282,0.5438477530360271,-0.05970567478279887,49.1487813648168,47.0671007457789,2.081680619037897,0.012808716398470255,0.01708913048351013,0.005449416360145287,1,0.009156080514154086,48.195682525634766,48.61019515991211,1
2016-04-14,48.82184600830078,49.01586453431933,48.566094926580334,48.69838089689697,20877100.0,48.1524772644043,46.57666282653808,59.656483642691654,0.4967108751576532,0.5344203774603523,-0.037709502302699094,49.23464809318315,47.07030643562545,2.1643416575576992,0.00018107168649161842,0.01933342789928738,0.0023539550846947144,1,0.009107280634251499,48.81300735473633,48.028133392333984,1
2016-04-15,49.077598571777344,49.31570794286116,48.60137310126556,48.76893241977656,28793800.0,48.196132278442384,46.644777908325196,61.48135200814495,0.5212996142614443,0.5317962248205708,-0.01049661055912643,49.351164447209314,47.041100109675455,2.310064337533859,0.0052384861365766255,0.018298652491818057,0.0014398804380824082,1,0.009045834287249166,48.82184600830078,47.99285125732422,1
2016-04-18,49.79191589355469,49.90656347333912,48.68954437608755,48.93647788363639,23786000.0,48.327093505859374,46.7299813079834,66.0943731166067,0.5916061379260213,0.5437582074416609,0.047847930484360424,49.578218894871696,47.07596811684705,2.5022507780246457,0.01455485481288643,0.02005425586062315,0.01858179013128458,1,0.010036680712532857,49.077598571777344,47.89585494995117,0
2016-04-19,49.73019409179688,50.06531604740962,49.10404774212508,49.941850949071146,29596800.0,48.43865394592285,46.8461727142334,65.36592617690545,0.6350239698543234,0.5620113599241935,0.07301260993012992,49.76986295260593,47.10744493923977,2.662418013366164,-0.0012395948348272734,0.01860536128317758,0.03354098012860307,1,0.008071336391644507,49.79191589355469,48.195682525634766,0
2016-04-20,49.024681091308594,49.82720766425449,48.93649268889903,49.64201000069126,36195700.0,48.50567836761475,46.961387939453125,57.557136530996566,0.6055238099887745,0.5707138499371097,0.03480996005166481,49.81296239296381,47.198394342265686,2.614568050698125,-0.01418681373304076,-0.0010782410307088597,0.008526728395822358,1,0.009342115479396614,49.73019409179688,48.81300735473633,1
2016-04-21,49.19223403930664,49.58908852716655,48.87475044901872,49.209872390341694,38909100.0,48.585490226745605,47.08223083496094,58.81547676659988,0.5888766400200112,0.5743464079536901,0.014530232066321092,49.855245888006365,47.315734565484846,2.53951132252152,0.003417726424083778,-0.01204375938315061,0.024237890685097074,1,0.008183524312767525,49.024681091308594,48.82184600830078,0
2016-04-22,45.664649963378906,46.23788466509138,44.77393499806966,45.77929757655578,126834100.0,48.47834014892578,47.1249919128418,35.17235437033817,0.2877204222779426,0.5170212108185406,-0.229300788540598,50.25361754713857,46.703062750712995,3.5505547964255726,-0.07171018240621163,-0.08175202616167943,-0.04851141853319252,1,0.024911906883173733,49.19223403930664,49.077598571777344,1
2016-04-25,45.955684661865234,45.97332301763792,45.53237421583791,45.66465683787448,33226900.0,48.4152853012085,47.17392395019531,37.40790632775482,0.07170939660682762,0.42795884797619804,-0.3562494513693704,50.437699289567156,46.39287131284984,4.044827976717315,0.006373304048530537,-0.06260104831130564,-0.04050810430491991,1,0.025151350108299466,45.664649963378906,49.79191589355469,0
2016-04-26,45.36479949951172,46.167325971606175,45.05613676569519,46.087955073743146,33532600.0,48.27109489440918,47.19685356140137,34.785130610150745,-0.14548335037859772,0.31327040830523895,-0.45875375868383667,50.69236135704363,45.84982843177473,4.842532925268898,-0.01285771644359468,-0.07780566616951456,-0.058737274331934874,1,0.025025425893329907,45.955684661865234,49.73019409179688,0
2016-04-27,44.92384338378906,45.41770704037821,44.579904004663256,45.400068692196,43369300.0,48.08986473083496,47.194207763671876,32.92962809592724,-0.3491666645088287,0.1807829937424254,-0.5299496582512542,50.910607102896016,45.269122358773906,5.64148474412211,-0.00972022626766822,-0.016222758308318097,-0.079674746173366,1,0.024169284187910343,45.36479949951172,49.024681091308594,0
2016-04-28,44.00667572021485,44.7739254136348,43.70683050974928,44.64163947565809,43134800.0,47.854838943481454,47.149760208129884,29.41503301758233,-0.5779328733631246,0.029039820321315413,-0.60697269368444,51.17054506526586,44.539132821697045,6.631412243568818,-0.020416055138888112,-0.042410617010515406,-0.09862737036340752,1,0.024272533010928292,44.92384338378906,49.19223403930664,0
2016-04-29,43.98021697998047,44.31533889267911,43.521629984753694,43.521629984753694,48411700.0,47.60349807739259,47.108840255737306,29.317819814389836,-0.7526901972037052,-0.12730618318368875,-0.6253840140200164,51.274771208808374,43.9322249459768,7.342546262831576,-0.0006012437840704488,-0.03052107657934544,-0.10386371257228111,1,0.02393156839034387,44.00667572021485,45.664649963378906,1
2016-05-02,44.63283157348633,44.75629668123603,43.90085505729613,44.09487357757244,33114500.0,47.39096107482911,47.08749839782715,35.022015929197124,-0.8289702389392559,-0.2676389943348022,-0.5613312446044537,51.2295562258935,43.55236592376471,7.677190302128793,0.014838821595694496,-0.00647789210323324,-0.10361289031531673,1,0.02396492916661084,43.98021697998047,45.955684661865234,0
2016-05-03,43.900856018066406,44.45645237927117,43.74211420057933,44.3947198240453,26460200.0,47.18018760681153,47.036877670288085,31.91134480049334,-0.9376780625098462,-0.401646807969811,-0.5360312545400352,51.28969449953703,43.07068071408603,8.219013785450997,-0.016399935420067457,-0.0024046283982280814,-0.11721929061789127,1,0.023785125443008648,44.63283157348633,45.36479949951172,1
2016-05-04,43.98021697998047,44.147779618415385,43.61863922507472,43.95376113777336,24257600.0,46.948688697814944,47.01377189636231,32.610223814717614,-1.0058314308810168,-0.5224837325520522,-0.4833476983289646,51.228017851318256,42.66935954431163,8.558658307006624,0.0018077315367472924,0.0,-0.1028964186821083,0,0.024165900055846748,43.900856018066406,44.92384338378906,1
2016-05-05,44.041954040527344,44.35943763627549,43.85675639773143,43.98022149292871,25390700.0,46.74937973022462,46.98872596740723,33.184771932640174,-1.0428405843945043,-0.6265551029205426,-0.4162854814739617,51.177758987881525,42.32100047256771,8.856758515313814,0.0014037461564815334,-0.013238629773827504,-0.10469701365187056,0,0.024044863444577104,43.98021697998047,44.00667572021485,1
2016-05-06,44.43879318237305,44.43879318237305,43.79500871970978,44.02430047954957,24787300.0,46.57167682647706,46.958564605712894,36.90832612952131,-1.0282954530752804,-0.7069031729514902,-0.3213922801237902,51.07087090018912,42.072482752765,8.998388147424123,0.009010479904695723,0.012253455014300085,-0.026844764648123798,0,0.011655356228079028,44.041954040527344,43.98021697998047,0
2016-05-09,44.15659332275391,44.61518027863699,44.09486078678608,44.52699190273177,17951600.0,46.384713745117196,46.936869888305665,35.39760908870781,-1.0276928979306845,-0.771061117947329,-0.2566317799833555,50.9584171311287,41.811010359105694,9.147406772023004,-0.006350304304192256,0.0040103563575806245,-0.03914839594598041,0,0.011247487163921186,44.43879318237305,44.63283157348633,1
2016-05-10,44.99440383911133,45.06495387874321,44.26242741342328,44.38589587007912,22891000.0,46.22464981079102,46.939339294433594,42.87360864229151,-0.9486753232455172,-0.8065839590069668,-0.1420913642385504,50.757524346124086,41.69177527545796,9.06574907066613,0.018973622132341772,0.021625965952998927,-0.008164825249682317,0,0.012832271348870874,44.15659332275391,43.900856018066406,1
2016-05-11,45.02085494995117,45.66463955319743,44.976760759295885,45.09140834633651,24039100.0,46.03504219055176,46.91235305786133,43.097498708127986,-0.873845792091906,-0.8200363256239547,-0.05380946646795137,50.434252666625504,41.63583171447802,8.798420952147481,0.0005878755708026429,0.013098055232719563,0.002159467197259346,0,0.012439220235310756,44.99440383911133,43.98021697998047,1
2016-05-12,45.42652893066406,45.69110081484264,44.90620938350877,45.15314291779736,24102800.0,45.86527633666993,46.88695449829102,46.55694977606529,-0.7728988527882734,-0.8106088310568185,0.03770997826854505,50.07936860025265,41.65118407308721,8.428184527165442,0.009010801353369846,0.028759818463073072,0.03226449594775893,0,0.010293427521691228,45.02085494995117,44.041954040527344,0
2016-05-13,45.04731369018555,45.77046917480704,45.01203699235741,45.36479387812559,22592300.0,45.66376209259034,46.864554214477536,43.87188106732264,-0.7152521947077801,-0.7915375037870108,0.0762853090792307,49.62181103032412,41.70571315485656,7.916097875467557,-0.008347880619655634,0.0011759207047927767,0.024263106994010908,0,0.010887970875197519,45.42652893066406,44.43879318237305,1
2016-05-16,45.70873641967773,45.82338064082078,44.75628576784562,44.80037995783687,20032000.0,45.45960311889649,46.86102653503418,49.35793765623085,-0.6091733452013699,-0.7550646720698827,0.1458913268685128,48.93688677492352,41.982319462869455,6.954567312054067,0.014682845109058817,0.015279173851568517,0.024105682034086584,0,0.010868350813258258,45.04731369018555,44.15659332275391,0
2016-05-17,44.8561897277832,45.93963078980075,44.722981927049055,45.930751624832304,27803500.0,45.2159029006958,46.85808586120606,43.46127838052689,-0.5871304118053047,-0.7214778200169671,0.13434740821166247,48.09325837606199,42.338547425329615,5.754710950732374,-0.018651723033137668,-0.01255520103134855,0.02176116359379532,0,0.011316117010969094,45.70873641967773,44.99440383911133,1
2016-05-18,45.12261962890625,45.41567954955048,44.66970422286271,44.829556320560215,24907500.0,45.020799827575686,46.84953819274902,45.64664767717242,-0.5419156951027944,-0.6855653950341326,0.14364969993133825,47.307127841609926,42.73447181354145,4.572656028068479,0.005939646294968792,0.001671707645845899,0.025975375461330552,0,0.0113749687910074,44.8561897277832,45.02085494995117,0
2016-05-19,44.68745803833008,44.95387702479627,44.243425264986016,44.82066922541378,23842400.0,44.79556102752686,46.81129837036133,42.74079417625178,-0.535029127189766,-0.6554581414652594,0.12042901427549335,46.04712660419458,43.543995450859136,2.5031311533354454,-0.00964397887700208,-0.022343176848528823,0.014656570351277765,0,0.012024791611239972,45.12261962890625,45.42652893066406,1
2016-05-20,44.95387649536133,45.4867178497195,44.75850438102772,44.82954786232144,23905800.0,44.76002235412598,46.79232086181641,45.04728850126592,-0.5022837155609423,-0.624823256284396,0.12253954072345363,45.94969207520754,43.57035263304442,2.379339442163115,0.005961817224034771,0.0021777767610435816,0.011590848357974526,0,0.011851209395332426,44.68745803833008,45.04731369018555,0
2016-05-23,44.42992782592773,45.0071719112003,44.3855252165303,44.93612502600284,26118700.0,44.6837345123291,46.74487358093262,41.50625724620595,-0.5127009226377837,-0.6023987895550735,0.08969786691728987,45.74576347366386,43.62170555099435,2.1240579226695075,-0.01165525000914358,-0.015351320660797252,0.006190117547699492,0,0.012336347537356886,44.95387649536133,45.70873641967773,1
2016-05-24,45.81530380249024,45.92187072445213,44.75850697275649,45.02492597151191,34757900.0,44.70625972747803,46.72337005615234,52.204485106909964,-0.4045054836401505,-0.562820128372089,0.15831464473193846,45.84168734814687,43.570832106809185,2.270855241337685,0.031181143980028247,0.025238530309617646,0.01824449027737418,0,0.014720692130447879,44.42992782592773,44.8561897277832,1
2016-05-25,46.28598785400391,46.61457463422671,45.99292790599955,46.10837401912441,24040200.0,44.77436695098877,46.70387214660644,55.20229903685603,-0.2775797824968649,-0.5057720591970442,0.22819227670017928,46.101122831868516,43.447611070109026,2.653511761759489,0.010273511522324252,0.02963284732029825,0.028101041294288365,0,0.01494127531717244,45.81530380249024,45.12261962890625,0
2016-05-26,46.08172225952149,46.16164829697866,45.61104858766332,46.11724569565831,24335200.0,44.8781192779541,46.666884155273436,53.63020891054959,-0.19126795828352527,-0.4428712390143404,0.2516032807308151,46.27138472338595,43.48485383252225,2.786530890863702,-0.004413119476389227,0.037177517822341244,0.01442314313421278,0,0.014931794339957984,46.28598785400391,44.68745803833008,1
2016-05-27,46.46360397338867,46.46360397338867,45.97516844423145,46.10837628616398,17721400.0,45.00228862762451,46.6320662689209,56.14475795722983,-0.09100154381035708,-0.37249729997354375,0.2814957561631867,46.492598370058715,43.5119788851903,2.980619484868413,0.008287053850038584,0.014150297326265715,0.03144006084233375,0,0.014632344756506583,46.08172225952149,44.95387649536133,1
2016-05-31,47.06747055053711,47.06747055053711,46.25045193311482,46.410300603205336,37653100.0,45.12402057647705,46.629961853027346,59.85227163690924,0.036763511219618294,-0.29064513773491135,0.32740864895452965,46.852442987487464,43.39559816546664,3.4568448220208268,0.012996550536507945,0.0168837856285613,0.029725917566044258,0,0.014494324925765708,46.46360397338867,44.42992782592773,0
2016-06-01,46.93427658081055,47.02308519419988,46.57016973516981,46.57016973516981,25324800.0,45.27569160461426,46.618667678833006,58.674027191732144,0.12582022043905283,-0.20735206610011853,0.33317228653917136,47.078912800317376,43.47247040891114,3.606442391406233,-0.0028298518736745715,0.018500921395421477,0.04632776135553507,0,0.012605350412623319,47.06747055053711,45.81530380249024,0
2016-06-02,46.60569381713867,46.836592827402704,46.03733223449222,46.74778421280028,22840800.0,45.40696544647217,46.59709770202637,55.757902505363035,0.1679484163671887,-0.13229196960665707,0.3002403859738458,47.196045006150385,43.61788588679396,3.578159119356428,-0.007000912501679446,0.0030580891622480344,0.03286764377665574,0,0.01310787229353126,46.93427658081055,46.28598785400391,0
2016-06-03,45.99293899536133,46.55241813672992,45.82420428707621,46.51689807135148,23368300.0,45.50451469421387,46.5650365447998,50.697623783494244,0.15016016908798946,-0.07580154186772776,0.2259617109557172,47.1953026821787,43.813726706249035,3.381575975929664,-0.013147638659377958,-0.02282960062665873,0.029213587309251166,0,0.013532707291100602,46.60569381713867,46.08172225952149,1
2016-06-06,46.29486846923828,46.49024063048776,46.08173119877287,46.170539806342624,18243300.0,45.597318458557126,46.53478088378906,52.9628544146127,0.1585978231917693,-0.02892166885582835,0.18751949204759766,47.2471951858674,43.947441731246855,3.299753454620543,0.006564691895584396,-0.013623478577992842,0.029830396807165815,0,0.013548872948905822,45.99293899536133,46.46360397338867,0
2016-06-07,46.26822662353516,46.8277090236566,46.26822662353516,46.39255868066383,20866800.0,45.702900123596194,46.515809783935545,52.732621496470486,0.16127586281023554,0.009117837477384427,0.1521580253328511,47.23665011402167,44.16915013317072,3.067499980850954,-0.0005754816156529063,-0.0072409005416288474,0.04137523708815638,0,0.012637297229829054,46.29486846923828,47.06747055053711,0
2016-06-08,46.214942932128906,46.57016720326696,46.06396999142616,46.1971812104167,21149400.0,45.76392707824707,46.47513648986816,52.24347073380804,0.15728558954659633,0.038751387891226806,0.11853420165536951,47.27704837109921,44.25080578539493,3.0262425857042814,-0.0011516259708806986,0.004826913470129979,0.008722830505752066,0,0.008360850368387088,46.26822662353516,46.93427658081055,0
2016-06-09,45.84195709228516,46.17942305547798,45.7265109737921,46.17942305547798,20305700.0,45.80498218536377,46.4210066986084,48.8289960908517,0.12261302253430983,0.05552371481984342,0.06708930771446642,47.27928895759579,44.33067541313175,2.9486135444640382,-0.008070676196474169,-0.009783187466102516,-0.009593200497725607,0,0.008083628305886945,46.214942932128906,46.60569381713867,0
2016-06-10,45.71761703491211,46.22381415980933,45.3268693874638,45.33574855294383,25833200.0,45.81953659057617,46.36121520996094,47.70955652466454,0.08413174155150926,0.06124532016617659,0.022886421385332673,47.2843281445213,44.354745036631044,2.9295831078902523,-0.0027123636349718483,-0.011900382374780194,-0.00790129376152282,0,0.008019939115108175,45.84195709228516,45.99293899536133,0
2016-06-13,44.527610778808594,45.042690477623495,43.56850164638653,44.03029618707181,83217800.0,45.793551445007324,46.271626739501954,38.59090387674124,-0.04190545049228689,0.040615166034483896,-0.08252061652677078,47.328954390293276,44.25814849972137,3.0708058905719042,-0.026029490014642942,-0.03651053201122245,-0.04166687533943536,0,0.010632936031455728,45.71761703491211,46.29486846923828,0
2016-06-14,44.2523193359375,44.49209411477685,44.02142033658554,44.31448366937023,42577100.0,45.72073059082031,46.17900169372559,36.83687698430058,-0.16213555422580583,6.502198242595153e-05,-0.16220057620823178,47.397003618186645,44.044457563453975,3.35254605473267,-0.006182488529164698,-0.03467648104873744,-0.059810973091849795,0,0.008750396998869935,44.527610778808594,46.26822662353516,0
2016-06-15,44.12798690795898,44.50985546021562,44.12798690795898,44.20791296279647,33757600.0,45.6843204498291,46.099234924316406,36.0401414811685,-0.2644034866851115,-0.05282867975108154,-0.21157480693402994,47.46265359519154,43.90598730446666,3.556666290724877,-0.002809625118960768,-0.03477062519989216,-0.059791902151080434,0,0.008751242676371647,44.2523193359375,46.214942932128906,1
2016-06-16,44.74962615966797,44.820673035539166,43.96812746359228,43.977010016926926,31188600.0,45.665670776367186,46.02202354431152,42.7118196976702,-0.29192533406892096,-0.10064801061464942,-0.19127732345427154,47.4747331454912,43.85660840724317,3.618124738248028,0.014087188092345881,0.00498601602413018,-0.03982491205373184,0,0.010811444332653531,44.12798690795898,45.84195709228516,0
2016-06-17,44.51872634887695,44.78514533261931,44.243424812645856,44.76738361534299,45710500.0,45.65723419189453,45.95183540344238,41.00104675480218,-0.32858060870259465,-0.14623453023223848,-0.18234607847035617,47.48593269720614,43.828535686582924,3.657397010623214,-0.005159815413142366,0.006020181923506618,-0.032053021152509076,0,0.010345773438456881,44.74962615966797,45.71761703491211,0
2016-06-20,44.46544647216797,45.140378257933136,44.429923033401046,44.97164361764106,35607900.0,45.632812690734866,45.88128730773926,40.59697150252046,-0.3578048669285252,-0.18854859757149584,-0.16925626935702937,47.51081209658596,43.754813284883774,3.7559988117021845,-0.0011967969678973178,0.0076472911604341665,-0.039516733874855214,0,0.00980868770653201,44.51872634887695,44.527610778808594,1
2016-06-21,45.46007537841797,45.67321260613328,44.545368923980135,44.58089235988291,34097800.0,45.684320068359376,45.83257171630859,50.420207202522064,-0.297280200744531,-0.21029491820610288,-0.0869852825384281,47.482333128599734,43.88630700811902,3.5960261204807153,0.02236858021593391,0.015876092823995824,-0.017466657014818754,0,0.012892342778655941,44.46544647216797,44.2523193359375,0
2016-06-22,45.2824821472168,45.69987082041008,45.246958697842125,45.362408214458505,28816800.0,45.6576789855957,45.77430770874023,48.86636806753926,-0.2606397633372808,-0.22036388723233846,-0.04027587610494232,47.462914530028584,43.85244344116282,3.610471088865765,-0.003906575818954372,0.017155832185192565,-0.02017660794867837,0,0.012909086110226288,45.46007537841797,44.12798690795898,1
2016-06-23,46.09948348999024,46.23269468024364,45.42455514903616,45.54000123370773,29028800.0,45.64835376739502,45.72003723144531,55.639356195861154,-0.1637887179298687,-0.20904885337184453,0.045260135441975824,47.442402643346426,43.85430489144362,3.588097751902808,0.018042326834410538,0.03674846757346861,0.005617700771078482,0,0.014120227266589049,45.2824821472168,44.74962615966797,0
2016-06-24,44.2523193359375,45.238069503671774,43.97701772523389,44.23455761385642,133503000.0,45.55688362121582,45.62864669799805,42.07107849050167,-0.2333938574020067,-0.21391785417787698,-0.019476003224129707,47.43767201853853,43.67609522389311,3.7615767946454213,-0.04006908568625989,-0.026567400789085482,-0.03205105152037213,0,0.019153242732764277,46.09948348999024,44.51872634887695,0
2016-06-27,43.009010314941406,43.64841852747205,42.66266532905426,43.6040125445012,50216300.0,45.38415393829346,45.50727493286133,35.75141270632706,-0.3844493859294147,-0.24802416052818455,-0.13642522540123014,47.51767828537979,43.25062959120713,4.267048694172658,-0.028095906376287894,-0.05020643137194114,-0.03410469228656465,0,0.019437326013292906,44.2523193359375,44.46544647216797,1
2016-06-28,43.90596771240234,43.93261198747891,43.22215670560262,43.44417313426349,38140700.0,45.226078796386716,45.38955596923828,42.46590481891535,-0.4268643878451286,-0.2837922059915734,-0.1430721818535552,47.30508603012271,43.14707156265072,4.158014467471986,0.020855104334947416,-0.047582220266398245,-0.00782674510020287,0,0.020821792146795057,43.009010314941406,45.46007537841797,1
2016-06-29,44.88283920288086,45.04269129245991,44.22566912486681,44.32335688935419,31304000.0,45.12350692749023,45.29260887145996,48.74807980154255,-0.3773038928082073,-0.3024945433549002,-0.07480934945330708,47.05227904319982,43.19473481178065,3.857544231419169,0.02224917343531363,0.014248289725942387,0.01710597622539023,0,0.021999375928950234,43.90596771240234,45.2824821472168,1
2016-06-30,45.44232177734375,45.55777127079861,44.8473193643493,45.04269490901108,28527800.0,45.06533832550049,45.22096168518066,51.98195341665194,-0.28954359710636624,-0.29990435410519345,0.010360756998827214,46.878506965157975,43.25216968584301,3.626337279314967,0.012465400683185468,0.05657678343640016,0.015479360994083535,0,0.021905469866417948,44.88283920288086,46.09948348999024,0
2016-07-01,45.43343353271485,45.93075146171271,45.35350749747771,45.40679265020288,21400400.0,45.037363052368164,45.14578567504883,51.92589884444257,-0.21819492230059723,-0.28356246774427424,0.06536754544367701,46.809215266289975,43.26551083844635,3.543704427843622,-0.00019559398114488147,0.03478948079035371,0.020546571271371716,0,0.02178727941260355,45.44232177734375,44.2523193359375,1
2016-07-05,45.44232177734375,45.54000954967464,45.06045663013505,45.14038268134197,24806400.0,44.99473571777344,45.14133911132812,51.98166237353913,-0.15909937782653572,-0.25866984976072654,0.09957047193419083,46.68255272457728,43.3069187109696,3.37563401360768,0.0001956322456346804,0.012465400683185468,0.02196931286380388,0,0.021767231741397736,45.43343353271485,43.009010314941406,1
2016-07-06,45.62881851196289,45.77090889436344,44.74963194181444,45.09597703718439,28167500.0,44.962765312194826,45.13480178833008,53.20811158199824,-0.09610911910571929,-0.2261577036297251,0.1300485845240058,46.57543211029376,43.35009851409589,3.2253335961978706,0.004104031821545728,0.004104031821545728,0.0037118973547727308,0,0.020641865075955473,45.44232177734375,43.90596771240234,0
2016-07-07,45.62881851196289,45.8330732249323,45.35351691394224,45.66433856678657,19585200.0,44.93345909118652,45.1400821685791,53.20811158199824,-0.0456625161864892,-0.19005866614107791,0.14439614995458872,46.47371699100169,43.393201191371354,3.0805157996303336,0.0,0.004300466948141901,0.007648352040865003,0,0.02058473473485052,45.62881851196289,44.88283920288086,1
2016-07-08,46.445831298828125,46.499116455658445,45.77978208310583,45.9396341658953,28391000.0,44.963652801513675,45.170521926879886,58.582765794902684,0.05955635532280468,-0.1401356618483014,0.19969201717110607,46.594949210097674,43.332356392929675,3.2625928171679988,0.0179056309917609,0.022083148092681748,0.007513051830897233,0,0.020572168498704545,45.62881851196289,45.44232177734375,1
2016-07-11,46.70337677001953,46.916514035323765,46.596809831218366,46.62345071899318,22269200.0,45.01294078826904,45.224455947875974,60.13714887633342,0.16185902608384595,-0.07973672426187194,0.2415957503457179,46.78580463932343,43.24007693721465,3.5457277021087776,0.005545071839373028,0.023549990841312596,0.055388225314814576,0,0.01468253776635735,46.445831298828125,45.43343353271485,1
2016-07-12,47.25397109985352,47.42270573675624,46.88098516339774,47.01419297454559,27317600.0,45.14925880432129,45.289931030273436,63.30756320467285,0.2840881987057813,-0.006971739668341297,0.2910599383741226,47.155760774478615,43.14275683416397,4.013003940314647,0.011789176027790615,0.035616801856584335,0.09869933657686158,0,0.008767055526740819,46.70337677001953,45.44232177734375,1
2016-07-13,47.5203971862793,47.83122223398001,47.22733724795225,47.56480318430941,25356800.0,45.31266269683838,45.347682342529296,64.76778009165774,0.39786768615914525,0.07399614549715602,0.3238715406619892,47.52236996052202,43.10295543315474,4.41941452736728,0.0056381734746224765,0.023135895244021265,0.08232205465900644,0,0.007847917696030745,47.25397109985352,45.62881851196289,1
2016-07-14,47.72463607788086,47.94665242784035,47.582545749414805,47.8134412627844,24545500.0,45.492495155334474,45.42415794372559,65.88847732704966,0.49876961570296885,0.1589508395383186,0.3398187761646503,47.86658005522355,43.1184102554454,4.748169799778154,0.004297920549799938,0.021866926515619944,0.06331588922337139,1,0.006070521437367472,47.5203971862793,45.62881851196289,0
2016-07-15,47.68913269042969,47.95555174480486,47.25397897104533,47.91114913369268,32024400.0,45.63947048187256,45.49833625793457,65.49844972416483,0.5693076707260616,0.24102220577586722,0.3282854649501944,48.17019064589914,43.108750317845974,5.061440328053166,-0.0007439215962429246,0.009208995147870436,0.04944313638054765,1,0.005986120550752466,47.72463607788086,46.445831298828125,1
2016-07-18,47.920021057128906,48.25748694843308,47.55591428072495,47.689125481627045,31433900.0,45.80953521728516,45.5758975982666,66.87185871252811,0.6365031371534826,0.3201183920513903,0.3163847451020923,48.469953454070215,43.149116980500104,5.320836473570111,0.004841530002191785,0.008409522952493198,0.054730345718281725,1,0.00572005395256437,47.68913269042969,46.70337677001953,0
2016-07-19,47.147403717041016,47.866738086002165,47.005313353904405,47.69800345073268,53336500.0,45.94363307952881,45.63006980895996,58.482406690076864,0.6202622687673411,0.3801471673945805,0.24011510137276065,48.58986809584215,43.29739806321547,5.292470032626682,-0.01612305927759916,-0.012095060502878896,0.037521893094542014,1,0.008835565800576128,47.920021057128906,47.25397109985352,1
2016-07-20,49.65174865722656,50.47764995448563,49.31428277321604,49.86488589652308,89893300.0,46.15321674346924,45.73997291564942,71.12683041895184,0.8002462301460795,0.4641669799448803,0.3360792502011992,49.240305522602796,43.06612796433568,6.174177558267118,0.05311734565948911,0.04115436486415147,0.0881664324534055,1,0.01795608847142339,47.147403717041016,47.5203971862793,0
2016-07-21,49.55406951904297,49.93593807293603,49.51854607502918,49.71392162940296,32776700.0,46.36679611206055,45.83116622924805,70.22842542443317,0.924347622138761,0.5562031083836565,0.3681445137551045,49.75931386681205,42.974278357309046,6.785035509503004,-0.0019672849562243355,0.03409949382046373,0.08602569900097157,1,0.01807151196861562,49.65174865722656,47.72463607788086,1
2016-07-22,50.23787307739258,50.29115823546443,49.53630040743696,49.80272281009464,32157200.0,46.57371559143066,45.93550659179687,72.81694354417475,1.0655926134299918,0.6580810093929236,0.4075116040370682,50.357981728907546,42.78944945395378,7.568532274953768,0.013799140312519276,0.06554908895724698,0.08164439461028938,1,0.017877888703655698,49.55406951904297,47.68913269042969,1
2016-07-25,50.379974365234375,50.38885692068924,49.96258233911558,50.14907873894242,25610600.0,46.88009834289551,46.03457550048828,73.33577899887703,1.1754468533471965,0.7615541781837782,0.4138926751634182,50.8506063322215,42.90959035356951,7.94101597865199,0.0028285689488265486,0.01466666789593174,0.07872230766780386,1,0.017940192860556557,50.23787307739258,47.920021057128906,1
2016-07-26,50.40660095214844,50.87727801432395,50.18458455661136,50.1934671095456,28079000.0,47.24997787475586,46.14176124572754,73.43808307626324,1.2502436425136807,0.8592920710497587,0.390951571463922,51.085061947827036,43.41489380168468,7.670168146142359,0.0005285152930216697,0.017204065001722002,0.06671671774702315,1,0.018011597674308415,50.379974365234375,47.147403717041016,0
2016-07-27,49.9004135131836,50.44213416532415,49.829370014446575,50.27340289158447,32327500.0,47.54970016479492,46.22559478759766,68.08965998688984,1.2542176999487609,0.9382771968295591,0.31594050311920174,51.22624977882763,43.87315055076221,7.3530992280654175,-0.010042086341933043,-0.006717234300288033,0.05008410004602171,1,0.018773166513681418,50.40660095214844,49.65174865722656,1
2016-07-28,49.91817855834961,50.06026895298605,49.483028206895256,49.73168555058346,37550400.0,47.80146713256836,46.32683456420899,68.17725546565907,1.2444553531097284,0.999512828085593,0.24494252502413538,51.4018808785575,44.201053386579225,7.2008274919782735,0.000356009978981664,-0.009166257281850387,0.04596247684087418,1,0.018832091375983115,49.9004135131836,49.55406951904297,1
2016-07-29,50.33555603027344,50.40659951321255,49.77607378093494,49.96256673481402,30558700.0,48.046128845214845,46.431093292236326,70.24393495740826,1.255920032370959,1.0507942689426661,0.2051257634282928,51.637054864314365,44.455202826115325,7.18185203819904,0.00836123199960026,-0.0014094368700330318,0.05549321597066581,1,0.018761796003929618,49.91817855834961,50.23787307739258,0
2016-08-01,50.24676132202149,50.3977308721053,49.85601022730675,50.26451965568856,26003400.0,48.28679523468018,46.542279357910154,69.21408783218648,1.243506513386059,1.089336717831345,0.1541697955547141,51.78913584218485,44.784454627175506,7.004681215009342,-0.0017640553766514744,0.006940780335344954,0.04855465864922537,1,0.018906022293868206,50.33555603027344,50.379974365234375,0
2016-08-02,50.24676132202149,50.530942088522046,50.00698316509252,50.48653609124849,35122000.0,48.527017211914064,46.64813705444336,69.21408783218646,1.2196098074761181,1.1153913357602996,0.10421847171581855,51.87151282416995,45.18252159965818,6.688991224511767,0.0,0.006582426946684317,0.06573760929830885,1,0.017552083193354506,50.24676132202149,50.40660095214844,1
2016-08-03,50.59310531616211,50.717433975332085,50.1668341757071,50.33556544348037,22075600.0,48.775231552124026,46.77140060424804,71.12886288852489,1.2146172105553177,1.1352365107193032,0.07938069983601448,51.95533254669617,45.59513055755188,6.3602019891442865,0.006892862047783943,0.005116647280776432,0.018959184407265406,1,0.006565883728560496,50.24676132202149,49.9004135131836,1
2016-08-04,50.96609878540039,51.08154829490089,50.32669028687751,50.442139796378,26587700.0,49.0420955657959,46.87441650390625,73.0713517572328,1.2266183049804766,1.153512869571538,0.07310543540893866,52.0099522960671,46.074238835524696,5.935713460542402,0.0073724169905642345,0.014316096091622876,0.02849471859853603,1,0.006618821417324343,50.59310531616211,49.91817855834961,1
2016-08-05,51.47228240966797,51.69429881418279,51.01937043504638,51.19698423619854,29335200.0,49.29341812133789,46.97814239501953,75.48218898579967,1.2624216361100693,1.1752946228792442,0.08712701323082506,52.18972015223151,46.39711609044428,5.79260406178723,0.009931771046454374,0.024390051326738327,0.0245712896796757,1,0.005990008802757232,50.96609878540039,50.33555603027344,1
2016-08-08,51.56109237670898,51.58773326189549,51.31243169339575,51.56109237670898,19473500.0,49.53630390167236,47.08772979736328,75.89002760734455,1.2831706634415454,1.1968698309917045,0.08630083244984088,52.33619638360636,46.73641141973837,5.5997849638679895,0.001725393996212743,0.019132786068335017,0.023444196356909197,1,0.005992348997415494,51.47228240966797,50.24676132202149,1
2016-08-09,51.68541717529297,51.95183617042153,51.52556510067557,51.65877290438919,16920700.0,49.75787620544433,47.192166061401366,76.4798582494851,1.2947216441331193,1.2164401936199876,0.07828145051313173,52.5010403886667,47.014712022221964,5.486328366444738,0.002411213433487047,0.014113663926316189,0.025370015017646796,1,0.0059587251050074105,51.56109237670898,50.24676132202149,0
2016-08-10,51.52556610107422,51.79198510137546,51.34795230497293,51.64989474203471,15756900.0,49.95813465118408,47.28132797241211,73.97402400637014,1.2762652425249215,1.2284052034009743,0.04786003912394721,52.601658624393956,47.31461067797421,5.287047946419747,-0.003092769352651459,0.001035191930720325,0.03256791824903926,1,0.004574850362859417,51.68541717529297,50.59310531616211,1
2016-08-11,51.77423095703125,51.90744217051999,51.534452805372645,51.534452805372645,18162300.0,50.1606143951416,47.378127059936524,75.32824293546145,1.2670972782925674,1.2361436183792929,0.03095365991327448,52.707409399282255,47.613819391000945,5.093590008281311,0.0048260480140915885,0.004133709556908949,0.03718189349621581,1,0.004481411324928657,51.52556610107422,50.96609878540039,0
2016-08-12,51.454532623291016,51.67654907929233,51.17035183062552,51.53445868295958,21655200.0,50.348884391784665,47.47510383605957,70.26605709007585,1.2199715443273433,1.2329092035689029,-0.01293765924155954,52.68503142043124,48.01273736313809,4.6722940572931435,-0.006174854320975975,-0.004467112091189995,0.022230341358394634,1,0.005103667675237821,51.77423095703125,51.47228240966797,1
2016-08-15,51.614383697509766,51.95184965235519,51.47229330405415,51.51669591681486,19283900.0,50.53360252380371,47.58753273010254,71.3044337473153,1.1818985160093334,1.222707066056989,-0.0408085500476556,52.64583406062417,48.42137098698325,4.224463073640919,0.003106647093445547,0.0017237577994062558,0.027218119924654616,1,0.004910736508963987,51.454532623291016,51.56109237670898,0
2016-08-16,51.32843017578125,51.48927859703345,51.17651967171897,51.48034408866016,20523500.0,50.74265384674072,47.688203964233395,66.80967538775482,1.1157891842147762,1.2013234896885465,-0.08553430547377028,52.19860507193252,49.286702621548926,2.911902450383593,-0.005540190567892234,-0.00861047615791688,0.021527135785480045,1,0.005523464679719367,51.614383697509766,51.68541717529297,1
2016-08-17,51.43565368652344,51.54288480806475,51.14076384126496,51.41778126479724,18856400.0,50.831849098205566,47.791552505493165,67.63355558294569,1.0598320198854836,1.173025195727934,-0.11319317584245048,52.226842190549746,49.43685600586139,2.7899861846883596,0.002088969219884218,-0.00036690522302074147,0.016653422736085277,1,0.005267714757519444,51.32843017578125,51.52556610107422,1
2016-08-18,51.47140502929688,51.5607671551299,51.17651853608926,51.310556611613976,14214300.0,50.92771587371826,47.896681747436524,67.91949940523577,1.0067650379127144,1.1397731641648903,-0.13300812625217584,52.21787330609348,49.637558441343046,2.5803148647504344,0.0006950692799849723,-0.0027701322377657878,0.009914556066457969,1,0.00487229164135743,51.43565368652344,51.77423095703125,1
2016-08-19,51.48926544189453,51.58756205296975,51.11395482740634,51.31948255564736,17271000.0,50.99028549194336,48.00962791442871,68.0712573215014,0.9551399990482565,1.1028465311415636,-0.14770653209330709,52.261795357649866,49.718775626236855,2.543019731413011,0.00034699679535621364,0.003133453829826438,0.00032994519441342796,1,0.003727862106246628,51.47140502929688,51.454532623291016,1
2016-08-22,51.533966064453125,51.60545577795352,51.16758980480649,51.47141426954886,15221900.0,51.0479850769043,48.12595489501953,68.47322993476587,0.9073741065916323,1.0637520462315773,-0.15637793963994495,52.308160520593894,49.7878096332147,2.5203508873791947,0.0008681542099107098,0.0019113663555023752,-0.0005261004180762141,1,0.0036944872084626354,51.48926544189453,51.614383697509766,1
2016-08-23,51.73054122924805,51.989686236596064,51.694796385031225,51.73947914471024,18732400.0,51.11418209075928,48.27001350402832,70.2471844431398,0.8752914506438216,1.0260599271140263,-0.15076847647020464,52.37172566114867,49.856638520369884,2.515087140778789,0.0038144777087225634,0.005034566276239438,0.0008730519442659013,1,0.0038226360950172457,51.533966064453125,51.32843017578125,1
2016-08-24,51.7841682434082,51.8645924536271,51.57864046369694,51.65012675677118,18151500.0,51.20836982727051,48.420650482177734,70.73103365333152,0.8444585737442694,0.989739656440075,-0.14528108269580564,52.36641126416192,50.0503283903791,2.3160828737828183,0.0010366606048544114,0.005727461811364742,0.005018909289161488,1,0.003659720852839896,51.73054122924805,51.43565368652344,1
2016-08-25,51.980751037597656,52.087985575852095,51.63224731031108,51.72160942552311,18552600.0,51.31149845123291,48.577705764770506,72.49671796752483,0.8263601201686299,0.9570637491857861,-0.13070362901715615,52.353090387630914,50.2699065148349,2.0831838727960132,0.0037961948768865383,0.008669718387009917,0.003988858487107283,1,0.0035371074413232464,51.7841682434082,51.47140502929688,0
2016-08-26,51.85564422607422,52.45435842951013,51.55181987108046,52.07904438683976,20971200.0,51.38750286102295,48.71982612609863,69.61832949267485,0.7927831801782332,0.9242076353842755,-0.1314244552060423,52.35214439226091,50.42286132978499,1.9292830624759176,-0.0024067911491495453,0.0024183585528665397,0.007795457121723803,1,0.0029021250310557224,51.980751037597656,51.48926544189453,1
2016-08-29,51.9182014465332,52.36500181495024,51.9182014465332,51.98969114171175,16417200.0,51.47107486724853,48.86781562805176,70.25429921179618,0.7624322142374282,0.8918525511549061,-0.1294203369174779,52.30693736124062,50.635212373256444,1.6717249879841773,0.0012063724478332816,0.00258830464351556,0.0058863000438789115,1,0.0027930612728320017,51.85564422607422,51.533966064453125,0
2016-08-30,51.73054122924805,51.998620743242284,51.48033413736223,51.81096542432792,16930200.0,51.545263862609865,49.01311752319336,65.80431360738179,0.7149942353922683,0.8564808880023786,-0.1414866526101104,52.17002454313351,50.92050318208622,1.249521361047286,-0.0036145361753028293,-0.004813508911570619,0.007834080490864759,1,0.002355525833907004,51.9182014465332,51.73054122924805,0
2016-08-31,51.346290588378906,51.65011493423742,51.20331462614053,51.51607688709785,20860300.0,51.582923126220706,49.13084182739258,57.739639259254226,0.6390271725195404,0.8129901449058111,-0.17396297238627068,52.042542447662335,51.12330380477908,0.9192386428832577,-0.007427926167760446,-0.009822530320415912,-0.001737376542138569,1,0.003441513311980735,51.73054122924805,51.7841682434082,1
2016-09-01,51.46246719360352,51.6679949565054,50.9441771237338,50.9441771237338,26075400.0,51.60774154663086,49.254441528320314,59.36130373596098,0.5814941068962156,0.7666909373038922,-0.18519683040767654,51.975971878801765,51.23951121445996,0.7364606643418057,0.002262609506808566,-0.008777928361000886,-0.00017364662356256222,1,0.003520022898927526,51.346290588378906,51.980751037597656,1
2016-09-02,51.533966064453125,51.99863897575423,51.31056582299013,51.533966064453125,18900500.0,51.61082572937012,49.36313117980957,60.369222614229706,0.5354952433913454,0.7204517985213827,-0.1849565551300374,51.975482084853994,51.24616937388625,0.7293127109677471,0.0013893401297808694,-0.0037999827591941315,0.0008681542099107098,1,0.0035471556227560192,51.46246719360352,51.85564422607422,0
2016-09-06,51.48034286499024,51.650125790580034,51.1229011798557,51.632253365441656,16278400.0,51.60678825378418,49.507691650390626,59.18365636274081,0.48907610372648236,0.6741766595624027,-0.18510055583592033,51.975325262867834,51.23825124470053,0.7370740181673057,-0.0010405409006521982,0.0026107489961830765,-0.0010405409006521982,1,0.0035521273460058,51.533966064453125,51.9182014465332,1
2016-09-07,51.52500534057617,51.68585370530096,51.30160521277124,51.35522247061798,17493400.0,51.59876766204834,49.67801155090332,59.89019441051042,0.4506971336229597,0.6294807543745141,-0.1787836207515544,51.96709278339656,51.23044254070012,0.7366502426964416,0.0008675636777140117,0.001215218592948153,-0.00397320197677864,1,0.0033050876569156304,51.48034286499024,51.73054122924805,0
2016-09-08,51.31948852539063,51.6411853231252,51.09608835016564,51.49820934733385,20146100.0,51.58846378326416,49.826281967163084,55.15863578465557,0.39909748650570975,0.5834041008007533,-0.18430661429504358,51.97546040970014,51.20146715682818,0.7739932528719606,-0.0039886811040016346,-0.004161867510725781,-0.008973393486468195,1,0.0034427212834533317,51.52500534057617,51.346290588378906,0
2016-09-09,50.22929763793945,51.39991585457132,50.22929763793945,50.747587712251935,35113900.0,51.51121711730957,49.933211135864255,38.005736832006484,0.2671554986085525,0.5201543803623132,-0.25299888175376073,52.21011827828865,50.812315956330494,1.397802321958153,-0.021243214201400296,-0.024301415985742647,-0.03369426883408011,1,0.006960078662883521,51.31948852539063,51.46246719360352,1
2016-09-12,50.97992706298828,51.12290306053851,49.69314308503621,50.041646866013856,29303000.0,51.487486839294434,50.043963241577146,49.622135047220766,0.22061690953509583,0.4602468861968697,-0.23962997666177388,52.22370795175381,50.75126572683506,1.4724422249187512,0.014944055767203368,-0.010578907735864673,-0.016887595866480587,1,0.00907611286832245,50.22929763793945,51.533966064453125,0
2016-09-13,50.51526641845703,50.62250099912994,50.08633832221788,50.488459477697546,30130200.0,51.4325309753418,50.145599899291994,44.11189303798609,0.14457395318120803,0.3971122995937374,-0.25253834641252937,52.27855868488414,50.58650326579946,1.6920554190846815,-0.009114580410386597,-0.015670890923546676,-0.027022026745686767,1,0.009297503216966154,50.97992706298828,51.48034286499024,0
2016-09-14,50.27397918701172,50.6046139352478,50.06845141338245,50.39014824473836,24062500.0,51.37980842590332,50.24223304748535,41.532785675359634,0.06410058768116045,0.330509957211222,-0.26640936953006156,52.36516382898944,50.3944530228172,1.9707108061722352,-0.004776521011421453,0.0008895515401059484,-0.028156713763760055,1,0.009317489881850213,50.51526641845703,51.52500534057617,1
2016-09-15,51.10502624511719,51.24800223038661,50.02377014346616,50.17568404527413,26847000.0,51.36327705383301,50.351757202148434,51.9525920438911,0.06661551578292091,0.2777310689255618,-0.2111155531426409,52.355400753826956,50.37115335383906,1.9842473999878933,0.016530361661130755,0.0024538909593641023,-0.004698768703582323,1,0.010938203248383968,50.27397918701172,51.31948852539063,1
2016-09-16,51.158634185791016,51.49820336716948,50.711833887225154,51.49820336716948,44607000.0,51.34763851165771,50.462353515625,52.54016481677862,0.07210316679066864,0.2366054884985832,-0.16450232170791457,52.34230860216849,50.35296842114694,1.9893401810215465,0.001048975895574511,0.012736105596365066,-0.005903972824883752,1,0.010911870171256794,51.10502624511719,50.22929763793945,0
2016-09-19,50.87268829345703,51.60544059719679,50.80119860098674,51.17651266882348,20937100.0,51.31680965423584,50.55089065551758,49.09160063259459,0.05277042141920418,0.1998384750827074,-0.14706805366350323,52.33005731381225,50.30356199465943,2.026495319152815,-0.005589396528756563,0.01190892617069772,-0.012831881989619043,1,0.01099771371783415,51.158634185791016,50.97992706298828,0
2016-09-20,50.76545715332031,51.24799894213277,50.71183988397841,51.24799894213277,17384000.0,51.2783842086792,50.63213226318359,47.823908786822244,0.028468260203659668,0.1655644321068979,-0.13709617190323822,52.31382193975028,50.24294647760812,2.070875462142155,-0.002107833175989393,-0.006644534143631642,-0.01388657634904944,1,0.0110007823897597,50.87268829345703,50.51526641845703,1
2016-09-21,51.6143798828125,51.69480408987919,51.006734484639885,51.39097968638464,33707300.0,51.27257614135742,50.71934043884277,57.23832037324277,0.07682401248482051,0.1478163481824824,-0.07099233569766189,52.29906812120864,50.2460841615062,2.052983959702445,0.01672244823735758,0.008908480538522001,0.0017345857927733022,1,0.012407384422483313,50.76545715332031,50.27397918701172,1
2016-09-22,51.66798782348633,51.828836208563,51.49820493204578,51.75734652238855,19822200.0,51.26676712036133,50.80229225158691,57.75667311531914,0.11811050298695847,0.14187517914337763,-0.023764676156419168,52.28287518040997,50.25065906031269,2.0322161200972744,0.0010386241352806636,0.015633133547841016,0.006790778866069047,1,0.01231842168679809,51.6143798828125,51.10502624511719,0
2016-09-23,51.31948852539063,51.74841645276467,51.27480917210886,51.7126716066128,19955300.0,51.233703994750975,50.87418930053711,53.23858577573345,0.12131096603385316,0.13776233652147274,-0.016451370487619577,52.19635876728915,50.2710492222128,1.9253095450763453,-0.0067449752308194055,0.010913550337920741,0.02170428293283022,1,0.010095551382831226,51.66798782348633,51.158634185791016,0
2016-09-26,50.84587860107422,51.0603408492025,50.7833268279688,51.00672699157842,21688700.0,51.18321571350098,50.93732421875,47.76959057967936,0.08465514151220788,0.12714089751961977,-0.04248575600741189,52.11553954235264,50.25089188464931,1.8646476577033297,-0.009228656362818,-0.014889286347779862,-0.002629436125878293,1,0.009584805828632524,51.31948852539063,50.87268829345703,1
2016-09-27,51.7841682434082,51.88246487909981,50.64929479201563,50.8726949971996,28065100.0,51.176514053344725,51.014607162475585,57.15905613991834,0.129820775916329,0.12767687319896162,0.002143902717367391,52.08933169994093,50.26369640674852,1.8256352931924056,0.01845360269404739,0.002248595790468544,0.025119175150733142,1,0.010648551096748298,50.84587860107422,50.76545715332031,1
2016-09-28,51.85564422607422,51.88245456336092,51.5339474491613,51.72160617490446,20536400.0,51.182769203186034,51.10877197265625,57.781680744389234,0.16942930546652235,0.13602735965247378,0.03340194581404857,52.11224964101876,50.25328876535331,1.8589608756654457,0.0013802670795066696,0.010447409280361697,0.03146090810076796,1,0.010352741870243978,51.7841682434082,51.6143798828125,0
2016-09-29,51.29268264770508,51.98075220175895,51.12289632940775,51.65905880623942,25463500.0,51.18008880615234,51.14159065246582,51.44042718601184,0.15362219495398932,0.1395463267127769,0.01407586824121243,52.10797537819378,50.252202234110904,1.8557731440828746,-0.010856322137563379,0.008787419136492503,0.003671975466519317,1,0.010037551928906244,51.85564422607422,51.66798782348633,1
2016-09-30,51.47140502929688,51.62331893880474,51.2390703197641,51.44459809595524,29910800.0,51.18053569793701,51.1799373626709,53.19652194575727,0.1537440824577132,0.14238587786176415,0.01135820459594905,52.10897428468321,50.252097111190814,1.8568771734923928,0.003484364091839831,-0.006039745828130272,0.006113744991119052,1,0.010084169112935418,51.29268264770508,51.31948852539063,0
2016-10-03,51.31055068969727,51.42671973546448,50.9888573002757,51.3016161825534,19189500.0,51.16936492919922,51.20139091491699,51.39502835358417,0.13925582383920698,0.14175986705725274,-0.0025040432180457595,52.0858240062364,50.25290585216204,1.8329181540743633,-0.003125120433531081,-0.010511749386441172,0.008607022961209632,0,0.009943745722070407,51.47140502929688,50.84587860107422,0
2016-10-04,51.14970016479492,51.471393519408,50.90842759222328,51.17650709214207,20085900.0,51.15283279418945,51.2167854309082,49.586652666862534,0.1134862822075533,0.13610515008731286,-0.022618867879759558,52.05811721315068,50.24754837522822,1.8105688379224603,-0.003134843082762906,-0.002787580518886279,0.00756898554688723,0,0.009983505855970735,51.31055068969727,51.7841682434082,1
2016-10-05,51.50714874267578,51.79310072139634,51.16757948963894,51.194389831205314,16726400.0,51.151939964294435,51.23879638671875,53.50206072122869,0.12051759589167688,0.13298763924818569,-0.012470043356508809,52.05578849587848,50.24809143271039,1.8076970631680922,0.006988282956287728,0.0006944382683657935,-0.002077543901141121,0,0.008642967182279648,51.14970016479492,51.85564422607422,1
2016-10-06,51.59651565551758,51.70374680528644,51.18545666523951,51.59651565551758,16212600.0,51.16579132080078,51.27271842956543,54.454473228749265,0.1317820244932122,0.13274651629719098,-0.0009644918039787842,52.08779442964511,50.24378821195645,1.8440062176886585,0.0017350390193071608,0.0055732195810895835,-0.0013832969112890225,0,0.008656622859575547,51.50714874267578,51.29268264770508,1
2016-10-07,51.650123596191406,51.81097200678654,51.31055435062208,51.69480295273086,20089000.0,51.23683261871338,51.30735733032227,55.04926538117527,0.14338205898414458,0.1348736248345817,0.008508434149562871,52.074337087758984,50.399328149667774,1.67500893809121,0.0010389837374240596,0.00978350664391403,0.006442680554721303,0,0.008337278726373056,51.59651565551758,51.47140502929688,1
2016-10-10,51.86457443237305,52.17733324743044,51.71266057304844,51.74840541157369,18196500.0,51.28106498718262,51.33793769836426,57.443510439855594,0.1679436107281802,0.14148762201330142,0.02645598871487878,52.15238558833964,50.409744386025594,1.7426412023140472,0.004151990764983404,0.006939341400606924,0.020034973518528343,0,0.007613827884630911,51.650123596191406,51.31055068969727,0
2016-10-11,51.10502624511719,51.84671651226357,50.83694669883906,51.73054745897704,26497400.0,51.310552978515624,51.35510299682617,47.74375749864615,0.12468236583795544,0.13812657077823223,-0.013444204940276788,52.11344142757837,50.507664529452875,1.605776898125498,-0.014644836009331308,-0.00952563180199617,-0.013114857712858363,0,0.0068254567511888495,51.86457443237305,51.14970016479492,0
2016-10-12,51.03354644775391,51.176522451208186,50.399090645476605,51.03354644775391,22177500.0,51.348531341552736,51.37083869934082,46.940454014436106,0.08366525434413319,0.12723430749141243,-0.04356905314727924,52.0113359251012,50.68572675800427,1.3256091670969283,-0.0013986842902776742,-0.01193757353337599,-0.015853583357989365,0,0.006760549657594162,51.10502624511719,51.50714874267578,0
2016-10-13,50.86374282836914,51.20331199957238,50.32758384968246,50.667153020885706,25313700.0,51.33646717071533,51.37625144958496,45.00333601198969,0.03703030271748986,0.10919350653662792,-0.07216320381913806,52.02485134630757,50.64808299512309,1.3767683511844808,-0.003327294127179914,-0.01929701756849278,-0.008362592814301295,0,0.00598721819698782,51.03354644775391,51.59651565551758,1
2016-10-14,51.31055068969727,51.59650605054337,51.042471160771214,51.042471160771214,27402500.0,51.34406299591065,51.3831404876709,50.761359009066325,0.035713742059336084,0.09449755364116955,-0.05878381158183346,52.027767175842634,50.66035881597866,1.3674083598639726,0.00878440784107859,0.0040216092169549356,-0.003125120433531081,0,0.0066128085620929065,50.86374282836914,51.650123596191406,0
2016-10-17,51.131832122802734,51.34629437757904,50.819069838764506,51.25693567289159,23830000.0,51.35702018737793,51.37633148193359,48.570843921434445,0.020018502679633343,0.07960174344886231,-0.05958324076922897,52.013792154723504,50.70024822003235,1.313543934691154,-0.003483076374980798,0.001925903290876274,-0.003483076374980798,0,0.006630785550407041,51.31055068969727,51.86457443237305,1
2016-10-18,51.52500534057617,51.78415030694559,51.30160521277124,51.40883631964929,19149500.0,51.39499759674072,51.37560974121094,53.34114730802643,0.03885777691758108,0.07145295014260607,-0.03259517322502499,51.996025649571585,50.79396954390986,1.2020561056617254,0.0076894021092215326,0.013000665610439777,0.007337387600945489,1,0.006995327851316039,51.131832122802734,51.10502624511719,0
2016-10-19,51.40883255004883,51.68584991538794,51.29266694645532,51.3552187049488,22878400.0,51.38472023010254,51.370078048706056,51.81192197610598,0.0439077232794034,0.06594390476996553,-0.022036181490562134,51.97736243829209,50.792078021912985,1.1852844163791048,-0.0022546875979818637,0.001915431797758771,-0.0019087873242242814,1,0.006683673967913948,51.52500534057617,51.03354644775391,0
2016-10-20,51.158634185791016,51.39990675607447,50.63140969713067,51.382034335073946,49455600.0,51.359252548217775,51.362739410400394,48.58160097057725,0.02740501717445909,0.058236127250864245,-0.030831110076405155,51.94474827803965,50.7737568183959,1.1709914596437443,-0.0048668361417122386,0.0005241756822620403,-0.008486648064572111,0,0.006799546881220066,51.40883255004883,50.86374282836914,1
2016-10-21,53.31221389770508,54.018159219456585,53.16030342555941,53.86624533849501,80032200.0,51.45888881683349,51.39349906921387,67.4140701518168,0.18595877126572447,0.08378065605383629,0.10217811521188817,52.49116352666658,50.426614107000404,2.0645494196661787,0.042096114296034326,0.034686237202996795,0.03217979330520393,1,0.015227100182358858,51.158634185791016,51.31055068969727,1
2016-10-24,54.5096549987793,54.5096549987793,53.55350230675196,53.56243681588871,54067000.0,51.64207763671875,51.454601516723635,73.27519700012084,0.40358497673614124,0.1477415201902973,0.25584345654584395,53.29060335871796,49.993551914719546,3.297051443998413,0.02246091492977298,0.06031692016564816,0.05099975455993011,1,0.016399873247078492,53.31221389770508,51.131832122802734,0
2016-10-25,54.50071334838867,54.84027919216236,54.33092701768536,54.37560637514858,35137200.0,51.77790489196777,51.51232810974121,73.16936220345187,0.568777285529535,0.23194867325814483,0.33682861227139016,53.84530968090586,49.71050010302969,4.134809577876169,-0.00016403791935259981,0.06532776364709703,0.0664452667920492,1,0.01504557616393231,54.5096549987793,51.52500534057617,0
2016-10-26,54.17900466918945,54.68835673224852,54.036028711292445,54.33985304792555,29911600.0,51.894072914123534,51.56933959960938,69.29159427475611,0.6660562962374712,0.3187701978540101,0.3472860983834611,54.211836895002335,49.57630893324473,4.635527961757603,-0.005902834282970559,0.016258765264326902,0.06163510945992612,1,0.015373930504721706,54.50071334838867,51.40883255004883,0
2016-10-27,53.70541000366211,54.357741627348425,53.69647549499452,54.1611483484941,28479900.0,52.014709281921384,51.61473472595215,63.92097183692754,0.6969020287872425,0.3943965640406566,0.3025054647465859,54.443221521543904,49.58619704229886,4.857024479245041,-0.008741295053666165,-0.014754175111458712,0.05586822788251511,1,0.015831450430297163,54.17900466918945,51.158634185791016,0
2016-10-28,53.49987411499024,54.08071594611565,53.24073249706949,53.624977670293255,33574700.0,52.116132736206055,51.65530410766601,61.68637656567469,0.6967309844944367,0.45486344813141266,0.24186753636302405,54.61385807013955,49.61840740227256,4.99545066786699,-0.0038270983995439822,-0.018363782268329132,0.04266809449255371,1,0.016047065458801066,53.70541000366211,53.31221389770508,1
2016-10-31,53.5445442199707,53.991344502482406,53.5445442199707,53.7590098554552,26434700.0,52.22783241271973,51.696409683227536,61.997321655602576,0.6922204483718062,0.5023348481794914,0.18988560019231482,54.77086288038991,49.68480194504954,5.08606093534037,0.000834957197926256,-0.011710448597066159,0.04718610691229275,1,0.01587147973516331,53.49987411499024,54.5096549987793,0
2016-11-01,53.43731689453125,53.63391012359288,52.94583723069306,53.58923077393775,24533000.0,52.342213249206544,51.7344766998291,60.723351097685835,0.672244253672325,0.5363167292780582,0.1359275243942668,54.88676994341138,49.79765655500171,5.089113388409672,-0.002002581719604213,-0.004991919978128423,0.037114242712152024,1,0.01596648797553304,53.5445442199707,54.50071334838867,0
2016-11-02,53.10669708251953,53.553497493169154,52.99052802128198,53.45520085741558,22147000.0,52.42219066619873,51.76199981689453,56.84466812936307,0.6225582556854974,0.5535650345595461,0.0689932211259513,54.957265375427944,49.88711595696952,5.070149418458428,-0.006187058617936558,-0.007349120703081136,0.03302670860727597,1,0.016178193312186104,53.43731689453125,54.17900466918945,0
2016-11-03,52.91009140014648,53.29433993587916,52.82073270250364,53.19604332318254,21600400.0,52.48786945343018,51.784518280029296,54.61079291578877,0.5608521543306111,0.5550224585137591,0.0058296958168519986,55.00195190028619,49.97378700657417,5.028164893712017,-0.00370208830851515,-0.01184906565303423,0.03423580871988796,1,0.01611637777189434,53.10669708251953,53.70541000366211,0
2016-11-04,52.463287353515625,52.97263939315632,52.29350447657392,52.40967350227907,28697000.0,52.528527641296385,51.79416900634766,49.8192832918936,0.4704729526338056,0.5381125573377684,-0.0676396047039628,55.01323193522964,50.04382334736313,4.969408587866511,-0.008444590338198,-0.01822751585634541,-0.01592367831165975,1,0.009029894368918575,52.91009140014648,53.49987411499024,1
2016-11-07,53.9913444519043,54.08070655361231,53.41944063623557,53.41944063623557,31664800.0,52.63486614227295,51.836883010864256,62.074742503723456,0.5161978143937063,0.533729608748956,-0.017531794355249763,55.17815608891334,50.091576195632555,5.086579893280785,0.029126217121929532,0.01665792485663653,-0.009508600758647345,1,0.01102597338629988,52.463287353515625,53.5445442199707,1
2016-11-08,54.03603744506836,54.31305149080839,53.750085483056296,54.10752373116324,22935400.0,52.781416702270505,51.87923973083496,62.3642619291178,0.5497047931258692,0.5369246456243386,0.012780147501530559,55.292788771062646,50.27004463347836,5.022744137584283,0.0008277807048104879,0.0212803647683506,-0.00852605176651422,1,0.011037794076262696,53.9913444519043,53.43731689453125,0
2016-11-09,53.76795196533203,54.14326602830459,52.901161612668574,53.61604148402569,49632500.0,52.91813697814941,51.91998794555664,59.43338121804966,0.5483065211777927,0.5392010207350295,0.009105500442763148,55.32974644327674,50.506527513022085,4.823218930254654,-0.004961234990794039,0.02486814451837782,-0.007586937160755536,1,0.010993371143162086,54.03603744506836,53.10669708251953,0
2016-11-10,52.45436096191406,54.05390700833436,51.49820850038151,54.0449690925353,57822400.0,52.99766788482666,51.94214935302735,47.62328879360382,0.43617461529137813,0.5185957396462992,-0.0824211243549211,55.23138006994382,50.763955699709506,4.467424370234312,-0.024430742764108504,-0.028467220173770347,-0.023294655820758847,1,0.013171164367722352,53.76795196533203,52.91009140014648,1
2016-11-11,52.74032974243164,52.829688476047046,51.837790852357,52.03438415689151,38767800.0,53.06915683746338,51.96770660400391,49.95475343126772,0.36616365595964595,0.4881093229089686,-0.12194566694932263,55.16987079762799,50.96844287729877,4.201427920329223,0.005451763690824674,-0.023978584735305564,-0.014197124481565515,1,0.013375062973255601,52.45436096191406,52.463287353515625,0
2016-11-14,51.936073303222656,52.79393259191653,51.18544855612567,52.74031532111808,41328400.0,53.109368896484376,51.975748748779296,44.02001719162352,0.2429817507234162,0.43908380847185813,-0.19610205774844192,55.087413727314605,51.13132406565415,3.9560896616604566,-0.015249363118068016,-0.0340700844118168,-0.03003986568902628,1,0.01403415859325077,52.74032974243164,53.9913444519043,1
2016-11-15,52.9616584777832,53.51943619674933,52.46685854089268,52.47585683769406,35904100.0,53.18120155334473,52.00537506103515,51.87207690926418,0.2255157505662595,0.39637019689073844,-0.17085444632447894,55.02357603441753,51.338827072271926,3.684748962145605,0.01974706806524984,0.00967121716033259,-0.008901240638388486,1,0.015775810563117575,51.936073303222656,54.03603744506836,1
2016-11-16,53.66337966918945,53.67237453441604,52.907684011898574,53.0246344190682,27332500.0,53.293928909301755,52.04814254760742,56.38035315273033,0.2652393412041292,0.37014402575341665,-0.10490468454928747,54.95578169210026,51.63207612650325,3.3237055655970096,0.013249607576028222,0.017501785280177762,0.010482342477539541,1,0.0162268210223518,52.9616584777832,53.76795196533203,1
2016-11-17,54.554012298583984,54.83290113270859,53.95125687779632,54.34709610494743,32132700.0,53.463697814941405,52.11283302307129,61.33133436246621,0.36438675910625307,0.3689925724239839,-0.004605813317730856,54.89622497515347,52.03117065472934,2.865054320424136,0.016596655575643604,0.05040694894426845,0.031070082378140684,1,0.01680996888338645,53.66337966918945,52.45436096191406,0
2016-11-18,54.29311752319336,55.003831916476216,54.24813633806603,54.67996189260836,27686300.0,53.51274299621582,52.194109420776364,59.211194937130216,0.41710168553279914,0.37861439504574695,0.038487290487052184,54.987704107761274,52.037781884670366,2.9499222230909083,-0.004782320573649135,0.025140055724816257,0.03487829798669906,1,0.01656642798467401,54.554012298583984,52.74032974243164,1
2016-11-21,54.75194549560547,54.85090618180414,54.35610275081077,54.42807540689895,19652600.0,53.52485752105713,52.26954978942871,61.717595093366825,0.4902509198710021,0.400941700010798,0.08930921986020413,55.035910495790496,52.01380454632376,3.0221059494667344,0.008450941727855321,0.02028507770338983,0.01408746256316551,1,0.01413215554983338,54.29311752319336,51.936073303222656,1
2016-11-22,54.98584365844727,55.11179236077081,54.7069582266865,54.859894956123725,23206700.0,53.549114036560056,52.35896133422852,62.96687956326973,0.560633211389785,0.4328800022865954,0.12775320910318955,55.13573458283287,51.962493490287244,3.1732410925456236,0.004271960762756377,0.007915666358320195,0.017577273580514863,1,0.014156171840658833,54.75194549560547,52.9616584777832,0
2016-11-23,54.33809661865234,54.96784001013303,54.20314964513842,54.8868725123935,21848900.0,53.5570686340332,52.44024368286133,57.38214874235691,0.5577149213836492,0.45784698610600616,0.09986793527764304,55.157774077431625,51.956363190634775,3.2014108867968503,-0.011780251000939712,0.0008284493046426533,0.010603800823358878,1,0.014674632071204594,54.98584365844727,53.66337966918945,1
2016-11-25,54.45506286621094,54.45506286621094,54.095209885077445,54.24814662989403,8409600.0,53.59455127716065,52.5072444152832,58.10474337693531,0.5584034270657625,0.47795827429795745,0.08044515276780506,55.241826548084816,51.94727600623648,3.294550541848338,0.00215256431191313,-0.00542232110123575,0.03814176490968091,1,0.011613843911454997,54.33809661865234,54.554012298583984,1
2016-11-28,54.52703475952149,54.89588603333949,54.16717835157194,54.2841321989323,20732600.0,53.64590930938721,52.57461242675781,58.570225287713576,0.5583206303905826,0.4940307455164825,0.06428988487410003,55.34151467746947,51.950303941304945,3.391210736164524,0.0013216749650510895,-0.00834412765903425,0.03387739564419867,1,0.011622440314806559,54.45506286621094,54.29311752319336,1
2016-11-29,54.9588508605957,55.24673456430094,54.44605779888048,54.56301162596212,22366700.0,53.716624641418456,52.65633567810059,61.34521753811155,0.5863400013958255,0.5124925966923511,0.0738474047034744,55.50485926210997,51.928390020726944,3.5764692413830232,0.00791930283718223,0.011423923187811491,0.05820188868967646,1,0.009630831064177931,54.52703475952149,54.75194549560547,0
2016-11-30,54.212158203125,55.03982654819029,54.17617530869648,54.75194280169235,34655400.0,53.75536670684814,52.72526969909668,54.54208863232928,0.542045336471837,0.5184031446482483,0.02364219182358862,55.55127522533286,51.95945818836343,3.591817036969431,-0.013586395016968345,-0.004460644250521284,0.023611415527449386,1,0.009996057354795336,54.9588508605957,54.98584365844727,0
2016-12-01,53.258548736572266,54.11320517712532,53.02464102938331,54.07721884804313,34542100.0,53.76295928955078,52.75815307617187,47.323991626709116,0.4250929738978755,0.4997411104981738,-0.07464813660029834,55.54909141801442,51.97682716108714,3.5722642569272836,-0.017590324719774064,-0.02326343305744727,-0.007543895578563831,1,0.010979428123325773,54.212158203125,54.33809661865234,1
2016-12-02,53.30352020263672,53.50144154461737,52.898682653969296,53.15058347972048,25515700.0,53.78263072967529,52.79086372375488,47.6756701118977,0.3322067330043552,0.46623423499941014,-0.13402750199505492,55.539178550164465,52.026082909186115,3.5130956409783494,0.0008443990144548774,-0.030119455411427132,-0.022922092129596172,1,0.009208966517543533,53.258548736572266,54.45506286621094,1
2016-12-05,54.17616653442383,54.50903141893095,53.58240597445559,53.7083546641694,23552700.0,53.8682746887207,52.84799728393555,54.08190307225957,0.3252595937231675,0.43803930674416164,-0.11277971302099415,55.523255471648994,52.21329390579241,3.3099615658565824,0.016371270198847876,-0.000663904000396287,-0.0021540665576915696,1,0.010852625021271788,53.30352020263672,54.52703475952149,0
2016-12-06,53.93326950073242,54.3920831215852,53.79832250126967,54.36509509443056,19907000.0,53.86537094116211,52.90974510192871,52.16735405741644,0.2967336147471613,0.4097781683447616,-0.1130445535976003,55.5196814611849,52.21106042113932,3.3086210400455798,-0.004483466609566555,0.012668778631153899,-0.01495245488470831,1,0.010476243394466527,54.17616653442383,54.9588508605957,1
2016-12-07,55.21074295043945,55.2197412457301,53.798312592090966,53.98723561106504,30809000.0,53.924106216430665,52.978276596069335,60.15628556258936,0.3729093353010242,0.40240440173601416,-0.029495066434989947,55.67884942384674,52.16936300901459,3.5094864148321534,0.023686185939268523,0.03578042764440892,0.004090130786919888,1,0.013120768073014513,53.93326950073242,54.212158203125,0
2016-12-08,54.88689041137695,55.39968701884979,54.73395366124197,55.14778614826685,21220800.0,53.98005313873291,53.03890151977539,57.532908429923715,0.40250709802854345,0.4024249409945201,8.215703402336683e-05,55.78202909381471,52.17807718365112,3.6039519101635875,-0.0058657522387121075,0.013118755394063042,0.010099613841391575,1,0.012630574319068595,55.21074295043945,53.258548736572266,1
2016-12-09,55.75053405761719,55.76852721849757,54.99483845986384,55.03981964614253,27349400.0,54.14486179351807,53.12805854797363,62.25960880336505,0.49000390273702976,0.41994073334302207,0.0700631693940077,55.961408788525354,52.32831479851078,3.6330939900145722,0.01573497131586854,0.033694685556937776,0.02378972905768295,1,0.013462025791307243,54.88689041137695,53.30352020263672,1
2016-12-12,55.930458068847656,56.04741189711327,55.52562396580692,55.61558633718386,20198100.0,54.30436820983887,53.21723960876465,63.17908265785738,0.5673243528747491,0.44941745724936755,0.11790689562538159,56.159416067137535,52.449320352540205,3.7100957145973297,0.0032273056083107488,0.01303578035626618,0.02573811899942169,1,0.01345799905599106,55.75053405761719,54.17616653442383,1
2016-12-13,56.65916442871094,57.05500365894772,55.99343465822889,56.22733887794962,35718900.0,54.540522766113284,53.32421188354492,66.71593895956957,0.6795682402039347,0.495447613840281,0.18412062636365367,56.33087902915529,52.75016650307128,3.580712526084014,0.013028792987289206,0.03228956867570387,0.030937938866809844,1,0.013774576274454678,55.930458068847656,53.93326950073242,0
2016-12-14,56.3892822265625,57.08200355579058,56.25433522056348,56.67716596963847,30352700.0,54.711903953552245,53.42900352478027,64.25426167894881,0.7382351758009591,0.5440051262324167,0.1942300495685424,56.521022336441845,52.902785570662644,3.6182367657792014,-0.004763257716022373,0.011457256504218805,0.0401593313308084,1,0.01283490569376979,56.65916442871094,55.21074295043945,0
2016-12-15,56.299312591552734,56.81210565734126,56.04741177492637,56.40726812333862,27669900.0,54.84370059967041,53.52484680175781,63.414231964793444,0.7686092977545371,0.5889259605368409,0.17968333721769625,56.711191028405494,52.97621017093533,3.7349808574701626,-0.0015955094914718027,0.00659487755760968,0.057094380660290156,1,0.010654103185109171,56.3892822265625,54.88689041137695,0
2016-12-16,56.04741287231445,56.632178591972725,55.88547785554277,56.632178591972725,42453100.0,54.91837062835693,53.61386474609375,61.00928739291527,0.7635530419355661,0.623851376816586,0.13970166511898008,56.85181802443123,52.98492323228263,3.8668947921485994,-0.004474294758548769,-0.010797045148207118,0.05147676287131975,1,0.011044519921683725,56.299312591552734,55.75053405761719,1
2016-12-19,57.23493194580078,57.369878932119306,56.15536635078586,56.28131847287722,34338200.0,55.06546134948731,53.725560913085936,67.30442110819452,0.845620995040008,0.6682053004612704,0.17741569457873763,57.22110025496475,52.90982244400986,4.311277810954891,0.0211877589460141,0.014996639181194205,0.05645961327724058,1,0.011678166846216002,56.04741287231445,55.930458068847656,0
2016-12-20,57.162967681884766,57.39687192231601,56.70415063418292,57.297911248033465,26028400.0,55.18601245880127,53.83152877807617,66.60264873855795,0.8945418033987309,0.7134726010487624,0.18106920234996848,57.520299702424715,52.85172521517783,4.668574487246886,-0.0012573486412836843,0.015340419812898576,0.05988322627294984,1,0.011411140187066092,57.23493194580078,56.65916442871094,0
2016-12-21,57.162967681884766,57.30690954488354,56.78511814661003,57.06400700760222,17096300.0,55.29486865997315,53.95268760681152,66.60264873855795,0.9226758634701113,0.7553132535330322,0.16736260993707908,57.77985460091874,52.809882719027556,4.969971881891183,0.0,0.01990376990480791,0.03535950844200286,1,0.009625506293696936,57.162967681884766,56.3892822265625,1
2016-12-22,57.17196273803711,57.666762679259406,57.04601403647268,57.43285843804614,22176600.0,55.43656196594238,54.07545593261719,66.65305275126126,0.9349209479089069,0.7912347924082073,0.14368615550069963,58.00881021264044,52.86431371924432,5.144496493396119,0.00015735810293127095,-0.0011001883923492661,0.041632388162884615,1,0.00914945820092995,57.162967681884766,56.299312591552734,0
2016-12-23,56.89307022094727,57.16296075237222,56.497227571802654,57.0819932497603,12403800.0,55.5584623336792,54.19604248046875,63.455343636483086,0.9116124691354486,0.8153103277536556,0.09630214138179294,58.163963707090566,52.95296096026784,5.211002746822729,-0.004878134381492649,-0.004721543892533542,0.02049372589237075,1,0.008545114510161133,57.17196273803711,56.04741287231445,1
2016-12-27,56.92905807495117,57.63977250078702,56.866083726519605,56.866083726519605,11763200.0,55.67856349945068,54.308412628173826,63.69736894532513,0.8858329203401993,0.8294148462709644,0.056418074069234936,58.304183086485686,53.05294391241568,5.251239174070008,0.0006325525035675295,-0.004091978013376019,0.017854314814913286,1,0.008545235982616233,56.89307022094727,57.23493194580078,0
2016-12-28,56.66815948486328,57.03701066954044,56.524217642839126,57.03701066954044,14653300.0,55.76402893066406,54.41913917541504,60.56578048379426,0.8347278829541125,0.8304774536075941,0.004250429346518425,58.40162701271814,53.126430848609985,5.275196164108152,-0.004582872067624866,-0.008812068521807825,0.00015875730330727755,1,0.007752858035793695,56.92905807495117,57.162967681884766,0
2016-12-29,56.58720779418945,56.85709839440921,56.43426761389631,56.5512214656681,10250600.0,55.882781410217284,54.520383224487304,59.586892932999206,0.7787180705556551,0.8201255769972063,-0.04140750644155122,58.442933588141024,53.322629232293544,5.12030435584748,-0.0014285216144253043,-0.0053760928276499476,0.0035099855825744264,1,0.0075932498169100065,56.66815948486328,57.162967681884766,0
2016-12-30,55.90346908569336,56.66816295666951,55.80450841976808,56.64117150024343,25579900.0,56.01502742767334,54.610275955200194,51.949643329713176,0.6714182001007032,0.7903841016179058,-0.11896590151720265,58.27493656489409,53.755118290452586,4.519818274441505,-0.012082920065306757,-0.018015210929848036,-0.007031053979845048,1,0.008558675391205755,56.58720779418945,57.17196273803711,1
2017-01-03,56.299312591552734,56.53321681572955,55.89447505755009,56.48823563013914,20694100.0,56.16481704711914,54.71308952331543,55.50524502175744,0.6112771202959948,0.7545627053535237,-0.14328558505752886,58.05244807905156,54.27718601518673,3.7752620638648295,0.007080839746324008,-0.006508891353866342,0.004494404047019174,1,0.008765906980941604,55.90346908569336,56.89307022094727,0
2017-01-04,56.04741287231445,56.45225041424368,55.88547785554277,56.20934788908615,21340000.0,56.25837936401367,54.76779350280762,52.82634858991467,0.5370973551502658,0.711069635312872,-0.17397228016260624,57.9136575460324,54.603101181994944,3.3105563640374527,-0.004474294758548769,-0.009539168708204593,-0.020748152100728667,1,0.004962046477817326,56.299312591552734,56.92905807495117,0
2017-01-05,56.04741287231445,56.37128290585783,55.80451034715692,55.94845220297125,24876000.0,56.36408653259277,54.79854866027832,52.82634858991467,0.4728585379546004,0.6634274158412177,-0.19056887788661725,57.63802689021146,55.09014617497409,2.547880715237369,0.0,0.0025748632236122226,-0.019515341046994594,1,0.005001078591553309,56.04741287231445,56.66815948486328,1
2017-01-06,56.533203125,56.8120918990728,55.81349403431302,56.04739820184491,19922900.0,56.4302095413208,54.839198455810546,57.422482901411115,0.4558927778251771,0.6219204882380096,-0.16602771041283249,57.590000395873155,55.270418686768444,2.3195817091047104,0.008667487539384844,0.004154411886768905,-0.011017002482961336,1,0.006024439339554924,56.04741287231445,56.58720779418945,0
2017-01-09,56.353294372558594,56.74913708243749,56.26333199222875,56.46124991532337,20382700.0,56.503529739379886,54.88268424987793,55.274617116811065,0.42305346097261065,0.5821470827849299,-0.15909362181231923,57.42463115713833,55.58242832162144,1.8422028355168862,-0.003182355544999127,0.00545754896735362,-0.014319402837885242,1,0.006040105077441515,56.533203125,55.90346908569336,0
2017-01-10,56.33530044555664,56.74013801523625,56.02942355200369,56.4342611216833,18593000.0,56.53276805877685,54.93528205871582,55.052816341733134,0.39106811643014794,0.5439312895139735,-0.15286317308382558,57.39141118850036,55.67412492905334,1.7172862594470217,-0.0003193056803918459,0.0051365006605754715,-0.009803826252028691,1,0.00592137681904216,56.353294372558594,56.299312591552734,1
2017-01-11,56.84807968139648,56.88406599699464,56.16435684425141,56.326291832599125,21517300.0,56.5786491394043,55.00224617004395,59.98105884596583,0.4024572229504315,0.5156364762012652,-0.11317925325083367,57.40094868887598,55.75634958993262,1.6445990989433596,0.00910227214169912,0.005569763236310088,-0.0014224439379987297,1,0.006726855254619556,56.33530044555664,56.04741287231445,0
2017-01-12,56.32630157470703,57.037015987396735,55.73254099201749,56.73113911559639,20968200.0,56.5620059967041,55.05788131713867,53.54726707331772,0.3651705802551959,0.48554329701205134,-0.12037271675685546,57.390563712608596,55.73344828079961,1.6571154318089896,-0.009178464947518727,-0.00047899236685455815,-0.006032627727173057,1,0.007205428261845305,56.84807968139648,56.04741287231445,1
2017-01-13,56.40726852416992,56.56020524263298,56.09239335911058,56.33529588123824,19422300.0,56.56290531158447,55.117280349731445,54.36527020081182,0.338254812513739,0.4560856001123889,-0.1178307875986499,57.39074991683519,55.735060706333755,1.6556892105014356,0.0014374625565554133,0.0012774952479899238,-0.0031798577281632046,1,0.007224966716172012,56.32630157470703,56.533203125,0
2017-01-17,56.25434112548828,56.40728131046403,55.80452230073473,56.38928814565246,20664000.0,56.56065673828125,55.18023323059082,52.48533083906053,0.3011128679495201,0.42509105367981515,-0.12397818573029507,57.39159152097639,55.729721955586115,1.6618695653902762,-0.0027111293044815854,-0.010444302766879465,0.006276391170950024,1,0.006035998676490468,56.40726852416992,56.353294372558594,0
2017-01-18,56.22734069824219,56.40726887484546,55.88547750588041,56.38027741765603,19670100.0,56.56965312957764,55.246578216552734,52.14249664576302,0.266427687921464,0.393358380528145,-0.126930692606681,57.38185072633974,55.757455532815534,1.624395193524208,-0.00047997055348780737,-0.0017569212552255298,-0.0012783796106481393,1,0.005597488462381985,56.25434112548828,56.33530044555664,0
2017-01-19,56.04741287231445,56.65916661748649,55.95745049937221,55.99343682128692,18451700.0,56.51027717590332,55.31826072692871,49.80766919899568,0.22186325947308916,0.3590593563171338,-0.13719609684404466,57.29231983285075,55.72823451895589,1.5640853138948643,-0.003200005970286912,-0.006379597191473185,0.0,1,0.005500861967070339,56.22734069824219,56.84807968139648,1
2017-01-20,56.44326019287109,56.51522941077639,56.110391835544064,56.38028240841733,30213500.0,56.47429180145264,55.36729904174805,54.62186421550333,0.21599731677905254,0.3304469484095176,-0.11444963163046507,57.19686235473533,55.75172124816994,1.4451411065653872,0.007062722439275415,0.003358302019063286,0.007062722439275415,1,0.005935178482729864,56.04741287231445,56.32630157470703,1
2017-01-23,56.64117813110352,56.785119998797306,56.29032004309019,56.407273883042905,23097600.0,56.44820232391358,55.41940185546875,56.85032978294697,0.22472831040448682,0.30930322080851147,-0.08457491040402465,57.10402308972179,55.79238155810536,1.3116415316164307,0.0035064937347015768,0.007360074791413318,0.0019099396484714148,1,0.0053642247784320045,56.44326019287109,56.40726852416992,1
2017-01-24,57.14497756958008,57.34289892870727,56.62318614346108,56.85709382821957,24672900.0,56.44685306549072,55.48694236755371,61.97000852660359,0.2691969550846096,0.3012819676637311,-0.0320850125791215,57.096796844641176,55.79690928634027,1.2998875583009095,0.008894579087151744,0.01958278965999849,0.014048569934307142,1,0.0058542786162759175,56.64117813110352,56.25434112548828,1
2017-01-25,57.28892517089844,57.666771332288405,57.08200892558795,57.53182774543995,23672700.0,56.46664581298828,55.5836336517334,63.309530776546595,0.31245228928292335,0.3035160319875696,0.008936257295353744,57.189732972892806,55.74355865308376,1.446174319809046,0.002518989549748163,0.014982567894513021,0.016927658462803308,1,0.005829795618326065,57.14497756958008,56.22734069824219,1
2017-01-26,57.8196907043457,58.06259663771994,57.171954132109846,57.68475058990271,43554600.0,56.511177444458006,55.685220870971676,67.81154442521778,0.38512135675850345,0.3198370969417564,0.06528425981674707,57.426766791062875,55.59558809785314,1.8311786932097363,0.009264714460324397,0.020806639482574996,0.01709136048912452,1,0.005852908246164957,57.28892517089844,56.04741287231445,1
2017-01-27,59.17816925048828,59.2951265490781,58.37749221353426,58.827311082101296,44818000.0,56.63667793273926,55.830062789916994,75.94665942277146,0.5460356229144665,0.36507680213629845,0.18095882077816805,58.117536720019665,55.15581914545886,2.961717574560808,0.023495084971813407,0.03557953414948112,0.05063118997789595,1,0.007870362198808207,57.8196907043457,56.44326019287109,0
2017-01-30,58.59339141845703,59.18715549864145,58.29651624205465,59.097193115983465,31651400.0,56.73698711395264,55.94269744873047,67.98178519939935,0.6192364816163405,0.4159087380323069,0.2033277435840336,58.445188242227395,55.02878598567788,3.4164022565495173,-0.009881647902219015,0.022769954989856123,0.038756049556811556,1,0.00914673685143104,59.17816925048828,56.64117813110352,0
2017-01-31,58.16155624389648,58.61137492039423,57.8106982253233,58.35047926438294,25270500.0,56.84989147186279,56.03266098022461,62.74837778127836,0.6350823657441254,0.4597434635746706,0.17533890216945475,58.6201712517309,55.07961169199468,3.5405595597362236,-0.007370032082227751,0.0059126144637968725,0.03390343003313667,1,0.009624085576123853,58.59339141845703,57.14497756958008,0
2017-02-01,57.19895935058594,58.134583263430265,57.09999866705596,57.90067556929666,39671500.0,56.894873809814456,56.08555992126465,52.96113447202201,0.5634714701870678,0.48048906489715004,0.08298240528991774,58.652582293096614,55.1371653265323,3.5154169665643167,-0.016550397813874795,-0.033444932902955804,0.017280181496723834,1,0.011499458211270424,58.16155624389648,57.28892517089844,0
2017-02-02,56.8301010131836,57.0460155299788,56.452254898598014,56.90207366273027,45827000.0,56.93400821685791,56.13629959106445,49.75837791740402,0.4715201436736578,0.4786952806524516,-0.007175136978793795,58.64883013176993,55.219186301945896,3.4296438298240304,-0.00644868965432599,-0.030093673750346994,0.01396475057024027,1,0.011699737284526314,57.19895935058594,57.8196907043457,1
2017-02-03,57.28892517089844,57.30691833551395,56.74014566158376,57.1269901212041,30301800.0,56.99608383178711,56.18703918457031,53.523438703926665,0.43070641447175007,0.46909750741631134,-0.03839109294456128,58.66736586060422,55.32480180297,3.3425640576342204,0.008073611511061562,-0.015003571591838405,0.014982567894513021,1,0.01175785181533992,56.8301010131836,59.17816925048828,0
2017-02-06,57.25291061401367,57.26190890780758,56.80309201593771,57.12696195564737,19796400.0,57.03206920623779,56.23238052368164,53.18651901572349,0.3909485546963012,0.45346771687230936,-0.06251916217600817,58.6928955429209,55.371242869554685,3.3216526733662164,-0.0006286478019500441,0.000943221066261879,0.010800136986808706,1,0.011754122920094548,57.28892517089844,58.59339141845703,0
2017-02-07,57.064002990722656,57.37887472141639,56.88407481667861,57.34289183208316,20277200.0,57.067604637146,56.286898651123046,51.36024653920064,0.34027442618010895,0.43082905873386934,-0.0905546325537604,58.6989690818891,55.43624019240289,3.262728889486212,-0.003299528727274459,0.004115811398695213,-0.001417002548628643,1,0.011489424304919496,57.25291061401367,58.16155624389648,0
2017-02-08,56.98303985595703,57.40587058262511,56.87508431598562,57.18995607083754,18096400.0,57.09999160766601,56.33745819091797,50.55896580133262,0.2902361047553015,0.4027104679381558,-0.11247436318285431,58.69728013600827,55.50270307932376,3.1945770566845084,-0.0014188127457301913,-0.0053393446295060265,-0.0053393446295060265,1,0.011457787149748867,57.064002990722656,57.19895935058594,1
2017-02-09,57.63078308105469,57.97264976550277,56.96505317170934,57.144981380018535,22644400.0,57.139126777648926,56.399533157348635,56.41727430775253,0.29939658194017227,0.3820476907385591,-0.08265110879838683,58.74812037321743,55.53013318208042,3.217987191137013,0.011367298528387249,0.006600056887737127,-0.003267184950140445,1,0.011673664190316792,56.98303985595703,56.8301010131836,0
2017-02-10,57.5767936706543,57.84668763646096,57.5588005108109,57.80170302093029,18170700.0,57.201651382446286,56.4518920135498,55.823539581273025,0.29885481956657856,0.365409116504163,-0.06655429693758447,58.77626136129797,55.6270414035946,3.149219957703366,-0.000936815491895282,0.008986237436147126,-0.027060241979702138,1,0.008182843641821463,57.63078308105469,57.28892517089844,1
2017-02-13,58.22453308105469,58.35048176678038,57.69374345090618,57.79270411307474,22920100.0,57.292514610290525,56.5321395111084,61.11139031916309,0.34669612885491574,0.3616665189743136,-0.01497039011939788,58.88292985467394,55.70209936590711,3.18083048876683,0.011250008364577013,0.021787065559084384,-0.006295220817106539,1,0.00882797444440619,57.5767936706543,57.25291061401367,1
2017-02-14,58.44175720214844,58.577522306636574,57.94395412079196,58.296946154581136,23108400.0,57.401885414123534,56.63580368041992,62.722864013339546,0.3975561030130308,0.3688444357820571,0.02871166723097368,58.99253422159854,55.81123660664853,3.1812976149500116,0.0037308005680587453,0.01407189140486187,0.004817631720116955,1,0.008575893167173776,58.22453308105469,57.064002990722656,0
2017-02-15,58.40555953979492,58.441764032242986,58.070680068926855,58.3784078967841,17005200.0,57.51079635620117,56.737844467163086,62.25987973862321,0.4299855444248024,0.3810726575106062,0.04891288691419621,59.062659284327296,55.95893342807504,3.103725856252254,-0.0006193801159727341,0.014394095542750396,0.021094792683437502,1,0.006205986142746346,58.44175720214844,56.98303985595703,0
2017-02-16,58.3964958190918,59.04816275123894,58.32409375297512,58.59561703783671,20546300.0,57.62825050354004,56.822251052856444,62.13620080600307,0.44977007442721373,0.39481214089392774,0.054957933533285985,59.07105717954147,56.185443827538606,2.8856133520028635,-0.00015518592364394124,0.002953441254697875,0.02756276652657741,1,0.005523539652319179,58.40555953979492,57.63078308105469,1
2017-02-17,58.48703002929688,58.550386174131496,58.19740095215265,58.351264888850736,21248800.0,57.730438995361325,56.913326263427734,62.928373696386124,0.46736729191638204,0.40932317109841865,0.058044120817963396,59.1112290591898,56.34964893153285,2.7615801276569556,0.0015503363504130174,0.0007746657410017121,0.020913376447967646,1,0.005198826476369278,58.3964958190918,57.5767936706543,0
2017-02-21,58.36935043334961,58.78569170563997,58.333145943763455,58.477963902108094,20655900.0,57.81684761047363,56.976498413085935,61.137853959549965,0.4664406165754542,0.4207466601938258,0.04569395638162843,59.12873904056328,56.50495618038398,2.623782860179304,-0.00201206311704194,-0.0006199599272846967,0.01950014082013629,1,0.0052965196324230605,58.48703002929688,58.22453308105469,0
2017-02-22,58.2516975402832,58.27884918418636,57.97112134621578,58.22454589638004,19292700.0,57.872183609008786,57.043794555664064,59.32056491544652,0.4510136103335256,0.4268000502217658,0.02421356011175979,59.159175394269354,56.58519182374822,2.5739835705211362,-0.0020156621958771215,-0.00247957136430188,0.020813375986848293,1,0.005169282182752941,58.36935043334961,58.44175720214844,1
2017-02-23,58.48703002929688,58.58659067193726,58.09784030951227,58.306007540268055,20273100.0,57.93208885192871,57.098524475097655,61.768495866895464,0.4525601303748914,0.43195206625239096,0.020608064122500436,59.21644178075857,56.64773592309885,2.5687058576597224,0.004039924997051525,0.0,0.026393645848688863,1,0.005046209476097449,58.2516975402832,58.40555953979492,0
2017-02-24,58.48703002929688,58.64994681677187,58.05258296092959,58.40556818290843,21796800.0,57.96545581817627,57.14965591430664,61.768495866895464,0.44861441097283006,0.4352845351964788,0.013329875776351252,59.27089608927231,56.66001554708022,2.610880542192092,0.0,0.0020161196770838163,0.014857458158046066,1,0.004036004813162657,58.48703002929688,58.3964958190918,0
2017-02-27,58.134037017822266,58.414613206594616,57.97112025217681,58.414613206594616,15871500.0,57.91324920654297,57.17915336608887,55.91511164469066,0.4122516337627218,0.43067795490972743,-0.018426321147005653,59.098500796121826,56.72799761696412,2.3705031791577085,-0.006035406675596211,-0.00201986426884071,0.009678262918832559,1,0.004650894591808116,58.48703002929688,58.48703002929688,0
2017-02-28,57.90774917602539,58.10686694247604,57.70862795692494,57.99826039045732,23239800.0,57.878967094421384,57.20952270507812,52.48168648222619,0.36101280231501676,0.41674492439078537,-0.05573212207576861,59.022473824674776,56.73546036416799,2.2870134605067847,-0.003892518968319769,-0.009904432708949695,-0.005440728989415833,1,0.0031590145777731877,58.134037017822266,58.36935043334961,1
2017-03-01,58.77665710449219,58.821907546231735,57.94396749392502,58.04352813317434,26937500.0,57.90972213745117,57.25906959533691,62.104167523422134,0.38606890527709936,0.4106097205680482,-0.024540815290948814,59.11347555771785,56.70596871718449,2.407506840533358,0.015005037163947188,0.004951988074112013,0.005730489950624529,1,0.00577862539486205,57.90774917602539,58.2516975402832,0
2017-03-02,57.93491363525391,58.604679467108085,57.8172507637902,58.55037618231742,24539600.0,57.94651985168457,57.296819610595705,51.272378570839905,0.3341524823562807,0.3953182729256947,-0.061165790569414014,59.105267530942804,56.78777217242634,2.3174953585164673,-0.014321050408529268,-0.0034252460827260967,-0.008058238089823089,1,0.007472469188172396,58.77665710449219,58.48703002929688,1
2017-03-03,58.152137756347656,58.1792894006464,57.5819290575199,57.91681544957384,18135900.0,58.01262168884277,57.31516372680664,53.52511679671007,0.3069976366525111,0.37765414567105804,-0.07065650901854692,59.05396501005592,56.97127836762962,2.082686642426296,0.0037494510212157106,0.004220308746233359,-0.0041844644839845735,1,0.0076097134567800154,57.93491363525391,58.48703002929688,1
2017-03-06,58.17023468017578,58.43271207545835,57.75389682126457,57.898711340618654,18750300.0,58.05668716430664,57.33530906677246,53.71708865936761,0.28366755332499594,0.35885682720184564,-0.0751892738768497,59.045044331080994,57.06832999753228,1.9767143335487134,0.0003111996312834542,-0.010317402421140098,-0.005416506000773369,1,0.007584596680847897,58.152137756347656,58.134037017822266,1
2017-03-07,58.28790283203125,58.63183516834905,58.097834416805526,58.097834416805526,18521000.0,58.10843677520752,57.35780776977539,55.01814321444441,0.2715429525374802,0.34139405226897257,-0.0698510997314924,59.02909881343913,57.18777473697592,1.8413240764632093,0.0020228240869650804,0.0060928579094754465,-0.0013953830343094165,1,0.0076035320807784435,58.17023468017578,57.90774917602539,1
2017-03-08,58.82189178466797,58.90335360645377,58.1521260407949,58.161178888837725,21510900.0,58.19633121490479,57.390806350708004,60.45144118739127,0.30154652418167416,0.3334245466515129,-0.03187802246983873,59.03320162458132,57.35946080522826,1.673740819353057,0.009161231176484819,0.011517272694711922,0.009788457134497275,1,0.008098258449466149,58.28790283203125,58.77665710449219,0
2017-03-09,58.58657455444336,59.01196174970545,58.36030168438269,59.00291580671902,19846800.0,58.2765079498291,57.42467643737793,57.17402887830967,0.3028454234954623,0.32730872202030276,-0.02446329852484047,58.917352420641684,57.63566347901652,1.2816889416251627,-0.004000504286500117,0.00715726653943638,0.0017019931615029904,1,0.00816224774545359,58.82189178466797,57.93491363525391,1
2017-03-10,58.76759338378906,59.06627524628986,58.60467663199775,58.93051013558037,19538200.0,58.33334846496582,57.461447143554686,59.01482594082414,0.3148520982504124,0.3248173972663247,-0.00996529901591231,58.93551050178466,57.731186428146984,1.2043240736376788,0.0030897663965228084,0.00822967594391133,0.004797018319303348,1,0.008212162498729093,58.58657455444336,58.152137756347656,0
2017-03-13,58.56847381591797,59.002920801544086,58.44176155038131,58.84000404509686,20100000.0,58.382932472229,57.499453430175784,56.15548622078329,0.3047867970088731,0.3208112772148344,-0.016024480205961256,58.88227862296378,57.88358632149422,0.9986923014695606,-0.003388254587366135,-0.00430822540828335,0.007473019600591657,1,0.008018139808437581,58.76759338378906,58.17023468017578,0
2017-03-14,58.29695892333984,58.423671207202496,58.06163315103711,58.40556550647836,14280200.0,58.38655376434326,57.53364845275879,52.425464894100216,0.27176821575061894,0.3110026649219913,-0.039234449171372365,58.882289924033245,57.89081760465328,0.9914723193799659,-0.004635853982323468,-0.0049433788083034225,0.006721203169740564,1,0.008069486703792844,58.56847381591797,58.28790283203125,1
2017-03-15,58.60467147827149,58.758535367737856,58.15212575257055,58.42365595011102,24833800.0,58.39469947814941,57.58767250061035,55.99306743641871,0.26734875372515177,0.3022718826826234,-0.03492312895747163,58.89907484722217,57.89032410907666,1.0087507381455083,0.005278363753695947,-0.0027723086166484556,-0.0029260872375735936,1,0.006607269385748778,58.29695892333984,58.82189178466797,0
2017-03-16,58.50510787963867,58.61372133417034,58.19738011641474,58.60466848663452,20674300.0,58.3996768951416,57.63178840637207,54.56721765245433,0.2528971074755191,0.29239692764120256,-0.039499820165683486,58.90634229660861,57.8930114936746,1.0133308029340071,-0.001698902086154197,-0.0010819120279360606,0.009841979708032023,1,0.004492769862519647,58.60467147827149,58.58657455444336,1
2017-03-17,58.71327590942383,59.04815527555294,58.54130635040701,58.74948039054836,49219700.0,58.4155158996582,57.68510566711426,57.03094930525469,0.25529857096678654,0.28497725630631937,-0.02967868533953283,58.94027601370099,57.89075578561542,1.0495202280855693,0.0035581171854843774,0.0071413156667647915,0.009649484519851814,1,0.004480096920680739,58.50510787963867,58.76759338378906,1
2017-03-20,58.76759338378906,58.993866266538085,58.577524990915926,58.7494945915013,14598100.0,58.429544067382814,57.73950927734375,57.67589342553677,0.25860369193105015,0.27970254343126555,-0.0210988515002154,58.975762774633075,57.88332536013255,1.0924374145005231,0.0009251310461544371,0.0027800156780670715,0.010269147217603747,1,0.004474271722497079,58.71327590942383,58.56847381591797,0
2017-03-21,58.11592483520508,59.28349370785846,58.04351585737381,59.002917550387565,26640500.0,58.41687278747558,57.77116371154785,48.30772318388681,0.2062611681051152,0.2650142683660355,-0.05875310026092029,58.97959774751816,57.854147827433,1.1254499200851598,-0.011088909908700595,-0.00665212078976507,-0.0029504920999090523,1,0.005858457730907162,58.76759338378906,58.29695892333984,1
2017-03-22,58.858097076416016,58.95765769034914,58.034467431050935,58.034467431050935,20680000.0,58.44719276428223,57.821259765625,56.894921832404876,0.22210613684971747,0.2564326420627719,-0.034326505213054415,59.0358024642141,57.858583064350356,1.1772193998637448,0.012770548577097474,0.0024665829788752536,0.0006155070952253983,1,0.006572424416162286,58.11592483520508,58.60467147827149,0
2017-03-23,58.71327590942383,59.04815527555294,58.62276125396316,58.77663202506707,19269200.0,58.45850505828857,57.86881927490234,54.97577062568645,0.22043647639839747,0.249233408929897,-0.028796932531499536,59.05833182774794,57.8586782888292,1.1996535389187386,-0.002460513917127871,-0.0009242759697595249,0.0021626346299308263,1,0.00648360733287128,58.858097076416016,58.50510787963867,1
2017-03-24,58.81284713745117,59.23823433063704,58.61372590792165,59.15677941235676,22617100.0,58.47479591369629,57.90811462402344,56.07289231552975,0.22455924521622705,0.24429857618716302,-0.01973933097093597,59.09421460287127,57.85537722452131,1.238837378349956,0.0016958894983301054,0.011991933436872992,0.0007700460586597124,1,0.006430176709199676,58.71327590942383,58.71327590942383,1
2017-03-27,58.92145538330078,59.03006884941964,58.24263675698326,58.49606127262711,18614700.0,58.514166831970215,57.960017700195316,57.295250024204506,0.2338941606801157,0.24221769308575358,-0.008323532405637879,59.14198595162996,57.88634771231047,1.2556382393194951,0.001846675533251796,0.001076458635801858,0.006026818600263439,1,0.006327308787993619,58.81284713745117,58.76759338378906,1
2017-03-28,59.09342956542969,59.25634632460424,58.51417151176479,58.794747689392906,20080400.0,58.57345085144043,58.013740921020506,59.22985839912242,0.2522611185418171,0.2442263781769663,0.008034740364850801,59.18472742987185,57.962174273009005,1.222553156862844,0.0029187022114467442,0.006474747833732142,0.013662301718640357,1,0.006076189521777963,58.92145538330078,58.11592483520508,1
2017-03-29,59.25634765625,59.28349929917248,58.78569616125756,58.93956697998635,13618400.0,58.59743537902832,58.07378105163574,61.03091686281003,0.27677272959815724,0.2507356484612045,0.026037081136952744,59.27298632309718,57.92188443495946,1.3511018881377197,0.002756957787327652,0.007540878232987547,0.011119867436167219,1,0.00594713798436452,59.09342956542969,58.858097076416016,1
2017-03-30,59.47355270385742,59.717931239121576,59.156772107495655,59.21107537964364,15122800.0,58.674367332458495,58.138705291748046,63.35517081043522,0.31014977647879505,0.2626184740647226,0.04753130241407244,59.380359030268295,57.968375634648694,1.4119833956196004,0.0036655152772397948,0.009370055728683102,0.01655316705356924,1,0.005906177280023048,59.25634765625,58.71327590942383,1
2017-03-31,59.609317779541016,59.90799958690312,59.23822700579432,59.419249421755794,21040300.0,58.747226333618165,58.20994338989258,64.76960810681025,0.3435956764941892,0.27881391455061594,0.06478176194357327,59.52018963342186,57.97426303381447,1.5459265996073839,0.0022827806564647,0.008730043558228928,0.015261316222578092,1,0.005874291420404945,59.47355270385742,58.81284713745117,0
2017-04-03,59.32875061035156,59.681735743065765,59.00291711779996,59.5640694286276,20400900.0,58.805152130126956,58.267653198242186,59.645892600547946,0.3435026823658376,0.29175166811366027,0.05175101425217732,59.57007101111783,58.04023324913608,1.529837761981753,-0.004706766989468036,0.0012218598844730977,0.00954875287980217,1,0.006199817714089094,59.609317779541016,58.92145538330078,1
2017-04-04,59.491676330566406,59.56407841348804,59.08438095078893,59.18394158327001,12997400.0,58.86534080505371,58.324663162231445,61.54814656988229,0.35251218678537555,0.3039037718480033,0.048608414937372224,59.64723844312426,58.083443166983166,1.563795276141093,0.0027461512089623774,0.00030473422025467656,0.023672538968663837,1,0.004528785455391134,59.32875061035156,59.09342956542969,0
2017-04-05,59.337799072265625,60.05282221653239,59.22919250700514,60.007571782774,21448600.0,58.891136169433594,58.36851959228515,58.732187093883795,0.3432785734970807,0.3117787321778188,0.03149984131926187,59.699200592919254,58.08307174594793,1.6161288469713213,-0.0025865342480141384,-0.004554970890282228,0.008150144494593725,1,0.0029218634779222042,59.491676330566406,59.25634765625,1
2017-04-06,59.491676330566406,59.79035132270847,59.26540342134599,59.37400999837903,18103500.0,58.936391258239745,58.41257461547852,60.67003490045733,0.3444073634804212,0.3183044584383393,0.026102905042081903,59.77206712950408,58.10071538697541,1.671351742528671,0.002593241756631004,0.0027461512089623774,0.013257656110747584,1,0.0027224525522618168,59.337799072265625,59.47355270385742,0
2017-04-07,59.4464111328125,59.69983565280989,59.22919110214335,59.60027503348231,14108500.0,58.97033214569092,58.44510902404785,59.780743302344376,0.337755973891781,0.32219476152902765,0.015561212362753374,59.83060636735372,58.11005792402812,1.7205484433255975,-0.0007608660664122358,-0.0007608660664122358,0.010772544200770007,1,0.0027947783500880856,59.491676330566406,59.609317779541016,0
2017-04-10,59.31066131591797,59.57313875224568,59.156797375578215,59.38307031324328,17952700.0,59.00744152069092,58.44775886535645,57.07863330672077,0.31786665507272005,0.32132914023776615,-0.003462485165046103,59.85916335262073,58.1557196887611,1.7034436638596304,-0.0022835662289393266,-0.0004573434938934806,0.006605504397087403,1,0.002967986724844723,59.4464111328125,59.32875061035156,0
2017-04-11,59.26539993286133,59.38305935282184,58.69518781579697,59.37400650350156,18791500.0,59.055863571166995,58.46119903564453,56.16704955439375,0.29505084874475074,0.31607348193916307,-0.021022633194412332,59.84858212358696,58.26314501874703,1.5854371048399258,-0.0007631238980047028,-0.003803496752180391,0.0029101436267331415,1,0.002884196993057399,59.31066131591797,59.491676330566406,0
2017-04-12,59.03912353515625,59.29254805868641,58.93051006565746,59.21108623023722,17108500.0,59.07758617401123,58.47875038146972,51.71994647732027,0.25576227532334883,0.3040112406160002,-0.04824896529265138,59.84299874398662,58.31217360403584,1.5308251399507782,-0.003818018573424231,-0.00685134039036106,-0.003665837158136731,1,0.0030072471312902397,59.26539993286133,59.337799072265625,0
2017-04-13,58.78569030761719,59.60932688918915,58.78569030761719,59.09342500913094,17896500.0,59.09161529541016,58.51048500061035,47.21125885245573,0.20184906403196834,0.2835788052991938,-0.08172974126722549,59.82412024225043,58.359110348569885,1.465009893680545,-0.004292631942412695,-0.008851208141223088,-0.011565853475499877,1,0.0028726640653963407,59.03912353515625,59.491676330566406,1
2017-04-17,59.26539993286133,59.274445876880826,58.840005783718325,58.867157426378384,16689300.0,59.11922149658203,58.55919097900391,55.1764763010295,0.19557652883419507,0.2659783500061941,-0.070401821171999,59.83401319324478,58.40442979991928,1.429583393325501,0.008160312870936659,0.0,-0.005769531668717187,1,0.004025173658004627,58.78569030761719,59.4464111328125,0
2017-04-18,59.18394470214844,59.47357376500142,58.97577748166431,59.12964141077024,15155600.0,59.1400390625,58.597091369628906,53.694931288510325,0.18193550389206337,0.24916978078336793,-0.06723427689130457,59.83667601109052,58.443402113909485,1.3932738971810323,-0.0013744145961246401,0.002452969460258858,-0.0024407375296701117,1,0.0037749151134210328,59.26539993286133,59.31066131591797,0
2017-04-19,58.86713790893555,59.50975189160066,58.73137283534748,59.41924414430812,26992800.0,59.17759971618652,58.62937591552734,48.26658379484281,0.14390241533190817,0.228116307693076,-0.08421389236116783,59.71125957521084,58.6439398571622,1.067319718048637,-0.0053529178362013985,0.0013855004660514592,-0.0104979126518574,1,0.003929213696734309,59.18394470214844,59.26539993286133,1
2017-04-20,59.28349304199219,59.50976591619827,58.95765955071143,59.2472885534832,22299500.0,59.19886951446533,58.67376571655274,54.742210551969265,0.14567801279690684,0.21162864871384218,-0.06595063591693534,59.71346597751627,58.68427305141439,1.029192926101885,0.007072793885456452,0.00030528958129627526,-0.0009152012902821083,1,0.004633160243977297,58.86713790893555,59.03912353515625,1
2017-04-21,60.09806823730469,60.36959150462029,59.23822729422412,59.437348500101706,32522600.0,59.26810913085937,58.736066284179685,64.18718954766814,0.2103893595787838,0.2113807908868305,-0.000991431308046714,59.86826282838252,58.667955433336225,1.2003073950462948,0.013740337377480705,0.015445464809023868,0.010192886537082169,1,0.0063654281363513055,59.28349304199219,58.78569030761719,1
2017-04-24,61.120826721191406,61.23849303333308,60.731637107422806,61.07557629023692,29770000.0,59.383508110046385,58.80586715698242,72.06892569074503,0.34027910452331156,0.23716045361412674,0.10311865090918482,60.35920097177995,58.40781524831282,1.9513857234671264,0.01701815905044124,0.038284327934240636,0.028166806985841397,1,0.008064831118045068,60.09806823730469,59.26539993286133,1
2017-04-25,61.47381210327149,61.58242556755501,61.18418310381544,61.45571331187425,30242700.0,59.51112594604492,58.883807525634765,74.18091919358551,0.466325127713894,0.28299338843408023,0.18333173927981378,60.82185357775869,58.20039831433115,2.621455263427535,0.0057752062760907386,0.0369465250593084,0.036471533774198095,1,0.007900182761113667,61.120826721191406,59.18394470214844,0
2017-04-26,61.39236831665039,61.82680844196387,61.202299898663085,61.618641229297374,26190800.0,59.62607288360596,58.94716423034668,72.81287837022876,0.553267947774188,0.3370483003021018,0.21621964747208616,61.155149810655665,58.09699595655625,3.058153854099416,-0.001324853361692968,0.021536467266052517,0.035888872532685134,1,0.00793669663598503,61.47381210327149,58.86713790893555,1
2017-04-27,61.79059982299805,61.8901604503415,61.16609132138102,61.68199325156943,34971000.0,59.75278549194336,59.01414108276367,75.21935574253541,0.6468482494927699,0.3990082901402354,0.24783995935253444,61.53703545590895,57.968535527977764,3.5684999279311853,0.006486661408689365,0.010958181322740845,0.04660428751458956,1,0.007530853124121824,61.39236831665039,59.28349304199219,1
2017-04-28,61.96257400512695,62.57803660805473,61.265656467619664,62.36986939392845,39548800.0,59.87723655700684,59.08528137207031,76.19912497175639,0.7265133978524432,0.464509311682677,0.26200408616976617,61.89778958232952,57.856683531684155,4.041106050645368,0.0027831770952464474,0.007950733574719315,0.05404178603475751,1,0.006910284162367692,61.79059982299805,60.09806823730469,1
2017-05-01,62.82240676879883,62.94911903129477,61.99877015727478,62.16168690981248,31954400.0,60.03789100646973,59.17379959106445,80.37665565084365,0.8492404052322513,0.5414555303925919,0.30778487483965944,62.425325726128754,57.6504562868107,4.774869439318053,0.013876646951444194,0.023293423781479916,0.06001827103110835,1,0.007392908346706068,61.96257400512695,61.120826721191406,0
2017-05-02,62.72283172607422,63.09391557940572,62.56896095245011,63.09391557940572,23906100.0,60.20759506225586,59.258515625,78.6548915222346,0.9277727819052686,0.6187189806951272,0.30905380121014137,62.8392964107582,57.57589371375352,5.263402697004679,-0.0015850243224693195,0.015086953448365747,0.05979471361254696,1,0.00741610325281098,62.82240676879883,61.47381210327149,0
2017-05-03,62.52372741699219,62.79525074526394,62.18884104962626,62.79525074526394,28928000.0,60.35919761657715,59.341603164672854,75.18672659410271,0.9628451232248167,0.6875442092010652,0.27530091402375156,63.15281615543613,57.56557907771817,5.587237077717958,-0.0031743514060648126,0.0090563282896996,0.06211597230551957,1,0.007074606373465114,62.72283172607422,61.39236831665039,0
2017-05-04,62.279327392578125,62.52370589975175,62.12546353564559,62.47844857463121,21749400.0,60.50627403259277,59.42215576171875,71.04561843461835,0.9598545610777549,0.7420062795764031,0.21784828150135183,63.37794729501963,57.63460077016591,5.74334652485372,-0.003908916414788854,-0.008644676384643502,0.050534039019325405,1,0.0077236667312590825,62.52372741699219,61.79059982299805,1
2017-05-05,62.451297760009766,62.47844939331854,61.98969927786527,62.36079001388102,19128800.0,60.654255104064944,59.501441116333005,72.2056478697469,0.960291448409194,0.7856633133429612,0.17462813506623276,63.605467650923046,57.70304255720684,5.902425093716204,0.002761275283973852,-0.004329108852264674,0.039156491909408064,1,0.0070928169046863025,62.279327392578125,61.96257400512695,0
2017-05-08,62.397003173828125,62.49656378000975,61.92635178000599,62.42415481091414,18566100.0,60.801784706115725,59.579640579223636,71.23527771773455,0.9453590547038431,0.8176024616151377,0.12775659308870535,63.79147571322032,57.81209369901113,5.979382014209193,-0.0008693908394071803,-0.002026818431967392,0.020879567916483266,1,0.005481203338415865,62.451297760009766,62.82240676879883,1
2017-05-09,62.48751068115234,62.70473068226592,62.16167722683231,62.32459395399233,22858400.0,60.96062717437744,59.66671005249023,71.91289732236592,0.9301065353798847,0.8401032763680872,0.09000325901179751,63.95411564415511,57.967138704599776,5.986976939555333,0.00145051048480771,0.003342735018024845,0.016489925436507846,1,0.005325842550757262,62.397003173828125,62.72283172607422,1
2017-05-10,62.73191833496094,62.95819131340798,62.37893304100782,62.44228919876085,17977800.0,61.13395309448242,59.763193435668946,73.71371548633796,0.9270539580324026,0.8574934127009504,0.06956054533145228,64.11615716452985,58.15174902443499,5.964408140094861,0.003911304053312525,0.004493430641418383,0.021819487585189812,1,0.005257881549506905,62.48751068115234,62.52372741699219,0
2017-05-11,61.96257400512695,62.20695261946812,61.65484615631373,61.87206622049373,28789400.0,61.28012561798096,59.826911773681644,60.55275795477277,0.8527254228812922,0.8565398147370187,-0.0038143918557265177,64.12050162039505,58.43974961556686,5.680752004828186,-0.012264001329052698,-0.00696234028244791,0.0027831770952464474,1,0.0066955670174768415,62.73191833496094,62.279327392578125,0
2017-05-12,61.89017105102539,62.098345190754806,61.58244317220157,62.098345190754806,18714100.0,61.43534965515137,59.90601692199707,59.47652816925763,0.7789974127020187,0.8410313343300188,-0.06203392162800003,64.04328895866011,58.82741035164262,5.215878607017494,-0.0011684949385022403,-0.00955934431721761,-0.0011684949385022403,1,0.006649055588365758,61.96257400512695,62.451297760009766,1
2017-05-15,61.9354133605957,61.98067069898676,61.15703409631182,61.67293598958831,31530300.0,61.56885032653808,59.98168243408203,59.95547509359936,0.7159649118982045,0.816018049843656,-0.10005313794545145,63.985114814583646,59.15258583849252,4.832528976091126,0.0007310096062429494,-0.012696965045963515,-0.014119061236661401,1,0.004546430972508995,61.89017105102539,62.397003173828125,1
2017-05-16,63.18251037597656,63.20981765279819,62.04466087586072,62.10838017007191,34956000.0,61.76877861022949,60.08192794799805,70.35604334199488,0.7579048522458507,0.804395410324095,-0.046490558078244315,64.01859495502134,59.51896226543764,4.499632689583706,0.020135443484006643,0.01968827781022564,0.007328729224309827,1,0.008186016483253932,61.9354133605957,62.48751068115234,0
2017-05-17,61.4256591796875,62.900307416066,61.38014243009617,62.70914956856808,30548800.0,61.89670467376709,60.144683074951175,50.46939994496153,0.6419790137573145,0.771912131010739,-0.1299331172534245,63.72313718311575,60.07027216441843,3.6528650186973266,-0.027805973296006536,-0.007505422322308997,-0.017562424421392775,1,0.012215579483598188,63.18251037597656,62.73191833496094,1
2017-05-18,61.6350212097168,62.01733691494508,61.11616219694095,61.35283680036465,25201300.0,62.01428108215332,60.200945663452146,52.203228943278276,0.5605391710263916,0.7296375390138696,-0.16909836798747802,63.402978134988224,60.62558402931841,2.7773941056698135,0.0034083806804068306,-0.004850087124307789,-0.010345426160432658,1,0.012287686937955563,61.4256591796875,61.96257400512695,0
2017-05-19,61.6168098449707,61.99002075756967,61.38013527546886,61.44385455054088,26961100.0,62.09021816253662,60.26155036926269,52.03260597003077,0.48889235721442503,0.6814885026539808,-0.19259614543955572,63.186865821253264,60.99357050381998,2.1932953174332823,-0.0002954710550699957,-0.02478060022764106,-0.013362218960538907,1,0.012222371937193294,61.6350212097168,61.89017105102539,1
2017-05-22,62.30862045288086,62.35413719959188,61.44385782441535,61.79886622514376,16237600.0,62.1496078491211,60.33237091064453,57.68995569838311,0.4823745617566857,0.6416657144745217,-0.159291152717836,63.15465685621136,61.14455884203083,2.010098014180528,0.011227627812130603,0.014374469643222643,-0.0014164577856574656,1,0.012849708784444662,61.6168098449707,61.9354133605957,1
2017-05-23,62.51801300048828,62.581732304675896,62.24492629975093,62.554425023578816,15425800.0,62.20181789398193,60.41136169433594,59.256295913438365,0.4884745598623965,0.6110274835520968,-0.12255292368970028,63.16878451419419,61.23485127376967,1.9339332404245226,0.003360571074844554,0.014326137534163452,0.0004881346528842201,1,0.012888908180185276,62.30862045288086,63.18251037597656,1
2017-05-24,62.59989929199219,62.7000305624037,62.308610217580345,62.69093277046036,14593900.0,62.26219444274902,60.49742050170899,59.88178379290909,0.4942193387847098,0.5876658545986194,-0.09344651581390961,63.1683374614169,61.356051424081144,1.8122860373357526,0.0013098031683007605,0.015954890386161935,-0.002104495549838381,1,0.012830092531312494,62.51801300048828,61.4256591796875,1
2017-05-25,63.3736457824707,63.61031339424292,62.72734832900705,62.78196286328068,21854100.0,62.341346740722656,60.59279998779297,65.30219855579355,0.5548114714966559,0.5810949779782267,-0.02628350648157085,63.34065617439208,61.34203730705323,1.9986188673388483,0.012360187464031558,0.01709274450066256,0.022772969005887322,1,0.012604840903002904,62.59989929199219,61.6350212097168,1
2017-05-26,63.68315887451172,63.91983351096054,63.28263363511865,63.53751775238466,19827900.0,62.4273759841919,60.69636100769043,67.21068161284961,0.6206518053626056,0.5890063434551025,0.03164546190750306,63.56773269361388,61.28701927476992,2.280713418843959,0.00488394013346527,0.01863696266249426,0.02897047775175965,1,0.012563628104744148,63.3736457824707,61.6168098449707,1
2017-05-30,64.0927734375,64.0927734375,63.51018825447997,63.52839773091707,17072800.0,62.49089431762695,60.80395095825195,69.59422711297077,0.6978389630701685,0.6107728673781158,0.0870660956920527,63.83542954637101,61.146359088882896,2.689070457488114,0.006432070428469716,0.023847868165800312,0.03483241589660313,1,0.012582014475865624,63.68315887451172,62.30862045288086,0
2017-05-31,63.57388305664063,64.39313555889171,63.546575797378544,64.20197779917942,30436400.0,62.533446884155275,60.90007675170899,63.315310526194736,0.7089676862987773,0.6304118311622481,0.07855585513652918,63.95624203003535,61.1106517382752,2.8455902917601463,-0.008095926467675207,0.003159630027554927,0.006194319889082367,1,0.011560872299195894,64.0927734375,62.51801300048828,1
2017-06-01,63.81059265136719,64.27483714886662,63.21890957728071,63.93803122795424,21603600.0,62.59779014587402,61.013970108032225,64.87230158454739,0.7284901842902656,0.6500275017878516,0.07846268250241395,64.12552938224866,61.07005090949939,3.0554784727492645,0.003723377955624718,0.002001059292717766,0.03882633908254984,1,0.005786753597379182,63.57388305664063,62.59989929199219,1
2017-06-02,65.3216552734375,65.41268182945693,63.93802662037039,64.1200866772903,34770300.0,62.74990653991699,61.143241271972656,72.8067065813226,0.8560243142859036,0.691226864287462,0.1647974499984416,64.67475306018709,60.8250600196469,3.8496930405401883,0.02368043547763432,0.0191734850908869,0.05981394978638388,1,0.008525035177087656,63.81059265136719,63.3736457824707,1
2017-06-05,65.79499053955078,66.35026150060533,65.3671581323566,65.51280616241432,33316800.0,62.91709117889404,61.284875564575195,74.73203993420675,0.9839478924705958,0.7497710699240888,0.23417682254650696,65.24730687381027,60.586875483977806,4.660431389832468,0.007246222774543787,0.034937420464489666,0.06780910444880983,1,0.008249244313151834,65.3216552734375,63.68315887451172,1
2017-06-06,66.01345825195312,66.10449174678162,65.78588840464307,65.81320262001998,31511100.0,63.097913932800296,61.42888778686523,75.59104627766483,1.090387460499585,0.817894348039188,0.27249311246039687,65.77420188725048,60.42162597835011,5.352575908900377,0.0033204307898033747,0.03452194234617778,0.0594594740205161,1,0.008135938506350016,65.79499053955078,64.0927734375,0
2017-06-07,65.89513397216797,66.24103769000408,65.49460876055025,66.12270385242684,22301800.0,63.26829509735107,61.568361358642576,74.12130617298367,1.1519152426419978,0.88469852695975,0.2672167156822478,66.19006986861665,60.346520326085496,5.84354954253115,-0.001792426619032006,0.008779304448576442,0.05401836702093066,1,0.008465670066817461,66.01345825195312,63.57388305664063,0
2017-06-08,65.4946060180664,66.01346504553496,65.0849830287054,66.00436725102031,24588300.0,63.40642948150635,61.69638488769531,69.2154281712651,1.1550425828236257,0.9387673381325252,0.2162752446911005,66.47142465908054,60.34143430393216,6.129990355148379,-0.0060782629908717745,-0.004565461884272315,0.04624139589381904,1,0.009148124402053816,65.89513397216797,63.81059265136719,0
2017-06-09,64.01084899902344,65.6129427343637,62.43606253529951,65.57653072391496,49187400.0,63.50884323120117,61.79147491455078,54.75681874108046,1.0259675164004207,0.9562073737861043,0.0697601426143164,66.51023657385784,60.5074498885445,6.002786685313339,-0.022654644546356684,-0.030336378459167257,0.010054703476267246,1,0.012068988303348769,65.4946060180664,65.3216552734375,0
2017-06-12,63.51930618286133,63.66495424508112,62.01734352940846,63.03685913030149,47761700.0,63.59029998779297,61.87238998413086,50.9590526506353,0.8739369973561821,0.9397532985001199,-0.06581630114393777,66.49853367060844,60.682066304977496,5.816467365630942,-0.007679054782879224,-0.03605467727419931,-0.002572935993537362,1,0.012279494416982985,64.01084899902344,65.79499053955078,1
2017-06-13,64.3112564086914,64.46600227699894,63.68316124983078,63.73777580455524,25258600.0,63.709092140197754,61.96642875671387,56.22674132178058,0.8080408879449479,0.9134108163890856,-0.10536992844413773,66.53001442455127,60.88816985584424,5.641844568707029,0.012467866439695996,-0.018067894156788666,0.003408854999923827,1,0.012779314225193532,63.51930618286133,66.01345825195312,0
2017-06-14,63.9653434753418,64.72087719876363,63.20071195637182,64.54792879988162,25510700.0,63.748233795166016,62.05916061401367,53.52246567394625,0.7196102447151418,0.874650702054297,-0.15504045733915517,66.56055481813232,60.93591277219972,5.624642045932596,-0.005378730764508344,-0.0007109032983195762,0.006157566596213693,1,0.01260598399196819,64.3112564086914,65.89513397216797,0
2017-06-15,63.62851333618164,63.9106976474919,62.6272076701942,63.055033032707634,26068700.0,63.85837650299072,62.14189735412597,50.95264057289053,0.6152566499472272,0.8227718916328831,-0.20751524168565594,66.46310679625282,61.25364620972863,5.209460586524187,-0.0052658224103807605,0.001719274971391016,-0.0028534340086817656,1,0.012685542249820212,63.9653434753418,65.4946060180664,1
2017-06-16,63.71957778930664,63.74688506860652,63.00956074797848,63.4738053307249,48345100.0,63.96260433197021,62.229532928466796,51.628842734727165,0.5337510645527317,0.7649677262168528,-0.23121666166412114,66.3618453377594,61.56336332618102,4.798482011578386,0.0014311893890064376,-0.00920023418022975,-0.02452597806079071,1,0.009606671896290088,63.62851333618164,64.01084899902344,1
2017-06-19,64.51152801513672,64.57524731947838,64.03817865869871,64.1747220093975,23798300.0,64.10734024047852,62.329929962158204,57.16031657782652,0.5269862955542806,0.7173714400843385,-0.19038514453005795,66.25961265770506,61.95506782325197,4.30454483445309,0.012428679745002613,0.008538757241340678,-0.019506994588631255,1,0.010301806016760229,63.71957778930664,63.51930618286133,0
2017-06-20,63.63762664794922,64.51149390756653,63.60121464402188,64.46597716643745,21512200.0,64.17379055023193,62.413754272460935,50.32182961522071,0.44596779145731347,0.6630907103589335,-0.21712291890162005,66.17670382349944,62.17087727696442,4.005826546535019,-0.013546437265948064,0.00014322685365009136,-0.035990109697572326,1,0.010720722678799715,64.51152801513672,64.3112564086914,1
2017-06-21,63.9653434753418,64.28394688646138,63.66495648996479,63.91072892252454,19891100.0,64.24615707397462,62.506847915649416,52.611431601607805,0.40355215434760083,0.6111829991566671,-0.20763084480906624,66.10386644385889,62.388447704090346,3.7154187397685448,0.005149733650589239,0.0038569886142025833,-0.02928578152130712,1,0.011070331371825481,63.63762664794922,63.9653434753418,0
2017-06-22,63.95622634887695,64.25661324346133,63.45556994976966,64.21110344482976,22965700.0,64.31397342681885,62.60066444396973,52.53888464972185,0.36499435274197367,0.5619452698737284,-0.19695091713175472,66.01910301140384,62.608843842233846,3.410259169169997,-0.00014253228341309931,-0.008607789698136914,-0.023488646817191317,1,0.011040823641278326,63.9653434753418,63.62851333618164,1
2017-06-23,64.8210220336914,64.85743405812761,63.64676028893717,63.80150618412838,27617300.0,64.38634223937989,62.71630241394043,58.39872648931778,0.3996123194721477,0.5294786797934123,-0.12986636032126464,66.04799634366942,62.724688135090354,3.3233082085790713,0.013521680908705536,0.01859584412675952,0.012656808140137699,1,0.009449352546583268,63.95622634887695,63.71957778930664,0
2017-06-26,64.20201873779297,65.27614893791619,64.12009690776902,64.9939644857686,19607000.0,64.41228523254395,62.82462898254394,53.323763506388964,0.37280149123211714,0.49814324208115335,-0.1253417508490362,66.0451673068062,62.7794031582817,3.2657641485245037,-0.009549422031277177,0.0037000545856900047,0.010748111022595763,1,0.009662896134624356,64.8210220336914,64.51152801513672,0
2017-06-27,63.00044250488281,63.88341471905646,62.97313523143519,63.81969543271823,25215100.0,64.35766868591308,62.899329833984375,45.125935985453026,0.25169517142465736,0.4488536279498542,-0.1971584565251968,66.09910901503119,62.616228356794984,3.482880658236205,-0.018715552198093732,-0.014944343945191618,-0.02038234015330853,1,0.010579098645149453,64.20201873779297,63.63762664794922,1
2017-06-28,63.53750228881836,63.57390735182841,62.6181181880058,63.00043385353484,25806200.0,64.35584964752198,62.98640098571777,48.906848765444984,0.1967853575142442,0.3984399738627322,-0.20165461634848802,66.10063381340902,62.61106548163493,3.4895683317740875,0.008524698598647573,-0.019800979753233805,-0.006688640493087705,1,0.010992248665235564,63.00044250488281,63.9653434753418,0
2017-06-29,62.34503936767578,63.25531884369042,61.98092618829367,63.15518754573831,28918700.0,64.2825719833374,63.05595901489258,41.98898719886644,0.056397032592833796,0.33003138560875256,-0.27363435301591876,66.22473672382485,62.34040724284996,3.884329480974884,-0.018767859581921842,-0.028924002805912785,-0.020171365025057453,1,0.012369740028961773,63.53750228881836,63.95622634887695,1
2017-06-30,62.74557113647461,63.15519416566538,62.57261579554065,62.60902781178369,24161100.0,64.15376777648926,63.12520057678223,44.812685024477766,-0.022285269280068576,0.25956805463098837,-0.28185332391105694,66.14428963979142,62.1632459131871,3.9810437266043266,0.006424436857545679,-0.004045548860842518,-0.015285830299325842,1,0.01262037731233668,62.34503936767578,64.8210220336914,0
2017-07-03,62.05373764038086,63.35543730513846,61.91719435766757,63.109664952158425,16165500.0,63.96670513153076,63.16431396484375,41.09206720806689,-0.13886598104233627,0.17988124749632345,-0.3187472285386597,66.0076633473311,61.925746915730414,4.081916431600689,-0.01102601320799168,-0.023352580680506496,-0.03809846783010895,1,0.01191043331021783,62.74557113647461,64.20201873779297,1
2017-07-05,62.88211441040039,63.20981561144124,62.09927342401191,62.13568544022555,21176300.0,63.81013793945313,63.19953971862793,46.788827358254665,-0.1625402894466248,0.11139694010773382,-0.2739372295543586,65.67155810571955,61.948717773186694,3.7228403325328614,0.01334934528553644,0.008614559364655161,-0.011872099532064695,1,0.012490792492783965,62.05373764038086,63.00044250488281,0
2017-07-06,62.41786193847656,62.60901979060078,62.00823896176483,62.144775324081344,21117600.0,63.636274337768555,63.21842071533203,44.208521774622476,-0.2162706110057684,0.04586342988503338,-0.2621340408908018,65.32808272783883,61.94446594769827,3.3836167801405637,-0.007382901740451753,-0.005222825963051014,-0.024192499450296556,1,0.012420001080488931,62.88211441040039,63.53750228881836,1
2017-07-07,63.22799682617188,63.573900446237374,62.53618264116124,62.53618264116124,16878300.0,63.52294387817383,63.25513328552247,49.44764012286697,-0.19127624955070388,-0.00156450600211408,-0.1897117435485898,64.99042445212355,62.055463304224105,2.9349611478994433,0.012979215604883132,0.018923262811278097,-0.011386374154294665,1,0.01334122638768705,62.41786193847656,62.34503936767578,1
2017-07-10,63.70136260986328,63.94713501967148,62.99133876455655,63.22801337965879,15014500.0,63.50746955871582,63.293348541259775,52.26812052750648,-0.131752613249553,-0.027602127451601868,-0.10415048579795114,64.96050011037065,62.054439007060985,2.9060611033096606,0.0074866484382352105,0.013028318260993377,-0.017273091177830713,1,0.012730633966836652,63.22799682617188,62.74557113647461,1
2017-07-11,63.71044921875,64.33854418725667,63.49198412117908,63.71955395673886,17460000.0,63.51702671051025,63.32830604553224,52.3231099586956,-0.08289097369215881,-0.03865989669971326,-0.04423107699244555,64.97275489763308,62.061298523387414,2.9114563742456667,0.00014264386999651713,0.02070861192822493,-0.007656605332779121,1,0.01242928594737389,63.70136260986328,62.05373764038086,1
2017-07-12,64.76637268066406,64.88470648785686,64.22020649725755,64.34764504188975,17750900.0,63.53978252410889,63.36718536376953,58.33072292345571,0.04056877475981224,-0.02281416240780816,0.0633829371676204,65.05737474684433,62.022190301373435,3.0351844454708967,0.016573787735957524,0.02433061193954189,0.02803044082816375,1,0.011735845994975238,63.71044921875,62.88211441040039,1
2017-07-13,65.33074951171875,65.57652883896279,64.91202182091557,65.0849771293554,20269800.0,63.608052825927736,63.41934371948242,61.148600463019555,0.18185568927486884,0.01811980792872724,0.1637358813461416,65.30797486636493,61.908130785490535,3.399844080874395,0.008714041063213385,0.02557852509112868,0.028223445340185727,1,0.01174620194626907,64.76637268066406,62.41786193847656,1
2017-07-14,66.2501220703125,66.69615695398109,65.50369337024529,65.75857044662735,25868100.0,63.739133262634276,63.49387161254883,65.2689249518546,0.36381839689642703,0.0872595257222672,0.27655887117415984,65.79267383246587,61.685592692802686,4.10708113966318,0.014072585504760537,0.039862736532315646,0.06263662261253455,1,0.009384195612763586,65.33074951171875,63.22799682617188,1
2017-07-17,66.76898193359375,66.86000847007465,66.1955085033725,66.26833251050904,21803900.0,63.89160346984863,63.58366470336914,67.3720166408111,0.5436262236207057,0.1785328653019549,0.3650933583187508,66.33290646744393,61.450300472253325,4.882605995190609,0.007831832562218866,0.030920509672569096,0.06412262609528296,1,0.009399586866883044,66.2501220703125,63.70136260986328,0
2017-07-18,66.72347259521484,66.8053943951454,66.14089442388777,66.532307838951,26435300.0,64.00220069885253,63.66910820007324,66.98885882543141,0.6746757563274883,0.2777614435070616,0.3969143128204267,66.72948297212106,61.274918425584,5.454564546537064,-0.000681594013582032,0.021318033145269144,0.07525308115840557,1,0.007699615991743179,66.76898193359375,63.71044921875,1
2017-07-19,67.2332534790039,67.39710408886276,66.86003550020449,66.9055522592862,22416200.0,64.18198204040527,63.76583320617676,69.10823738978394,0.8103275603592408,0.38427466687749745,0.42605289348174336,67.24305061868135,61.1209134621292,6.122137156552149,0.007640203124344325,0.014839692033291607,0.06919517750636994,1,0.0074080755679132885,66.72347259521484,64.76637268066406,1
2017-07-20,67.56095886230469,67.63378290337042,66.70529374198941,67.52454684177182,42361000.0,64.36176280975342,63.86730216979981,70.42282462025523,0.9335147016689831,0.4941226738357946,0.4393920278331885,67.75513381213608,60.96839180737074,6.786742004765337,0.0048741562596419374,0.01186144981959747,0.08239783876124318,1,0.005607291143878913,67.2332534790039,65.33074951171875,0
2017-07-21,67.16949462890625,67.62463417217445,66.6051190950975,66.85999612814717,46717100.0,64.52242622375488,63.95605369567871,66.76766693398041,0.988162583487636,0.5929306557661629,0.3952319277214731,68.12180053866764,60.92305190884212,7.198748629825523,-0.005794237381921641,0.006684634602237338,0.062337856655026336,1,0.006764642969193761,67.56095886230469,66.2501220703125,0
2017-07-24,66.99656677246094,67.13311008024444,66.56873431568383,66.93284748814612,21394800.0,64.63120346069336,64.05673355102539,65.15878849700151,1.0059219486890925,0.6755289143507488,0.33039303433834366,68.3881447577005,60.874262163686204,7.513882594014298,-0.0025744998886875203,-0.0035203815715519893,0.051728943111923886,1,0.007263022460548316,67.16949462890625,66.76898193359375,1
2017-07-25,67.53364562988281,67.6428747369698,66.90555048460382,67.17863714208569,22018700.0,64.79778480529785,64.16960304260255,67.75741943924886,1.0512163807217405,0.7506664076249472,0.3005499730967933,68.75399571164503,60.84157389895067,7.912421812694362,0.008016513133366043,-0.0004042753815489686,0.06000893821994335,1,0.007093118747232244,66.99656677246094,66.72347259521484,0
2017-07-26,67.40621185302734,67.70659886383986,67.18773973349482,67.67018684391776,16252200.0,65.01807327270508,64.27901901245117,66.49023335094407,1.0645581400782476,0.8134447541156073,0.2511133859626402,69.039539070608,60.99660747480216,8.04293159580584,-0.0018869672393204695,0.0035241775366763317,0.04075941052587928,1,0.006361604034662993,67.53364562988281,67.2332534790039,0
2017-07-27,66.59603118896484,67.74297800792228,65.83139303144723,67.14219733297494,36844200.0,65.1709997177124,64.34728942871094,58.94284594723486,0.998249572183596,0.8504057177292051,0.14784385445439086,69.18823923295226,61.153760202472554,8.034479030479702,-0.012019376876259091,-0.005978449386166651,0.019367322228855288,1,0.007863559257265703,67.40621185302734,67.56095886230469,0
2017-07-28,66.48680114746094,66.73257350360862,66.03166149580379,66.14999530507787,18306700.0,65.37808780670166,64.44851226806641,57.98715927982032,0.9262088439161431,0.8655663429665927,0.06064250094955037,69.21419621456886,61.54197939883446,7.6722168157344015,-0.0016401884549841483,-0.01550108057484545,0.003572507789453505,1,0.006647439958774417,66.59603118896484,67.16949462890625,0
2017-07-31,66.17729949951172,66.85091115299318,65.91332462530475,66.72347261203822,23600100.0,65.54967422485352,64.53935783386231,55.2534676938115,0.8345220012044905,0.8593574746141723,-0.02483547340968184,69.20202677951097,61.897321670196064,7.304705109314909,-0.0046550840558982065,-0.018231440689697065,-0.00886163630097725,1,0.0062524730107012885,66.48680114746094,66.99656677246094,0
2017-08-01,66.06807708740234,66.83270841014706,65.98614833431951,66.54141929507094,22132300.0,65.75039119720459,64.62838317871093,54.280947598353386,0.7444644590689222,0.8363788715051224,-0.09191441243620013,69.03489477561679,62.46588761879239,6.569007156824405,-0.0016504513320338976,-0.007927711188440711,-0.00982256292007655,1,0.006256697957227102,66.17729949951172,67.53364562988281,0
2017-08-02,65.77680206298828,66.04988176037592,65.03037311165117,66.04078396521359,26499200.0,65.89512557983399,64.69774681091309,51.66910986623899,0.6421870157437013,0.7975405003528382,-0.1553534846091369,68.90492769162879,62.88532346803919,6.019604223589596,-0.004408710488557621,-0.010678797478885338,-0.021662664539511822,1,0.005532853232038801,66.06807708740234,67.40621185302734,0
2017-08-03,65.6766586303711,65.94064048385384,65.40357203852535,65.71307063894255,18214400.0,66.05806541442871,64.76091972351074,50.76470160971589,0.5467480952573993,0.7473820193337505,-0.20063392407635117,68.61618665250043,63.49994417635699,5.116242476143441,-0.001522473417319481,-0.007565145041077415,-0.027890371357428,1,0.004968455528157635,65.77680206298828,66.59603118896484,1
2017-08-04,66.15912628173828,66.48682751648987,65.75860100706797,65.90424908690542,22579000.0,66.20462188720703,64.83210426330567,54.8638051811796,0.5042307127033183,0.6987517580076641,-0.19452104530434577,68.4087666389766,64.00047713543745,4.408289503539152,0.00734610532004254,0.001378111765164336,-0.015042071594404405,1,0.005766157282598168,65.6766586303711,66.48680114746094,0
2017-08-07,65.90424346923828,66.35938326261025,65.7768048826847,66.26835669291228,18705700.0,66.31476593017578,64.88271621704102,52.38263424016996,0.44484062209595265,0.6479695308253218,-0.20312890872936917,68.20540372806889,64.42412813228268,3.7812755957862123,-0.003852572227368678,0.0019374825508842175,-0.016304168345409265,1,0.005806653955706187,66.15912628173828,66.17729949951172,1
2017-08-08,66.2592544555664,66.56874619320767,65.3125628162035,65.62205455384476,22044600.0,66.4422061920166,64.93423812866212,55.40758089003991,0.4215604802491697,0.6026877207100914,-0.18112724046092166,67.90974508402259,64.97466730001061,2.9350777840119804,0.00538676976838115,0.008870667865034987,-0.018870463195496456,1,0.00536405165320771,65.90424346923828,66.06807708740234,0
2017-08-09,65.96794891357422,66.0043609227857,65.58563323417467,65.76768633535141,22213400.0,66.50228500366211,64.97174163818359,52.462527319417376,0.3752788959054669,0.5572059557491665,-0.1819270598436996,67.77607185662924,65.22849815069497,2.547573705934269,-0.004396450645057226,-0.002889659808231637,-0.021337246225750173,1,0.005422263837300277,66.2592544555664,65.77680206298828,0
2017-08-10,65.00308227539062,65.71309939099318,64.94846076619412,65.449117422008,24734500.0,66.4859016418457,65.00032562255859,44.10116086189298,0.25777229434625326,0.49731922346858387,-0.2395469291223306,67.82623069507443,65.14557258861697,2.6806581064574573,-0.014626294345572055,-0.013673796199000221,-0.023919577265111513,1,0.005983568994344241,65.96794891357422,65.6766586303711,1
2017-08-11,65.99526977539062,66.17732291405956,64.88472757281671,65.18512150201433,21443700.0,66.47315902709961,65.04401916503906,52.487084025071276,0.24192000202100417,0.4462393791790679,-0.20431937715806375,67.82698988744093,65.1193281667583,2.707661720682637,0.015263699278082132,-0.003984117876738358,-0.007392916542640515,1,0.00819991948048803,65.00308227539062,66.15912628173828,1
2017-08-14,66.9874496459961,67.10579039846944,66.40487145573915,66.50500273327205,20096600.0,66.48408241271973,65.07733505249024,59.09554126254698,0.3058914435578117,0.4181697920548167,-0.11227834849700497,67.85074895827302,65.11741586716644,2.733333091106573,0.015034105837922418,0.015454485840654897,0.012242115538279918,1,0.00942075582814347,65.99526977539062,65.90424346923828,1
2017-08-15,67.0057601928711,67.34435352367521,66.84103665992691,67.34435352367521,19181400.0,66.49819679260254,65.10155044555664,59.208301446522455,0.35398624686520463,0.4053330830168943,-0.05134683615168967,67.88020569026651,65.11618789493858,2.7640177953279306,0.00027334294665282144,0.030808968550075422,0.014192680441240668,1,0.009374306128900188,66.9874496459961,66.2592544555664,1
2017-08-16,67.39927673339844,67.81108214026055,66.96001158178049,67.11558189264993,18150400.0,66.50649795532226,65.12926681518555,61.65478691518648,0.4190249621268407,0.4080714588388836,0.010953503287957078,67.90792590620259,65.10507000444193,2.8028559017606653,0.005872876292943197,0.021274357431771085,0.024666365945496427,1,0.009222977812223337,67.0057601928711,65.96794891357422,0
2017-08-17,66.25536346435547,67.60060466764354,66.25536346435547,67.33521632982159,22977500.0,66.4412181854248,65.1364714050293,51.90878477813248,0.37395366672866714,0.4012479004168404,-0.02729423368817324,67.75924347111435,65.12319289973526,2.636050571379087,-0.016972189086950862,-0.010928706578761105,0.008811423206550817,1,0.011075517646897673,67.39927673339844,65.00308227539062,1
2017-08-18,66.33771514892578,66.65800897928894,65.82524502034474,66.13638560358841,18761500.0,66.39962921142578,65.15333358764649,52.491021332930856,0.3409491831576048,0.38918815696499326,-0.04823897380738845,67.67490853093611,65.12434989191544,2.5505586390206645,0.0012429436692262819,-0.009969964403394482,0.0026993837014561706,1,0.010848688433708615,66.25536346435547,65.99526977539062,0
2017-08-21,66.02659606933594,66.32859048569605,65.61478359742192,66.31943723559553,17734800.0,66.35113067626953,65.19364852905274,50.026823960842,0.28638689272115414,0.3686279041162254,-0.08224101139507128,67.6055200758525,65.09674127668657,2.508778799165924,-0.004689927575759811,-0.02036640051038252,0.0018565208195548966,1,0.010887656918243336,66.33771514892578,66.9874496459961,1
2017-08-22,66.95085144042969,67.02405646562597,66.20959208706162,66.20959208706162,14343700.0,66.32199096679688,65.2622794342041,56.552235726407716,0.3141047643727859,0.3577232761675375,-0.043618511794751624,67.48919315622366,65.15478877737009,2.334404378853577,0.013998228382441136,0.010497081892070215,0.010437741724472094,1,0.011653672307641907,66.02659606933594,67.0057601928711,0
2017-08-23,66.5481948852539,66.94170071073799,66.37431810737814,66.76782393286223,13766500.0,66.2790901184082,65.30701820373535,53.28767171263547,0.3001207532667536,0.3462027715873807,-0.04608201832062714,67.3421638112208,65.21601642559561,2.1261473856251882,-0.006014211119242496,0.0031728517609568296,0.008795877107531158,1,0.011749288999083464,66.95085144042969,67.39927673339844,0
2017-08-24,66.52073669433594,66.67630696610813,65.95335413731382,66.56648896033195,17098300.0,66.27532539367675,65.35812606811524,53.06272131818628,0.28355404268860696,0.33367302580762603,-0.05011898311901908,67.33440861459539,65.21624217275811,2.1181664418372748,-0.0004126060964585454,0.007483963348361877,0.02334742239630505,1,0.010444449854358018,66.5481948852539,66.25536346435547,1
2017-08-25,66.63972473144531,67.12474221164803,66.32858407693168,66.67633074642634,12794300.0,66.28297157287598,65.4183502960205,53.969541911480505,0.2768349642251309,0.322305413491127,-0.04547044926599614,67.35022805057547,65.21571509517649,2.134512955398975,0.0017887360095865112,-0.004647091146573468,0.009765168901468835,1,0.009412947031517297,66.52073669433594,66.33771514892578,1
2017-08-28,66.64885711669922,66.8867856667689,66.39262207392801,66.85933290959788,14569700.0,66.30654945373536,65.47693588256836,54.042929296648715,0.2691444239195846,0.3116732155768186,-0.042528791657234,67.3842107419638,65.22888816550692,2.155322576456882,0.0001370411611198996,0.0015126215161640477,-0.005054566655190107,1,0.008023506192832756,66.63972473144531,66.02659606933594,1
2017-08-29,66.85020446777344,66.95086925882583,65.93507508139396,66.1180981659166,11478400.0,66.34565582275391,65.5237094116211,55.71917694329516,0.2761137958579667,0.3045613316330482,-0.028447535775081523,67.44245797479036,65.24885367071747,2.193604304072892,0.0030210173104945337,0.004952858158372653,-0.0023215276515019534,1,0.008098773378050513,66.64885711669922,66.95085144042969,1
2017-08-30,67.72870635986328,67.91172938633787,66.64885374714898,66.81357726372848,16897800.0,66.44325103759766,65.60553100585938,62.19782126095988,0.34850745704923725,0.31335055671628603,0.03515690033295121,67.66092196790271,65.22558010729261,2.4353418606100945,0.013141349365854982,0.016341328431449975,0.004887732367929054,1,0.008982580142972431,66.85020446777344,66.5481948852539,1
2017-08-31,68.42422485351562,68.59810168054773,67.53655516543195,67.74703102584434,27652800.0,66.58062934875488,65.69470863342285,66.39041058713781,0.45673749927621543,0.34202794522827196,0.11470955404794347,68.02095915859405,65.14029953891571,2.8806596196783403,0.010269183202124665,0.026637632115848797,0.03273488025353566,1,0.006998582074885918,67.72870635986328,66.52073669433594,0
2017-09-01,67.66465759277344,68.39675678864369,67.39011603064587,68.36930402880732,21736200.0,66.65590591430664,65.76887725830078,58.729755263076704,0.4757358705426924,0.3687695302911561,0.10696634025153628,68.15636390955055,65.15544791906274,3.0009159904878118,-0.01110085298544905,0.012183255555973993,0.020002836107163358,1,0.008349704519197447,68.42422485351562,66.63972473144531,0
2017-09-05,67.36268615722656,67.61892131193093,66.78615705914174,67.11559727098712,21556000.0,66.72882804870605,65.81971054077148,55.96497153428776,0.46111025350792545,0.38723767493451,0.07387257857341545,68.21779145350854,65.23986464390356,2.9779268096049805,-0.004462764555231091,-0.005404210744731186,0.020235634841565542,1,0.008329724929894122,67.66465759277344,66.64885711669922,0
2017-09-06,67.17049407958984,67.7561762910291,67.12473482043131,67.48163469984327,16535800.0,66.77439002990722,65.87908004760742,54.21560199685917,0.4290650572902166,0.39560315140565133,0.03346190588456527,68.25885031870232,65.28992974111213,2.9689205775901826,-0.0028530940287644357,-0.018322907955622414,0.0032806549048234324,1,0.007279253170994985,67.36268615722656,66.85020446777344,1
2017-09-07,68.03070831298828,68.26864388417465,67.35351459086968,67.42672660998586,17471200.0,66.87752799987793,65.97968536376953,60.210593354242725,0.4676898702421397,0.41002049517294903,0.057669375069190676,68.40941254398338,65.34564345577247,3.063769088210904,0.01280643004321469,0.005409777175225727,0.02227728986925359,1,0.007860404392949974,67.17049407958984,67.72870635986328,0
2017-09-08,67.7012710571289,68.12222971204623,67.57314652730973,68.02156492697006,14703800.0,67.01243743896484,66.06296073913575,57.12561101439192,0.4663417816858697,0.4212847524755332,0.0450570292103365,68.31890948210784,65.70596539582183,2.6129440862860065,-0.004842478698644959,0.005026297483328834,0.017746862429042887,1,0.00814574420769877,68.03070831298828,68.42422485351562,1
2017-09-11,68.41505432128906,68.57977784061173,68.00324203204188,68.00324203204188,17910400.0,67.13342666625977,66.18436103820801,61.70398902237137,0.5169111261780728,0.44041002721604117,0.07650109896203161,68.48799539452,65.77885793799953,2.709137456520466,0.010543129442249999,0.01852837706128163,0.02664071013195568,1,0.008603123950168762,67.7012710571289,67.66465759277344,0
2017-09-12,68.34183502197266,68.85430503543982,68.0581472619291,68.41504701871948,14394900.0,67.20114593505859,66.29628631591797,60.98457713348808,0.5447994021033935,0.4612879021935117,0.08351149990988183,68.65176688308611,65.75052498703107,2.9012418960550406,-0.0010702220445891752,0.0045733274972381555,0.02540145440617403,1,0.008650892042519493,68.41505432128906,67.36268615722656,1
2017-09-13,68.8268814086914,68.8451879065653,68.22289963463432,68.57064629352274,13380800.0,67.29220199584961,66.43174919128418,63.98058795403007,0.5991338097933436,0.48885708371347814,0.1102767260798655,68.9022033493971,65.68220064230212,3.2200027070949773,0.0070973567883099165,0.016626133217095163,0.029568749365170177,1,0.008771011091626245,68.34183502197266,67.17049407958984,0
2017-09-14,68.42422485351562,69.08311916449678,68.19544249452959,68.63470769581153,15733900.0,67.34344940185547,66.54259140014648,59.87045561417118,0.6027550158635506,0.5116366701434927,0.09111834572005795,69.02737378320602,65.65952502050492,3.367848762701101,-0.005850280398218555,0.00013404260681415536,0.010269183202124665,1,0.008366569355886175,68.8268814086914,68.03070831298828,1
2017-09-15,68.91838836669922,68.99160038955692,67.7836299399358,68.47913019331851,38578400.0,67.47660064697266,66.67260192871093,63.01097213230857,0.6381435912908842,0.5369380543729709,0.10120553691791323,69.21556144380546,65.73763985013986,3.4779215936655987,0.007222054970173364,0.008436316416455591,0.007222054970173364,1,0.00804287094189828,68.42422485351562,67.7012710571289,0
2017-09-18,68.7811050415039,69.52235736250512,68.6712870383671,68.8451637978635,23307000.0,67.59877014160156,66.78366409301758,61.56940910236008,0.6476460151423993,0.5590796465268566,0.08856636861554268,69.34382527505375,65.85371500814938,3.4901102669043667,-0.00199196946488156,-0.00066509430981887,0.016499713269068517,1,0.006999904707093418,68.91838836669922,68.41505432128906,1
2017-09-19,69.03736877441406,69.28445065686373,68.6438628268952,68.82688592634801,16093300.0,67.74930877685547,66.89038421630859,63.2591521627584,0.6681530436896423,0.5808943259594137,0.08725871773022864,69.44463672110004,66.0539808326109,3.3906558884891354,0.003725786795014674,0.008960918771254933,0.02486068642332251,1,0.006675535726826759,68.7811050415039,68.34183502197266,0
2017-09-20,68.57978057861328,69.13800991738918,68.00324474702563,68.95497989867829,21587900.0,67.83075523376465,66.98777084350586,58.32753264462995,0.640102762189116,0.5927360132053542,0.04736674898376181,69.52132691111193,66.14018355641737,3.381143354694558,-0.0066281233471685574,-0.004913170434054259,0.020980737425477125,1,0.0071035663817189286,69.03736877441406,68.8268814086914,0
2017-09-21,67.91173553466797,68.8543174719217,67.82022401314576,68.73535319213099,19186100.0,67.89893226623535,67.05067810058594,51.95895796675827,0.5575400850042911,0.5856968275651415,-0.028156742560850434,69.48378541953859,66.3140791129321,3.1697063066064857,-0.009741137086018092,-0.012639655997258914,-0.0017488099311410155,1,0.006903655975645024,68.57978057861328,68.42422485351562,1
2017-09-22,68.09478759765625,68.18629914879507,67.58231034388794,67.71042791185906,14111400.0,67.97763481140137,67.10595886230469,53.45851317051562,0.5011029374197591,0.568778049536065,-0.06767511211630595,69.43185983194027,66.52340979086247,2.908450041077799,0.002695440803376803,-0.013653202511784368,0.005812542872279058,1,0.006744491111319517,67.91173553466797,68.91838836669922,0
2017-09-25,67.04235076904297,67.94832650079381,66.73120328647519,67.80190251326074,24149200.0,67.99776611328124,67.1218034362793,44.80015330411637,0.36722014956620797,0.5284664695420936,-0.16124631997588568,69.38704646823783,66.60848575832466,2.7785607099131653,-0.01545546826332278,-0.022418120860097424,-0.02006434937257573,1,0.007458951087648299,68.09478759765625,68.7811050415039,0
2017-09-26,67.04235076904297,67.54566751695788,66.79526203555092,67.41755001880645,18019600.0,68.01744079589844,67.12727081298829,44.80015330411637,0.2581413824494234,0.47440145212355966,-0.21626006967413625,69.33925929021342,66.69562230158346,2.6436369886299644,0.0,-0.01280168675973814,-0.01901447704048176,1,0.007481412532527556,67.04235076904297,69.03736877441406,1
2017-09-27,67.58228302001953,67.87512405439692,66.95999494923245,67.30774847759879,19565100.0,68.05404472351074,67.14444702148438,49.65206632707552,0.21281054638227204,0.4220832709753022,-0.20927272459303015,69.28173730338942,66.82635214363206,2.4553851597573555,0.008053599624461283,-0.007526340792262887,-0.01808302749156243,1,0.007614022079810421,67.04235076904297,68.57978057861328,1
2017-09-28,67.6005859375,67.69209744680145,67.08810891802678,67.29859167311267,10883800.0,68.04763870239258,67.1517936706543,49.81310537530101,0.17632980446049373,0.37293257767234056,-0.19660277321184683,69.28336556793076,66.81191183685439,2.471453731076366,0.00027082419626234255,0.008326604930368964,-0.012037241456207881,1,0.007497111524039408,67.58228302001953,67.91173553466797,1
2017-09-29,68.1679916381836,68.2137509040161,67.60976210806896,67.6646746234447,17079100.0,68.03482704162597,67.16393432617187,54.6552183211497,0.19100170295851626,0.3365464027295757,-0.14554469977105944,69.25993841272397,66.80971567052798,2.45022274219599,0.008393502701414368,0.01678999701275985,-0.0108881932137318,1,0.0076506485300157296,67.6005859375,68.09478759765625,1
2017-10-02,68.2778091430664,68.6438623211588,67.99412124643953,68.36932069211859,15304800.0,68.06548461914062,67.18610061645508,55.549115485028,0.20908049330566314,0.3110532208447932,-0.10197272753913006,69.28267043055507,66.84829880772617,2.4343716228289054,0.0016109834284936397,0.010291545238873434,-0.0073173569708395725,1,0.007687039180843383,68.1679916381836,67.04235076904297,0
2017-10-03,67.95751190185547,68.52488766731892,67.8934531224682,68.3327113291571,12190400.0,68.09522590637206,67.20531951904297,52.31010646547704,0.19531132697612463,0.2879048420710595,-0.09259351509493485,69.27061929105896,66.91983252168517,2.350786769373798,-0.004691088440459512,0.005279924122040258,-0.015641628464826418,1,0.007608083396739349,68.2778091430664,67.04235076904297,1
2017-10-04,68.35103607177734,68.3784888442878,67.45420593908617,67.80195269402735,13317700.0,68.15425300598145,67.22166732788087,55.725871053823454,0.21368998996554467,0.27306187164995654,-0.059371881684411876,69.25410517453169,67.0544008374312,2.199704337100485,0.005790738343837587,0.0026851962217884218,-0.0033354511330598857,1,0.007699938609548318,67.95751190185547,67.58228302001953,1
2017-10-05,69.52239227294922,69.65966310033012,68.5981094825944,68.836045117929,21195300.0,68.2288372039795,67.2639909362793,63.9929389881804,0.31909553411095715,0.28226860414215665,0.03682692996880049,69.47732906812243,66.98034533983656,2.496983728285869,0.01713735838534758,0.01822822298347271,0.023716913219792968,1,0.0086709786606161,68.35103607177734,67.6005859375,1
2017-10-06,69.54981231689453,69.57726507307655,69.12885376438115,69.24781803513025,13959800.0,68.32126426696777,67.3230665588379,64.1616383645596,0.4002291629827823,0.3058607159102818,0.09436844707250053,69.66955604876729,66.97297248516826,2.6965835635990345,0.0003944059323743865,0.023430822737281254,0.02136763723877677,1,0.008692200553284693,69.52239227294922,68.1679916381836,1
2017-10-09,69.8152084350586,70.05314398515237,69.4217025945458,69.52236736643619,11386500.0,68.39127197265626,67.38963470458984,65.83033586636219,0.4804055806364005,0.3407696888555055,0.13963589178089497,69.88890374784722,66.89364019746529,2.995263550381935,0.003815914224970518,0.021421363119407344,0.04135979174668214,1,0.00610695939296702,69.54981231689453,68.2778091430664,0
2017-10-10,69.8152084350586,70.12634901589662,69.67793765685519,69.85181444137163,13944500.0,68.46494064331054,67.46239288330078,65.83033586636219,0.5377471548022044,0.38016518204484534,0.15758197275735902,70.08550315345661,66.84437813316447,3.241125020292145,0.0,0.004211825176552608,0.04135979174668214,1,0.00610695939296702,69.8152084350586,67.95751190185547,1
2017-10-11,69.93417358398438,69.97077959075008,69.50406173183971,69.87926806477677,15388900.0,68.52030525207519,67.53971481323242,66.63790068752482,0.5860348141933969,0.4213391084745557,0.16469570571884118,70.25797344621917,66.78263705793121,3.475336388287957,0.0017040004834540934,0.005526417028108632,0.03480040121266925,1,0.005976328682736723,69.8152084350586,68.35103607177734,1
2017-10-12,70.57479095458984,70.7303612970262,69.8884438159639,69.99825488973819,16876500.0,68.62783355712891,67.63567459106446,70.6592478412989,0.6682919465374368,0.470729676087132,0.19756227045030483,70.58118386343821,66.6744832508196,3.9067006126186072,0.009160290853171382,0.010879900476667759,0.04399673428629214,1,0.006111709793387626,69.93417358398438,69.52239227294922,1
2017-10-13,70.91336822509766,71.2611218310481,70.73034515598457,71.0048797596542,15335700.0,68.72758255004882,67.74040878295898,72.54296464054144,0.752131568140527,0.527010054497811,0.22512151364271593,70.91930043723892,66.53586466285873,4.383435774380189,0.004797425056854321,0.015729521040684924,0.04027369034848127,1,0.0059498067900149035,70.57479095458984,69.54981231689453,1
2017-10-16,71.05979919433594,71.2062162675258,70.78525758201552,70.84931636063918,12380100.0,68.84151725769043,67.83842224121094,73.3401545915989,0.8209276843996491,0.5857935804781786,0.2351341039214705,71.25791473955617,66.42511977582468,4.832794963731487,0.002064927571532982,0.016095501707756643,0.04074515697245462,1,0.005931495262561783,70.91336822509766,69.8152084350586,0
2017-10-17,71.00487518310547,71.03233492539684,70.69373458929097,70.8950641414684,16824000.0,68.939892578125,67.94043487548828,72.48999543135386,0.8610910716338651,0.640853078709316,0.22023799292454915,71.53385054136481,66.34593461488518,5.187915926479633,-0.0007729266315580352,0.006094020580129644,0.044842184417390296,1,0.00539771561960374,71.05979919433594,69.8152084350586,1
2017-10-18,71.023193359375,71.24282246065434,70.80356425809566,71.07809888922402,13300700.0,69.06206321716309,68.03571365356446,72.60405961586063,0.8842063882675433,0.6895237406209614,0.19468264764658183,71.8026849629493,66.32144147137687,5.481243491572428,0.0002579847682613323,0.0015487225755337342,0.03909461276916937,1,0.00552248894374597,71.00487518310547,69.93417358398438,1
2017-10-19,71.29771423339844,71.3160137440641,70.78523717030433,70.9865666970326,15092800.0,69.2313621520996,68.14230895996094,74.3223321075657,0.9141393540619873,0.7344468633091666,0.17969249075282068,72.08291179638945,66.37981250780976,5.703099288579693,0.003865228540687715,0.003348096135366907,0.025535973409533952,1,0.0029901686075681066,71.023193359375,70.57479095458984,1
2017-10-20,72.12135314941406,72.26777721968016,71.58143009954675,71.67294165252109,22866400.0,69.4326904296875,68.2846743774414,78.64913795668963,0.9928769547048972,0.7861328815883127,0.2067440731165845,72.49557343786356,66.36980742151144,6.125766016352117,0.011552108295076247,0.015723962100200106,0.036974087303106584,1,0.004012295947549054,71.29771423339844,70.91336822509766,1
2017-10-23,72.1396484375,72.60635937970002,72.07558966218532,72.28606550312661,20627200.0,69.68755531311035,68.4075619506836,78.73485501459083,1.0447105741475866,0.8378484201001676,0.20686215404741903,72.76069824488671,66.61441238133399,6.14628586355272,0.000253673666494203,0.0157195843402278,0.03329417836807824,1,0.00415111765639317,72.12135314941406,71.05979919433594,1
2017-10-24,72.1671142578125,72.47825494223915,71.80106105469328,72.20372027631284,17517200.0,69.94379348754883,68.51115524291993,78.87199005529497,1.0756064317512823,0.8854000224303906,0.19020640932089172,72.9457589382208,66.94182803687686,6.003930901343949,0.00038073127478988056,0.012193939648163399,0.03368758577784137,1,0.004119230853644658,72.1396484375,71.00487518310547,0
2017-10-25,71.95661163330078,72.38672350519,71.38923595709136,71.91085935915478,20410800.0,70.16250991821289,68.61017227172852,74.88605108054092,1.0707627326848694,0.9224725644812865,0.14829016820358298,73.08062405216688,67.2443957842589,5.836228267907984,-0.0029168773987513497,-0.0022842266391200905,0.028919167063405027,1,0.004557327832100549,72.1671142578125,71.023193359375,1
2017-10-26,72.07557678222656,72.67955841556405,72.06642353542219,72.47822887715768,32120700.0,70.38625946044922,68.70369827270508,75.63545016668536,1.0642554848099905,0.9508291485470273,0.11342633626296328,73.16733995853359,67.60517896236486,5.562160996168728,0.001653290034445254,-0.0008881614571347729,0.021265182756295742,1,0.00398767572645919,71.95661163330078,71.29771423339844,1
2017-10-27,76.69699096679688,78.88414962254511,76.51396788387656,77.2094681663633,71066700.0,70.81270942687988,68.91253082275391,89.16338663456729,1.4156887670411606,1.043801072245854,0.3718876947953067,74.55274879086151,67.07267006289824,7.480078727963274,0.06411900384139457,0.06276926485936074,0.08155899072993522,1,0.020079512488027324,72.07557678222656,72.12135314941406,1
2017-10-30,76.77017974853516,77.17283878730397,76.05638016663114,76.59630298508844,31756700.0,71.23732795715333,69.1211801147461,89.26504142393755,1.6807334491895176,1.1711875476345868,0.5095459015549308,75.60537528931799,66.86928062498866,8.736094664329329,0.0009542588413926634,0.06689542497866463,0.08036021236961766,1,0.020119302418193596,76.69699096679688,72.1396484375,0
2017-10-31,76.1204833984375,77.20033664814584,76.0564246031957,77.20033664814584,27086600.0,71.64547653198242,69.32305786132812,81.91874965066255,1.8174082525835473,1.300431688624379,0.5169765639591684,76.23144417261416,67.05950889135069,9.171935281263472,-0.00846287389486089,0.05612035028776052,0.07204587293675302,1,0.02062959120685314,76.77017974853516,72.1671142578125,0
2017-11-01,76.1204833984375,76.65126026294678,75.84594171489545,76.57804821641756,22307400.0,72.03394889831543,69.50645050048828,81.91874965066255,1.9037784460964389,1.4211010401187911,0.48267740597764774,76.75220342569105,67.31569437093981,9.436509054751241,0.0,-0.007516690825705941,0.07176937276349116,1,0.020639348469084284,76.1204833984375,71.95661163330078,1
2017-11-02,76.91661071777344,77.29181005268292,76.06554029726951,76.27601609976269,23992900.0,72.40365982055664,69.71381881713867,83.81205221915054,2.0132606522875136,1.5395329625525358,0.4737276897349778,77.4257784046959,67.38154123641738,10.044237168278528,0.010458779080116498,0.001907393856806383,0.07880892879652657,1,0.020628429529685813,76.1204833984375,72.07557678222656,1
2017-11-03,76.99897003173828,77.36502310669931,76.32177638128348,76.94406451415273,17633500.0,72.77611770629883,69.92338348388672,83.99871651685852,2.082664141986669,1.6481591984393624,0.4345049435473065,77.99734951872749,67.55488589387018,10.44246362485731,0.0010707610904365783,0.011540739024245461,0.06763069007065425,1,0.02068276482114591,76.91661071777344,76.69699096679688,1
2017-11-06,77.30097198486328,77.5114478110052,76.94407212150755,77.05388316753555,19860900.0,73.15040588378906,70.13660842895507,84.69561123008421,2.13739735505456,1.746006829762402,0.3913905252921579,78.53950224457408,67.76130952300404,10.778192721570036,0.003922155750921252,0.015508159351100614,0.07154628084769388,1,0.02058702836554068,76.99897003173828,76.77017974853516,0
2017-11-07,77.11795806884766,77.69449410861623,76.80681739751161,77.57552280802457,17939700.0,73.51554336547852,70.34599044799805,82.35483186144953,2.141322296721256,1.825069923154173,0.31625237356708324,78.94072942012374,68.0903573108333,10.850372109290447,-0.0023675499973203618,0.0026177356125716145,0.06860249106467764,1,0.02070496658667832,77.30097198486328,76.1204833984375,1
2017-11-08,77.38334655761719,77.42910582434887,76.71530594739139,76.99899385185299,18034200.0,73.88800201416015,70.55665328979492,83.08488936333367,2.141165451869412,1.888289028897221,0.25287642297219115,79.30136329453573,68.47464073378457,10.826722560751165,0.0034413318948693927,0.004991969707133448,0.0754167657583944,1,0.020468222047382956,77.11795806884766,76.1204833984375,0
2017-11-09,76.9532241821289,77.11794774545723,75.86422499634769,76.97153067910033,21178400.0,74.20692367553711,70.74114364624023,77.48903795623818,2.0823300653867705,1.9270972361951308,0.1552328291916396,79.55306996330714,68.86077738776709,10.692292575540051,-0.005558332569243762,-0.004498621347251208,0.06767406682904475,1,0.020820300460774828,77.38334655761719,76.91661071777344,0
2017-11-10,76.75189971923828,76.96237555610297,76.16621750430986,76.67868769690155,19397800.0,74.49885025024415,70.90769714355469,74.94470309753387,1.9964436365970073,1.9409665162755063,0.05547712032150098,79.73012874997393,69.26757175051436,10.462556999459565,-0.002616192694072761,-0.004746732911192653,0.0007159179486608824,1,0.0053078910805534965,76.9532241821289,76.99897003173828,1
2017-11-13,76.8067626953125,76.81591593850452,76.37665102971269,76.5596809841588,14196900.0,74.78619842529297,71.09053924560547,75.18383426089345,1.9107787387807775,1.9349289607765605,-0.024150221995782983,79.85925237579566,69.71314447479027,10.146107901005394,0.000714809356835655,-0.007451007070046756,0.00047652548029941677,1,0.005304068855741258,76.75189971923828,77.30097198486328,1
2017-11-14,76.91661071777344,76.96236298785033,75.93742277004368,76.41328687375653,18801300.0,75.08178520202637,71.2816177368164,75.684239721502,1.8306499147759752,1.9140731515764435,-0.08342323680046837,79.92269838335912,70.24087202069362,9.681826362665504,0.0014301868560284703,-0.00047578856824526117,0.010458779080116498,1,0.0043797941486606404,76.8067626953125,77.11795806884766,0
2017-11-15,76.31880950927734,76.97181363903799,76.05208832665163,76.76947294760143,19383100.0,75.34656600952148,71.46458404541016,67.68532433755175,1.6993209686269495,1.8711227149865448,-0.17180174635959533,79.83718035540208,70.85595166364088,8.981228691761203,-0.007772069035771434,-0.005642729516079692,0.0026054236913044537,1,0.005199604366722379,76.91661071777344,77.38334655761719,1
2017-11-16,76.52114868164062,76.72348938761492,76.28202513544171,76.42917754718351,20962800.0,75.6077377319336,71.63439285278321,68.88404143159798,1.593203455124609,1.8155388630141578,-0.22233540788954875,79.71748994816309,71.4979855157041,8.21950443245899,0.0026512359621999604,-0.003718605024467525,-0.005141438662499831,1,0.003931688231579738,76.31880950927734,76.9532241821289,0
2017-11-17,75.78534698486328,76.44755015634472,75.63818760589167,76.44755015634472,22079000.0,75.79093742370605,71.7960743713379,60.14643836618,1.4332103567103474,1.7390731617533957,-0.3058628050430483,79.57658773619404,72.00528711121807,7.571300624975976,-0.009615664550967185,-0.01470766486397912,-0.01576154910091332,1,0.004809167393263924,76.52114868164062,76.75189971923828,1
2017-11-20,75.90489959716797,75.96008084917928,75.64737773185576,75.7853378788286,16315000.0,75.97919998168945,71.94587127685547,61.01178481389484,1.3010637175472937,1.6514712729121754,-0.3504075553648818,79.37413626219967,72.58426370117922,6.789872561020445,0.00157751619621882,-0.005423432503347203,-0.0180602177676199,1,0.004562081669053734,75.78534698486328,76.8067626953125,1
2017-11-21,76.9993896484375,77.10975217411249,76.09805592606476,76.09805592606476,21237500.0,76.2208137512207,72.11902236938477,67.88641183443761,1.270012836622854,1.5751795856543112,-0.30516674903145713,79.15233918556487,73.28928831687654,5.863050868688333,0.014419227969183268,0.00624978813094601,-0.0015374942928896296,1,0.006849656426964749,75.90489959716797,76.91661071777344,0
2017-11-22,76.4383773803711,77.16496127723605,76.37399688403865,77.1005807809036,20553100.0,76.44490203857421,72.27125228881836,61.86490276888536,1.1864590272024174,1.4974354739639326,-0.31097644676151526,78.62796456084466,74.26183951630377,4.366125044540894,-0.007285931364233722,0.008616842456870222,-0.01221153154112431,1,0.007064352579205665,76.9993896484375,76.31880950927734,1
2017-11-24,76.57633209228516,76.73268371258582,76.1348608513186,76.34640076233218,7425600.0,76.66993980407715,72.43429443359375,62.740113986955734,1.1184806745932008,1.4216445140897862,-0.30316383949658543,77.53506876855802,75.80481083959627,1.7302579289617483,0.0018047833646124278,0.008845706913262807,-0.004897677697710767,1,0.0069429350034515116,76.4383773803711,76.52114868164062,1
2017-11-27,77.13736724853516,77.23853759788986,76.61312408230967,76.6223162835619,18265200.0,76.69195861816407,72.59867401123047,66.14319445159664,1.097230004248729,1.3567616121215749,-0.2595316078728458,77.580811892093,75.80310534423514,1.7777065478578606,0.007326482490358499,0.0017919310883842687,0.005022253920840214,1,0.007303855312216928,76.57633209228516,75.78534698486328,1
2017-11-28,78.06629943847656,78.23185031238759,77.27533493167371,77.32132401435132,21926000.0,76.75676460266114,72.78437789916993,70.8848344657731,1.1421794257775986,1.3138451748527797,-0.17166574907518117,77.82905174195534,75.68447746336693,2.144574278588408,0.012042570586424217,0.021297182304179874,0.01639877400067702,1,0.0081642989846211,77.13736724853516,75.90489959716797,0
2017-11-29,76.6498794555664,78.10304666472855,76.50272710183651,77.9099052534265,27381100.0,76.78323440551758,72.93662811279297,57.631249873481465,1.0513891514067808,1.26135397016358,-0.2099648187567993,77.81682583350397,75.74964297753118,2.0671828559727885,-0.018143808443570775,0.0009604451045346352,-0.0034677979141037873,1,0.010293693248569368,78.06629943847656,76.9993896484375,1
2017-11-30,77.41328430175781,77.73518678449203,76.6499105448825,76.80626919388013,33054600.0,76.84787445068359,73.11329818725586,61.77914677711628,1.0291739195998417,1.2149179600508324,-0.1857440404509907,77.86921802320167,75.82653087816551,2.0426871450361546,0.009959635313372628,0.0035769570969885756,0.014340826324700684,1,0.010390233935229943,76.6498794555664,76.4383773803711,1
2017-12-01,77.49604797363281,78.00189262775271,76.53953291549144,76.88902596835317,29532100.0,76.87684631347656,73.30498443603516,62.21107969723976,1.0066425759736006,1.1732628832353862,-0.16662030726178556,77.93650006167783,75.81719256527529,2.1193074964025413,0.0010691145921724043,-0.007304707267354993,0.01274025950718749,1,0.010382352213034836,77.41328430175781,76.57633209228516,0
2017-12-04,74.57134246826172,77.6524213760098,74.22184230033042,77.64322215660412,39094900.0,76.75546493530274,73.43451553344727,43.50200595173492,0.7442082627214575,1.0874519591326006,-0.34324369641114316,78.21286641250633,75.29806345809915,2.914802954407179,-0.037740060065594494,-0.027117289708323722,-0.016018987375541527,1,0.01597526333747085,77.49604797363281,77.13736724853516,1
2017-12-05,75.0403823852539,76.04288659137968,74.4793564188625,74.8104510647692,26152300.0,76.64243545532227,73.59447616577148,46.291588399044386,0.5675326173669077,0.9834680907794621,-0.4159354734125543,78.25541482743122,75.02945608321332,3.2259587442179054,0.006289814578459785,-0.03065238657559477,-0.011389478367037076,1,0.016144634631638486,74.57134246826172,78.06629943847656,1
2017-12-06,76.13484191894531,76.4659435130987,74.89321444934293,75.00358398637592,26162100.0,76.59327964782715,73.77632598876953,52.2198610493751,0.5099512327554834,0.8887647191746664,-0.378813486419183,78.20521735433027,74.98134194132402,3.2238754130062546,0.014584940786582123,-0.01756484479248066,-0.011227981591016789,1,0.016162324657575316,75.0403823852539,76.6498794555664,0
2017-12-07,75.8681411743164,76.15326080064865,75.4174777233975,75.9141302479999,23184500.0,76.51751937866212,73.94204315185547,50.74981964544285,0.4377509291977191,0.7985619611792769,-0.36081103198155784,78.11617778897833,74.9188609683459,3.1973168206324374,-0.003503005166975215,0.0173900410416592,-0.007460077327611114,1,0.01604292037075217,76.13484191894531,77.41328430175781,1
2017-12-08,77.40408325195312,77.7903661870779,76.64070958233962,76.91662295730858,24489100.0,76.54006233215333,74.13811309814453,58.07046250671218,0.49872041916538024,0.7385936527764977,-0.23987323361111745,78.17496518523008,74.90515947907657,3.2698057061535053,0.02024488874859487,0.031499051464904504,0.010809490831585,1,0.017359729458535016,75.8681411743164,77.49604797363281,1
2017-12-11,78.38818359375,78.51694456320362,77.36728803812012,77.5236396414643,22857900.0,76.6218765258789,74.34251693725587,61.97084581427342,0.6193088454752456,0.7147366913162473,-0.09542784584100172,78.44403692321453,74.79971612854328,3.644320794671245,0.012713803981032834,0.029596721001977633,0.01621543993308383,1,0.01765166893207489,77.40408325195312,74.57134246826172,1
2017-12-12,78.7100830078125,79.14235496742693,78.25022041536248,78.46175327839957,23924100.0,76.7170425415039,74.55116241455079,63.17745467306948,0.7324078923329722,0.7182709315195923,0.014136960813379895,78.75403221123884,74.68005287176896,4.073979339469872,0.0041064787995439556,0.03745896221401268,0.008246625931632723,1,0.017312740895042342,78.38818359375,75.0403823852539,0
2017-12-13,78.4985580444336,79.09638093160854,78.33300719901511,78.85725037334903,22062700.0,76.79613990783692,74.76198333740234,61.790076986735734,0.7957979417401901,0.7337763335637119,0.06202160817647828,78.97584065500462,74.61643916066922,4.359401494335401,-0.0026873934735643923,0.01413975524931832,0.02411848005499939,1,0.0160627005240028,78.7100830078125,76.13484191894531,0
2017-12-14,77.89152526855469,78.97680122720273,77.74436587628904,78.57211991541823,19306000.0,76.87477569580078,74.95279312133789,57.863005864448866,0.7879693209294203,0.7446149310368536,0.04335438989256668,79.093055649825,74.65649574177655,4.4365599080484515,-0.007733043650754667,-0.006335882558132333,0.006177763559710003,1,0.016124495870374053,78.4985580444336,75.8681411743164,1
2017-12-15,79.8781509399414,80.09888307493573,78.0662907485324,78.41579089730047,53936700.0,77.04262580871583,75.15990829467773,65.57421480397608,0.9313333402802755,0.781958612885538,0.14937472739473745,79.60916306174721,74.47608855568444,5.133074506062769,0.025505029777465715,0.014840130863703616,0.030738379938020532,1,0.017931187765936978,77.89152526855469,77.40408325195312,0
2017-12-18,79.44584655761719,80.47594113018381,79.30789341495017,80.12644814051872,22283800.0,77.22565078735352,75.35782897949218,62.87763429732596,0.9985562726315038,0.8252781448347313,0.17327812779677254,79.9260331464621,74.52526842824493,5.400764718217175,-0.005412047940985265,0.012067591262598487,0.06536698855099865,1,0.011492651258561772,79.8781509399414,78.38818359375,0
2017-12-19,78.94001007080078,79.41826405384558,78.42495922335338,79.41826405384558,23524800.0,77.37740631103516,75.54032501220703,59.779923669689715,0.9994926249825085,0.8601210408642868,0.1393715841182217,80.10483637224412,74.6499762498262,5.4548601224179265,-0.006367060189226614,0.013460832852240756,0.051967055092101866,1,0.012183652227112308,79.44584655761719,78.7100830078125,0
2017-12-20,78.6549072265625,79.37229887904125,77.90993195381033,79.28032073237526,23674900.0,77.4601821899414,75.71711898803711,58.044203969749184,0.966092758195984,0.8813153843306262,0.08477737386535777,80.23674296771412,74.68362141216869,5.553121555545431,-0.00361163931930808,-0.015313871177346505,0.03310002679588009,1,0.011974215648600137,78.94001007080078,78.4985580444336,0
2017-12-21,78.63651275634766,79.18834653019576,78.5445416301975,79.14236447559425,17990700.0,77.57008895874023,75.89116577148438,57.92734064302455,0.9274478021700503,0.8905418678985111,0.03690593427153921,80.35017986874203,74.78999804873843,5.560181820003606,-0.00023386297007332857,-0.010187238683177391,0.03648925015403459,1,0.011810577909790518,78.6549072265625,77.89152526855469,1
2017-12-22,78.64571380615234,78.75607635332464,78.10307222041506,78.5445434599462,14145800.0,77.67355804443359,76.05258422851563,57.97292159240306,0.8873351961265286,0.8899005335441146,-0.002565337417586022,80.4520405946121,74.89507549425508,5.556965100357019,0.00011700734788688827,-0.003728100165992898,0.01604089218598026,1,0.010285305359228746,78.63651275634766,79.8781509399414,0
2017-12-26,78.54452514648438,78.6640868836931,78.20422433250401,78.46174623845859,9891200.0,77.74391593933106,76.20520736694336,57.23849105915268,0.8377238288411206,0.8794651926035157,-0.04174136376239512,80.53575779960872,74.9520740790534,5.583683720555314,-0.0012866392174579744,-0.0014033718170968212,0.001994453061249901,1,0.009535983086816741,78.64571380615234,79.44584655761719,1
2017-12-27,78.82965087890625,79.07798062760841,78.37898746804454,78.77446960894882,14678000.0,77.78208351135254,76.36060440063477,58.821506827740926,0.812052886359524,0.8659827313547174,-0.05392984499519338,80.61113490117937,74.95303212152571,5.65810277965366,0.003630115936026357,0.002456087074423463,0.0015190921737673335,1,0.009515688766974657,78.54452514648438,78.94001007080078,1
2017-12-28,78.8388442993164,79.03198574691288,78.68249270130207,79.00439511396286,10594300.0,77.89153175354004,76.51728378295898,58.87437206081705,0.7834195389054059,0.8494700928648552,-0.06605055395944925,80.70624089716699,75.07682260991308,5.6294182872539125,0.00011662388844357885,0.0024557027181428825,0.0043349363779421335,1,0.009462576911958842,78.82965087890625,78.6549072265625,0
2017-12-29,78.67328643798828,79.14234820696427,78.63649659170136,78.75605832942456,18717400.0,77.95453186035157,76.67028564453125,57.44415190887624,0.7388512516612735,0.8273463246241388,-0.0884950729628653,80.77998677269547,75.12907694800766,5.650909824687801,-0.0020999529204103196,0.0016393413960269498,0.010036536924116435,1,0.00907975302132307,78.8388442993164,78.63651275634766,1
2018-01-02,79.05036926269531,79.38147085889692,78.6364957759161,79.21592006079612,22483800.0,78.0322479248047,76.8253387451172,59.83730811030831,0.7255938017838304,0.8069958200560772,-0.0814020182722468,80.88832333392659,75.1761725156828,5.712150818243799,0.004793022406712977,0.002799941155747554,-0.010363055072074467,1,0.003566047620651638,78.67328643798828,78.64571380615234,1
2018-01-03,79.41826629638672,79.56542569036873,79.06877326109861,79.1515451575039,26061400.0,78.27459411621093,76.97127700805665,62.07797615661576,0.7362859471397485,0.7928538454728116,-0.05656789833306308,80.70582345670539,75.84336477571648,4.862458680988908,0.004653957181007362,0.007349448133340264,-0.0003471580003929775,1,0.003613745738911206,79.05036926269531,78.54452514648438,1
2018-01-04,80.11725616455078,80.62310778985463,79.62060375523768,79.63899517027336,21912000.0,78.52843780517578,77.13082916259765,65.96333379464596,0.7920321365782428,0.7926895036938979,-0.0006573671156551164,80.58760880660287,76.4692668037487,4.1183420028541775,0.008801374051096156,0.018354002888905097,0.014913173848016159,1,0.0038344058526834576,79.41826629638672,78.82965087890625,1
2018-01-05,81.11056518554688,81.31290584615176,80.41157208989713,80.62311196696939,23407100.0,78.77722396850587,77.30969818115234,70.57680216998276,0.9059202452311297,0.8153356520013444,0.09058459322978529,80.82178335899485,76.73266457801688,4.089118780977969,0.012398190708827528,0.026061812766557058,0.03122065800562135,1,0.004710726154328914,80.11725616455078,78.8388442993164,1
2018-01-08,81.19336700439453,81.4692874645285,80.56795337611314,81.1197872794323,22113000.0,79.04348526000976,77.49443328857421,70.93052082386257,0.9914302162463997,0.8505545648503554,0.1408756513960443,80.87968777964318,77.20728274037634,3.6724050392668346,0.0010208512128875302,0.022351290084615894,0.03251484785406489,1,0.004628377439239925,81.11056518554688,78.67328643798828,0
2018-01-09,81.1381607055664,81.60722253641049,80.80705906225842,81.53364283413168,19484300.0,79.23018913269043,77.67568496704102,70.32350219232832,1.042722936465836,0.8889882391734515,0.15373469729238443,81.12021865744705,77.3401596079338,3.7800590495132553,-0.0006799360694714762,0.01274262986389374,0.03169208821166647,1,0.004694032707583542,81.19336700439453,79.05036926269531,0
2018-01-10,80.770263671875,81.11056450886657,80.39318000321322,80.80705352049134,18652200.0,79.34929313659669,77.75715042114258,66.25433521948057,1.041678746639974,0.9195263406667561,0.12215240597321786,81.31093525512732,77.38765101806605,3.9232842370612673,-0.004534204750172077,-0.004195526352126944,0.02833728412310932,1,0.00512634885567885,81.1381607055664,79.41826629638672,1
2018-01-11,81.00940704345703,81.05538909881966,80.23683413372385,81.05538909881966,17808900.0,79.46425933837891,77.84193496704101,67.5680318030951,1.0480666304451631,0.9452343986224375,0.1028322318227256,81.52936190483572,77.3991567719221,4.1302051329136305,0.0029607848323183195,-0.002265701839012868,0.02765147555834302,1,0.00511881523174199,80.770263671875,80.11725616455078,1
2018-01-12,82.40739440917969,82.5729452618025,81.34970879614217,81.55204950678649,24271500.0,79.65970115661621,77.96767318725585,73.95188586883484,1.1526479631086488,0.9867171115196799,0.16593085158896892,82.0383040246656,77.28109828856681,4.757205736098797,0.017257099104215357,0.015642870045071255,0.04526385618128881,1,0.006751128472360957,81.00940704345703,81.11056518554688,0
2018-01-16,81.25772094726562,83.50185270639079,80.94501774381847,82.86724006569965,36599700.0,79.82801094055176,78.07041793823242,62.97382441839675,1.1297374722152824,1.0153211836588003,0.11441628855648212,82.15822190234387,77.49779997875966,4.6604219235842095,-0.013951095895661458,0.006035108135475475,0.03285021671637467,1,0.008768769299745842,82.40739440917969,81.19336700439453,1
2018-01-17,82.90402221679688,83.03278317295775,81.62560485423828,81.92911582959427,25621200.0,79.97930450439453,78.1901661682129,69.8711205619661,1.230242032506851,1.0583053534284106,0.17193667907844046,82.66820584639738,77.29040316239168,5.377802684005701,0.02026024420005168,0.023387594632355402,0.048749335266168536,1,0.01029770815810179,81.25772094726562,81.1381607055664,0
2018-01-18,82.86724090576172,83.39148400040257,82.46256658054813,82.59132754997243,24159700.0,80.15037422180175,78.30753158569335,69.55935500137994,1.2920309477238447,1.1050504722874974,0.18698047543634733,83.10405851258875,77.19668993101476,5.907368581573991,-0.00044366135745466106,0.005580160613970486,0.04342797658794928,1,0.010432066722419794,82.90402221679688,80.770263671875,0
2018-01-19,82.7752685546875,83.33630149180276,82.46256535272632,82.90402952219463,36875000.0,80.34213714599609,78.41701751708985,68.73348148537545,1.3183802413526422,1.1477164261005264,0.17066381525211582,83.45054133294107,77.23373295905111,6.216808373889961,-0.001109875869751864,0.018675734314610226,0.0331765279714209,1,0.010428651488635428,82.86724090576172,81.00940704345703,1
2018-01-22,84.2560043334961,84.26520354786095,82.53611612838826,82.77524658326217,23601600.0,80.62219200134277,78.55977844238281,74.07109510894436,1.4421213712362402,1.206597415127669,0.23552395610857113,84.06352546578289,77.18085853690265,6.882666928880241,0.01788862548757919,0.016307798832289944,0.03877964776541476,1,0.01108377936161034,82.7752685546875,82.40739440917969,1
2018-01-23,84.52275085449219,84.89064235342495,84.19164920714736,84.52275085449219,23412800.0,80.91650390625,78.70256652832032,74.90229873642126,1.5439140430907656,1.2740607407202884,0.2698533023704772,84.62468209568083,77.20832571681917,7.41635637886165,0.003165905185110285,0.019977857723212367,0.04100561379499701,1,0.011043262558165925,84.2560043334961,81.25772094726562,0
2018-01-24,84.44915771484375,85.92991567516248,84.22842565738284,85.12056011984207,33277500.0,81.20667610168456,78.8524851989746,74.19561556683693,1.6002009965878443,1.3392887918937997,0.26091220469404464,85.06393120383832,77.3494209995308,7.7145102043075156,-0.0008706903041422187,0.02022209277461129,0.04080690245484209,1,0.011052561620934554,84.52275085449219,82.90402221679688,1
2018-01-25,84.9182357788086,85.75518212486476,84.55034426778468,85.04699675512492,26383200.0,81.52536163330078,79.01581192016602,75.76512137437132,1.6634838855233482,1.4041278106197095,0.25935607490363877,85.50152819879587,77.54919506780568,7.9523331309901835,0.005554561781998535,0.007859753741600528,0.05135518838696029,1,0.0106331788503401,84.44915771484375,82.86724090576172,1
2018-01-26,86.50936889648438,86.50936889648438,85.14817923369344,85.64483179183001,29172200.0,81.90934753417969,79.20986404418946,80.17086538336147,1.8210354131874311,1.487509331133254,0.3335260820541772,86.23772069899432,77.58097436936505,8.656746329629271,0.018737237097345094,0.023503944463570514,0.0678928787872366,1,0.011426080448816614,84.9182357788086,82.7752685546875,0
2018-01-29,86.38055419921875,87.78773206395908,86.19661204031627,87.50261961257716,31569900.0,82.2864330291748,79.39914291381837,78.92000425766841,1.9134448631345151,1.5726964375335064,0.3407484256010087,86.78962968899117,77.78323636935843,9.006393319632735,-0.0014890259738198353,0.022870523953556487,0.04821363202325046,1,0.011022933774867563,86.50936889648438,84.2560043334961,0
2018-01-30,85.29530334472656,86.141455764997,84.70667984528792,85.81035416944457,38635100.0,82.61753387451172,79.57867279052735,69.13344311352031,1.8774670721291926,1.6336505644526438,0.24381650767654883,86.98101454195269,78.25405320707075,8.726961334881935,-0.012563601432670657,0.004440360335560278,0.04968860005415654,1,0.010766799260478575,86.38055419921875,84.52275085449219,1
2018-01-31,87.38308715820312,87.74177939997817,86.00349945385425,86.22423152180521,48756300.0,83.0341697692871,79.7959115600586,75.44253231953016,1.99443056489946,1.705806564542007,0.28862400035745295,87.54446783108426,78.52387170748995,9.020596123594316,0.024477125135936806,0.010099695245311846,0.054027112577159864,1,0.011492774606006343,85.29530334472656,84.44915771484375,0
2018-02-01,86.69329071044922,88.35799091176672,86.06787735585796,87.1807438953469,47227900.0,83.39792098999024,80.01407043457031,70.32777020742463,2.0083135783328316,1.7663079673001723,0.24200561103265938,87.85621779834011,78.93962418164037,8.916593616699743,-0.007893935430606347,0.0036204503910590713,0.046170836181677055,1,0.01213265059392306,87.38308715820312,84.9182357788086,0
2018-02-02,84.41239929199219,86.42660023983663,84.15487729293318,86.12308916225358,47867800.0,83.6126781463623,80.1842204284668,56.65096059851385,1.8143523665494996,1.775916847150038,0.03843551939946166,87.82518438281608,79.40017190990852,8.425012472907554,-0.026309895492086954,-0.010351144999931172,0.019778017829360284,1,0.015576346857763598,86.69329071044922,86.50936889648438,0
2018-02-05,80.93580627441406,85.75516368328218,80.93580627441406,83.29030021151993,51031500.0,83.60394020080567,80.26294876098633,42.94272693964236,1.3643770184047668,1.6936088814009838,-0.329231862996217,87.83784125484804,79.37003914676329,8.467802108084754,-0.041185809747596336,-0.07378179340490176,-0.03940607064560364,1,0.019594264648733827,84.41239929199219,86.38055419921875,1
2018-02-06,83.99850463867188,84.13646482278153,78.40657370940603,79.91492248392628,67998600.0,83.74419708251953,80.41415130615235,53.59563363778395,1.2406015921534816,1.6030074235514835,-0.36240583139800187,87.83274129238487,79.6556528726542,8.177088419730666,0.03784108054565727,-0.031084136381185234,-0.006202427281653655,1,0.02362498248931475,80.93580627441406,85.29530334472656,0
2018-02-07,82.41657257080078,84.40317527775713,82.03948188513654,83.22592818964283,41107600.0,83.80811767578125,80.53095611572266,48.55316775708102,1.0032946221018904,1.4830648632615648,-0.4797702411596745,87.76969345270061,79.84654189886189,7.923151553838721,-0.018832859878588737,-0.023643762503274157,-0.024068743834086748,1,0.024339291776682568,83.99850463867188,87.38308715820312,0
2018-02-08,78.18585205078125,82.66490990458844,77.95592071892018,82.50855828299028,55628700.0,83.67889709472657,80.55192581176757,38.20159676213865,0.46844342605304234,1.2801405758198603,-0.811697149766818,88.16259574247302,79.19519844698011,8.967397295492901,-0.051333371287493046,-0.03397697941389566,-0.07928077716503168,1,0.02860798540044979,82.41657257080078,86.69329071044922,1
2018-02-09,81.10136413574219,81.79115799933142,77.10056113031386,79.37228337711242,63499100.0,83.68349494934083,80.61262710571289,46.64384995012234,0.2766385421820132,1.0794401690922908,-0.8028016269102776,88.1564099727791,79.21057992590255,8.945830046876551,0.037289509655370034,-0.034490381887058996,-0.06251351535361804,1,0.031023689506563895,78.18585205078125,84.41239929199219,1
2018-02-12,81.9751205444336,82.57294344446679,80.8714528958706,81.61642820780324,35720300.0,83.66188125610351,80.71913192749024,48.89698813339703,0.19291285047289364,0.9021347053684114,-0.7092218548955178,88.1633390537183,79.16042345848872,9.002915595229581,0.010773633933320426,-0.005356350216917272,-0.051000293939130525,1,0.03146107708796833,81.10136413574219,80.93580627441406,1
2018-02-13,82.61891174316406,82.77526333428399,80.75187081511324,81.79115770643202,26407700.0,83.72994079589844,80.82324447631837,50.55380890096025,0.1764739243832878,0.7570025491713868,-0.580528624788099,88.12381762880403,79.33606396299285,8.78775366581118,0.007853494992807075,0.056699000856364146,-0.031377948100444475,1,0.031561714923102814,81.9751205444336,83.99850463867188,1
2018-02-14,83.91256713867188,84.07889560579135,81.69486364362217,81.78726678093133,34960900.0,83.78036804199219,80.95157485961914,53.79549952169151,0.2647809064404072,0.6585582206251909,-0.3937773141847837,88.15829268393202,79.40244340005236,8.755849283879655,0.01565810258466449,0.03466283252923441,-0.039716152546178995,1,0.030831723731107333,82.61891174316406,82.41657257080078,1
2018-02-15,85.6220703125,85.67751079358638,83.73701640656893,84.28219993700782,27823900.0,83.9181095123291,81.17258941650391,57.738440125329824,0.467320465719979,0.6203106696441486,-0.15299020392416962,88.34551807006989,79.4907009545883,8.85481711548158,0.02037243326143323,0.04448849533669952,-0.012356439456509216,1,0.031679803153957325,83.91256713867188,78.18585205078125,0
2018-02-16,85.01219177246094,86.39826011657715,84.82738547987537,85.42800945573254,30596900.0,84.02995567321777,81.37202560424805,55.90549862330038,0.5720284367111788,0.6106542230575547,-0.03862578634637592,88.44924231133355,79.61066903510199,8.838573276231557,-0.007122912793549041,0.028967702173768872,0.007105502100396288,1,0.030522150506909294,85.6220703125,81.10136413574219,1
2018-02-20,85.67750549316406,85.99167759976208,84.09738843077885,84.53169097217695,30911700.0,84.10103073120118,81.56287887573242,57.49087905561672,0.700619212937454,0.6286472210335345,0.07197199190391945,88.57792164084344,79.62413982155891,8.95378181928453,0.007826097725887049,0.0210330635168805,0.05858592676118146,1,0.02666307876436961,85.01219177246094,81.9751205444336,0
2018-02-21,84.54093933105469,86.26890733235575,84.54093933105469,85.91777250344242,26922500.0,84.1019401550293,81.7363348388672,53.92403312904535,0.7027164610041581,0.6434610690276593,0.05925539197649876,88.57918073951859,79.62469957054,8.954481168978589,-0.013265630874372936,-0.012626779257958187,0.006457670820643191,1,0.02471554283812921,85.67750549316406,82.61891174316406,1
2018-02-22,84.76270294189453,85.68674850866587,84.42080354422218,85.05839724126503,24392800.0,84.11761741638183,81.88350723266602,54.51697886553047,0.7140419837330398,0.6575772519687354,0.05646473176430444,88.60180180494531,79.63343302781836,8.968368777126955,0.0026231505421465684,-0.002934741774852423,0.02846673063331151,1,0.023721374220973715,84.54093933105469,83.91256713867188,1
2018-02-23,86.91570281982422,86.92494524724007,85.34482855464063,86.49064280747933,26329200.0,84.21749076843261,82.0540576171875,59.91090669675511,0.8865273039539687,0.7033672623657822,0.18316004158818655,88.85491131409994,79.58007022276529,9.27484109133465,0.02540032116962565,0.014451836798154094,0.11165512097218033,1,0.014962300988043327,84.76270294189453,85.6220703125,1
2018-02-26,88.17243194580078,88.20015218659692,87.09130025529929,87.22990850918865,30199800.0,84.30064392089844,82.24330459594727,62.69214657387524,1.1118143961827087,0.7850566891291675,0.32675770705354124,89.15407388359878,79.44721395819809,9.706859925400693,0.014459172338302961,0.04295543252157974,0.0871880255703652,1,0.011886990321382445,86.91570281982422,85.01219177246094,0
2018-02-27,87.04507446289062,88.5605083653936,87.04507446289062,88.46810523473503,25869100.0,84.33386993408203,82.4142349243164,58.754319257602475,1.1857194766860744,0.865189246640549,0.3205302300455254,89.2524612952159,79.41527857294817,9.837182722267727,-0.012785827248171344,0.026926601462446076,0.06184747133990398,1,0.013589734666482863,88.17243194580078,85.67750549316406,0
2018-02-28,86.64775085449219,88.44040153400465,86.51838503740451,87.63647934218129,31167300.0,84.40149230957032,82.58935943603515,57.386217104016396,1.1984145142830158,0.9318343001690425,0.26658021411397337,89.40750748906197,79.39547713007866,10.01203035898331,-0.0045645731346674046,-0.0030828947662943085,0.04876412707846489,1,0.013973829632214768,87.04507446289062,84.54093933105469,0
2018-03-01,85.7976303100586,87.38698982854977,84.86434230445002,86.851041702564,37135600.0,84.32221946716308,82.7077490234375,54.46402166448352,1.126887739462191,0.9708449880276723,0.15604275143451873,89.18502831988701,79.45941061443915,9.72561770544786,-0.009811224596714574,-0.02693360706214809,0.02246461091187335,1,0.014107484536427522,86.64775085449219,84.76270294189453,1
2018-03-02,85.9824447631836,86.07484791198024,83.95878266996786,84.62409662115705,32830400.0,84.2866771697998,82.83848098754883,55.000496660644195,1.0727492512967274,0.9912258406814833,0.08152341061524404,89.08966902457995,79.48368531501966,9.605983709560292,0.0021540740980503514,-0.01220780964648438,0.004208896717497135,1,0.01261341883833786,85.7976303100586,86.91570281982422,1
2018-03-05,86.52764129638672,87.10978756632235,85.25246073132844,85.3263790315437,23901600.0,84.39243927001954,82.99023361206055,56.6239746501797,1.0615994555103754,1.0053005636472618,0.05629889186311354,89.29399117759341,79.49088736244566,9.80310381514775,0.00634078892156098,-0.0013861820638272349,0.01782626106125984,1,0.012427563991386406,85.9824447631836,88.17243194580078,0
2018-03-06,86.23191833496094,87.31304978466605,85.88078361323562,87.17444156164838,22175800.0,84.65724487304688,83.14177383422852,55.45528744415868,1.0171754253588006,1.0076755359895695,0.009499889369231074,89.35104902169563,79.96344072439813,9.387608297297504,-0.003417670434501141,0.005061771791748715,0.006470926512223363,1,0.012333844293947916,86.52764129638672,87.04507446289062,1
2018-03-07,86.73091888427734,86.80484422281003,85.40953342011602,86.08408979688717,26716100.0,84.79386558532715,83.30366195678711,57.065577907257534,1.0105848424178845,1.0082573972752324,0.0023274451426520404,89.56150373764848,80.02622743300583,9.53527630464265,0.005786726759087868,0.008704964404713467,0.02590436740532165,1,0.011368303648386414,86.23191833496094,86.64775085449219,1
2018-03-08,87.25760650634766,87.87671522600101,86.6477331646663,87.10975585991332,25887800.0,85.03591728210449,83.47589981079102,58.760156966189925,1.0359196109066175,1.0137898400015095,0.022129770905108037,89.787729242359,80.28410532184998,9.503623920509028,0.006072662769468051,0.008436208349428487,0.029433978363849533,1,0.01142067471452478,86.73091888427734,85.7976303100586,1
2018-03-09,89.20735168457031,89.20735168457031,87.78432079620089,88.05229483198872,36937300.0,85.58699226379395,83.68915634155273,64.36699587217612,1.199498664698666,1.0509316049409407,0.14856705975772533,89.51897352315672,81.65501100443117,7.863962518725543,0.02234470158290236,0.03450501168316289,0.02636633876730743,1,0.010776374942863268,87.25760650634766,85.9824447631836,1
2018-03-12,89.41988372802734,89.82646602125318,88.74533443234772,89.17039453439838,26073700.0,86.0029182434082,83.90096099853515,64.9267639892725,1.330943514701005,1.1069339868929535,0.2240095278080514,89.70190978119152,82.30392670562489,7.3979830755666285,0.0023824498703708397,0.031003532285156732,0.014147866342093973,1,0.009952068604272443,89.20735168457031,86.52764129638672,0
2018-03-13,87.23914337158203,89.85418690852516,86.83256107541916,89.63241795148544,35387800.0,86.26611938476563,84.06896697998047,55.32329789132488,1.244797730402908,1.1345067355949445,0.11029099480796356,89.50131005705649,83.03092871247478,6.47038134458171,-0.024387644733223857,-0.00021159341293963685,0.0022295220021224527,1,0.012215030855700209,89.41988372802734,86.23191833496094,0
2018-03-14,86.7216567993164,88.16317237435584,86.39824232892211,87.8951983703415,32132000.0,86.47125663757325,84.22993438720704,53.30828079880063,1.1218378853116633,1.1319729655382882,-0.010135080226624904,89.24239569347421,83.70011758167229,5.54227811180192,-0.005931816295598691,-0.027864238073596392,0.0008529470655080917,1,0.012282870055321127,87.23914337158203,86.73091888427734,1
2018-03-15,87.02660369873047,87.39622330118058,85.77914370913042,86.42597272598748,27611000.0,86.62695846557617,84.38945907592773,54.36314416318716,1.03704359540356,1.1129870915113425,-0.0759434961077825,89.14381029106679,84.11010664008555,5.033703650981238,0.003516386917281178,-0.026764517348021766,0.014324094782461438,1,0.011794895429248302,86.7216567993164,87.25760650634766,1
2018-03-16,87.41471099853516,88.13546542740652,86.78635971825351,87.48863633737025,49081300.0,86.71659049987792,84.54938796997071,55.73383808016658,0.9897512885323181,1.0883399309155377,-0.09858864238321963,89.21149696621714,84.22168403353871,4.989812932678433,0.004459639734399445,0.0020124868283646347,0.01665765888951376,1,0.01183187956599431,87.02660369873047,89.20735168457031,0
2018-03-19,85.8345947265625,86.76788275117158,85.11384029069131,86.6200320720655,33344100.0,86.75771064758301,84.66373474121093,49.24840666060404,0.8153705330936845,1.0337460513511672,-0.2183755182574827,89.16444767393575,84.35097362123027,4.813474052705487,-0.0180760910140072,-0.010228841393178922,-0.00800953960423234,1,0.013210646201707733,87.41471099853516,89.41988372802734,1
2018-03-20,86.05638122558594,86.64776996266342,85.93625781177359,85.98246292088363,23075200.0,86.7766544342041,84.76265106201171,50.125665547405916,0.6871478325086571,0.9644264075826652,-0.2772785750740081,89.15487889844547,84.39842996996273,4.75644892848274,0.0025838824046406916,-0.011148573331705047,-0.0020356396188838666,1,0.013211054750839104,85.8345947265625,87.23914337158203,0
2018-03-21,85.45574188232422,86.90649322105854,85.20624561743446,85.87155959059568,24457100.0,86.82239456176758,84.84789855957031,47.719965008418654,0.5309434575734997,0.8777298175808321,-0.34678636000733243,89.05776042772571,84.58702869580945,4.47073173191626,-0.006979602612933733,-0.02241006226336162,-0.014702680639813837,1,0.013193134361946884,86.05638122558594,86.7216567993164,0
2018-03-22,82.97004699707031,84.78117534649422,82.84992361901482,84.33763040076025,38604700.0,86.73276176452637,84.88453628540039,39.31145161470841,0.2042214241701572,0.7430281388986972,-0.53880671472854,89.39441065936137,84.07111286969138,5.323297789669994,-0.02908751162299661,-0.033372881163097334,-0.049136799425794964,1,0.015468801789870812,85.45574188232422,87.02660369873047,0
2018-03-23,80.55831146240234,83.58918049582687,80.46590829429255,82.70209739213504,44068900.0,86.41489219665527,84.88029724121094,33.19905682918359,-0.24647384606717537,0.5451277419055227,-0.7916015879726981,90.19619943244018,82.63358496087037,7.562614471569816,-0.029067544517036747,-0.06388915830391584,-0.09695434354727006,1,0.013861310426515687,82.97004699707031,87.41471099853516,1
2018-03-26,86.65699005126953,86.86028119908245,83.53371864824813,83.7277673666401,56396800.0,86.33912010192871,84.99324890136718,53.0704865206809,-0.11026958237121676,0.41404827705017483,-0.5243178594213915,90.03631523477182,82.64192496908561,7.394390265686212,0.07570514423845043,0.01405696261580025,-0.03089797885626,1,0.030536442437139072,80.55831146240234,85.8345947265625,0
2018-03-27,82.6743392944336,87.91367478144073,81.78725659689059,87.72886852983424,56569000.0,86.12058334350586,84.99858779907227,43.8888187533085,-0.3200045406206016,0.26723771351601955,-0.5872422541366211,90.12865868619036,82.11250800082135,8.016150685369013,-0.045958794027806116,-0.0035640295906685937,-0.052325182260276715,1,0.03290653899644135,86.65699005126953,86.05638122558594,0
2018-03-28,82.60043334960938,84.3006808728279,82.11993275277638,82.99777322868422,52501100.0,85.91821746826172,85.02544204711914,43.73759665746763,-0.48657565689174476,0.11647503943446669,-0.6030506963262114,90.19882142585465,81.63761351066879,8.56120791518586,-0.0008939405558598956,0.02534961135773206,-0.04752242521431527,1,0.032927266130602026,82.6743392944336,85.45574188232422,1
2018-03-29,84.33763885498047,85.28016931543144,81.68563249350872,83.33043253439982,45867500.0,85.84521789550782,85.05411437988282,48.2511499154667,-0.4729545748308084,-0.0014108834185883184,-0.4715436914122201,90.18099833151688,81.50943745949876,8.67156087201812,0.02103143331002033,-0.026764732942107128,-0.030898193534688367,1,0.03384695707478623,82.60043334960938,82.97004699707031,0
2018-04-02,81.7965087890625,83.97725684585691,80.86322786172097,83.59840183721218,48515400.0,85.63592109680175,85.03269973754882,42.83755951562955,-0.6596042214963944,-0.13304955103414953,-0.5265546704622449,90.31549524757281,80.95634694603069,9.35914830154212,-0.03013043879835753,-0.01061793191046645,-0.06427067189602453,1,0.03479627576402017,84.33763885498047,80.55831146240234,1
2018-04-03,82.8961410522461,83.21032026435213,81.21437811659908,82.7760176460961,37213800.0,85.45434608459473,85.0351171875,45.677832469387944,-0.7106028898095218,-0.248560218789224,-0.46204267102029783,90.26150556270363,80.64718660648583,9.6143189562178,0.01344351096963492,0.003579977618097141,-0.034233908643446664,1,0.03501650899471877,81.7965087890625,86.65699005126953,1
2018-04-04,85.31714630126953,85.71448625814944,81.06653723575336,81.17741821447636,35560000.0,85.40860748291016,85.05634002685547,51.403041483108815,-0.5493324489383582,-0.30871466481905085,-0.24061778411930734,90.20269292274506,80.61452204307525,9.588170879669804,0.029205282879182226,0.011614119859026939,-0.008590123286483453,1,0.036464737154933494,82.8961410522461,82.6743392944336,1
2018-04-05,85.36331939697266,86.00091303782193,84.45775876929586,85.41876692002971,29771900.0,85.34022750854493,85.07315139770508,51.508010758995425,-0.413037441203258,-0.3295792200958923,-0.08345822110736573,90.0957780165901,80.58467700049975,9.51110101609035,0.0005411936252541771,0.043605902754459525,-0.0010815245800431805,1,0.03638852895929463,85.31714630126953,82.60043334960938,0
2018-04-06,83.37662506103516,85.43724249143943,82.68359096517672,84.540917266144,38026000.0,85.1461784362793,85.0517007446289,46.82173972959758,-0.4600293628964067,-0.3556692486559952,-0.10436011424041153,89.88964962675895,80.40270724579965,9.486942380959306,-0.02327339599692224,0.005796216840615376,0.004900299308968625,1,0.035906892878823614,85.36331939697266,84.33763885498047,1
2018-04-09,83.87560272216797,86.09331322081205,83.73700154405242,84.12509894259063,31533900.0,84.87959098815918,85.0308480834961,48.09895315511028,-0.4517994099115299,-0.37489528090710217,-0.07690412900442772,89.26598932431843,80.49319265199993,8.772796672318492,0.0059846229176048205,-0.01689629390569658,0.04117875858549813,0,0.03431463074826839,83.37662506103516,81.7965087890625,1
2018-04-10,85.82535552978516,86.194975191566,84.67954092318236,85.37257514530569,26812000.0,84.69986457824707,85.01716781616211,52.86298405928265,-0.2846668933195957,-0.3568496033896009,0.07218271007000521,88.59438977583928,80.80533938065487,7.789050395184404,0.023245768070073947,0.0054125839538157194,-0.009596854460238613,0,0.02496741379945909,83.87560272216797,82.8961410522461,0
2018-04-11,84.88280487060547,86.20418997905999,84.53167018196048,85.02141308056488,24872100.0,84.58204765319825,84.98721282958985,50.452040632435384,-0.22566777315142872,-0.33061323734196646,0.10494546419053774,88.30077179938417,80.86332350701232,7.43744829237184,-0.010982193471398838,0.018064773052012262,0.026712830063349235,0,0.019843859365185474,85.82535552978516,85.31714630126953,1
2018-04-12,86.47218322753906,87.00813133211182,85.40952944775734,85.40952944775734,26758900.0,84.56957397460937,85.0107504272461,54.24179934322819,-0.05008366166140377,-0.2745073222058539,0.22442366054445012,88.26108097623396,80.87806697298478,7.383014003249173,0.01872438545541022,0.030957518290176456,0.046873239290917024,0,0.020398223016563057,84.88280487060547,85.36331939697266,0
2018-04-13,86.0101547241211,87.02660333922938,85.41876618260692,86.90647996514002,23346100.0,84.51875152587891,84.98329177856445,52.97336068259572,0.05119601700154419,-0.20936665436437427,0.2605626713659185,88.09988930932055,80.93761374243728,7.162275566883267,-0.005343088218348835,0.002153200452188031,0.01983119152786017,0,0.019758379246874257,86.47218322753906,83.37662506103516,1
2018-04-16,87.01736450195312,87.47015188047808,86.32433036533374,86.92496136038544,20288100.0,84.4988842010498,84.98977325439454,55.42075495689891,0.21030998094342124,-0.12543132730281517,0.3357413082462364,88.01943331858782,80.9783350835118,7.041098235076021,0.011710358864748915,0.025147138276139236,0.06382736610867101,0,0.01629095293445781,86.0101547241211,83.87560272216797,1
2018-04-17,88.77304077148438,89.20734323490339,87.6734244960113,87.78431248132259,26771000.0,84.6458065032959,85.07698608398438,59.38828742168047,0.47262917099219237,-0.005819227643813665,0.478448398636006,88.59609507421489,80.69551793237692,7.900577141837971,0.020176160006452948,0.026608065831886574,0.07089473218704234,0,0.016750443536070844,87.01736450195312,85.82535552978516,1
2018-04-18,89.11495208740234,89.37368370467632,88.26482485219204,88.91166094528484,21043300.0,84.79873504638672,85.24056900024414,60.1324385941282,0.700038793286069,0.13535237654216287,0.5646864167439061,89.1699979619891,80.42747213078435,8.742525831204745,0.0038515219592185623,0.036098032531622914,0.044513980492527416,0,0.014823771951730852,88.77304077148438,84.88280487060547,0
2018-04-19,88.81002044677734,89.69710334948749,88.0985014087263,89.11495717737064,23552500.0,84.96644897460938,85.33679931640626,59.09248062498825,0.8459060440557664,0.27746311004488355,0.5684429340108829,89.6704024338418,80.26249551537695,9.407906918464846,-0.003421778651981233,0.02060112892506627,0.04037683953896143,0,0.014992297337816008,89.11495208740234,86.47218322753906,0
2018-04-20,87.7843246459961,88.810015740063,86.90648421949928,88.62520945550824,31154400.0,85.20716285705566,85.44415435791015,55.60870238414606,0.8687276604761962,0.3957160201311461,0.4730116403450501,89.97018353121922,80.44414218289211,9.526041348327112,-0.0115493251281924,-0.011137571912551603,0.052864931648820335,0,0.012933772555700131,88.81002044677734,86.0101547241211,1
2018-04-23,88.10773468017578,88.97633968312833,87.44242080982127,88.46811185163321,22331800.0,85.58463401794434,85.64259201049805,56.47992179714805,0.9025069050082379,0.4970741971065645,0.40543270790167346,89.99787857899017,81.17138945689851,8.826489122091658,0.003684143330644707,-0.011302451312981687,0.05045724645373273,0,0.01293950719070084,87.7843246459961,87.01736450195312,0
2018-04-24,86.04710388183594,89.14265433506303,85.391032541891,88.93012080667498,34524800.0,85.55413970947265,85.74150680541992,49.77665109682357,0.7543063416827778,0.5485206260218072,0.2057857156609706,89.945699128035,81.1625802909103,8.783118837124704,-0.023387626589422283,-0.031110414692418487,0.0025837160904487178,0,0.013997041249761775,88.10773468017578,88.77304077148438,0
2018-04-25,85.29863739013672,86.21344750614871,83.4228261632135,86.21344750614871,33729300.0,85.68535461425782,85.80797714233398,47.56830466611371,0.5698919768713608,0.552794896191718,0.017097080679642884,89.877171752774,81.49353747574163,8.383634277032371,-0.008698334492780235,-0.02831584415421884,0.004898901728861871,0,0.013809029748747977,86.04710388183594,89.11495208740234,1
2018-04-26,87.10050964355469,87.92290937476619,86.02861374000813,86.44443834393124,42529000.0,85.91035842895508,85.8976091003418,52.976951552435814,0.5626523895923725,0.5547663948718489,0.007885994720523648,89.89357433646217,81.92714252144799,7.966431815014175,0.021124279455680073,-0.011431743651987403,0.007266225884019484,1,0.014175496025107145,85.29863739013672,88.81002044677734,1
2018-04-27,88.54203033447266,90.46404646688296,86.77710727868084,90.18683002570394,48272800.0,86.12057800292969,85.99019836425781,56.81498998172858,0.6655614587821361,0.5769254076539063,0.08863605112822981,90.19239454111934,82.04876146474004,8.143633076379302,0.01655008330969787,0.028994891635898412,0.02943693821354687,1,0.014795862947070807,87.10050964355469,87.7843246459961,0
2018-04-30,86.416748046875,89.07800409120175,86.07485566055897,89.01332117623042,41523600.0,86.35158996582031,86.00609191894532,50.29690224395409,0.5690652882389031,0.5753533837709057,-0.006288095532002602,89.90746570020752,82.7957142314331,7.111751468774429,-0.024003089601280614,0.013108188957630107,-0.006902259779019704,1,0.016654300437615063,88.54203033447266,88.10773468017578,1
2018-05-01,87.7843246459961,88.05229869353596,85.74218488706238,86.13028231457206,31408900.0,86.59599914550782,86.06153457641602,53.957374110607326,0.596072230469801,0.5794971531106847,0.01657507735911623,89.82521408784801,83.36678420316763,6.458429884680385,0.01582536522178879,0.007850872575141166,-0.011137571912551603,1,0.01609977938145009,86.416748046875,86.04710388183594,0
2018-05-02,86.40751647949219,87.94142869504036,86.11182213372933,87.77510018492943,27471000.0,86.65051765441895,86.07613479614258,49.96759783499744,0.5006078188729646,0.5637192862631407,-0.06311146739017615,89.82793048504263,83.47310482379527,6.354825661247361,-0.01568398654379466,-0.024107351581132974,-0.030381384318702742,1,0.01662210010450726,87.7843246459961,85.29863739013672,1
2018-05-03,86.92497253417969,87.71965234364822,85.42801606868831,85.8992813161426,31142500.0,86.7286003112793,86.12381546020508,51.421471973989576,0.4613873774673465,0.5432529045039819,-0.08186552703663541,89.85194049710805,83.60526012545054,6.246680371657504,0.005988553725072121,0.005881087853815137,-0.021225621873686484,1,0.0168575109226836,86.40751647949219,87.10050964355469,1
2018-05-04,87.93218994140625,88.12623868744181,85.86232255054229,86.23194223104721,22531300.0,86.95637855529785,86.18720520019531,54.210638701291664,0.5057489629543284,0.5357521161940512,-0.030003153239722802,89.71142849795226,84.20132861264344,5.510099885308819,0.011587204204528412,0.001684415708686604,0.001684415708686604,1,0.016990740893913565,86.92497253417969,88.54203033447266,1
2018-05-07,88.91166687011719,89.36444723051872,87.87673328214825,87.94141619077703,24242000.0,87.20818176269532,86.22712448120117,56.80775599321478,0.6128765816466739,0.5511770092845758,0.06169957236209811,89.69877914033623,84.71758438505441,4.98119475528182,0.0111390030131584,0.028980700900243184,0.009124422422839729,1,0.017316214440636517,87.93218994140625,86.416748046875,0
2018-05-08,88.53280639648438,88.8562279953753,87.83977219870397,88.56976906635501,23484600.0,87.34355430603027,86.23433197021484,55.496574160322524,0.659601640199611,0.5728619354675828,0.08673970473202819,89.81301918765121,84.87408942440933,4.938929763241873,-0.004261088414710068,0.01849680034897294,0.02888769525656465,1,0.015250913010213184,88.91166687011719,87.7843246459961,1
2018-05-09,89.57699584960938,89.60471609368709,87.83054997361889,88.71763303365299,27327400.0,87.57826385498046,86.28497039794922,58.3499286282742,0.7719899286006466,0.6126875340941956,0.159302394506451,89.95828427107226,85.19824343888867,4.760040832183591,0.011794378780321413,0.018705390020413937,0.05015740685169923,1,0.014883169761020202,88.53280639648438,86.40751647949219,1
2018-05-10,90.4732894897461,90.51024510223311,89.67860987304206,90.05746482524356,22388100.0,87.77831916809082,86.3614811706543,60.68031538906502,0.922745032645409,0.6746990338044383,0.24804599884097067,90.41194034094556,85.14469799523607,5.267242345709491,0.010005846162127519,0.01756375371873453,0.03872284858026642,1,0.013930054701765615,89.57699584960938,86.92497253417969,0
2018-05-11,90.27922058105467,90.43631363579156,89.66935436527937,90.37163074851377,16778300.0,87.9917724609375,86.45111297607421,59.89882988740146,1.0148611125267877,0.7427314495489081,0.27212966297787955,90.70826500178673,85.27527992008827,5.432985081698462,-0.0021450409262881998,0.0197261812389542,0.01961995043506093,1,0.013282273510821773,90.4732894897461,87.93218994140625,1
2018-05-14,90.58419036865234,91.19406385755369,89.91887639890854,90.4825447871688,19454100.0,88.17011375427246,86.5431478881836,60.75419565843265,1.0997945358031558,0.8141440667997577,0.2856504690033981,91.06948285881877,85.27074464972615,5.798738209092619,0.003378072890249051,0.011243897046223195,0.04822493805849759,1,0.00964469508650707,90.27922058105467,88.91166687011719,0
2018-05-15,89.92810821533203,90.41785120472846,89.0225405189688,89.85418288299468,24594000.0,88.22786712646484,86.6111572265625,57.893254806542245,1.1014675072129023,0.8716087548823868,0.22985875233051556,91.21758351833309,85.2381507345966,5.979432783736485,-0.0072427887322306095,-0.006025880980881637,0.024421029357816204,1,0.009461750778551855,90.58419036865234,88.53280639648438,1
2018-05-16,90.1601333618164,90.39214605339058,89.66826758855363,90.35502317308286,17384700.0,88.28012619018554,86.6897215270996,58.63512149609051,1.1087350320288323,0.919034010311676,0.1897010217171563,91.36506163199198,85.1951907483791,6.169870883612873,0.00258011817538506,-0.0013190988853447605,0.043429287580726283,1,0.007018392728623672,89.92810821533203,89.57699584960938,0
2018-05-17,89.25991821289062,90.522067754004,88.93510187814786,89.79818932787296,17246700.0,88.30262107849121,86.74030151367188,54.614630070006875,1.029981769995615,0.9412235622484639,0.08875820774715115,91.40916956467832,85.1960725923041,6.213096972374217,-0.009984625303438466,-0.014619241507511371,0.026861621127263646,1,0.008289512524912708,90.1601333618164,90.4732894897461,1
2018-05-18,89.42698669433594,89.95597543242178,89.10217029033,89.10217029033,17865800.0,88.3847541809082,86.78368911743163,55.228192599557694,0.9698702125635776,0.9469528923114867,0.022917320252090922,91.51888459941541,85.25062376240099,6.268260837014424,0.0018717077585355124,-0.005572468174201539,0.01699942596591475,1,0.007676945115892841,89.25991821289062,90.27922058105467,1
2018-05-21,90.57776641845705,90.95827068605804,89.83532994678157,90.02093729458382,19422500.0,88.50825576782226,86.81109741210938,59.30880848718255,1.0035217029662107,0.9582666544424315,0.04525504852377915,91.78060591509892,85.23590562054561,6.544700294553309,0.012868371916125332,0.004632125542279875,0.018738818053807282,1,0.007928227795260622,89.42698669433594,90.58419036865234,0
2018-05-22,90.48493194580078,91.10672413780928,90.20651393839732,90.65198133415004,15441200.0,88.7301471710205,86.83239837646484,58.84288265846785,1.0110450870530627,0.9688223409645579,0.04222274608850485,91.90525792947714,85.55503641256387,6.35022151691328,-0.001024914571500668,0.013724118926351947,0.022049742109992776,1,0.00771252519540041,90.57776641845705,89.92810821533203,1
2018-05-23,91.5615005493164,91.6264638258033,89.38985787160316,89.75179713781101,21251200.0,89.0432903289795,86.91884552001953,62.52005242467425,1.0912977114807347,0.9933174150677934,0.09798029641294137,92.03283114560305,86.05374951235594,5.9790816332471195,0.011897766626607797,0.02386878876145415,0.022154177876637204,1,0.007726856608417523,90.48493194580078,90.1601333618164,0
2018-05-24,91.23666381835938,91.82134030218118,89.84458774139709,91.62645050106228,26649300.0,89.25009803771972,87.00914566040039,60.756179504769484,1.1158243565089094,1.0178188033560167,0.09800555315289272,92.24569057929337,86.25450549614608,5.991185083147286,-0.003547743636880152,0.007274383394025419,0.00843756574916843,1,0.007390899360014446,91.5615005493164,89.25991821289062,1
2018-05-25,91.28308868408205,91.85848280109536,90.81906322598095,91.2274078948592,18363900.0,89.3871509552002,87.09427536010742,60.92585053661886,1.1260278499475191,1.0394606126743173,0.08656723727320181,92.48953373067053,86.28476817972987,6.204765550940664,0.0005088400186914477,0.008820880130178566,0.011119592045282234,1,0.0073180920764497545,91.23666381835938,89.42698669433594,0
2018-05-29,90.95824432373048,91.76564384117565,90.23436596444952,90.80047033531292,28671000.0,89.61422576904297,87.16514602661132,59.00353870969247,1.0952763035258073,1.0506237508446152,0.04465255268119206,92.46861452816087,86.75983700992508,5.708777518235792,-0.0035586477740231492,-0.006588535814362251,0.004129351419445815,1,0.007409563549982509,91.28308868408205,90.57776641845705,1
2018-05-30,91.8306121826172,92.1090302194968,90.8654457038214,91.2366603123745,22158500.0,89.81654014587403,87.28506637573243,62.43163881952594,1.128292028792913,1.066157406434275,0.06213462235863809,92.69691805210752,86.93616223964054,5.760755812466982,0.009590860788625921,0.006509974602318946,0.021155832197977897,1,0.007383148784792587,90.95824432373048,90.48493194580078,0
2018-05-31,91.7285385131836,92.79579835904788,91.5150907922902,92.14616562528654,34140900.0,90.0825912475586,87.39850952148437,61.78067251225891,1.133158392294746,1.0795576036063692,0.0536007886883767,92.61642297196657,87.54875952315062,5.067663448815949,-0.0011115429485607509,0.004879872444316424,0.017395772309620527,1,0.007449590436018928,91.8306121826172,91.5615005493164,1
2018-06-01,93.53823852539062,93.6032017964661,92.03479371990264,92.13687987165918,28655600.0,90.41325454711914,87.56015945434571,68.12616873781174,1.2684211180372529,1.117330306492546,0.15109081154470694,92.93855428593285,87.88795480830542,5.050599477627429,0.01972886564574372,0.028364599831958603,0.04793103554381406,1,0.008142186052253081,91.7285385131836,91.23666381835938,1
2018-06-04,94.35492706298828,94.53125898807482,93.59392565854009,93.97442990099718,27281600.0,90.73439140319825,87.78785705566406,70.50602339676271,1.4250901897175083,1.1788822831375385,0.24620790657996983,93.53454200244295,87.93424080395354,5.600301198489404,0.00873106603751106,0.02748881685936211,0.05510574101636889,1,0.008164252835846972,93.53823852539062,91.28308868408205,1
2018-06-05,94.83751678466795,94.96744333470636,94.22499983694472,94.66118486084474,23514400.0,91.03068389892579,88.07344116210938,71.8438379407203,1.5700934551312855,1.257124517536288,0.31296893759499755,94.22322975464434,87.83813804320724,6.385091711437099,0.005114621320808421,0.03389324982036568,0.047028653218621486,1,0.0077338836575187855,94.35492706298828,90.95824432373048,1
2018-06-06,95.11591339111328,95.21799953361742,94.568366881741,95.1066379821328,21122900.0,91.35983924865722,88.24261962890625,72.61551866794026,1.688015475498048,1.34330270912864,0.34471276636940806,94.80206493288615,87.9176135644283,6.88445136845786,0.002935511344918762,0.016866630060543564,0.051179586984564374,1,0.007510128251465347,94.83751678466795,91.8306121826172,0
2018-06-07,93.62176513671876,95.30154195293332,93.15773972194036,95.26441907009514,28232200.0,91.5620777130127,88.46156814575195,62.68558556329072,1.6419765654576395,1.40303748039444,0.23893908506319939,95.03668153256058,88.08747389346482,6.949207639095761,-0.015708709522145203,-0.007770255874185339,0.022501428821523728,1,0.009511845849349011,95.11591339111328,91.7285385131836,1
2018-06-08,94.31777954101562,94.61475544857532,93.30620778979996,93.8166313694216,22165100.0,91.75430221557617,88.69591506958008,65.08103733714017,1.6427167272735232,1.4509733297702567,0.19174339750326652,95.3884124532025,88.12019197794984,7.268220475252662,0.007434322598814935,-0.005480291568920048,0.033770587324305934,1,0.009399039459265797,93.62176513671876,93.53823852539062,0
2018-06-11,93.779541015625,94.28068224269768,93.4268771619129,93.74241813205184,23490900.0,91.92931823730468,88.88475311279296,61.77819926563905,1.5816398010038029,1.4771066240169661,0.10453317698683673,95.59938364019845,88.25925283441092,7.340130805787538,-0.005706649668915986,-0.014049934735875014,0.027348464732419586,1,0.00980572571423562,94.31777954101562,94.35492706298828,1
2018-06-12,94.02082061767578,94.15074715817448,93.50111445568098,93.82593080692772,18325200.0,92.10114974975586,89.12923934936524,62.6922337352785,1.5350104988079067,1.4886873989751543,0.0463230998327524,95.82462640896125,88.37767309055047,7.4469533184107775,0.0025728383764491713,0.004262422102107033,0.033670134210652236,1,0.009556294224394836,93.779541015625,94.83751678466795,0
2018-06-13,93.59392547607422,94.6704678453961,93.32478988374376,94.40133225306565,29492900.0,92.28444061279296,89.3431950378418,59.960117374673146,1.4469302593094824,1.48033597104202,-0.0334057117325377,95.92190542245181,88.64697580313411,7.274929619317703,-0.004540431989393912,-0.0076746300481620455,0.019201802661953593,1,0.009577029872833025,94.02082061767578,95.11591339111328,1
2018-06-14,94.12289428710938,94.6890057444134,93.73311471729942,94.33634904988978,25691800.0,92.48257865905762,89.5193099975586,62.1606252951178,1.4036292331262388,1.464994623458864,-0.061365390332625225,96.06692819882176,88.89822911929349,7.168699079528267,0.005651742977383467,0.0036612812108685056,0.026102626431594667,1,0.009576005563062042,93.59392547607422,93.62176513671876,0
2018-06-15,92.92572784423828,94.2250004333115,92.87004705971682,94.20644253195968,65738600.0,92.665869140625,89.67055816650391,54.817834303570216,1.2582076959943578,1.4236372379659628,-0.16542954197160498,95.93318427548449,89.39855400576552,6.534630269718974,-0.012719184338077172,-0.011647343282511491,-0.006548238354799452,1,0.008580819405120335,94.12289428710938,94.31777954101562,1
2018-06-18,93.60318756103516,93.8352002196575,92.26679238162184,92.81434593781208,23586000.0,92.87467918395996,89.87508941650391,57.851981060979966,1.1839772645842999,1.3757052432896302,-0.19172797870533032,95.80360098519735,89.94575738272256,5.857843602474787,0.007290335330301989,9.896032155753964e-05,-0.007967146235524969,1,0.00841683171449828,92.92572784423828,93.779541015625,0
2018-06-19,93.60318756103516,93.73311408342651,92.34103813169246,92.48024714295876,28653100.0,93.02595024108886,90.06964111328125,57.851981060979966,1.1123269007777168,1.3230295747872476,-0.2107026740095308,95.77149835166564,90.28040213051209,5.491096221153555,0.0,-0.005521576126727656,-0.013015199738257488,1,0.008171499641213494,93.60318756103516,94.02082061767578,1
2018-06-20,94.54051971435548,95.14374695621252,93.84448174563022,94.07649440187195,26180800.0,93.22872962951661,90.24394439697265,61.95195666219263,1.1182874211283007,1.2820811440554583,-0.16379372292715755,95.78626474139281,90.6711945176404,5.1150702237524115,0.010013891382802731,0.017377231339246624,-0.006049394430896138,1,0.00885511728613428,93.60318756103516,93.59392547607422,0
2018-06-21,93.86305236816406,95.08807907598434,93.62175719042914,94.7354223396528,23198200.0,93.34380722045898,90.42354934692383,57.59140613093773,1.0561703491013361,1.236898985064634,-0.1807286359632978,95.7958587996292,90.89175564128877,4.904103158340433,-0.007165894033990039,0.002776238864295788,0.002577255738480666,1,0.007548108515856975,94.54051971435548,94.12289428710938,0
2018-06-22,93.1855926513672,93.51968445554338,92.46170701433078,93.1855926513672,38923100.0,93.44125366210938,90.55781753540039,53.533589194310835,0.9414246275226077,1.1778041135562287,-0.23637948603362102,95.6977042858816,91.18480303833715,4.512901247544448,-0.007217533413889199,-0.004461332146361574,-0.012003960389632251,1,0.007426807463844673,93.86305236816406,92.92572784423828,0
2018-06-25,91.31092834472656,92.90717704063812,90.2993562528213,92.80509087423914,35433300.0,93.4426456451416,90.6638330078125,44.24369309005404,0.6912497770092898,1.080493246246841,-0.38924346923755127,95.69379727134421,91.19149401893898,4.502303252405227,-0.020117533765699913,-0.03416092252704772,-0.026323573821790514,1,0.009508646921218618,93.1855926513672,93.60318756103516,1
2018-06-26,91.95126342773438,92.87931411130748,91.64500500284367,91.70996826747522,26897200.0,93.4922966003418,90.76251098632812,47.5892856076134,0.5384472109836906,0.972084039194211,-0.4336368282105204,95.55826295371239,91.42633024697122,4.131932706741168,0.007012688345368279,-0.02036785393395235,-0.0220116903505555,1,0.009874824298699939,91.31092834472656,93.60318756103516,0
2018-06-27,90.52206420898438,92.82362593114098,90.39213768017544,92.41528844651212,31298400.0,93.42686920166015,90.79749145507813,41.590741409342726,0.2985837562088278,0.8373839825971344,-0.5388002263883066,95.76424188614554,91.08949651717477,4.674745368970775,-0.015543007953047083,-0.028583049874971733,-0.03282116068392826,1,0.010742024691299475,91.95126342773438,94.54051971435548,1
2018-06-28,91.53363800048828,91.979105451934,90.2622130728684,90.37357462538112,26650700.0,93.4171241760254,90.84586517333985,46.710697061708856,0.18794922935467184,0.707497031948642,-0.5195478025939702,95.7841752221192,91.05007312993159,4.734102092187612,0.01117488648036713,0.0024390252054049544,-0.02750931435154247,1,0.011375563326144433,90.52206420898438,93.86305236816406,0
2018-06-29,91.51508331298828,92.7215520976185,91.2552302407209,91.81205926421748,28053200.0,93.31596641540527,90.89996643066407,46.62995677683894,0.0976477391771482,0.5855271733943432,-0.48787943421719504,95.82248137376625,90.80945145704429,5.013029916721962,-0.000202708948374819,-0.004743601104392536,-0.01518034417351588,1,0.010829468208461415,91.53363800048828,93.1855926513672,1
2018-07-02,92.8143539428711,92.86075223031868,90.94897002413164,91.04177367949184,19564500.0,93.23893775939942,91.00056701660156,52.78441670964466,0.12943143399535018,0.4943080255145446,-0.36487659151919444,95.70740261638609,90.77047290241275,4.936929713973342,0.014197338655522085,0.025322994497723794,-0.008427422598719647,1,0.011640559348891136,91.51508331298828,91.31092834472656,0
2018-07-03,91.92343139648438,93.38974622867327,91.82134524557392,93.2505442778549,14670300.0,93.09323348999024,91.07688095092773,48.64221934813153,0.0817874426568892,0.41180390894301355,-0.33001646628612435,95.51055023213439,90.67591674784609,4.834633484288304,-0.00959897374209051,0.0042584715795301875,-0.01794550173257159,1,0.011960042544300555,92.8143539428711,91.95126342773438,1
2018-07-05,92.58235931396484,92.73084377539644,91.9048790448713,92.34106409861374,18977400.0,92.96655578613282,91.20758605957032,51.663446531048855,0.09609152898379136,0.34866143295116914,-0.2525699039673778,95.2055696220652,90.72754195020043,4.478027671864766,0.007168225853519061,0.011662296119279159,-0.020712393017375152,1,0.01167975285491376,91.92343139648438,90.52206420898438,1
2018-07-06,93.8816146850586,94.13218526525831,92.4988140076774,92.70298629993316,19234600.0,92.9795482635498,91.37924560546875,57.03097032259498,0.2098476771734994,0.3208986817956352,-0.1110510046221358,95.23656276033543,90.72253376676417,4.514028993571259,0.014033508982933984,0.011498875948050324,0.00019775957020584656,1,0.01253632650094392,92.58235931396484,91.53363800048828,1
2018-07-09,94.52195739746094,94.89317907399,93.96512842289962,94.33635009942869,18212000.0,92.98975715637206,91.52767456054687,59.42255430639779,0.3476629079163587,0.3262515270197799,0.02141138089657879,95.27259095444121,90.70692335830292,4.565667596138297,0.006820746687735246,0.02826837468423693,0.014340894424457185,1,0.012412411211113267,93.8816146850586,91.51508331298828,1
2018-07-10,94.77255249023438,95.13449174437186,94.53125729398744,94.66118384262828,19293100.0,93.03940773010254,91.65228500366212,60.35256922154658,0.4716663250681563,0.35533448662945516,0.11633183843870115,95.42946830743958,90.6493471527655,4.780121154674077,0.0026511839118998903,0.02365670082830973,0.03791029407169244,1,0.009826422744182634,94.52195739746094,92.8143539428711,0
2018-07-11,94.64263916015624,94.9767309887048,93.82594979124444,93.87235517101146,19644600.0,93.07049865722657,91.81680282592774,59.59006040357303,0.5530814281287917,0.39488387492932253,0.15819755319946915,95.52609612685109,90.61490118760204,4.911194939249043,-0.001370790663167254,0.008106214168243975,0.02926958947700653,1,0.009876655815302858,94.77255249023438,91.92343139648438,1
2018-07-12,96.693603515625,96.89777580000118,95.33865035985974,95.37576615659646,24335900.0,93.2254825592041,91.9949884033203,66.73536776065495,0.7741749597022505,0.47074209188390814,0.30343286781834233,96.14172355222743,90.30924156618076,5.832481986046673,0.02167061668681991,0.022975043872953016,0.06817718266336326,1,0.00912372942833996,94.64263916015624,92.58235931396484,1
2018-07-13,97.8443832397461,98.00215015565422,96.60079164970232,96.86065178706627,24635200.0,93.41155700683593,92.22372573852539,69.9464221872667,1.0303739728626056,0.5826684680796477,0.4477055047829579,96.94309291442764,89.88002109924423,7.063071815183406,0.011901301454083635,0.032412662409068815,0.0689445473501682,1,0.009166511224054442,96.693603515625,93.8816146850586,0
2018-07-16,97.36180114746094,98.20632359231298,96.99985486485024,97.81654400238126,21786900.0,93.63336067199707,92.43246231079101,67.02454151084352,1.1808609647248858,0.7023069674086952,0.4785539973161905,97.55109447639931,89.71562686759482,7.835467608804493,-0.004932138936403652,0.028730834340991773,0.06388802394984938,1,0.009671853094892898,97.8443832397461,94.52195739746094,1
2018-07-17,98.32696533203124,98.83739603104412,96.81424529385671,97.08338083693036,25901700.0,93.86954956054687,92.64035781860352,69.74653322281952,1.3622999278906889,0.834305559505094,0.5279943683855949,98.28897262871678,89.45012649237697,8.83884613633981,0.0099131710095266,0.016892139262782768,0.05939395314385587,1,0.009371120221553605,97.36180114746094,94.77255249023438,0
2018-07-18,97.55670166015624,98.4197891786622,97.1854799278105,98.3177030252555,29493900.0,94.06722526550293,92.8132585144043,65.12618711250047,1.4274826411286625,0.9529409758298077,0.4745416652988548,98.76614278939357,89.36830774161228,9.397835047781285,-0.007833697188497246,-0.0029401951350130906,0.06128220169865539,1,0.009059728054247145,98.32696533203124,94.64263916015624,0
2018-07-19,96.88849639892578,97.73301887066994,96.41518855010013,97.38036214671136,40171600.0,94.18462409973145,92.98037231445312,61.330556439122546,1.4089799866029438,1.044148777984435,0.3648312086185088,99.03970479790813,89.32954340155477,9.710161396353357,-0.006849403986188274,-0.00486129819864678,0.04651142093233962,1,0.009904337569036881,97.55670166015624,96.693603515625,1
2018-07-20,98.62394714355467,100.4150853208148,98.4476223210337,100.3037237656363,56004000.0,94.42266883850098,93.16131134033203,66.75056153332754,1.5168673681090041,1.1386924960093487,0.3781748720996554,99.64435281371047,89.2009848632915,10.443367950418974,0.017911834832108342,0.00302034961132569,0.050513963510374404,1,0.010379302850437958,96.88849639892578,97.8443832397461,1
2018-07-23,100.2016143798828,100.35938126677138,98.49399776505584,98.65177173240784,29707000.0,94.77346992492676,93.35587783813476,70.7625450126116,1.7099620776785827,1.2529464123431957,0.45701566533538696,100.5308051369416,89.01613471291192,11.514670424029674,0.015996796741786445,0.027111543079226363,0.06008822858522844,1,0.010949271018304499,98.62394714355467,97.36180114746094,0
2018-07-24,99.91394805908205,100.9904832571038,99.54272633958766,100.75847056747796,26316600.0,95.20362091064453,93.54857238769532,69.12472367524776,1.8188126185290088,1.3661196535803584,0.4526929649486504,101.14448393819131,89.26275788309775,11.881726055093566,-0.0028708751109554065,0.03122611840005618,0.054249837466153084,1,0.011266311503924596,100.2016143798828,98.32696533203124,1
2018-07-25,102.85587310791016,103.15284908428508,99.85826587223296,100.19236473071297,30702100.0,95.74885139465331,93.79400604248048,75.39646179872547,2.118050651654187,1.5165058531951243,0.6015447984590625,102.3594924594885,89.13821032981814,13.221282129670357,0.029444588127860438,0.04290972007230254,0.0867815397017333,1,0.01326047793004275,99.91394805908205,97.55670166015624,0
2018-07-26,101.73290252685548,103.01360972035783,101.621533913326,102.7723145979425,31372100.0,96.30939331054688,94.03010192871093,69.58587968193777,2.238777375965512,1.660960157749202,0.5778172182163099,102.9533122642893,89.66547435680447,13.287837907484828,-0.010917904317204297,0.01528207061781739,0.052116156891558685,1,0.01364522284390405,102.85587310791016,96.88849639892578,0
2018-07-27,99.93248748779295,102.25261395520972,98.50328873420855,102.25261395520972,37005300.0,96.72933578491211,94.22554901123047,61.41394960444707,2.1642278562732002,1.7616136974540018,0.4026141588191985,103.1713887856194,90.28728278420482,12.88410600141458,-0.017697470477530675,0.00018555395989294787,0.02134107425390397,1,0.015151486693592398,101.73290252685548,98.62394714355467,0
2018-07-30,97.78868865966795,99.7932741587997,97.22257725971538,99.47774037152844,34668300.0,97.04301605224609,94.39612442016602,53.37599442838174,1.9101412564783828,1.791319209258878,0.11882204721950473,103.03411157459595,91.05192052989622,11.982191044699732,-0.021452471383611615,-0.04926490141137607,0.0043845482229778465,1,0.01682568355032644,99.93248748779295,100.2016143798828,1
2018-07-31,98.44762420654295,99.0415761137542,97.79798444021084,98.82812132813208,27655200.0,97.32467956542969,94.57653717041016,55.31202759349651,1.7418672261166108,1.7814288126304247,-0.03956158651381392,103.01626602138865,91.63309310947074,11.38317291191791,0.006738361623482625,-0.0322931739753054,0.001227118869216337,1,0.016658809296227896,97.78868865966795,99.91394805908205,1
2018-08-01,98.63322448730467,98.79099140255308,97.83510034132898,98.40121181883418,23628700.0,97.6601692199707,94.7376463317871,55.86790387262695,1.6049839799837713,1.7461398461010942,-0.1411558661173229,102.80329130275707,92.51704713718432,10.286244165572754,0.0018852692714284025,-0.013001407581763491,0.011034842392463773,1,0.016416740241748117,98.44762420654295,102.85587310791016,1
2018-08-02,99.83039855957033,100.31298173586696,97.29681741273724,97.81653054159196,26104300.0,98.02257118225097,94.9245556640625,59.37794896807277,1.5749499213426645,1.7119018611494083,-0.1369519398067438,102.68213257989044,93.3630097846115,9.319122795278929,0.01213763494490383,0.020878794141601542,0.030363792090772446,1,0.01647778222469151,98.63322448730467,101.73290252685548,1
2018-08-03,100.26658630371094,100.27586879211408,99.13436345430624,100.04385614528408,18659600.0,98.3418197631836,95.0986573791504,60.60729675739961,1.5682664199872818,1.6831747729169833,-0.11490835292970147,102.68709885932942,93.99654066703776,8.690558192291661,0.004369287816479384,0.018476444828691818,0.016655581202456693,1,0.01566316416532606,99.83039855957033,99.93248748779295,1
2018-08-06,100.35011291503906,100.6192484496533,99.82112433471852,100.3408375065956,20265900.0,98.6332275390625,95.28092636108398,60.851618890699356,1.5518211680343228,1.6569040519404512,-0.10508288390612841,102.68664030291669,94.57981477520832,8.106825527708367,0.0008330453285316786,0.017406796104038724,0.0014819974316309104,1,0.014844722490640358,100.26658630371094,97.78868865966795,1
2018-08-07,101.0461654663086,101.25033776894207,100.38725026810584,100.74918950260502,16080200.0,98.94690818786621,95.47618789672852,62.915754947108766,1.5767776993059641,1.640878781413554,-0.0641010821075898,102.71785824827006,95.17595812746237,7.541900120807696,0.006936240837704277,0.01217832367976368,0.01133192541402761,1,0.014939507524300809,100.35011291503906,98.44762420654295,1
2018-08-08,101.6122589111328,101.85355405132424,100.93478593352792,101.46377449595175,15487500.0,99.29538917541504,95.68926818847656,64.55271567735747,1.6235200120055424,1.6374070275319517,-0.013887015526409252,102.67914166139128,95.9116366894388,6.767504971952491,0.0056023248602437015,0.013420947665913063,-0.012090842838625604,1,0.011425104845582595,101.0461654663086,98.63322448730467,1
2018-08-09,101.77933502197266,102.2340850364162,101.71437174569016,101.81645790562924,13677200.0,99.54967575073242,95.88824264526367,65.04316243757486,1.6549678383527606,1.6409191896961137,0.0140486486566469,102.87702813763585,96.22232336382899,6.654704773806856,0.0016442515167975902,0.014242356738986883,0.0004564157117694645,1,0.010911651864451269,101.6122589111328,99.83039855957033,0
2018-08-10,101.15753936767578,101.79789669914685,100.58214531037817,101.54731901271649,18183700.0,99.7153335571289,96.07682266235352,61.62581164196113,1.6111444838563642,1.634964248528164,-0.023819764671799692,103.01638557790717,96.41428153635063,6.602104041556544,-0.006109252474116089,0.001102208093233692,0.012258795019312041,1,0.00930926462166169,101.77933502197266,100.26658630371094,0
2018-08-13,100.42436981201172,101.6958018758714,100.3222836640868,101.38026094215842,18472500.0,99.86846199035645,96.21454528808594,57.77153199684954,1.4999628656782278,1.6079639719581769,-0.10800110627994908,102.99829819966668,96.73862578104622,6.259672418620454,-0.007247799425005974,-0.011690411293385106,0.026952822340390314,1,0.0059287827341350996,101.15753936767578,100.35011291503906,1
2018-08-14,101.67721557617188,101.85354744569872,100.26658186134848,100.7491650299696,16788300.0,100.03597450256348,96.36099105834961,62.13017893819353,1.49570327859783,1.5855118332861076,-0.08980855468827764,103.17646943926376,96.8954795658632,6.280989873400557,0.012475515320687691,-0.0010033416486631141,0.03280517326505761,1,0.006604348013763705,100.42436981201172,101.0461654663086,0
2018-08-15,100.2984390258789,101.53749102107156,99.5158727633078,101.0716799695474,29982800.0,100.17306137084961,96.47020950317383,55.35828766386962,1.3653330707069387,1.5414760807702739,-0.17614301006333521,103.10085165865955,97.24527108303967,5.855580575619882,-0.013560329543643501,-0.008492697105594083,0.016882896683445336,1,0.008495140235462353,101.67721557617188,101.6122589111328,0
2018-08-16,100.27982330322266,101.41640364078803,99.96307513450525,100.89469742985864,21384300.0,100.34262771606446,96.57348770141601,55.27069394107412,1.246146803791845,1.4824102253745883,-0.23626342158274327,102.85291678283726,97.83233864929166,5.020578133545598,-0.00018560331384065432,-0.001439356891754895,0.0045018826944194235,1,0.007667617059576571,100.2984390258789,101.77933502197266,0
2018-08-17,100.22390747070312,100.52202625912888,99.39476436827796,100.0189494709643,18061500.0,100.42262573242188,96.70553054809571,54.98923980766919,1.1341056245116192,1.4127493052019946,-0.2786436806903754,102.80757830753562,98.03767315730813,4.769905150227487,-0.0005575980359524557,-0.014293350749559064,-0.00042565359589019636,1,0.007546979466748926,100.27982330322266,101.15753936767578,0
2018-08-20,99.56244659423828,100.52201612563474,99.19911457958742,100.15868411098388,17914200.0,100.39066734313965,96.81042388916016,51.63922679102603,0.9806336833687936,1.3263261808353544,-0.3456924974665607,102.80357551738142,97.97775916889789,4.825816348483528,-0.0065998312494272016,-0.007338024786714081,-0.00784918220737485,1,0.007815224446573323,100.22390747070312,100.42436981201172,0
2018-08-21,98.73332214355467,100.0096399861274,98.61220671075242,99.60904216287804,22881900.0,100.33163604736328,96.90949951171875,47.71525170147801,0.7830758395884772,1.217676112585979,-0.4346002729975018,102.84402404461959,97.81924805010696,5.024775994512623,-0.00832768256552252,-0.015421857645198767,-0.02288897665815015,1,0.007633494936980397,99.56244659423828,101.67721557617188,1
2018-08-22,99.73947143554688,100.0003245168706,98.54699614508796,98.61220941541887,18000600.0,100.17581596374512,97.02387252807617,52.43838784976025,0.6996327335424439,1.114067436777272,-0.4144347032348281,102.41428666778673,97.93734525970352,4.476941408083206,0.0101905746727462,-0.004833537699553969,-0.01843072376949917,1,0.00827158293201665,98.73332214355467,100.2984390258789,1
2018-08-23,100.20526885986328,100.78287710944753,99.56245445656356,99.82330750227504,18167700.0,100.09943428039551,97.15609939575195,54.48813104561129,0.663441687343095,1.0239422868904366,-0.3605005995473416,102.22138720830448,97.97748135248655,4.243905855817928,0.004670141295238572,0.006456473174517141,-0.015465478938033517,1,0.008465774940227636,99.73947143554688,100.27982330322266,1
2018-08-24,100.98782348632812,101.13687930628087,100.20525733151348,100.30773631735482,17234000.0,100.15220108032227,97.29339797973633,57.78014654941094,0.6899523001260661,0.9571442895375626,-0.26719198941149647,102.30715345044436,97.99724871020018,4.309904740244178,0.00780951576068567,0.022834249813811436,-0.0016777383317994055,1,0.00876719835813538,100.20526885986328,100.22390747070312,1
2018-08-27,102.10578155517578,102.14304729239936,101.09031686975536,101.79834455386565,19662300.0,100.36805572509766,97.47699905395508,62.008043520589105,0.7920418592216407,0.9241238034743782,-0.13208194425273745,102.39376645188926,98.34234499830606,4.0514214535832025,0.011070226392184912,0.023724911367291934,0.016743064918520956,1,0.009025409524125887,100.98782348632812,99.56244659423828,1
2018-08-28,102.7206802368164,102.944267606163,102.2828166038817,102.42256137511616,19151500.0,100.58170852661132,97.6593489074707,64.13538208435747,0.912052185148525,0.9217094798092076,-0.009657294660682547,102.65300542599493,98.51041162722771,4.142593798767223,0.006022173007983467,0.025102585977499148,0.010262521989135465,1,0.008376604908108369,102.10578155517578,98.73332214355467,1
2018-08-29,104.36029815673828,104.36961636733012,102.72995958106225,102.89765183315454,20818000.0,100.86806221008301,97.87449111938477,69.10336322785372,1.1264793436872935,0.9626634525848248,0.16381589110246875,103.32946567671313,98.4066587434529,4.922806933260233,0.015961906756670974,0.033394864390425605,0.04049773027685255,1,0.007839133156824574,102.7206802368164,99.73947143554688,0
2018-08-30,104.29510498046876,104.90997905910776,103.8199827644806,104.0342518953662,22798700.0,101.09129753112794,98.06958282470703,68.69589972516144,1.2764398630259564,1.0254187346730512,0.25102112835290513,103.91844207129245,98.26415299096342,5.654289080329022,-0.0006246932734094157,0.021441718499651374,0.04004077335781542,1,0.007866398563440718,104.36029815673828,100.20526885986328,1
2018-08-31,104.6491241455078,105.06835129528142,103.89450532511664,104.05288650205884,23222700.0,101.31042442321777,98.28530426025391,69.73936240278579,1.4076248202542132,1.1018599517892838,0.30576486846492945,104.50358527001306,98.11726357642247,6.386321693590588,0.0033943986643028,0.01877366762219146,0.04415330420137753,1,0.007711893970643367,104.29510498046876,100.98782348632812,0
2018-09-04,104.0715103149414,104.30441585421244,102.68339529104573,103.27031469123204,22634600.0,101.49649429321289,98.50302261352539,65.88076203539185,1.4482862923365474,1.1711452198987367,0.2771410724378107,104.87259672488959,98.12039186153619,6.752204863353398,-0.005519528570189114,-0.002767219401415888,0.045288799893393294,1,0.007547166093204794,104.6491241455078,102.10578155517578,0
2018-09-05,101.07168579101562,103.80133899447654,100.70835371851682,103.4193776062373,32872400.0,101.49777030944824,98.69823776245117,50.31166378424882,1.2243366427165228,1.181783504462294,0.042553138254228795,104.87321018575224,98.12233043314424,6.750879752608,-0.028824646772663387,-0.03090671599646777,0.023683631794148008,1,0.012539540035779137,104.0715103149414,102.7206802368164,1
2018-09-06,101.30460357666016,101.53750914399238,100.15871216570542,100.8481106548489,23477600.0,101.48238754272461,98.88530456542969,51.27450047218861,1.0535052973651773,1.1561278630428706,-0.10262256567769334,104.85840427696083,98.10637080848839,6.752033468472433,0.002304481060364738,-0.031959374683320885,0.015692204085167027,1,0.012240616776510352,101.07168579101562,104.36029815673828,0
2018-09-07,100.81082916259766,101.2859584358911,99.89784346160071,100.82946558539264,22498600.0,101.43396224975587,99.09107986450195,49.102248652555616,0.8682679049012592,1.0985558714145482,-0.2302879665132891,104.81932360777128,98.04860089174045,6.770722716030832,-0.004874155730631213,-0.031331160107855416,0.006043198223251611,1,0.012348539030860207,101.30460357666016,104.29510498046876,1
2018-09-10,101.90084075927734,102.14306453827147,100.95058917662922,101.39776388338817,20727900.0,101.47112731933593,99.29842391967773,53.75939084231005,0.8001965948153611,1.0388840160947108,-0.23868742127934972,104.85985270527966,98.0824019333922,6.777450771887459,0.010812445505448798,0.008203632518568593,0.00904086494222578,1,0.01257581755545032,100.81082916259766,104.6491241455078,1
2018-09-11,103.63363647460938,103.95970277567272,101.44432604437004,101.45364425517536,24301800.0,101.63159065246582,99.54079498291016,60.0218452509605,0.8759740403322098,1.0063020209422107,-0.13032798061000084,105.10960944622228,98.15357185870936,6.956037587512924,0.017004724420532025,0.022990395458058144,0.014963451590720878,1,0.01322837791260805,101.90084075927734,104.0715103149414,1
2018-09-12,104.0715103149414,104.20193684831617,102.95356656952566,103.81065724819192,18891100.0,101.7513053894043,99.76593811035156,61.44290284042241,0.9602913306031553,0.9970998828743997,-0.036808552271244355,105.38854521128798,98.11406556752061,7.274479643767364,0.004225209644547423,0.032344552459583564,0.013150517257194405,1,0.013173204325006828,103.63363647460938,101.07168579101562,1
2018-09-13,105.1894760131836,105.95340600549548,104.45349355229432,104.45349355229432,26055600.0,101.99585723876953,100.03125900268554,64.87579095280404,1.1045908435743144,1.0185980750143826,0.08599276855993176,105.86009460303373,98.13161987450533,7.728474728528397,0.010742283789857643,0.03227289617438056,0.007945338132322899,1,0.012623428394195068,104.0715103149414,101.30460357666016,1
2018-09-14,105.61799621582033,105.95338072830724,104.7515874098478,105.60867800499784,19122300.0,102.26276588439941,100.29197174072266,66.12092019066134,1.2392420355019453,1.0627268671118952,0.1765151683900501,106.34717442997267,98.17835733882616,8.168817091146508,0.004073793490358524,0.019147834706129574,0.01268411624495025,1,0.012649273150637637,105.1894760131836,100.81082916259766,0
2018-09-17,104.47211456298828,105.92544294310626,104.21126148016847,105.91613183851514,20736500.0,102.47517623901368,100.50378173828125,59.996218975331566,1.2392062046153285,1.098022734612582,0.14118347000274656,106.55522233221639,98.39513014581097,8.160092186405421,-0.010849303091213236,0.0038493171362130596,-0.001691457849885114,1,0.013182199680186114,105.61799621582033,101.90084075927734,1
2018-09-18,105.46892547607422,105.9254182646554,104.08081069006349,104.51867416608926,22170900.0,102.77050018310547,100.72272109985352,63.190435817590505,1.3045738036299355,1.1393329484160528,0.16524085521388265,106.81940365157841,98.72159671463253,8.097806936945886,0.009541406501205163,0.0026566294793177736,0.013427451536966784,1,0.013352272698114167,104.47211456298828,103.63363647460938,0
2018-09-19,104.06217956542967,105.5714098368452,103.44731271184628,105.31987501213204,21728400.0,103.03694305419921,100.90851364135742,56.351951221237236,1.2287017495457206,1.1572067086419864,0.07149504090373426,106.66786275911191,99.40602334928651,7.261839409825399,-0.013338013109498004,-0.01473060184943753,0.02958784897085276,1,0.009909372268704527,105.46892547607422,104.0715103149414,1
2018-09-20,105.8043212890625,106.01859749880062,104.27646161835284,104.60252793081298,23714500.0,103.340185546875,101.13174728393555,61.857162867513466,1.294229801939963,1.1846113273015817,0.10961847463838126,106.8291347453962,99.85123634835381,6.977898397042395,0.01674135339955507,0.012751792491679792,0.04441770219254915,1,0.010813010723097538,104.06217956542967,105.1894760131836,1
2018-09-21,106.4471664428711,107.40673627873583,105.74844971488638,106.20494265367644,71229700.0,103.65228042602538,101.32681854248047,63.677662322026386,1.3821014814479469,1.2241093581308549,0.157992123317092,107.07985671054627,100.2247041415045,6.855152569041763,0.006075792991973472,0.009275158179351983,0.05591003791053639,1,0.01031139794205771,105.8043212890625,105.61799621582033,1
2018-09-24,106.82909393310548,107.04337012230178,104.54662285698342,105.30123440886562,27334500.0,103.94434394836426,101.50651275634766,64.75399538565848,1.4656635203809003,1.2724201905808639,0.19324332980003645,107.40925916189244,100.47942873483609,6.929830427056345,0.0035879535641689664,0.026589048770942814,0.04836322386652592,1,0.010149886522467916,106.4471664428711,104.47211456298828,0
2018-09-25,106.62415313720705,107.22970896143369,105.9720204697094,106.95022657866885,22668000.0,104.17026252746582,101.69175979614258,63.663816558488655,1.4980810826027806,1.3175523689852473,0.1805287136175333,107.71451050727728,100.62601454765436,7.088495959622918,-0.0019183987091266896,0.007748566770772403,0.0288566218877242,1,0.009350090035753787,106.82909393310548,105.46892547607422,0
2018-09-26,106.186279296875,107.19242566078908,105.96268489803914,106.64277208933584,19352000.0,104.34354248046876,101.84894607543946,61.2895847603548,1.471477201552375,1.3483373354986727,0.1231398660537022,107.92602722340649,100.76105773753102,7.164969485875474,-0.00410670403889235,-0.002450860410043054,0.020320344881455732,1,0.009585966554264457,106.62415313720705,104.06217956542967,1
2018-09-27,106.58692169189452,107.05273288969276,106.39127473403023,106.93161742932774,19091300.0,104.45487365722656,102.02955047607422,62.66166034215113,1.4658248111406351,1.3718348306270651,0.09398998051356999,108.16851234676307,100.74123496769005,7.427277379073018,0.0037730147216044063,-0.0022669128071292066,0.013285033177043104,1,0.009126534126805872,106.186279296875,105.8043212890625,0
2018-09-28,106.54963684082033,106.73595844344976,105.90681522863572,106.3819445553684,21647800.0,104.56760025024414,102.22277328491211,62.43985485636567,1.4417174537677795,1.3858113552552083,0.05590609851257122,108.39026745134632,100.74493304914196,7.645334402204355,-0.00034980699772879653,-0.0006988688228156681,0.008820851165328714,1,0.009087400711991744,106.58692169189452,106.4471664428711,1
2018-10-01,107.70482635498048,107.77003961452672,106.88500150529738,106.90363081900536,18883100.0,104.72038536071777,102.40439086914063,66.40738067942522,1.498551964605042,1.4083594771251753,0.09019248747986675,108.7807449097972,100.66002581163833,8.120719098158872,0.010841796822695482,0.014300784132947442,0.030943298175927447,1,0.008539373535251306,106.54963684082033,106.82909393310548,0
2018-10-02,107.27629852294922,107.91911301232652,106.61484760911844,107.41604327549676,20787200.0,104.88062477111816,102.54588455200195,63.71851786841499,1.4918183558442166,1.4250512528689836,0.06676710297523303,109.0765923170825,100.68465722515383,8.391935091928673,-0.003978724505983577,0.006467743135010862,0.017136545562749683,1,0.00847358895854935,107.70482635498048,106.62415313720705,1
2018-10-03,107.2948989868164,108.2358391527123,107.07131170749362,107.52780447586014,16648000.0,105.1917854309082,102.69350357055664,63.787058093533666,1.4710257551481476,1.4342461533248165,0.036779601823331065,109.1266298482734,101.256941013543,7.869688834730397,0.0001733883823666904,0.006994506674006473,0.031065267274688724,1,0.006693788451935726,107.27629852294922,106.186279296875,0
2018-10-04,105.07765197753906,106.91294855510894,103.99696698675618,106.77320382592671,34821700.0,105.38043785095215,102.73793914794922,51.337124571285884,1.2610970244593176,1.3996163275517168,-0.13851930309239924,108.89059602145569,101.8702796804486,7.020316341007089,-0.020664980630158203,-0.024392355165056445,-0.006868049458378378,1,0.008438181278398318,107.2948989868164,106.58692169189452,0
2018-10-05,104.46277618408205,105.4316639530208,103.0746613426454,104.92858720139613,29068900.0,105.56303520202637,102.79253662109375,48.50951530180257,1.0332015508010244,1.3263333722015784,-0.29313182140055405,108.42310497136889,102.70296543268385,5.720139538685032,-0.005851632405989182,-0.02622687748930197,-0.01864202049806607,1,0.008220985570588916,105.07765197753906,106.54963684082033,0
2018-10-08,103.27030181884766,104.36961611148868,101.86355054683902,104.02492050526932,29640600.0,105.63150825500489,102.85929290771485,43.504882728588576,0.7477504291890682,1.2106167835990764,-0.46286635441000823,108.18694099634992,103.07607551365986,5.110865482690059,-0.011415304176226715,-0.03750967852128051,-0.03331294859138545,1,0.008483271689093215,104.46277618408205,107.70482635498048,1
2018-10-09,104.58390045166016,105.3478303004216,103.2237330188758,103.54048112576368,26198600.0,105.67902145385742,102.99519714355469,49.66531184345448,0.6203735105528949,1.0925681289898401,-0.4721946184369452,108.11672622905539,103.24131667865944,4.875409550395943,0.012720003812100478,-0.0046989204325240674,-0.01913499545381081,1,0.009902034530192236,103.27030181884766,107.27629852294922,0
2018-10-10,98.9010009765625,103.8758593489258,98.55629825671792,103.63363562396168,61376300.0,105.42049598693848,103.00426467895508,32.93383376439557,0.06017028556745174,0.8860885603053625,-0.8259182747379108,109.20818087465267,101.63281109922428,7.575369775428385,-0.05433818638007626,-0.05324169441676241,-0.0686084715327897,1,0.019369056928890564,104.58390045166016,107.2948989868164,0
2018-10-11,98.66810607910156,101.48160186640472,97.0750259355288,98.14639283783346,63904300.0,105.09442749023438,103.00496231079102,32.451343552554064,-0.3979995866324799,0.6292709309177941,-1.0272705175502739,109.89333924169262,100.29551573877615,9.59782350291647,-0.002354828517014962,-0.044564561724812934,-0.07429443957189685,1,0.019088457132464706,98.9010009765625,105.07765197753906,1
2018-10-12,102.07784271240234,103.63365005834004,99.7953711980728,101.5561365623186,47742100.0,104.91741981506348,103.04991119384766,45.126526006017286,-0.48042719568098846,0.40733130559803754,-0.887758501279026,109.88424566587543,99.95059396425154,9.933651701623887,0.03455763740480866,-0.02396217513819099,-0.04196911656394109,1,0.023277822730323926,98.66810607910156,104.46277618408205,0
2018-10-15,100.2425308227539,101.99398481982422,99.63697507073942,101.46296053741106,32068100.0,104.70594062805176,103.04943008422852,40.699608199499735,-0.6859389239310474,0.18867725969222057,-0.874616183623268,110.07452734251541,99.33735391358812,10.737173428927292,-0.01797953249089823,0.013564370764147515,-0.06928469024806616,1,0.023014495589383437,102.07784271240234,103.27030181884766,1
2018-10-16,103.41004180908205,103.7920102400785,101.5002138695233,102.04987454451864,31610200.0,104.60299644470214,103.11062866210938,49.84454426211478,-0.586456479360848,0.033650511881606865,-0.6201069912424548,109.98804749973519,99.2179453896691,10.770102110066091,0.03159847382473657,0.048059458303364,-0.03604017632133416,1,0.02606608773934752,100.2425308227539,104.58390045166016,0
2018-10-17,103.139892578125,104.16467557329408,102.05921452560354,104.04356724645947,26548200.0,104.55688209533692,103.1525032043457,49.148394411179716,-0.5233814944393345,-0.0777558893825814,-0.4456256050567531,109.97536036307413,99.1384038275997,10.836956535474428,-0.002612408101099084,0.010404313389683617,-0.0387251066726102,1,0.02603905497965082,103.41004180908205,98.9010009765625,0
2018-10-18,101.08099365234376,102.97218529957298,100.4568085771157,102.57158752890037,32506200.0,104.32071571350097,103.14187789916993,44.09388045395914,-0.6322419590852064,-0.18865310332310642,-0.4435888557621,109.91016538976794,98.73126603723401,11.178899352533932,-0.019962197693988215,0.008364342187972218,-0.03803528390651145,1,0.025988882052218623,103.139892578125,98.66810607910156,1
2018-10-19,101.23005676269533,103.27962245791508,100.81082256977837,101.48159159227566,32785500.0,104.05986022949219,103.13089233398438,44.53859442411425,-0.6984353860123633,-0.2906095598609578,-0.4078258261514055,109.71457873340752,98.40514172557685,11.309437007830667,0.0014746898003816789,-0.021080980224449153,-0.030946137365620907,1,0.026020467538980286,101.08099365234376,102.07784271240234,1
2018-10-22,102.13371276855467,102.98149216263212,100.83875881464137,101.84491223583936,26545600.0,103.82509117126465,103.15041580200196,47.27664883468634,-0.6702504364307487,-0.366537735174916,-0.30371270125583266,109.38959052546787,98.26059181706142,11.128998708406442,0.008926755894029581,-0.00975548630524492,-0.011005962317092277,1,0.026069914346551298,101.23005676269533,100.2425308227539,0
2018-10-23,100.7083511352539,101.5188649495755,97.92280294831062,100.40091412557544,43770400.0,103.529301071167,103.1560954284668,43.618755155928916,-0.7542340912790451,-0.4440770063957418,-0.31015708488330324,109.09612692098865,97.96247522134534,11.133651699643309,-0.013955838818185184,-0.0036865735448893266,-0.03705684431034939,1,0.025897343642577165,102.13371276855467,103.41004180908205,0
2018-10-24,95.32357025146484,101.07167673761664,94.64348301059296,100.99715237361735,63897800.0,102.98616561889648,103.02902252197265,33.17561639084522,-1.2409931609778084,-0.6034602373121551,-0.6375329236656533,109.45644092701862,96.51589031077434,12.94055061624428,-0.05346906014335562,-0.05834716190149469,-0.036171835368435046,0,0.02570840821489599,100.7083511352539,103.139892578125,1
2018-10-25,100.8946762084961,101.79834367443904,98.89168727323585,99.26433753453978,61646800.0,102.70155334472656,103.040947265625,47.247670343709586,-1.1637960234460962,-0.7155273945389434,-0.4482686289071528,109.01203848517176,96.39106820428137,12.62097028089039,0.05844415963790062,-0.012131513938657634,0.0225662599382368,0,0.03231706848484316,95.32357025146484,101.08099365234376,0
2018-10-26,99.64630889892578,101.3139134771301,97.59674291764615,98.46315184134532,55523100.0,102.35638694763183,103.02827697753906,44.96280014911309,-1.1896361594944267,-0.8103491475300401,-0.37928701196438663,108.54112766549413,96.17164622976954,12.369481435724595,-0.01237297503181034,-0.010545721624433901,-0.023820387939890608,0,0.030535564668894837,100.8946762084961,101.23005676269533,0
2018-10-29,96.74895477294922,101.26732058822216,94.6807525499976,100.71766695462088,55162000.0,101.80859336853027,102.95877792358398,40.114132533025504,-1.4274521375646856,-0.9337697455369691,-0.49368239202771647,107.94196151546892,95.67522522159162,12.266736293877301,-0.029076381834829745,0.014953117237680003,-0.03485123550982494,0,0.031371362924011284,99.64630889892578,102.13371276855467,0
2018-10-30,96.6371841430664,97.2427329508717,93.2647088639892,96.5719708664852,65350900.0,101.27663764953613,102.90027267456054,39.9352219757386,-1.6064241120825784,-1.068300618846091,-0.5381234932364873,107.26461159923817,95.28866369983409,11.975947899404076,-0.0011552644692143232,-0.0421973906396379,-0.06549516417873458,0,0.028963478056102124,96.74895477294922,100.7083511352539,1
2018-10-31,99.5065460205078,100.74560501717713,98.1836444534548,98.23022839769816,51062400.0,100.8872200012207,102.91573715209961,46.528525006006845,-1.4994425279678438,-1.1545290006704416,-0.3449135272974022,106.2381076447153,95.5363323577261,10.701775286989204,0.02969210974932235,-0.0014025896188463172,-0.035227364182729426,0,0.031148967741561867,96.6371841430664,95.32357025146484,0
2018-11-01,98.67741394042967,99.98168633917004,98.31408187968444,99.7301514923898,33384200.0,100.56720809936523,102.89449600219727,44.99165133076901,-1.4646789738332728,-1.216558995303008,-0.2481199785302648,105.63544967210208,95.49896652662838,10.136483145473704,-0.008332437545437887,0.019932609835487725,-0.023778750337387078,0,0.030664672527116552,99.5065460205078,100.8946762084961,1
2018-11-02,98.9010009765625,99.98167886660374,97.80168666506358,99.19911975047516,37680200.0,100.28911933898925,102.86841064453125,45.514298993837116,-1.402915069861578,-1.253830210214722,-0.14908485964685592,105.0742941842495,95.50394449372901,9.570349690520487,0.002265838019101407,0.023425939544602592,-0.023007551913090674,0,0.03067560154983531,98.67741394042967,99.64630889892578,1
2018-11-05,100.15870666503906,100.3729757948974,98.65879432517694,99.09665790494846,27922100.0,100.13353958129883,102.85182830810547,48.47965123667915,-1.2382071121721197,-1.2507055906062017,0.012498478434082028,104.71905915416752,95.54802000843014,9.171039145737382,0.012716814552510058,0.006553947158379536,-0.019337455282676053,0,0.030847211345345796,98.9010009765625,96.74895477294922,1
2018-11-06,100.35436248779295,101.3977749896598,99.01282400514752,100.03760718707296,24340200.0,99.92206268310547,102.81679992675781,48.94516131689643,-1.0794439217151393,-1.2164532568279893,0.13700933511285007,104.03262347394677,95.81150189226416,8.22112158168261,0.001953457959558369,0.016994249042396214,-0.0035149880170864956,0,0.03054358491452775,100.15870666503906,96.6371841430664,1
2018-11-07,104.3043975830078,104.56525060406317,101.91944755311695,101.956713285798,37901700.0,100.19223251342774,102.84847427368165,57.3279200691184,-0.6276529367335257,-1.0986931928090966,0.4710402560755709,104.69081023306347,95.693654793792,8.997155439271467,0.03936087079119588,0.05463439756009936,0.09421413096311237,0,0.026272976343308923,100.35436248779295,99.5065460205078,0
2018-11-08,104.1087646484375,104.53730994082105,103.32620553392292,104.15534859427336,25644100.0,100.46426544189453,102.84344360351562,56.83023432040375,-0.28213894685059415,-0.9353823436173961,0.653243396766802,105.21236467824927,95.71616620553978,9.496198472709494,-0.0018755962270393667,0.03943798911669871,0.03185587744292451,0,0.019900608134670428,104.3043975830078,98.67741394042967,0
2018-11-09,102.07784271240234,103.82928986462144,101.32323101564364,103.27031797414412,32039200.0,100.46426544189453,102.7990983581543,51.802464512275286,-0.17023271096391568,-0.7823524170867001,0.6121197061227844,105.21236467824927,95.71616620553978,9.496198472709494,-0.01950769412059905,0.017173944230068017,0.024401644580161364,0,0.020639815741204895,104.1087646484375,98.9010009765625,0
2018-11-12,99.56244659423828,102.44115518842764,98.84509366746782,101.93807845097756,33621800.0,100.43026123046874,102.6973648071289,46.33480887382363,-0.2812752910092229,-0.6821369918712048,0.4008617008619819,105.19394083884148,95.666581622096,9.52735921674548,-0.024641940418461128,-0.04546261805496521,0.029080332990591762,0,0.019918569423252232,102.07784271240234,100.15870666503906,1
2018-11-13,99.62767791748048,101.3045935720355,99.34818842119805,100.19596801426506,35374600.0,100.24114303588867,102.60848815917969,46.49253353594731,-0.3598654086663231,-0.6176826752302286,0.25781726656390547,104.81307809455504,95.6692079772223,9.143870117332739,0.0006551799948031345,-0.04304235811546797,0.03094558063681574,0,0.019884322261866486,99.56244659423828,100.35436248779295,0
2018-11-14,98.21485137939452,101.29313038481442,97.74702795252378,101.14342346177466,39495100.0,99.99489097595215,102.55135147094727,43.5098199632021,-0.5300419436732824,-0.6001545289188394,0.07011258524555697,104.44468329316014,95.54509865874415,8.899584634415987,-0.014181064615961247,-0.03784358319455827,-0.012981001680503201,0,0.018162156217370672,99.62767791748048,104.3043975830078,1
2018-11-15,100.37618255615234,100.86272286540328,97.2230575659847,98.2335506343939,38505200.0,99.95965042114258,102.5327830505371,48.90969815742725,-0.48491689069038557,-0.5771070012731486,0.09219011058276305,104.3855782254073,95.53372261687787,8.851855608529434,0.022006154328013006,0.008173121390140148,0.017215374297792074,0,0.01932723356881156,98.21485137939452,104.1087646484375,1
2018-11-16,101.32119750976562,101.87322572082904,99.92708571211328,100.18906568607008,33502100.0,99.96420745849609,102.54299041748047,51.110246424364135,-0.36865057777234256,-0.5354157165729874,0.1667651388006448,104.39554241565989,95.53287250133229,8.862669914327597,0.009414732953055172,0.016998485036335387,0.024470900287214103,0,0.019474937960389984,100.37618255615234,102.07784271240234,0
2018-11-19,97.8873519897461,101.57379481975993,96.88621039151954,101.30245644325142,44773900.0,99.75188941955567,102.46272064208985,43.73831575783843,-0.5472825897295905,-0.5377890912043081,-0.009493498525282473,104.15390359189595,95.34987524721538,8.804028344680574,-0.033890692218561336,-0.0033345200348908755,-0.022677555960152973,0,0.022172380143580656,101.32119750976562,99.56244659423828,0
2018-11-20,95.16462707519533,96.34354394165535,92.9565002439797,95.2488389920086,64052500.0,99.47470321655274,102.29334045410157,38.942084085649725,-0.898197035703248,-0.6098706801040961,-0.288326355599152,104.28053627331013,94.66887015979535,9.611666113514787,-0.027814879646922863,-0.051920239923864187,-0.051714098759073956,0,0.023528908811502252,97.8873519897461,99.62767791748048,1
2018-11-21,96.47454071044922,97.70959418287946,95.66052543650396,96.93300563699796,28130600.0,99.53225173950196,102.14140106201172,42.22458425525581,-1.0583996075346676,-0.6995764655902104,-0.3588231419444572,104.16221913391043,94.90228434509349,9.259934788816935,0.013764711484855141,-0.04783457873017416,-0.07506737063820734,0,0.01914496127148652,95.16462707519533,98.21485137939452,0
2018-11-23,96.4371337890625,97.12951055439926,95.43599180759804,95.59505008072324,13823100.0,99.30937461853027,101.9663542175293,42.15488875883393,-1.1748369369430236,-0.794628559860773,-0.38020837708225064,104.08248808541525,94.53626115164529,9.546226933769958,-0.0003877387869509752,-0.014815174496042194,-0.07368861675845595,0,0.019200155016620844,96.47454071044922,100.37618255615234,1
2018-11-26,99.61831665039062,99.76801642748327,97.84994475682076,98.04642972961533,32336200.0,99.30797500610352,101.8463606262207,49.75095124675762,-0.9989047367217552,-0.8354837952329695,-0.16342094148878572,104.08070885852477,94.53524115368226,9.545467704842508,0.03298711540189836,0.04679984267343551,-0.024094612470810906,0,0.022442244949572508,96.4371337890625,101.32119750976562,1
2018-11-27,100.24518585205078,100.4229610075447,98.57973588505854,99.4311706614614,29124500.0,99.4827865600586,101.76182205200195,51.113291681295436,-0.7996759285900765,-0.828322221904391,0.028646293314314453,104.12204383161368,94.84352928850352,9.278514543110163,0.006292710243841482,0.039084354419664624,0.006857397353793093,0,0.021098252849103587,99.61831665039062,97.8873519897461,1
2018-11-28,103.96907043457033,104.16555539735892,100.9188600013365,100.94692826196084,46788500.0,99.8493808746338,101.73182495117187,58.33915636458785,-0.33740984807407415,-0.7301397471383276,0.3927298990642535,104.68580521945546,95.01295652981213,9.672848689643331,0.03714776476164672,0.07810203756140743,0.04357616887031868,0,0.024009300045073522,100.24518585205078,95.16462707519533,0
2018-11-29,103.0988998413086,103.96905145389876,102.01354637252216,103.22988979258736,28123200.0,100.02899856567383,101.71255935668945,56.24701334773484,-0.040805759974730904,-0.5922729497056083,0.5514671897308774,105.06390848929317,94.99408864205449,10.069819847238676,-0.00836951402589814,0.03493918897598958,0.04972820702082492,0,0.023572322270716106,103.96907043457033,96.47454071044922,1
2018-11-30,103.75389099121094,103.8287444613528,102.32235228224172,103.57611578422896,33665600.0,100.28282241821289,101.67155075073242,57.48298830098729,0.24429138949673757,-0.4249600818651391,0.6692514713618767,105.52707834856324,95.03856648786254,10.488511860700697,0.0063530372381326305,0.035001233319458924,0.03365049705062284,0,0.022834209643559658,103.0988998413086,96.4371337890625,1
2018-12-03,104.87664031982422,106.1210522050718,103.60416731276514,105.72808228502042,34732800.0,100.58160438537598,101.64014022827149,59.59025789245674,0.5544382035931363,-0.22908042477348406,0.7835186283666205,106.14792130868527,95.0152874620667,11.132633846618575,0.010821274439802853,0.008729229582032705,0.03509080920323626,0,0.02287863983965773,103.75389099121094,99.61831665039062,0
2018-12-04,101.5363998413086,105.39126769207138,101.24635158262008,104.7363177084459,45197000.0,100.65048904418946,101.53428634643555,51.42432865300107,0.5246544077632365,-0.07833345826613997,0.6029878660293764,106.2282540161115,95.0727240722674,11.155529943844101,-0.03184923228213132,-0.015155350856362437,0.03727803211945857,0,0.022512218284869785,104.87664031982422,100.24518585205078,1
2018-12-06,102.16329193115234,102.2100699952234,98.24292895796404,99.01015916524184,49107400.0,100.74093551635742,101.44506912231445,52.73346198314882,0.5453490431801811,0.046403042023124244,0.49894600115705684,106.35510652837426,95.12676450434058,11.22834202403368,0.0061740626102906315,-0.015330500329798102,0.07354271299173964,0,0.019565800338555005,101.5363998413086,103.96907043457033,0
2018-12-07,98.0745086669922,102.4065512836734,97.58797541545908,101.40540937707884,45044900.0,100.42944107055663,101.2828337097168,44.339908780308235,0.22917724024701158,0.08295788166790172,0.14621935857910986,105.90786374881205,94.95101839230122,10.956845356510826,-0.04002203909908819,-0.06485840538072851,0.016584354221959918,0,0.024387971517247906,102.16329193115234,103.0988998413086,1
2018-12-10,100.66624450683594,101.03115335779512,97.20435390228052,98.05579599048662,40801500.0,100.25731506347657,101.16442016601563,49.794839632011204,0.18560074095360335,0.10348645352504204,0.0821142874285613,105.47251749173442,95.04211263521871,10.430404856515707,0.026426192443582464,-0.008569885635423602,0.043853550511194106,0,0.025552928462006505,98.0745086669922,103.75389099121094,1
2018-12-11,101.60186004638672,103.80998657561342,100.5258721758168,102.73399870504348,42381900.0,100.23351593017578,101.06546463012695,51.63750064939313,0.22398049832658273,0.12758526248535018,0.09639523584123255,105.41953240053492,95.04749945981665,10.37203294071827,0.00929423307817201,-0.005495436512989116,0.01991143258279826,0,0.02365600363057844,100.66624450683594,104.87664031982422,1
2018-12-12,102.0603485107422,104.10941002521496,102.02292178438594,103.75386683245786,36183000.0,100.35841102600098,100.95257507324219,52.556446601060024,0.28807220284573987,0.1596826505574281,0.12838955228831175,105.59384494648438,95.12297710551758,10.470867840966804,0.004512599121178962,0.04064093614053932,0.018107230220215875,0,0.023628690461010453,101.60186004638672,101.5363998413086,1
2018-12-13,102.4065399169922,103.73516380483768,101.63930982269034,102.52817857018866,31333400.0,100.49735412597656,100.85517990112305,53.27833832878784,0.3626200356274438,0.20027012757143126,0.16234990805601257,105.79496866567929,95.19973958627382,10.59522907940547,0.0033920264951237122,0.01728777524861469,-0.01502880146034824,0,0.02022308805265474,102.0603485107422,102.16329193115234,0
2018-12-14,99.20665740966795,102.22880057813472,98.7107656061163,101.28379504134682,47043100.0,100.54694442749023,100.69341506958008,46.27025605553538,0.16163275262854881,0.19254265258285477,-0.03090989995430596,105.77629418289195,95.31759467208852,10.458699510803427,-0.03124685698704377,-0.023574397512262313,-0.037752511788502474,0,0.022296076508404414,102.4065399169922,98.0745086669922,0
2018-12-17,96.26868438720705,98.99141959738344,95.16462104159868,98.62651797063654,56957300.0,100.34156951904296,100.51723571777343,40.94492018654476,-0.23204610339458043,0.10762490138736774,-0.33967100478194817,105.89424935164247,94.78888968644345,11.105359665199018,-0.029614676062804213,-0.056747446075255836,-0.07214386402759554,0,0.02338405701567384,99.20665740966795,100.66624450683594,1
2018-12-18,97.27919006347656,97.7844401459934,95.9224980441949,97.07334664410844,49319200.0,100.13946914672852,100.37356399536132,43.35953333454195,-0.45722941409896123,-0.005345961709898053,-0.4518834523890632,105.82740150104958,94.45153679240745,11.375864708642126,0.010496722612361786,-0.050068578214552684,-0.07244177762730597,0,0.023356457425033127,96.26868438720705,101.60186004638672,0
2018-12-19,97.01722717285156,100.0019358628918,94.82780976389968,96.97980044107932,68198200.0,100.0959629058838,100.24850250244141,42.870170246018816,-0.6493418178733492,-0.13414513294258829,-0.515196684930761,105.86486886336789,94.3270569483997,11.537811914968188,-0.002692897529821825,-0.022069388224373654,-0.044507907267935964,0,0.021705056101831557,97.27919006347656,102.0603485107422,0
2018-12-20,94.97750091552734,97.59730745867058,92.42318221908424,96.41839772654424,70334200.0,100.08660659790038,100.05637451171874,39.16380445693729,-0.9551705328919979,-0.2983502129324702,-0.6568203199595277,105.88798934674894,94.28522384905183,11.602765497697106,-0.02102437182305905,-0.013412289571615665,-0.07033633000459194,1,0.021945593654970844,97.01722717285156,102.4065399169922,0
2018-12-21,91.90858459472656,96.37161650965814,91.18813259029544,95.08977787557288,111242100.0,99.85830879211426,99.91652618408203,34.35166013091067,-1.4287086282794093,-0.5244218960018581,-0.9042867322775512,106.50768222334459,93.20893536088393,13.29874686246066,-0.03231203486318579,-0.05520816389657002,-0.06286979314065977,0,0.020761931179771313,94.97750091552734,99.20665740966795,0
2018-12-24,88.07242584228516,91.6653130675158,87.93208454078325,91.39397465391517,43935200.0,99.4400733947754,99.7046125793457,29.476143513390426,-2.089451040777348,-0.8374277249569562,-1.252023315820392,107.74398833525476,91.13615845429604,16.607829880958718,-0.04173885137451583,-0.09219807235502442,-0.1251046835634717,0,0.020008136208823295,91.90858459472656,96.26868438720705,1
2018-12-26,94.08863830566406,94.21027695616014,87.91337095954383,89.017434450094,51634800.0,99.16358947753906,99.54482849121094,43.112568133777785,-2.1033895316583084,-1.0906200862972266,-1.0127694453610818,107.7874196755262,90.53975927955193,17.247660395974265,0.06830983029980775,-0.009358664960597673,-0.07394767908080091,0,0.032283340414190766,88.07242584228516,97.27919006347656,1
2018-12-27,94.66875457763672,94.67811304548806,90.1963634928987,92.90974095781414,49498500.0,98.88476791381837,99.43335296630859,44.232324579094175,-2.044062669123818,-1.2813086028625449,-0.7627540662612731,107.70895169693037,90.06058413070636,17.64836756622401,0.00616563574964335,0.030031688498753484,-0.07242375752153629,0,0.03235408554201797,94.08863830566406,97.01722717285156,0
2018-12-28,93.9295883178711,95.81959898493125,93.11557297452312,95.5201851348932,38196300.0,98.3827938079834,99.24374389648438,43.06904460638646,-2.033252177385819,-1.4316973177671999,-0.6015548596186191,107.13488167131837,89.63070594464844,17.504175726669928,-0.007807922086473074,0.0665039303683379,-0.08277744376474672,0,0.03214654230943108,94.66875457763672,94.97750091552734,1
2018-12-31,95.03366088867188,95.81024957417374,93.9763823998552,94.77168088354348,33173800.0,97.97953186035156,99.08161926269531,45.3797181583,-1.9135372887250952,-1.528065311958779,-0.38547197676631617,106.56693939770729,89.39212432299583,17.17481507471146,0.011754257530272927,0.010043960673952412,-0.04206367425286728,0,0.03158429522598385,93.9295883178711,91.90858459472656,0
2019-01-02,94.61260986328124,95.20206479537764,92.57289949171086,93.1436446281424,35329300.0,97.52246780395508,98.95225158691406,44.635681921298605,-1.8315249957744868,-1.5887572487219208,-0.24276774705256599,105.79933472800786,89.2456008799023,16.553733848105566,-0.004430546202822683,-0.0005930648882619405,-0.0172026296450134,0,0.03027838251444697,95.03366088867188,88.07242584228516,0
2019-01-03,91.13199615478516,93.74245148047764,90.9448625191118,93.65823955982005,42579100.0,96.83523559570312,98.75029037475586,38.95042295630581,-2.024054064986373,-1.6758166119748115,-0.3482374530115617,104.83324963341146,88.8372215579948,15.99602807541666,-0.03678805302512733,-0.029783928719228414,-0.06319125297692385,0,0.031876547707630876,94.61260986328124,94.08863830566406,1
2019-01-04,95.3704605102539,95.91313726448588,92.56352064295132,93.30268233128442,44060600.0,96.5269386291504,98.61502532958984,47.68827197466077,-1.8137186684627267,-1.7033970232723947,-0.11032164519033194,104.24684566397897,88.80703159432181,15.43981406965716,0.046509069638613454,0.00354400344501693,-0.01697396133228668,0,0.03598575353454995,91.13199615478516,94.66875457763672,1
2019-01-07,95.49210357666016,96.62423527042972,94.4816105271388,95.09913366082309,35656100.0,96.19337921142578,98.51070037841797,47.918664030679835,-1.6185530998666309,-1.6864282385912421,0.06787513872461126,103.47434055550387,88.91241786734768,14.561922688156187,0.0012754794907714473,0.009295734624061414,0.005418153311809171,0,0.03530080735292571,95.3704605102539,93.9295883178711,1
2019-01-08,96.18449401855467,97.27919906273624,95.16463529327083,96.40904725208507,31514400.0,96.0988784790039,98.52791885375977,49.287746875179394,-1.3919671279679449,-1.6275360164665826,0.23556888849863777,103.32860618645299,88.86915077155481,14.459455414898173,0.007250761224865787,0.0554415361997338,0.04652350422632279,0,0.03330126601299703,95.49210357666016,95.03366088867188,1
2019-01-09,97.55988311767578,98.13062820412024,96.59616811091756,97.1762716635842,32280800.0,95.9435604095459,98.46122299194336,51.987718226231515,-1.088861983924076,-1.5198012099580815,0.4309392260340055,102.90252644894153,88.98459437015026,13.917932078791267,0.014299488843344976,0.022957030884699137,0.1077233559159616,0,0.02898869421908415,96.18449401855467,94.61260986328124,0
2019-01-10,96.93301391601562,97.07336237363724,95.79152359704123,96.57747067667076,30067600.0,95.71011810302734,98.40695709228515,50.66374388723199,-0.8889844201027586,-1.393637851987017,0.5046534318842584,102.19099457059015,89.22924163546453,12.961752935125617,-0.006425481269837441,0.015089314041539792,0.030230808539401854,0,0.02100805901932438,97.55988311767578,91.13199615478516,0
2019-01-11,96.18449401855467,96.78330740024812,95.09914030272373,96.54939569994856,28314200.0,95.41632537841797,98.39566787719727,49.057199736534756,-0.7819653015775003,-1.2713033419051138,0.4893380403276135,101.2160171274085,89.61663362942743,11.59938349798108,-0.007722032641113152,0.0,0.01601097899386561,0,0.021246458336623836,96.93301391601562,95.3704605102539,0
2019-01-14,95.48278045654295,96.2500107210597,94.74361846024682,95.34243197701988,28437100.0,95.07013740539551,98.37257980346679,47.5354127734249,-0.7451842786019256,-1.1660795292444763,0.42089525064255073,99.90597273438162,90.2343020764094,9.671670657972214,-0.00729549569472554,-0.021290540689019144,0.01653570686816641,0,0.02122133688512144,96.18449401855467,95.49210357666016,1
2019-01-15,98.25226593017578,98.28969265629608,95.32368707242202,95.91314908579383,31587600.0,95.0224178314209,98.34749420166015,53.646985606351755,-0.48694749314776686,-1.0302531220251345,0.5433056288773677,99.71061828987015,90.33421737297164,9.376400916898518,0.029005077778325727,0.013609934952638403,0.033868052765791745,0,0.02276181359058104,95.48278045654295,96.18449401855467,1
2019-01-16,98.59845733642578,99.42183109003462,98.205487393159,98.48618428887448,29853900.0,95.13890647888184,98.34591506958007,54.36264937414543,-0.2514595576848535,-0.8744944091570783,0.6230348514722248,100.05540124256373,90.22241171519994,9.832989527363793,0.0035234953919132117,0.025097219073642263,0.04212807868744184,0,0.02258958151689809,98.25226593017578,97.55988311767578,1
2019-01-17,99.29084777832033,99.76802253930246,98.01836747219642,98.2429207208009,28393000.0,95.23948936462402,98.35371200561524,55.83145263884186,-0.00886140139969882,-0.7013678076056025,0.6925064062059036,100.40311344466646,90.07586528458158,10.327248160084878,0.007022325304056887,0.039882241631102655,0.08952784935905056,0,0.017366348112714845,98.59845733642578,96.93301391601562,1
2019-01-18,100.77851104736328,100.95628621497116,99.09435117270228,100.54459935879218,37427600.0,95.42755355834962,98.36610809326172,58.892713074578914,0.2999833567690189,-0.5010975747306782,0.8010809314996971,101.08667212695713,89.7684349897421,11.318237137215021,0.014982884146224285,0.025711825506220976,0.05670571902636379,0,0.011679328953580082,99.29084777832033,96.18449401855467,0
2019-01-22,98.87913513183594,100.20775161961642,98.11190518862578,99.88027673015182,32371300.0,95.62263526916504,98.33660354614258,53.76872758163544,0.3870199648446828,-0.323474066815606,0.7104940316602888,101.47204285228005,89.77322768605003,11.69881516623002,-0.018847032921876394,0.002846675323250336,0.03546923178267525,0,0.014007096923914194,100.77851104736328,95.48278045654295,1
2019-01-23,99.84286499023438,100.15163013452457,98.56102635808372,99.29083682779276,25874300.0,96.01934928894043,98.24737289428711,55.86689382616254,0.5276792907608581,-0.1532433953003132,0.6809226860611712,101.88358618019217,90.1551123976887,11.728473782503471,0.009746544173484972,0.005559598132815813,0.03803493493425214,0,0.014101697154735552,98.87913513183594,98.25226593017578,0
2019-01-24,99.36571502685548,100.114235531054,98.56105798328925,99.98324551358236,23164800.0,96.58401374816894,98.15251190185546,54.546940101208186,0.5938057821833809,-0.003833559803574388,0.5976393419869552,101.3508580699014,91.81716942643648,9.533688643464927,-0.004779009130252421,-0.014018822126115937,0.018509984344707853,0,0.013815400722563523,99.84286499023438,98.59845733642578,1
2019-01-25,100.27325439453124,100.9375626900766,99.36567596000296,100.3387493775169,31225600.0,96.8932445526123,98.11642013549805,56.64509561635413,0.7112435722328883,0.13918186660371815,0.5720617056291701,101.77351397299364,92.01297513223096,9.760538840762678,0.009133324984683888,0.014099225896712309,0.03445926566783175,0,0.013646041115348503,99.36571502685548,99.29084777832033,0
2019-01-28,98.31776428222656,99.6276711876092,97.92479435213728,99.42182775610958,29476700.0,97.0756950378418,98.09152648925782,51.16460988528523,0.6391543837147964,0.2391763700259338,0.39997801368886254,101.88194691009382,92.26944316558978,9.612503744504039,-0.01950161211094914,-0.015275009467696887,0.022178941475331504,0,0.015146149375137686,100.27325439453124,100.77851104736328,0
2019-01-29,96.31549835205078,98.2148604993688,95.59504621025587,98.1306485627345,31490500.0,97.19499053955079,98.02528289794923,46.232272302886415,0.4156655221129313,0.2744742004433333,0.14119132166959797,101.79706764604765,92.59291343305392,9.204154212993728,-0.020365250825152725,-0.030696872396885788,0.008721131616886924,0,0.016563634692216774,98.31776428222656,98.87913513183594,1
2019-01-30,99.53409576416016,99.53409576416016,97.61602426619308,97.88736267231307,49471900.0,97.42001228332519,98.05166778564453,53.92192972765458,0.4925846916573704,0.31809629868614075,0.17448839297122964,102.01746679988788,92.8225577667625,9.194909033125384,0.033417232607205305,-0.007371443510378328,0.013046313200504978,0,0.0174289088106108,96.31549835205078,99.84286499023438,0
2019-01-31,97.7095718383789,98.44873348716308,96.54001362291348,97.1201170676144,55636400.0,97.57486038208008,97.99833557128906,49.59214970568264,0.40168942936738006,0.3348149248223886,0.06687450454499144,101.98860522910981,93.16111553505034,8.827489694059466,-0.018330642497665806,-0.006185987326784659,-0.00901520695211211,0,0.018476367797623,99.53409576416016,99.36571502685548,0
2019-02-01,96.16578674316406,97.40084035924832,95.76345829270528,97.10143363833151,35535700.0,97.82654991149903,97.89522735595703,46.210975793237,0.20274658744934015,0.3084012573477789,-0.10565466989843875,101.19147946670688,94.46162035629118,6.729859110415703,-0.015799732474198303,-0.0015543875227587156,-0.03147380755710105,0,0.01881574206954712,97.7095718383789,100.27325439453124,1
2019-02-04,98.93528747558594,98.99143113591866,96.15641542613052,96.24998581387896,31315100.0,98.00479125976562,97.91618606567383,52.471465713962246,0.2654980194452179,0.2998206097672667,-0.03432259032204882,101.20401862999198,94.80556388953927,6.398454740452706,0.028799231267337966,-0.0060161122073491,-0.01828984723649152,1,0.02069878097000257,96.16578674316406,98.31776428222656,1
2019-02-05,100.32003021240234,100.3668082596404,99.1411134903801,99.23467672327332,27325400.0,98.24618759155274,98.01929412841797,55.27446200532415,0.4221004364023315,0.3242765750942797,0.09782386130805182,101.37848920752135,95.11388597558413,6.26460323193723,0.013996449317015491,0.026716506120213035,0.014572286444913374,1,0.02026857669546531,98.93528747558594,96.31549835205078,0
2019-02-06,99.20665740966795,100.11423620715112,98.7388338759897,100.11423620715112,20609800.0,98.3972957611084,98.07393646240234,52.58899883640086,0.4511683123027268,0.34965492253596914,0.10151338976675767,101.4063426325093,95.3882488897075,6.0180937428017955,-0.011098210401024655,0.031621128152627964,-0.0063720885876887845,1,0.020412644277525486,100.32003021240234,99.53409576416016,0
2019-02-07,98.49556732177734,98.79497410898732,97.5786371590059,98.42072097879053,29760700.0,98.44407997131347,98.11510513305664,50.88847466376888,0.41207563470288733,0.3621390649693528,0.04993656973353455,101.42858788684,95.45957205578694,5.9690158310530705,-0.007167765817914895,-0.004444522930376116,-0.008757021522392994,1,0.020482752575167438,99.20665740966795,97.7095718383789,1
2019-02-08,98.86978912353516,98.97271083582224,97.55053093450164,97.67216244065084,21461100.0,98.54091873168946,98.10013458251953,51.772314297480904,0.40660390128536505,0.37103203223255526,0.03557186905280979,101.44769668116518,95.63414078221373,5.813555898951449,0.0037993770880597744,-0.014456146851198781,-0.01399640691299453,1,0.020266781689915313,98.49556732177734,96.16578674316406,0
2019-02-11,98.476806640625,99.72121835699984,98.21482672947604,99.36566807322576,18914100.0,98.65553436279296,98.06476699829102,50.73963335016508,0.3663342379906709,0.3700924733841784,-0.003758235393507503,101.35499461667612,95.9560741089098,5.39892050776632,-0.003974747861747119,-0.007356872896433497,0.0016176360351511931,1,0.019281836707113878,98.86978912353516,98.93528747558594,1
2019-02-12,100.0112762451172,100.24518792258044,98.6920180962017,99.3095412127274,25056600.0,98.88195915222168,97.98561111450195,54.55166375645925,0.4530170145370249,0.3866773816147477,0.06633963292227724,101.21355660066689,96.55036170377647,4.663194896890417,0.015582040653409956,0.015388600366026184,0.03837158044448552,1,0.01832238029656655,98.476806640625,100.32003021240234,0
2019-02-13,99.93643188476562,100.8440104180182,99.84286863295392,100.58203045757796,18394900.0,98.96616744995117,97.9223617553711,54.3308173033894,0.5097977934608338,0.41130146398396494,0.09849632947686882,101.32223670825573,96.61009819164661,4.712138516609116,-0.0007483592166961373,0.010788358817046984,0.004042193958930129,1,0.01511630247118074,100.0112762451172,99.20665740966795,1
2019-02-14,100.0206527709961,100.38555448265308,98.8604526400462,99.46861740052836,21784700.0,99.03727722167969,97.8476969909668,54.553776625951116,0.5551929725054521,0.4400797656882624,0.11511320681718967,101.43022136317751,96.64433308018187,4.785888282995643,0.0008427445791499011,0.01567725622953131,0.023652554085897837,1,0.013601735478936951,99.93643188476562,98.49556732177734,1
2019-02-15,101.25572204589844,101.33057552101452,100.45106503445126,100.96567375284896,26606900.0,99.1355209350586,97.77527862548828,57.8068964643912,0.6829560552533422,0.4886550236012784,0.19430103165206386,101.71602752052517,96.55501434959201,5.16101317093316,0.012348142515427485,0.012443054898441996,0.05292875434304278,1,0.012257738048126857,100.0206527709961,98.86978912353516,0
2019-02-19,101.20890808105467,101.66738013205163,100.84400641657516,100.85336488291054,18038500.0,99.15704078674317,97.7687287902832,57.63848037618086,0.7715379142819216,0.545231601737407,0.2263063125445146,101.79845430438489,96.51562726910144,5.2828270352834465,-0.00046233401824480325,0.012732855999464832,0.022980886430736813,1,0.009092127988167725,101.25572204589844,98.476806640625,0
2019-02-20,100.68272399902344,101.4250426458207,99.87463064523934,101.3498695038628,21607700.0,99.24722023010254,97.73911743164062,55.67506748184324,0.7901724022558625,0.5942197618410981,0.19595264041476435,101.96652741859796,96.52791304160712,5.4386143769908415,-0.005198989812337795,0.006619345202067306,0.003615367597609165,1,0.008346875808390773,101.20890808105467,100.0112762451172,1
2019-02-21,102.80632019042967,102.87209489839476,100.41962666456044,100.44781480098752,29063200.0,99.3953929901123,97.83375366210937,61.39122346678018,0.9651709434045586,0.6684099981537903,0.29676094525076824,102.52097947709883,96.26980650312576,6.25117297397307,0.02109196202743613,0.015313684137557848,0.036284488105441604,1,0.009544419993531396,100.68272399902344,99.93643188476562,1
2019-02-22,104.27215576171876,104.488269576828,103.19156517945709,103.40768616347148,27763200.0,99.64071502685547,97.90587188720703,64.76863129671511,1.2082117155936345,0.7763703416417592,0.4318413739518753,103.42025814085619,95.86117191285476,7.5590862280014335,0.014258224285957244,0.030266581655152835,0.058648207193626956,1,0.009256403149629187,102.80632019042967,100.0206527709961,1
2019-02-25,104.85470581054688,105.40909862752858,104.54462922599812,105.0144504879912,23750600.0,99.86978759765626,97.97092880249023,66.04007421923245,1.4313307094876677,0.907362415210941,0.5239682942767268,104.27798087245364,95.46159432285887,8.816386549594768,0.005586822719569895,0.04143691832934415,0.06053332104849263,1,0.009231694127574224,104.27215576171876,101.25572204589844,1
2019-02-26,105.57826232910156,106.40514538682282,104.46008513749796,104.54465671472362,21536700.0,100.2328125,98.04128707885742,67.60388494240442,1.6475471852780998,1.0553993692243728,0.592147816053727,105.22686907824021,95.23875592175978,9.988113156480438,0.00690056314555898,0.026962760008697684,0.07211297696108443,1,0.008550327056720802,104.85470581054688,101.20890808105467,0
2019-02-27,105.3997039794922,105.57823835950916,104.1875642197583,104.94867956637025,21487100.0,100.68702278137206,98.10115036010743,66.78655226087578,1.783928120640482,1.2011051195075948,0.5828230011328872,105.82371984011255,95.55032572263158,10.273394117480962,-0.001691241602866822,0.010813512097612055,0.0538782019056383,1,0.008371354723443669,105.57826232910156,100.68272399902344,0
2019-02-28,105.26815795898438,106.06685272479392,104.98626948400076,105.27755639215503,29083900.0,100.97372589111328,98.22238037109375,66.15202166660444,1.8599559159905539,1.3328752788041867,0.5270806371863672,106.44989003606364,95.49756174616292,10.95232828990072,-0.0012480682159545786,0.003943095784222805,0.0533511750786404,1,0.008412811355106648,105.3997039794922,102.80632019042967,1
2019-03-01,105.73798370361328,106.19840658369957,104.9298904706186,106.07625562295544,23501200.0,101.375146484375,98.41176635742187,67.3453298614845,1.935804750483186,1.4534611731399867,0.4823435773431992,107.01008303561126,95.74020993313873,11.26987310247253,0.004463132572453343,0.001512824429841908,0.05716150389167529,1,0.008279260252786259,105.26815795898438,104.27215576171876,0
2019-03-04,105.48429107666016,106.41453533855147,104.11241360055536,106.19841436411974,26608000.0,101.8410717010498,98.57586837768555,65.99241756052481,1.9529324340411733,1.5533554253202242,0.39957700872094915,107.21077306888357,96.47137033321603,10.73940273566754,-0.0023992572779166776,0.0008025363826866805,0.04176128464962159,1,0.00825805779978078,105.73798370361328,104.85470581054688,0
2019-03-05,104.95806121826172,105.60641681776478,104.51643527845428,105.47486744524288,19538300.0,102.1422103881836,98.73468505859375,63.15813101548283,1.9021174688193128,1.623107834020042,0.27900963479927077,107.5018151386528,96.7826056377144,10.719209500938405,-0.004988703559812513,-0.0029457791105594877,0.03704370700456994,1,0.008652378125938224,105.48429107666016,105.57826232910156,1
2019-03-06,105.00505828857422,105.86013647723291,104.70437294980606,105.11781797895128,17687000.0,102.37646179199218,98.93523620605468,63.3096897893238,1.844377675820624,1.6673618023801586,0.17701587344046543,107.80610079491484,96.94682278906953,10.859278005845312,0.0004477699927665224,-0.006931524409369061,0.04293024779099852,1,0.008180083860005322,104.95806121826172,105.3997039794922,0
2019-03-07,103.72713470458984,104.81712344254358,103.23852376030588,104.67617563416634,25339000.0,102.60248565673828,99.17160720825196,56.50308727637339,1.6761787751668038,1.6691251969374878,0.00705357822931596,107.85909711767434,97.34587419580222,10.513222921872114,-0.012170114514601704,-0.016657991006388873,0.008956788964477491,1,0.007280351537788881,105.00505828857422,105.26815795898438,1
2019-03-08,103.83990478515624,104.0278304358787,102.23311681409594,102.57138872051958,22818400.0,102.86970252990723,99.48695678710938,56.94301116706328,1.5342931611365884,1.642158789777308,-0.10786562864071958,107.79709841413317,97.94230664568128,9.85479176845189,0.0010871801374592316,-0.010653364021085188,-0.004145411336371585,1,0.005594601383301085,103.72713470458984,105.73798370361328,1
2019-03-11,106.01988220214844,106.1326347323496,104.28154472880374,104.2909359937175,26491600.0,103.22720718383789,99.72558166503906,64.43197384803997,1.5795457285808396,1.6296361775380146,-0.05009044895717496,107.97619200497006,98.47822236270572,9.497969642264337,0.02099363844277935,0.009664524072595437,0.01111229469955144,1,0.008691256932474528,103.83990478515624,105.48429107666016,1
2019-03-12,106.76220703125,107.10987024500496,105.8507524577428,106.01048999751696,26132700.0,103.64147720336913,99.96745071411132,66.56458375284683,1.6562162936739497,1.6349522007652018,0.021264092908747978,108.0970761479627,99.18587825877557,8.911197889187122,0.007001751121418653,0.029260157771675788,0.011213905931297896,1,0.008698765183001299,106.01988220214844,104.95806121826172,1
2019-03-13,107.58909606933594,108.0589174495514,106.91255213480083,107.2414256671706,35513800.0,104.02036819458007,100.24064086914062,68.80811059829362,1.7633742232817013,1.6606366052685018,0.10273761801319958,108.46549986472311,99.57523652443703,8.890263340286083,0.0077451474738050585,0.03610549616678416,0.020772279306113806,1,0.008866558887773112,106.76220703125,105.00505828857422,1
2019-03-14,107.67365264892578,108.2468352646312,107.42935071058612,107.62667481566268,30763400.0,104.40722923278808,100.4934407043457,69.03690937385079,1.8339796876051082,1.695305221735823,0.1386744658692851,108.70771060325391,100.10674786232225,8.600962740931664,0.0007859214611800613,0.015598682175708367,0.022851114112575788,1,0.008804505143350882,107.58909606933594,103.72713470458984,1
2019-03-15,108.91398620605467,110.17310395301487,107.67365098942447,108.37838299765272,54681100.0,104.85189590454101,100.77946823120118,72.25217415742605,1.9673412931268501,1.7497124360140286,0.21762885711282154,109.08474214484319,100.61904966423883,8.46569248060436,0.011519378479460052,0.020154877223312218,0.0300365336201589,1,0.00926798467130281,107.67365264892578,103.83990478515624,1
2019-03-18,110.47378540039062,110.51137196643006,109.045531735414,109.1582842646279,31207600.0,105.31279907226562,101.16630401611329,75.67331015963909,2.173835463461245,1.8345370415034719,0.33929842195777304,109.8737085638427,100.75188958068854,9.121818983154157,0.014321385605930992,0.02681209747496749,0.0473008281404137,1,0.009684166406009782,108.91398620605467,106.01988220214844,1
2019-03-19,110.54896545410156,111.29128404982322,109.9287978289778,110.9624033686125,37588700.0,105.77980194091796,101.46987411499023,75.82800382130132,2.3168428608744165,1.9309982053776609,0.3858446554967556,110.47497308744127,101.08463079439466,9.390342293046615,0.0006805239219282999,0.02670395899497202,0.053267983144367426,1,0.009209957800886842,110.47378540039062,106.76220703125,0
2019-03-20,110.42681884765624,111.58258264750256,109.66571047269991,110.3046678643008,28113300.0,106.2670066833496,101.76856842041016,74.99359833451834,2.3927390371269865,2.023346371727526,0.36939266539946036,110.7634575913554,101.77055577534381,8.992901816011596,-0.0011049095388960817,0.013890159513025635,0.05163332745534954,1,0.00931226872159928,110.54896545410156,107.58909606933594,1
2019-03-21,112.96385192871094,113.52763614181904,110.02276554933997,110.0697505541428,29854400.0,106.77488327026367,102.10415557861329,79.93286348759179,2.627318577270813,2.144140812836184,0.48317776443462934,111.85037273489388,101.69939380563346,10.150978929260418,0.022974790974960246,0.022539885994632636,0.08904822494544784,1,0.00868705767601066,110.42681884765624,107.67365264892578,0
2019-03-22,109.98517608642578,112.371862131279,109.97577765254395,112.28729773305632,33624500.0,107.06053428649902,102.35266143798827,63.95945232130101,2.5435498469189213,2.2240226196527315,0.31952722726618976,112.18329470349707,101.93777386950097,10.245520833996096,-0.02636839830997384,-0.005099906320786496,0.059180247843871214,1,0.014024489218705841,112.96385192871094,108.91398620605467,1
2019-03-25,110.5583724975586,110.88724603547368,109.29924744951964,109.52475970853205,27067100.0,107.34571762084961,102.62516860961914,65.39264826157168,2.494657822067836,2.2781496601357523,0.2165081619320839,112.57937740443147,102.11205783726776,10.467319567163713,0.005211578792058358,0.001191319747097408,0.0428079167901414,1,0.012980765793542525,109.98517608642578,110.47378540039062,1
2019-03-26,110.79327392578124,111.54498378259086,109.79724779137383,111.46041938087303,26097700.0,107.6064682006836,102.91734420776368,65.98953730338562,2.446661531093241,2.31185203432725,0.1348094967659912,112.97969632949184,102.23324007187534,10.7464562576165,0.0021246824000400455,-0.01921480160130784,0.03775743314627533,1,0.012958606695032094,110.5583724975586,110.54896545410156,0
2019-03-27,109.72207641601562,111.07516421645624,108.5475230250512,110.76508040070443,22733400.0,107.82258682250976,103.20213012695312,60.83655739034112,2.29572376352678,2.308626380167156,-0.01290261664037562,113.17103981828208,102.47413382673744,10.69690599154464,-0.009668434479905286,-0.002392137556823215,0.019825246466473656,1,0.013525522771786128,110.79327392578124,110.42681884765624,1
2019-03-28,109.87240600585938,110.4831751101902,109.12068908223624,110.35162572389171,18334800.0,108.05279922485352,103.4345329284668,61.29335985937579,2.1632976876884413,2.279560641671413,-0.1162629539829716,113.33761604479513,102.7679824049119,10.569633639883222,0.0013700942850713993,-0.006204563943941643,0.02042053281226286,1,0.013520728493882556,109.72207641601562,112.96385192871094,1
2019-03-29,110.82147216796876,111.17853384485387,109.90061908592064,110.94362314900448,25399800.0,108.30697364807129,103.67899322509766,64.13734134329246,2.110601080659279,2.2457687294689865,-0.13516764880970733,113.61096328459756,103.00298401154502,10.607979273052536,0.008637893686052278,0.00025451222071848356,0.017513691568549428,1,0.01332714412679482,109.87240600585938,109.98517608642578,1
2019-04-01,111.8362808227539,111.92085240101274,110.97181118336093,111.7705061147328,22789100.0,108.62457313537598,103.92990188598633,66.93492545191944,2.1262155281758766,2.2218580892103645,-0.09564256103448798,113.97494908234427,103.2741971884077,10.70075189393657,0.009157148293852613,0.019268723996091586,0.01233320119723591,1,0.012881406185551903,110.82147216796876,110.5583724975586,1
2019-04-02,111.99600982666016,112.2685070556212,111.36644380234804,111.873851693975,18142300.0,108.97647056579589,104.15425186157226,67.36643410208771,2.1269606081295365,2.2028785929941987,-0.07591798486466228,114.24105513751202,103.71188599407976,10.529169143432256,0.0014282395903293388,0.019327908598702592,0.013089623829717123,1,0.012879571145807452,111.8362808227539,110.79327392578124,1
2019-04-03,112.72893524169922,113.1611700210368,111.95842851872273,112.62557397175928,22860700.0,109.36266441345215,104.43124786376953,69.34342348169683,2.1617724775763776,2.1946573699106344,-0.03288489233425684,114.53770480890108,104.18762401800322,10.350080790897863,0.00654421006760364,0.017212035144591464,0.02084743921871879,1,0.012942825758560804,111.99600982666016,109.72207641601562,0
2019-04-04,112.15574645996094,112.9732381403075,111.23489351535544,112.85108000859908,20112800.0,109.7840950012207,104.67750549316406,65.9771017424876,2.1186866892541616,2.17946323377934,-0.060776544525178444,114.3970171311848,105.17117287125662,9.22584425992818,-0.005084664203643174,0.0028565473999742075,-0.007153664247037006,1,0.010786261081162674,112.72893524169922,109.87240600585938,1
2019-04-05,112.65377044677734,112.97325271449384,112.16515936362345,112.18394906459248,15826200.0,110.22478828430175,104.9432666015625,67.45541458008094,2.1005138490411497,2.163673356831702,-0.06315950779055246,114.10841239918673,106.34116416941677,7.767248229769962,0.004440467854174512,0.005873071916894457,0.024263218510961915,1,0.005940060474628379,112.15574645996094,110.82147216796876,1
2019-04-08,112.69134521484376,112.77590961370556,111.47920531549212,112.5785855141234,15116200.0,110.55836143493653,105.19162841796874,67.56990627298534,2.0653358064517278,2.1440058467557073,-0.0786700403039795,114.06806023466187,107.04866263521119,7.019397599450684,0.0003335420369634523,-0.00033345499782166943,0.01929272898198886,1,0.005885027128458084,112.65377044677734,111.8362808227539,0
2019-04-09,112.08060455322266,112.3249137157987,111.42285738733308,111.4698352312358,17612000.0,110.82428131103515,105.46688522338867,63.65031313984965,1.9655180188070318,2.1083082811659724,-0.14279026235894055,113.92531651136493,107.72324611070538,6.202070400659551,-0.005419587994594854,-0.0006699782143138044,0.011619212808024582,1,0.006324234340700887,112.69134521484376,111.99600982666016,1
2019-04-10,112.93563842773438,113.08597750530753,112.32486934700384,112.5315918514576,16477200.0,111.09160842895508,105.79928802490234,66.57370530273178,1.9331219641312742,2.073271017759033,-0.14014905362775876,113.94272140935561,108.24049544855455,5.702225960801059,0.007628740743503837,0.002502073209260214,0.02928819902691604,1,0.005314062050428758,112.08060455322266,112.72893524169922,1
2019-04-11,113.06721496582033,113.55582604641884,112.68195799336898,113.26453908503731,14209100.0,111.36128654479981,106.06995040893554,67.01335259302584,1.8962066939718625,2.037858153001599,-0.14165145902973642,113.86769033852498,108.85488275107464,5.0128075874503395,0.0011650577259554318,0.0033353914647125116,0.02907744606767393,1,0.0053210273465383075,112.93563842773438,112.15574645996094,1
2019-04-12,113.6497573852539,113.6779526821024,113.10477018420636,113.35847050461614,19745100.0,111.59807510375977,106.38875411987304,68.9599340477468,1.8921459010214932,2.0087157026055777,-0.11656980158408459,114.02857889073478,109.16757131678476,4.861007573950019,0.005152178017382658,0.014000217417511562,0.02552109408002079,1,0.0050070623993040166,113.06721496582033,112.65377044677734,1
2019-04-15,113.74374389648438,114.24175334628188,113.2927122771199,113.64038263306551,15792600.0,111.76157302856446,106.74031326293945,69.27496228630453,1.874898951303578,1.981952352345178,-0.1070534010416,114.30487714310368,109.21826891402523,5.0866082290784504,0.0008269838263874618,0.007155451370358001,0.01705585217692951,1,0.004444142152321217,113.6497573852539,112.69134521484376,0
2019-04-16,113.48065185546876,114.30754206424058,112.85109293299404,114.29814362943948,14071800.0,111.90815734863281,107.03122055053711,67.21839991955397,1.8190326147620368,1.94936840482855,-0.1303357900665132,114.49261298651204,109.32370171075358,5.168911275758461,-0.0023130242772301246,0.0036565585326693295,0.013256204672884575,1,0.004623559824706381,113.74374389648438,112.08060455322266,1
2019-04-17,114.42030334472656,114.49547649106609,113.26454668760628,113.92229379581248,19300900.0,112.10783157348632,107.3132260131836,70.57795816277499,1.8294909301217217,1.9253929098871845,-0.09590197976546277,114.81767188430265,109.39799126266999,5.419680621632665,0.008280279271347224,0.006780005318098858,0.015003850603227287,1,0.004867372228870253,113.48065185546876,112.93563842773438,1
2019-04-18,115.9237289428711,116.06466962060502,113.97866873218486,114.81495020829745,27991000.0,112.25582542419434,107.64756744384766,74.9936793174718,1.936767254199978,1.9276677787497434,0.009099475450234706,115.42146693386648,109.0901839145222,6.3312830193442835,0.013139500195301856,0.01916575779649632,0.033595982389144075,1,0.0054984200470872885,114.42030334472656,113.06721496582033,1
2019-04-22,116.2901840209961,116.5156962645373,115.17200689989168,115.2189919030442,15648700.0,112.57107582092286,108.00345977783203,75.94148883848047,2.027977118280404,1.9477296466558756,0.0802474716245285,116.013138442623,109.12901319922271,6.884125243400291,0.0031611740017920553,0.024757807781238483,0.03227955495672252,1,0.005484406781354254,115.9237289428711,113.6497573852539,1
2019-04-23,117.8687744140625,118.0003238094341,116.3559491983848,116.60964955548592,24025500.0,112.93659591674805,108.38343948364258,79.53920691829794,2.202254426413873,1.9986346026074753,0.20361982380639776,116.9511074029779,108.9220844305182,8.0290229724597,0.013574579886995286,0.030138628971698722,0.045943450132289065,1,0.0062601993365019,116.2901840209961,113.74374389648438,0
2019-04-24,117.46475219726562,118.25404873346923,117.00432204890764,118.19767245771352,31257000.0,113.27016983032226,108.76319839477539,76.39059769085169,2.2814698678974565,2.0552016556654715,0.226268212231985,117.61220740254204,108.92813225810248,8.68407514443956,-0.0034277290046096365,0.013293423774816349,0.048038174539701384,1,0.005931898131053985,117.8687744140625,113.48065185546876,1
2019-04-25,121.3548583984375,123.4408665015329,121.05418016673764,122.20993676294644,38033900.0,113.85180892944337,109.19007003784179,83.26128873112171,2.6278554535647203,2.1697324152453215,0.4581230383193988,119.14847944830858,108.55513841057815,10.593341037730426,0.03311722136559725,0.04355203682992692,0.07454883230761955,1,0.010799816762071628,117.46475219726562,114.42030334472656,1
2019-04-26,122.05018615722656,122.64216562899917,121.23270162025248,121.87165175540248,23654900.0,114.46069793701172,109.63234512329102,84.14921904788297,2.9247608424260676,2.3207381006814707,0.6040227417445969,120.53089427645796,108.39050159756547,12.140392678892482,0.005729706811622881,0.03547514398067064,0.0794480627662204,1,0.010607987913769427,121.3548583984375,115.9237289428711,0
2019-04-29,121.93743896484376,122.32268158070436,121.54279074564828,122.05958276790736,16324200.0,115.01649627685546,110.07068084716796,83.37688816677208,3.1150543386666527,2.479601348278507,0.6354529903881456,121.6605293036378,108.37246325007312,13.288066053564677,-0.0009237773077834799,0.03807684163898695,0.0729230028313741,1,0.010940464068375162,122.05018615722656,116.2901840209961,1
2019-04-30,122.71734619140624,122.81130186165755,121.58037218022687,121.97502040602684,24166500.0,115.56054954528808,110.49991333007813,84.44070100868336,3.2908603114736223,2.6418531409175303,0.649007170556092,122.82670828562617,108.29439080495,14.53231748067617,0.006395962004641875,0.01122730322419696,0.07889315040560407,1,0.010724342459624545,121.93743896484376,117.8687744140625,0
2019-05-01,120.16152954101562,122.7643371778874,119.99239353497624,122.65158461979868,26821700.0,115.96882553100586,110.87896575927735,68.88326392607291,3.187214542428279,2.75092542121968,0.4362891212085991,123.30523612616874,108.63241493584299,14.672821190325749,-0.02082685724318245,-0.01547442634604379,0.05887239433604741,1,0.01379759675654337,122.71734619140624,117.46475219726562,0
2019-05-02,118.59230041503906,120.27426165311287,117.94394467926575,120.25547195404762,27350200.0,116.26199378967286,111.23715728759765,61.40299630451208,2.9445083880564056,2.7896420145870255,0.15486637346938004,123.52534537040613,108.99864220893959,14.526703161466543,-0.013059330485976628,-0.02743323607747039,0.036462034694516365,1,0.014975116218388368,120.16152954101562,121.3548583984375,1
2019-05-03,121.11996459960938,121.6179741917419,119.5695595430176,119.6729208359779,24911100.0,116.71020469665527,111.60343017578126,67.52116632521111,2.9224353714281364,2.8162006859552475,0.10623468547288883,124.01091882393585,109.40949056937468,14.60142825456117,0.021313897915161473,-0.013016754691756227,0.044824607559847074,1,0.015751351121204186,118.59230041503906,122.05018615722656,0
2019-05-06,120.41521453857422,120.80047151310346,118.4983496075828,118.76144843462455,24239800.0,117.09827690124511,111.92629135131835,64.45345436812464,2.815618212546454,2.8160841912734886,-0.00046597872703468823,124.31994668360156,109.87660711888867,14.443339564712886,-0.005818611847888788,0.002111199803527919,0.03547187195811263,1,0.01608885640529974,121.11996459960938,121.93743896484376,0
2019-05-07,117.94395446777344,119.50376486911462,116.7224231978234,118.8272209441428,36017700.0,117.3609073638916,112.18807632446288,55.01457530451621,2.5027051825605042,2.753408389530892,-0.2507032069703876,124.29887825870982,110.42293646907338,13.875941789636443,-0.02052282247115156,-0.005467015522901519,0.0006378284162591452,1,0.01730872812471157,120.41521453857422,122.71734619140624,0
2019-05-08,117.93455505371094,118.74264833393929,117.22042460792444,117.86878035271118,28419000.0,117.65360488891602,112.43520217895508,54.98159470329781,2.228274733642749,2.6483816583532636,-0.4201069247105145,124.1560849967409,111.15112478109114,13.00496021564976,-7.969390296358458e-05,-0.0262996241489053,0.00399952196431097,1,0.01726312853034929,117.94395446777344,120.16152954101562,0
2019-05-09,117.92516326904295,118.19766052252292,116.11165250332856,116.78819641970568,27235800.0,117.90308113098145,112.6857113647461,54.9461501016059,1.9871224762135284,2.5161298219253165,-0.5290073457117881,124.0346552564597,111.7715070055032,12.263148250956505,-7.963556282297723e-05,-0.020678875830375976,-0.02826170434919073,1,0.012955275998034959,117.93455505371094,118.59230041503906,1
2019-05-10,119.45677947998048,120.20849654284363,116.34656429097184,117.37077860990028,30915100.0,118.22255935668946,112.96948379516601,59.52831359194969,1.897720462562134,2.39244795005268,-0.49472748749054585,123.96656591203867,112.47855280134024,11.488013110698432,0.012988035534393871,0.012826643120740888,-0.02124869087790837,1,0.013669119252475452,117.92516326904295,121.11996459960938,0
2019-05-13,115.90492248535156,117.9721406709432,115.61363555025692,116.61905292538538,33944900.0,118.33531761169434,113.17282257080078,47.470851713934536,1.5227106863399342,2.2185004973101305,-0.6957898109701963,123.79745438873424,112.87318083465443,10.924273554079804,-0.029733406593504985,-0.017209820882734705,-0.049472225517475876,1,0.016203759515269475,119.45677947998048,120.41521453857422,1
2019-05-14,117.20162963867188,118.2822129395221,116.23379169761566,116.39353639477912,25266300.0,118.50821189880371,113.40716934204102,51.34545177218294,1.3149878062445168,2.037797959097008,-0.7228101528524911,123.58323980814818,113.43318398945924,10.15005581868894,0.01118767974228363,-0.006135532148642042,-0.044946511018347124,1,0.016641246922459055,115.90492248535156,117.94395446777344,1
2019-05-15,118.8520965576172,119.502852302543,116.66405628553342,117.19220889978928,24722700.0,118.77678413391114,113.68505004882813,55.81301298245636,1.2689175227096285,1.884021871819532,-0.6151043491099035,123.29737739504276,114.25619087277951,9.041186522263246,0.014082286432651525,-0.0050619389288375505,-0.010897272932527624,1,0.016487948753416547,117.20162963867188,117.93455505371094,1
2019-05-16,121.59654235839844,122.0209581770798,119.26704032309006,119.54054618372848,30112200.0,119.13559608459472,114.01687973022462,62.05267112360395,1.437292122022825,1.7946759218601909,-0.3573837998373659,123.34453914483932,114.92665302435013,8.417886120489186,0.023091269571763773,0.049105937444254844,0.025332521022405352,1,0.017476760632229894,118.8520965576172,117.92516326904295,0
2019-05-17,120.78551483154295,123.03957347304014,120.64403804530934,121.01185466410143,25770500.0,119.37868537902833,114.35804733276368,59.383962259921866,1.488132793165505,1.7333672961212538,-0.24523450295574878,123.373689800953,115.38368095710365,7.990008843849353,-0.006669823920363083,0.03057880000406188,-0.0027613099885888115,1,0.016359659898810372,121.59654235839844,119.45677947998048,0
2019-05-20,119.04071807861328,120.33278907320177,118.60688333925702,119.32365002405018,23706900.0,119.51621208190917,114.66206359863281,54.00308348306918,1.371820383791004,1.661057913655204,-0.28923752986420004,123.25780027500221,115.77462388881614,7.483176386186074,-0.014445413883967029,0.001587027292401455,-0.011414641125109926,1,0.016909679534415547,120.78551483154295,115.90492248535156,1
2019-05-21,119.68205261230467,120.27621623344382,119.38025418952007,120.181905575469,15293300.0,119.60687599182128,114.93530700683594,55.59577899758144,1.3162197365836192,1.592090278240887,-0.27587054165726776,123.27147595237186,115.94227603127071,7.32919992110115,0.005387522387657828,-0.01574460678701639,0.014736644640876095,1,0.015516662301826984,119.04071807861328,117.20162963867188,1
2019-05-22,120.40824127197266,120.94582708230924,119.323650818639,119.41796866318728,15396500.0,119.75405044555664,115.2082276916504,57.39472024385173,1.3155879005218907,1.5367898026970879,-0.2212019021751972,123.29712114535141,116.21097974576188,7.086141399589536,0.006067648772873024,-0.0031235000330667173,0.020975075686130662,1,0.01556561102833953,119.68205261230467,118.8520965576172,0
2019-05-23,119.00299072265624,119.10673459317054,117.64489437806272,119.02184997391286,23603800.0,119.63645706176757,115.4365055847168,52.92630728721171,1.1880006586417977,1.46703197388603,-0.2790313152442323,123.114723596864,116.15819052667115,6.956533070192847,-0.011670717340205194,-0.0003169281617750874,0.009139927592504149,1,0.016172926216240474,120.40824127197266,121.59654235839844,1
2019-05-24,119.05957794189452,120.17246086872368,118.80493847014878,119.69147440037712,14123400.0,119.48692665100097,115.66422409057617,53.08470361024036,1.0790147554710785,1.3894285302030398,-0.3104137747319613,122.78999204374324,116.1838612582587,6.606130785484538,0.00047551090014330555,-0.005201069473854902,-0.0033250648461733423,1,0.015619400554006896,119.00299072265624,120.78551483154295,0
2019-05-28,118.984130859375,120.719469783704,118.88038698939434,119.75748967485922,23128400.0,119.33926124572754,115.86562698364258,52.82946181214352,0.9753119044614351,1.306605205054719,-0.3312933005932839,122.44933830307352,116.22918418838157,6.220154114691951,-0.0006336918358331722,-0.011827350001574533,0.026566674719208816,1,0.01173930443421752,119.05957794189452,119.04071807861328,0
2019-05-29,117.8335189819336,118.25792047790264,116.9847087945546,118.24848725486484,22763100.0,119.0950698852539,116.01282165527344,48.962935817100636,0.7911618639661242,1.2035165368370002,-0.412354672870876,121.85282658109581,116.337313189412,5.515513391683811,-0.009670296947424828,-0.009827246639945053,0.005391472330289249,1,0.01191286234366321,118.984130859375,119.68205261230467,1
2019-05-30,118.57859802246094,118.60689049916844,117.68262881922088,118.13533003286577,16829600.0,119.01592330932617,116.17341430664062,51.441326346507104,0.6973051817515739,1.102274265819915,-0.4049690840683411,121.73732858400953,116.2945180346428,5.442810549366726,0.0063231502119662775,-0.0040398255037349395,-0.002301167106662505,1,0.011166570976758477,117.8335189819336,120.40824127197266,0
2019-05-31,116.64517974853516,117.53171559484292,116.30565568805304,117.16389906189409,26646800.0,118.91856727600097,116.2977815246582,45.294665272775035,0.461591449540947,0.9741377025641214,-0.5125462530231744,121.82654382595263,116.01059072604932,5.815953099903311,-0.016304951367021148,-0.019657672783307545,-0.040719600358943064,1,0.008730032555533493,118.57859802246094,119.00299072265624,0
2019-06-03,113.02359771728516,117.29594115552322,112.24081289065998,116.80551429055416,37983600.0,118.51374893188476,116.29897644042968,36.49742383851333,-0.017245983596069436,0.7758609653320833,-0.7931069489281527,122.22612273209616,114.80137513167337,7.424747600422791,-0.031047849890217916,-0.04081963524645227,-0.06426198642348113,1,0.012226506959552352,116.64517974853516,119.05957794189452,1
2019-06-04,116.15476989746094,116.2679397968706,113.78753449711252,114.38169805533684,29382600.0,118.3007266998291,116.42236831665039,46.22250683874386,-0.14242686431791185,0.5922033994020843,-0.7346302637199962,122.0410538878411,114.5603995118171,7.480654376024006,0.02770370297367486,-0.020440687994480067,-0.0242433700647412,1,0.015912510698401463,113.02359771728516,118.984130859375,1
2019-06-05,118.67288208007812,118.71060777238038,117.14502392131678,117.84293124030847,24926100.0,118.33717308044433,116.58465850830078,52.51997165631892,-0.03800490884199803,0.46616173775326786,-0.5041666465952659,122.07708975853201,114.59725640235665,7.479833356175362,0.02167893909858476,0.017383507281778066,-0.008432095792137106,1,0.017541784840682563,116.15476989746094,117.8335189819336,1
2019-06-06,120.54972076416016,120.69119034718372,118.45599108264857,119.24821643031544,21459000.0,118.46793136596679,116.77978744506837,56.59938434005578,0.1939595941367429,0.41172130902996285,-0.21776171489321994,122.32347789500264,114.61238483693094,7.711093058071697,0.015815227971084145,0.06658895309367763,0.0011749984111795175,1,0.018217913158375194,118.67288208007812,118.57859802246094,1
2019-06-07,123.92608642578124,124.72774498544376,120.9646872338983,121.8417971960724,33885600.0,118.76797752380371,117.06386764526367,62.79268562958779,0.6428275099999894,0.4579425492239682,0.18488496077602118,123.285111586483,114.25084346112442,9.03426812535858,0.028008075342011773,0.0669048420067524,0.04136951242341946,1,0.019597779048395183,120.54972076416016,116.64517974853516,1
2019-06-10,125.05784606933594,126.45366107203938,124.49196773238064,124.86921036309492,26477100.0,119.04803085327148,117.3675764465332,64.6154455139345,1.0774618029969218,0.581846399978559,0.4956154030183628,124.33086913471472,113.76519257182825,10.565676562886466,0.009132537597178914,0.053803058266920445,0.05038039132281158,1,0.019604472217572194,123.92608642578124,113.02359771728516,0
2019-06-11,124.58625793457033,126.60453578180704,123.81289200509944,126.26501173316532,23913700.0,119.48209762573242,117.64287216186523,63.225534497926276,1.3680889129363294,0.7390949025701131,0.6289940103662163,125.07792555860993,113.88626969285491,11.191655865755024,-0.0037709599964175222,0.033484417423970125,0.04708297681996232,1,0.019731124542090035,125.05784606933594,116.15476989746094,0
2019-06-12,124.01097869873048,124.46367272456212,123.27534551017266,123.9260868762941,17092500.0,119.82256507873535,117.88636611938476,61.48796849297515,1.5343062376601893,0.8981371695881284,0.6361690680720609,125.64593728174842,113.99919287572229,11.64674440602613,-0.004617517576793739,0.0006850234312860692,0.05242531811125861,1,0.019381366738164978,124.58625793457033,118.67288208007812,1
2019-06-13,124.79376220703124,125.43507750016028,124.07698112543687,124.47309016958413,17200800.0,120.11964836120606,118.14232116699219,62.97886066231105,1.7094927834745448,1.0604082923654117,0.6490844911091331,126.3093840789496,113.92991264346252,12.37947143548709,0.006312211358338038,-0.0021116936730085634,0.05241387812152265,1,0.01938130238433908,124.01097869873048,120.54972076416016,1
2019-06-14,124.91636657714844,126.18014519257108,124.15244091246583,124.73717129464094,17821700.0,120.28563957214355,118.38606979370117,63.21903241194274,1.8370462060623822,1.215735875104806,0.6213103309575763,126.79471584147073,113.77656330281637,13.018152538654363,0.000982455917258207,0.002649639278446525,0.0709089466572419,1,0.017959859413844398,124.79376220703124,123.92608642578124,1
2019-06-17,125.29362487792967,126.1235615341836,124.99181926410374,125.08613711614528,14517800.0,120.51104507446288,118.64882736206054,63.993093942803355,1.9461409035247357,1.3618168807887918,0.5843240227359439,127.37623637752334,113.64585377140243,13.730382606120912,0.0030200870479868414,0.010343005052118937,0.10856164029866133,1,0.012264702176428525,124.91636657714844,125.05784606933594,1
2019-06-18,127.47219848632812,127.54764986995612,125.97264001278135,126.55737024729846,25934500.0,120.93261909484863,118.94519592285157,68.16025285219706,2.183225060855804,1.5260985168021943,0.6571265440536098,128.39446284011157,113.47077534958568,14.923687490525893,0.017387745070996052,0.021462901926567524,0.09743404079624085,1,0.011020793836961584,125.29362487792967,124.58625793457033,1
2019-06-19,127.97209167480467,128.19843150619909,126.1990195774978,127.32133587777676,23744400.0,121.34712104797363,119.25081085205078,69.04550629759109,2.383972218405546,1.6976732571228648,0.6862989612826813,129.3839062346935,113.31033586125375,16.073570373439765,0.003921585996103705,0.0244621676197172,0.07836002152919508,1,0.010223326041005103,127.47219848632812,124.01097869873048,1
2019-06-20,129.16036987304688,129.82999186515318,128.00033550538453,129.6319301970747,33042600.0,121.78472747802735,119.59240615844726,71.10228299187233,2.608876403600263,1.8799138864183444,0.7289625171819185,130.49431937321552,113.07513558283918,17.419183790376337,0.009285447965184268,0.030861466406487015,0.07142819621898866,1,0.009843128134304732,127.97209167480467,124.79376220703124,1
2019-06-21,129.17926025390625,129.89602689853749,128.6982738149818,128.81144370863893,36727900.0,122.29354095458984,119.9172785949707,71.13511825407029,2.7568595260452895,2.0553030143437336,0.7015565117015559,131.470121880211,113.11696002896869,18.353161851242305,0.0001462552397297756,0.013391639807335931,0.04238957252370845,1,0.006650862299112393,129.16036987304688,124.91636657714844,1
2019-06-24,129.94322204589844,130.5279525139914,129.20758875026996,129.20758875026996,20628800.0,122.83772315979004,120.25479873657227,72.4962031494927,2.902326337281707,2.2247076789313285,0.6776186583503785,132.46253075271866,113.21291556686144,19.249615185857223,0.005913966301483553,0.01540281435817037,0.039064929791401415,1,0.006459693119772358,129.17926025390625,125.29362487792967,0
2019-06-25,125.8406219482422,129.76400856956087,125.18044015880965,129.44335089910558,33327400.0,123.1805477142334,120.49861602783203,56.96245215110963,2.6559481749070954,2.3109557781264822,0.3449923967806132,132.71995293696887,113.64114249149793,19.078810445470936,-0.031572251580825994,-0.02570252723856159,0.010068237335859598,1,0.012889988941219852,129.94322204589844,127.47219848632812,1
2019-06-26,126.31216430664062,128.01922507636564,126.0009471005298,126.70828771436312,23657700.0,123.60447998046875,120.74998443603516,58.074405371453864,2.470265550070934,2.3428177325153725,0.12744781755556156,132.90634210488722,114.30261785605028,18.60372424883694,0.0037471394458965523,-0.02219470789374589,0.018556305514696225,1,0.012749967294961037,125.8406219482422,127.97209167480467,1
2019-06-27,126.51969909667967,127.04785903979702,125.916102124004,126.51027306570664,16557500.0,124.00153503417968,121.01076538085937,58.581614482981294,2.313192017566294,2.336892589525557,-0.023700571959262895,133.08678851038604,114.91628155797332,18.170506952412723,0.001643030908212717,-0.026346298755078656,0.013830313784314985,1,0.01265617269807085,126.31216430664062,129.16036987304688,0
2019-06-28,126.34050750732422,126.9441044290926,125.58600775739232,126.91581194767268,30043000.0,124.48630142211914,121.24916946411133,57.92995250388136,2.1494730602700116,2.2994086836744483,-0.14993562340443667,132.96408431340126,116.00851853083702,16.955565782564236,-0.0014163137490433853,0.003972370378840129,0.011400755314926903,1,0.012688657847181994,126.51969909667967,129.17926025390625,1
2019-07-01,127.96263122558594,128.92461853109336,127.29302347467323,128.85860755423033,22613500.0,125.23325309753417,121.48994750976563,62.04590815907938,2.1261079850955724,2.264748543958673,-0.13864055886310078,131.99929433784786,118.46721185722049,13.532082480627366,0.012839300318369329,0.013066571442308383,0.02130201237498408,1,0.013213573112064095,126.34050750732422,129.94322204589844,1
2019-07-02,128.8114471435547,128.8208731713169,127.6419721113461,128.3776052214973,15237800.0,125.86608695983887,121.7403727722168,64.0290934479645,2.1512846748100003,2.242055770128939,-0.09077109531893868,131.36647988761231,120.36569403206542,11.000785855546894,0.006633310911467349,0.018113764601382698,0.01050620192582774,1,0.01224102208324965,127.96263122558594,125.8406219482422,1
2019-07-03,129.64141845703125,129.9054911846708,128.53795422760638,129.01895514578754,13629300.0,126.41451377868653,121.97582565307617,65.90507546753949,2.2127024746663295,2.2361851110364173,-0.02348263637008774,131.05707996040871,121.77194759696435,9.285132363444362,0.006443304006604311,0.026127099018623756,0.01304445961912215,1,0.01233092719055663,128.8114471435547,126.31216430664062,0
2019-07-05,129.26412963867188,129.51877627445242,128.00035126845566,128.20783898785004,18141100.0,126.85023422241211,122.21181320190429,64.26432412466224,2.205508737195572,2.230049836268248,-0.024541099072675987,130.7921771723541,122.90829127247015,7.883885899883936,-0.002910249076643834,0.010170925688387289,0.000803340573637179,1,0.01206081265068585,129.64141845703125,126.51969909667967,0
2019-07-08,129.1698760986328,129.30191248099482,127.67030256715964,128.64171617829848,16779700.0,127.11242370605468,122.36811355590821,63.83675813697857,2.167219814476667,2.217483831909932,-0.05026401743326536,130.93733684738757,123.28751056472179,7.649826282665785,-0.0007291546409861072,0.002782586198869952,-7.264444195598241e-05,1,0.012063993209041547,129.26412963867188,126.34050750732422,0
2019-07-09,128.69830322265625,129.17928977148654,128.0758398835453,128.26446121303454,19953100.0,127.2944465637207,122.5010758972168,61.627514128417566,2.0749053599668343,2.1889681375213126,-0.11406277755447825,131.05691598832254,123.53197713911885,7.524938849203693,-0.0036507960696383623,-0.007274798791927717,-0.00958048294971825,1,0.011926612922731545,129.1698760986328,127.96263122558594,1
2019-07-10,130.00918579101562,130.6976598277669,129.22639393405015,129.33013777993423,24204400.0,127.56559295654297,122.66251083374023,65.22981150320963,2.0835054040807677,2.1678755908332037,-0.08437018675243602,131.28973035867148,123.84145555441448,7.448274804256997,0.010185702029742005,0.005763827555458567,0.033125740943079185,1,0.005653924854531834,128.69830322265625,128.8114471435547,1
2019-07-11,130.52789306640625,131.30125891213996,130.02804026987266,130.33927181333533,22327900.0,127.89143867492676,122.81872177124023,66.5672533821703,2.107878037203136,2.1558760801071903,-0.047998042904054294,131.45128214690507,124.33159520294846,7.119686943956609,0.003989774047384875,0.010513418521331364,0.033375477198944514,1,0.005656679274500121,130.00918579101562,129.64141845703125,1
2019-07-12,130.99949645996094,131.21642464364177,130.16011937560694,130.95235192435405,18936800.0,128.20172538757325,123.03548110961914,67.78070690264208,2.1405727864321165,2.1528154213721757,-0.012242634940059283,131.7088978823157,124.69455289283077,7.01434498948494,0.003613046855163393,0.01788052507050919,0.035407904028115444,1,0.005626677953179949,130.52789306640625,129.26412963867188,0
2019-07-15,130.99949645996094,131.6030933027449,130.58453532314013,131.5087898406472,16651500.0,128.50588188171386,123.28362503051758,67.78070690264207,2.1417943388316587,2.1506112048640724,-0.008816866032413717,131.87292840770917,125.13883535571856,6.734093051990612,0.0,0.007617236143123041,0.03687644639520404,1,0.005505708104937129,130.99949645996094,129.1698760986328,0
2019-07-16,129.28305053710938,131.14100037641722,128.75490498924484,131.05612292570046,22726100.0,128.70535316467286,123.44688674926758,58.77592619043177,1.9814190217795442,2.116772768247167,-0.13535374646762266,131.7442553265447,125.666451002801,6.077804323743706,-0.01310269099680228,-0.009536984778139024,0.010318788374987786,1,0.006677334416198951,130.99949645996094,128.69830322265625,0
2019-07-17,128.5190887451172,130.0846584980588,128.47192982206073,129.86774472105847,20211000.0,128.7576976776123,123.60896423339844,55.257225555410194,1.7722457498358466,2.047867364564903,-0.2756216147290562,131.7454679753333,125.76992737989131,5.975540595441984,-0.0059092184846991636,-0.018934482817663856,-0.002269661624961672,1,0.006689439376715104,129.28305053710938,130.00918579101562,1
2019-07-18,128.66055297851562,128.8491742825783,127.01009138392182,127.84004239085728,30381800.0,128.79212074279786,123.82329620361328,55.78507662956152,1.599451920067466,1.9581842756654155,-0.3587323555979496,131.75868165106516,125.82555983453057,5.9331218165345945,0.001100725462495289,-0.017854599022525175,-0.007565988479528496,1,0.006301378851346886,128.5190887451172,130.52789306640625,1
2019-07-19,128.84918212890625,132.66882493002737,128.6888532911455,132.24442337232145,48992400.0,128.77656135559081,124.04158874511718,56.521637293726464,1.460892106233743,1.858725841779081,-0.3978337355453381,131.7384939949852,125.81462871619644,5.923865278788753,0.0014660993290003255,-0.003355957384982844,-0.00321007468139467,1,0.006285956890339601,128.66055297851562,130.99949645996094,1
2019-07-22,130.55624389648438,131.27302512580252,129.5188193454019,129.59427075853463,25074900.0,128.84541053771972,124.29421035766602,62.594581289072835,1.4718613719402356,1.7813529478113121,-0.30949157587107656,131.90402212298548,125.78679895245396,6.117223170531517,0.013248526217809475,0.01585099280782587,0.010732903365123114,1,0.007597968960486102,128.84918212890625,130.99949645996094,1
2019-07-23,131.36729431152344,132.0274904063989,130.17896724433493,131.81056225367956,18034600.0,128.91661415100097,124.53242065429687,65.08954858877127,1.5283813554234769,1.7307586293337451,-0.20237727391026827,132.1362052032251,125.69702309877685,6.43918210444825,0.006212268297808299,0.021037849366773553,0.02073835491249376,1,0.007553626523382972,130.55624389648438,129.28305053710938,1
2019-07-24,132.7159881591797,132.7348546086114,130.95235649575224,130.99950103300492,20738300.0,129.26038246154786,124.86864196777344,68.8145968902534,1.6628340556245575,1.7171737145919077,-0.05433965896735016,132.56004349000744,125.9607214330883,6.599322056919149,0.010266587697680407,0.030010326541342947,0.02082008553238035,1,0.0075633072785405734,131.36729431152344,128.5190887451172,0
2019-07-25,132.2161102294922,132.61221924749916,131.3955997201122,132.4424500164209,18356900.0,129.55557975769042,125.16893157958984,66.00348221674881,1.7093485123241123,1.7156086741383487,-0.006260161814236387,132.80335813651953,126.30780137886131,6.495556757658221,-0.0037665238123981704,0.012713802752504888,0.012933765522646246,1,0.007742259086104901,132.7159881591797,128.66055297851562,1
2019-07-26,133.3007049560547,133.62136260921432,132.3198655490715,132.38587652901236,19037600.0,129.89463005065917,125.45790374755859,68.96576955348385,1.8128320846512622,1.7350533562409316,0.07777872841033062,133.21880246887787,126.5704576324405,6.648344836437374,0.008203196453744788,0.014717595080754098,0.017566544592002353,1,0.008024697355764521,132.2161102294922,128.84918212890625,0
2019-07-29,133.00831604003906,133.46100996316883,131.44273216690158,133.4515839365404,16605900.0,130.22802047729493,125.68613922119141,67.26418042601941,1.8499254305285149,1.7580277710984484,0.09189765943006645,133.3931707481731,127.06287020641675,6.330300541756358,-0.0021934536363631407,0.002202657606774183,0.015334559554525562,1,0.008108056156564023,133.3007049560547,130.55624389648438,0
2019-07-30,132.36703491210938,133.18754555722603,131.84831549645008,132.1689731748998,16846500.0,130.4482406616211,125.91776962280274,63.56012001296312,1.8067490681698644,1.7677720305127318,0.03897703765713256,133.56478801037403,127.33169331286818,6.233094697505848,-0.0048213611526112254,0.0011414999454697483,0.023854514278457417,1,0.006754897455220827,133.00831604003906,131.36729431152344,0
2019-07-31,128.5190887451172,132.49906008425108,127.3967725744344,132.34815728682352,38598800.0,130.43362274169922,126.10733703613282,46.87864446401347,1.4453730322806848,1.7032922308663225,-0.2579191985856377,133.5833083548868,127.28393712851165,6.299371226375158,-0.029070275462067974,-0.0358708996513849,0.0,1,0.01191383275413492,132.36703491210938,132.7159881591797,1
2019-08-01,130.20726013183594,132.92345274076433,129.14152898357796,129.20755434962808,40557500.0,130.46191482543946,126.31784118652344,52.73901113544318,1.2804411144159644,1.618722007576251,-0.33828089316028653,133.59273710950652,127.3310925413724,6.261644568134116,0.013135569223236443,-0.021059253974465286,0.012021611267119203,1,0.01261721988653742,128.5190887451172,132.2161102294922,0
2019-08-02,129.11326599121094,130.4525105462165,127.56654804481562,130.23558234327487,30791600.0,130.4543716430664,126.4919416809082,48.96885984818667,1.0493588414587975,1.5048493743527602,-0.4554905328939627,133.59740416610762,127.31133912002518,6.286065046082442,-0.008401944250399862,-0.024581414270244184,0.0020495579245547457,1,0.012980669982033535,130.20726013183594,133.3007049560547,0
2019-08-05,124.69004821777344,126.31220328648249,123.34137754794078,125.7180467733058,42749600.0,130.23038024902343,126.60568283081055,37.34465496535623,0.5035036902186221,1.3045802375259326,-0.8010765473073105,134.22956316707254,126.23119733097431,7.99836583609823,-0.03425842991020456,-0.02979355490870006,-0.04493232574431394,1,0.016040328125898822,129.11326599121094,133.00831604003906,1
2019-08-06,127.0289306640625,127.96261095629671,125.63311604346023,126.18955380824951,32696700.0,130.14691162109375,126.76506988525391,44.80558782588313,0.25667898122762267,1.0949999862662707,-0.838321005038648,134.33570617927953,125.95811706290796,8.377589116371567,0.01875757111108145,-0.024409771502413524,-0.033024686016391414,1,0.017401423135548252,124.69004821777344,132.36703491210938,1
2019-08-07,127.58537292480467,127.93432299453184,124.33160924057348,126.18011783742486,33414500.0,130.0257209777832,126.9370947265625,46.43967274961917,0.10476123878703447,0.8969522367704235,-0.792190997983389,134.36112794602113,125.69031400954529,8.670813936475838,0.004380437258137082,-0.011833741906197903,-0.03865860704153712,1,0.016989407255598814,127.0289306640625,128.5190887451172,1
2019-08-08,130.9900360107422,131.08435383893985,128.19839235212467,128.8302958974648,27496500.0,130.048828125,127.20022506713867,55.18273515323225,0.256140561521903,0.7687899017207195,-0.5126493401988165,134.39959393741458,125.6980623125854,8.701531624829173,0.026685371589924678,0.05052518531363237,-0.009273258883670477,1,0.01953515083900095,127.58537292480467,130.20726013183594,0
2019-08-09,129.87716674804688,131.45217669708933,128.69826579299587,130.72596967933129,23466700.0,129.9927116394043,127.42619644165039,52.18416780819049,0.2830477186459177,0.6716414651057592,-0.38859374645984146,134.32188088808252,125.66354239072608,8.65833849735644,-0.008495831412734689,0.022421948048328755,-0.025682821475973783,1,0.019397231247378348,130.9900360107422,129.11326599121094,0
2019-08-12,128.06637573242188,130.01864282763896,127.54767077016326,129.27358367740547,20484300.0,129.84605560302734,127.65462036132813,47.64728452932241,0.15645264427845973,0.5686037009402993,-0.4121510566618396,134.2272774967464,125.46483370930828,8.76244378743813,-0.013942335369371062,0.0037700466486914053,-0.03715512273781085,1,0.019734315829422623,129.87716674804688,124.69004821777344,1
2019-08-13,130.71653747558594,130.90515874130492,127.32129712912392,128.31157676274867,25154600.0,129.91772994995117,128.00847915649413,53.95650698155451,0.2668944470717065,0.5082618501665808,-0.24136740309487426,134.3066602559843,125.52879964391802,8.777860612066277,0.02069365770685372,-0.002087933887840343,-0.01246909729162815,1,0.02115744369348488,128.06637573242188,127.0289306640625,0
2019-08-14,126.78010559082033,129.56211657637627,126.486766850227,129.03221247223303,32527300.0,129.83078079223634,128.22098587036132,45.23609877680838,0.03636403455439563,0.41388228704414376,-0.37751825248974813,134.3925969313346,125.2689646531381,9.123632278196496,-0.03011426068029699,-0.023846078835663587,-0.013530932807543139,1,0.02131306289500102,130.71653747558594,127.58537292480467,0
2019-08-15,126.49620056152344,127.3478443739883,125.14305386622216,127.16805242117456,28074400.0,129.72256317138672,128.37745223999025,44.67528924106019,-0.16731306060452766,0.29764321751440953,-0.4649562781189372,134.4884125929378,124.95671374983563,9.531698843102177,-0.002239349998754414,-0.012260635642403983,-0.028501172412007003,1,0.020713670025002497,126.78010559082033,130.9900360107422,1
2019-08-16,128.81460571289062,129.12687379653931,127.48037329333914,127.6317786258004,24449100.0,129.72083435058593,128.54274993896485,50.11415691455495,-0.14003843008603667,0.2101068879943203,-0.350145318080357,134.4879747107839,124.95369399038798,9.534280720395927,0.018327863928526478,-0.01455004699042417,-0.002313164925598299,1,0.021600845877142918,126.49620056152344,129.87716674804688,1
2019-08-19,130.97207641601562,131.1045524674143,129.5337546873968,130.44217221042098,24355700.0,129.7416259765625,128.68366973876954,54.588182672139325,0.05503238700919155,0.17909198779729457,-0.12405960078810302,134.5267526798348,124.95649927329016,9.570253406544637,0.016748649667365223,0.03306489457206152,0.050381151407292046,1,0.018403406454472273,128.81460571289062,128.06637573242188,0
2019-08-20,129.8838653564453,131.2559562627572,129.86495051989957,130.78282545059628,21170800.0,129.6674545288086,128.7801901245117,52.05238438777403,0.12042963910371896,0.16735951805857946,-0.046929878954860504,134.3951303693143,124.93977868830292,9.45535168101138,-0.008308725717333432,0.026780763215684233,0.02247468098375882,1,0.018157035693682485,130.97207641601562,130.71653747558594,1
2019-08-21,131.33160400390625,131.99399848779527,130.58406390419427,131.1045105249062,14970300.0,129.5982353210449,128.91509704589845,55.04438531503256,0.2857835077603852,0.19104431599894062,0.09473919176144457,134.18374738558038,125.01272325650946,9.171024129070915,0.011146408705098532,0.019539696427171016,0.02936254363036972,1,0.01836500039092025,129.8838653564453,126.78010559082033,0
2019-08-22,130.37591552734375,131.71960519902063,128.96598061637593,131.20863031382734,18697000.0,129.5062255859375,129.0423957824707,52.706260053990924,0.3358402100560909,0.22000349481037068,0.1158367152457202,133.94957581093442,125.06287536094057,8.886700449993853,-0.0072769116299994385,-0.004551816730600233,-0.004688299218026604,1,0.016560124925792286,131.33160400390625,126.49620056152344,0
2019-08-23,126.22188568115234,130.91535148278783,125.66359457496536,129.8176841141811,38508600.0,129.15228462219238,129.07095825195313,43.964567984385674,0.039855584978397474,0.18397391284397605,-0.14411832786557857,133.4557747619158,124.84879448246897,8.606980279446816,-0.03186194190383407,-0.028194261583170954,-0.02814413925417336,1,0.019265320215043336,130.37591552734375,128.81460571289062,1
2019-08-26,128.17108154296875,128.27517085649257,126.70437373924236,127.73580946008776,20312600.0,128.91042289733886,129.13605255126953,48.29780861013969,-0.037003987971502283,0.13977833268088038,-0.17678232065238267,132.84803578389227,124.97281001078545,7.87522577310682,0.015442614022898038,-0.024065208712774844,0.0008175901750013814,0,0.019595273920209575,126.22188568115234,130.97207641601562,1
2019-08-27,128.44554138183594,129.3728736102259,127.42357722779605,129.06060558214665,23102100.0,128.7143482208252,129.19909088134764,48.897053077986776,-0.07490567207707954,0.09684153172928842,-0.17174720380636796,132.32053786778386,125.10815857386655,7.212379293917309,0.0021413554099969367,-0.014806217373046549,-0.017373441322787175,0,0.018279324552298647,128.17108154296875,129.8838653564453,0
2019-08-28,128.27523803710938,128.4644874956849,126.37325715439198,127.631786990191,17393300.0,128.7021556854248,129.21515167236328,48.52125361756579,-0.11733254983511188,0.05400671541640836,-0.17133926525152024,132.3125500456397,125.09176132520989,7.220788720429823,-0.0013258797689231772,0.016267799715367737,0.01179311564161778,0,0.015316314895715919,128.44554138183594,131.33160400390625,1
2019-08-29,130.69764709472656,131.0004577362487,129.55267864863546,129.87440412614816,20168700.0,128.72667503356934,129.2696627807617,53.943434514877545,0.04400475053287778,0.05200632243970225,-0.008001571906824469,132.3839789526518,125.06937111448686,7.314607838164946,0.01888446355419271,0.019712446219085633,0.03321401365853416,0,0.01620781800278498,128.27523803710938,130.37591552734375,0
2019-08-30,130.4515838623047,131.70064127459696,128.9470318552338,131.67225459059952,23940100.0,128.79359092712403,129.29548706054686,53.32897509844432,0.15027816389826398,0.0716606907314146,0.07861747316684939,132.52496233574567,125.0622195185024,7.462742817243267,-0.0018826906060790405,0.015617844410070303,0.012708016613136586,0,0.015377210606837314,130.69764709472656,126.22188568115234,0
2019-09-03,128.7294158935547,129.82708276526384,128.40769042940715,129.26879191180686,18869300.0,128.99555931091308,129.28649017333984,49.11240541994767,0.09444731744494561,0.07621801607412079,0.01822930137082482,132.2193736371998,125.77174498462637,6.447628652573428,-0.013201587269095927,0.0035406510515607614,-0.01712319590427369,0,0.014960310649063873,130.4515838623047,128.17108154296875,1
2019-09-04,130.2339324951172,130.2907058564378,129.1457234608723,129.92166456905386,17995900.0,129.15580940246582,129.29230438232423,52.63573301253189,0.16964729693015101,0.09490387224532684,0.07474342468482417,132.2900471765904,126.02157162834125,6.268475548249157,0.011687434384123785,-0.003547995009223759,0.002695231911301388,0,0.015300086116692454,128.7294158935547,128.44554138183594,1
2019-09-05,132.5238800048828,132.83614792424817,131.30319500747285,131.63439219313904,26101800.0,129.40273475646973,129.42596954345703,57.46319832004871,0.40930523266848695,0.15778414432995888,0.25152108833852804,132.7724652610426,126.03300425189684,6.739461009145771,0.0175833399628893,0.015885557547277385,0.009078363201450834,0,0.015926183276475214,130.2339324951172,128.27523803710938,0
2019-09-06,131.6249542236328,132.6469037340506,130.7733103798823,132.5049703128264,20824500.0,129.43448066711426,129.53222534179687,55.08952807942408,0.5206977954102854,0.2303668745460242,0.29033092086426115,132.87465497661708,125.99430635761145,6.88034861900563,-0.006783123020672743,0.022493214235295156,0.009580287058671422,0,0.015898345111533724,132.5238800048828,130.69764709472656,0
2019-09-09,130.12991333007812,132.24007288312882,129.12687823595022,132.0886675454622,25773900.0,129.4471179962158,129.60442962646485,51.294497422269515,0.4827747713442534,0.28084845390567004,0.20192631743858336,132.8955512050672,125.99868478736444,6.896866417702753,-0.011358339323823019,-0.0007987101598345703,0.03096156920676818,0,0.01203140851865203,131.6249542236328,130.4515838623047,0
2019-09-10,128.76730346679688,129.53377319071924,127.28166555643176,129.4486130966854,28903400.0,129.48216438293457,129.6529655456543,48.04583123914712,0.3388630708444964,0.29245137729343534,0.04641169355106106,132.8877360409822,126.07659272488694,6.811143316095254,-0.010471150163797849,-0.028346412268849375,0.004651766347374187,0,0.01187176396024127,130.12991333007812,128.7294158935547,1
2019-09-11,128.80511474609375,128.9470626387698,127.8304665260328,128.60640791067436,24726100.0,129.38659324645997,129.66981521606445,48.143976209493516,0.2252663355154425,0.27901436893783677,-0.05374803342239426,132.7553210189827,126.01786547393723,6.737455545045464,0.0002936403751487848,-0.021423289331201634,0.002799422699997667,0,0.011858224229109135,128.76730346679688,130.2339324951172,1
2019-09-12,130.12991333007812,130.98154308653943,129.51483456036036,130.44218142446266,27010000.0,129.55408363342286,129.69618453979493,51.59428121355844,0.23938084490009715,0.27108766413028884,-0.031706819230191696,132.7144418498293,126.39372541701641,6.320716432812901,0.010285294854912141,0.0,0.014458560524613473,0,0.01223904727748813,128.80511474609375,132.5238800048828,0
2019-09-13,129.94064331054688,130.64086761851087,129.23094714622312,130.3759155389344,23363100.0,129.72630577087403,129.70216903686523,51.07145999676292,0.23261277126565005,0.26339268555736106,-0.030779914291711008,132.55985091750725,126.89276062424081,5.66709029326644,-0.0014544697271192675,0.009112094546986915,-0.005792023047140438,1,0.010611535966990266,130.12991333007812,131.6249542236328,0
2019-09-16,129.0038299560547,129.35394208501495,128.3698364938922,128.53069921365244,16731400.0,129.73576698303222,129.6969630432129,48.45424501527289,0.14992774203395243,0.24069969685267936,-0.09077195481872694,132.55831457365335,126.91321939241111,5.64509518124224,-0.0072095483801267735,0.0015427586889904532,-0.011098017083319922,1,0.010818654440308611,129.94064331054688,130.12991333007812,1
2019-09-17,130.00686645507812,130.12988507006756,129.098449065165,129.59998094212014,17814200.0,129.68750648498536,129.7137028503418,51.330118396076614,0.16345175333253792,0.22525010814865107,-0.06179835481611315,132.45634475772107,126.91866821224964,5.537676545471427,0.00777524589281664,-0.000945569483996267,0.009923532649132483,0,0.010220620950448721,129.0038299560547,128.76730346679688,1
2019-09-18,131.0760955810547,131.21802897483,129.19303073710816,129.9784292065291,23982100.0,129.74711799621582,129.76125869750976,54.259757005972745,0.25747942176877814,0.2316959708726765,0.02578345089610165,132.58087448288606,126.91336150954557,5.667512973340493,0.008224405026683757,0.00873823802606677,0.006466541167902351,0,0.009872310336354592,130.00686645507812,128.80511474609375,1
2019-09-19,133.4890899658203,134.7192181180876,132.54282865558287,132.760464714073,35772100.0,129.85499229431153,129.83085678100585,60.09725504043175,0.5207031650916463,0.2894974097164705,0.2312057553751758,133.06154496525505,126.64843962336802,6.413105341887032,0.018409110937191997,0.03476842518003953,0.007283290837107437,1,0.010031499270013743,131.0760955810547,130.12991333007812,0
2019-09-20,131.94668579101562,134.0379153020489,130.8206324671658,133.43230861176025,39167300.0,129.93353080749512,129.85923263549805,55.243929669567166,0.5979578655443447,0.35118950088204537,0.24676836466229934,133.2619044303342,126.60515718465604,6.656747245678162,-0.011554533596712768,0.01492089909426264,0.002444305255644652,1,0.010531736081939856,133.4890899658203,129.94064331054688,0
2019-09-23,131.662841796875,132.12651519064434,131.00046154778065,131.7480018777286,17139300.0,130.20557861328126,129.87249954223634,54.3736882194462,0.6290278921152037,0.40675717912867704,0.22227071298652668,133.14239190824844,127.26876531831408,5.873626589934361,-0.0021512021498606426,0.004476378497690892,0.011779985305212293,1,0.009775153775902835,131.94668579101562,129.0038299560547,0
2019-09-24,129.99745178222656,133.1295760559855,129.52432087830385,132.8173079267394,29773200.0,130.29689712524413,129.85245864868165,49.45152695870484,0.5133504713983257,0.4280758375826068,0.08527463381571887,133.08478947193302,127.50900477855524,5.575784693377784,-0.01264889920284229,-0.02615673074472058,0.009553266103354385,1,0.01008380782174427,131.662841796875,130.00686645507812,1
2019-09-25,131.8710174560547,132.43878019287956,128.71996458816966,130.11097029846502,21382000.0,130.4681709289551,129.90421798706055,54.44746707492687,0.566328096140353,0.4557262892941561,0.11060180684619686,133.20039936355204,127.73594249435813,5.46445686919391,0.014412326150567534,-0.000573476586450905,0.023802647247390674,1,0.010927507864926715,129.99745178222656,131.0760955810547,1
2019-09-26,132.04127502441406,132.6468815851851,131.00039641870103,131.9466575723307,17456600.0,130.6564727783203,129.97466171264648,54.88384567571295,0.6149627010792642,0.48757357165117776,0.12738912942808645,133.27494222407003,128.03800333257058,5.236938891499449,0.001291091641240305,0.0028742599079161213,0.014688103952607001,1,0.010571523062960693,131.8710174560547,133.4890899658203,0
2019-09-27,130.32859802246094,132.8172704961554,129.30663382534084,132.6185492194354,22477700.0,130.63802032470704,130.00802261352538,49.72363419738148,0.5094348079145732,0.4919458189038569,0.01748898901071627,133.26026775246575,128.01577289694833,5.2444948555174165,-0.012970769947779237,0.0025473287029433855,0.0029856302233850496,1,0.011515405571736805,132.04127502441406,131.94668579101562,1
2019-09-30,131.55873107910156,131.7385230686924,130.37590424106116,130.63139888094307,17280900.0,130.69337768554686,130.0622135925293,53.13210604387909,0.51908100658693,0.4973728564404716,0.021708150146458438,133.34413489256139,128.04262047853234,5.301514414029043,0.009438703978298157,-0.002368119871807295,0.019804847064751607,1,0.011503261808653025,130.32859802246094,131.662841796875,0
2019-10-01,129.70408630371094,132.7131913042607,129.63784106013344,132.15490041756345,21466600.0,130.7421112060547,130.04517044067381,47.863522997323976,0.37277424561145267,0.47245313427466784,-0.09967888866321517,133.28008761453626,128.20413479757312,5.075952816963138,-0.014097466281242088,-0.017700440413582652,-0.0023289550746291576,1,0.012337139314483835,131.55873107910156,129.99745178222656,0
2019-10-02,127.4140853881836,129.0416560702211,126.40159324879184,128.9281093282937,30521700.0,130.60111885070802,129.96610626220703,42.287683164304504,0.0712201661656593,0.39220654065286614,-0.32098637448720685,133.52093235868716,127.68130534272886,5.8396270159583,-0.017655580335111054,-0.022362802013530914,-0.0279380475641845,1,0.013074233767192632,129.70408630371094,131.8710174560547,1
2019-10-03,128.95651245117188,129.40125649881327,126.06095465252228,127.69798295878286,24132900.0,130.42275047302246,129.89091674804686,46.784425923078935,-0.04280916360235665,0.3052033998018216,-0.34801256340417824,133.28624375211763,127.5592571939273,5.726986558190333,0.012105624415770677,-0.019779900631339054,-0.033954666376173503,1,0.01205263544077765,127.4140853881836,132.04127502441406,1
2019-10-04,130.69764709472656,130.82066572269568,129.089005268357,129.4012733278744,22897700.0,130.37638511657715,129.86054748535156,51.388874380844065,0.007233403314273801,0.24560940050431204,-0.23837599719003824,133.19011034005555,127.56265989309877,5.627450446956786,0.013501719381671107,0.007660211943432138,-0.009466237736864058,1,0.012749448485379957,128.95651245117188,130.32859802246094,0
2019-10-07,129.75137329101562,130.75440817878032,129.65675580354625,129.7703025640314,15303700.0,130.35745811462402,129.78956085205078,48.91189442505766,-0.02912811866605125,0.1906618966702394,-0.21979001533629064,133.1826297900691,127.53228643917895,5.6503433508901395,-0.007240174744883476,0.01834403076952751,-0.014517904062927078,1,0.012906535967242153,130.69764709472656,131.55873107910156,0
2019-10-08,128.3792724609375,130.35695516843117,128.33195650684203,129.7135043968991,25550500.0,130.33805656433105,129.69697998046874,45.48811908549758,-0.16673988308804155,0.11918154071858321,-0.2859214238066248,133.21155872204923,127.46455440661288,5.747004315436357,-0.010574846302402352,-0.004476237603377675,-0.012447777237971192,1,0.01272076729490001,129.75137329101562,129.70408630371094,1
2019-10-09,130.8111572265625,131.24642930528125,129.60940142533383,130.07307462456075,19749900.0,130.4383586883545,129.66586242675783,51.91293507800445,-0.07865869290625938,0.0796134939936147,-0.15827218689987407,133.2296944456179,127.6470229310911,5.582671514526794,0.018942970457828112,0.0008684940728402868,-0.008037097536199522,1,0.013400299691168816,128.3792724609375,127.4140853881836,1
2019-10-10,131.6249542236328,132.16431566308654,130.82062633322428,131.04773424598477,17654600.0,130.51311073303222,129.72797973632814,53.87218649639465,0.05616546091022201,0.07492388737693617,-0.018758426466714162,133.3471498862733,127.67907157979117,5.668078306482116,0.006221158915831859,0.014439777284013688,-0.0031529595628659868,1,0.013572336382136896,130.8111572265625,128.95651245117188,1
2019-10-11,132.1737518310547,133.45121017192574,132.00343175296493,132.59010905145118,25446000.0,130.62476615905763,129.7673095703125,55.19787450470412,0.20493558473845042,0.10092622684923902,0.1040093578892114,133.53473388513063,127.71479843298461,5.8199354521460265,0.0041694039755519885,0.029556791352527423,0.014157704729362175,1,0.012847922716469245,131.6249542236328,130.69764709472656,0
2019-10-14,132.05079650878906,132.75102078482652,132.02240981861482,132.18327254253708,13304300.0,130.77711448669433,129.82606018066406,54.81775555983221,0.3093495240272546,0.14261088628484214,0.16673863774241243,133.65049190567044,127.90373706771823,5.74675483795221,-0.0009302552175622925,0.009476556193746655,0.003740271935213757,1,0.012549292894628123,132.1737518310547,129.75137329101562,1
2019-10-15,133.96224975585938,134.17041400568684,132.29682024680068,132.53338562580973,19695700.0,130.9748836517334,130.01150421142577,59.488407520423905,0.5401105671220705,0.2221108224522878,0.3179997446697827,134.1387749507282,127.8109923527386,6.3277825979895965,0.014475136065863037,0.017757237189655273,0.03282983268682571,1,0.012115771861484903,132.05079650878906,128.3792724609375,0
2019-10-16,132.86459350585938,133.41342696149533,132.03187868505913,133.2241630921818,20751600.0,131.06430854797364,130.1282174682617,55.91389509523209,0.6271888280411417,0.3031264235700586,0.32406240447108314,134.33392210300022,127.79469499294706,6.539227110053162,-0.008193772887514439,0.0052267690463059235,0.04277790874588239,1,0.01056785774778596,133.96224975585938,130.8111572265625,0
2019-10-17,132.18325805664062,133.82028624544105,131.5492646475538,133.37554222971096,21460600.0,130.99901695251464,130.22017517089844,53.75475573353962,0.6339135398999645,0.36928384683603976,0.2646296930639247,134.1211664436802,127.87686746134906,6.244298982331145,-0.005128043756734257,0.0010031105555863284,0.025021967050252947,1,0.010549218483543689,132.86459350585938,131.6249542236328,0
2019-10-18,130.02574157714844,132.47655436763807,129.2214138643969,132.24944650504037,32273500.0,130.9029697418213,130.20088928222657,47.499719980469095,0.4598485261557812,0.3873967826999881,0.07245174345579308,134.02078226412328,127.78515721951929,6.235625044603992,-0.01632216145381804,-0.02938520505504394,-0.005140915177234584,1,0.011290678784169575,132.18325805664062,132.1737518310547,1
2019-10-21,130.9910125732422,131.05725782912714,129.6473225649797,131.00994185189631,20078200.0,130.86937828063964,130.22316619873047,50.28689117633411,0.3952340389944027,0.38896423395887103,0.00626980503553165,133.96813780328552,127.77061875799376,6.197519045291756,0.007423691527427501,-0.014101431263059294,0.009553958858271372,1,0.011264185288106812,130.02574157714844,132.05079650878906,0
2019-10-22,129.04165649414062,132.48604725234412,128.93756716743107,131.5019417952013,27431000.0,130.82158851623535,130.24267181396485,45.081783505649796,0.18460187278299145,0.34809176172369516,-0.1634898889407037,134.00109120610728,127.64208582636343,6.359005379743849,-0.014881601728298777,-0.02376701564697259,0.005159587061880799,1,0.011824653899584557,130.9910125732422,133.96224975585938,1
2019-10-23,129.8649444580078,130.06365130410842,128.32253346194244,129.52428971160091,29844600.0,130.721284866333,130.22563995361327,47.55099047442599,0.08314833941838629,0.2951030772626334,-0.21195473784424712,133.88858141339804,127.55398831926797,6.334593094130071,0.006380017013378758,-0.0012366560435667084,-0.007233425562590656,1,0.010214378271130283,129.04165649414062,132.86459350585938,1
2019-10-24,132.41981506347656,132.87401646667143,131.2180591112461,131.89936843543958,37029300.0,130.74021186828614,130.3384341430664,54.40246793542708,0.20652173520235806,0.2773868088505783,-0.07086507364822026,133.94315748975305,127.53726624681924,6.405891242933805,0.019673289170772934,0.010907637571207163,0.006038830892911573,1,0.011960581555702227,129.8649444580078,132.18325805664062,1
2019-10-25,133.16738891601562,133.5553596314757,131.719609844963,131.85208588941208,25959700.0,130.88215141296388,130.47185791015625,56.20523262359442,0.36046380007667267,0.2940022070957972,0.06646159298087545,134.2470623789912,127.51724044693658,6.729821932054605,0.00564548328496528,0.031972097491342444,0.007517658167341734,1,0.012017586419640888,132.41981506347656,130.02574157714844,1
2019-10-28,136.44143676757812,137.8418996294701,135.79797149234983,136.64014358049613,35280100.0,131.12628669738768,130.62439453125,63.08823768506418,0.738143436782849,0.3828304530332076,0.3553129837496414,135.27041463734895,126.9821587574264,8.288255879922545,0.024585958155471044,0.050641012761506454,0.03324963101223566,1,0.014129355611243238,133.16738891601562,130.9910125732422,0
2019-10-29,135.15455627441406,136.7348115331787,134.98422166536253,136.33738336380142,20589500.0,131.39881019592286,130.70804412841798,59.153003820029305,0.9229772616787955,0.4908598147623252,0.43211744691647025,135.83925842992323,126.95836196192249,8.880896468000742,-0.009431742465129567,0.020652054298871958,0.00890031722166218,1,0.014063167215100017,136.44143676757812,129.04165649414062,1
2019-10-30,136.83885192871094,137.20789327099118,135.11664937220178,135.80743054115874,18496600.0,131.87004852294922,130.84714385986328,62.45403911631028,1.1916315953539538,0.6310141708806509,0.5606174244733029,136.51467151385125,127.22542553204718,9.289245981804072,0.012461996848091017,0.027570286108191233,0.029912095600370003,1,0.014083749710390127,135.15455627441406,129.8649444580078,0
2019-10-31,135.66552734375,137.14169319887608,135.30595773724932,137.11330650464726,24605100.0,132.20549926757812,130.93382232666016,58.88400853632083,1.2949373702837192,0.7637988107612645,0.5311385595224547,136.92840169371902,127.48259684143721,9.44580485228181,-0.008574498897229943,-0.005686757939597609,0.02634425371492366,1,0.014345594137928182,136.83885192871094,132.41981506347656,1
2019-11-01,135.99667358398438,136.65905359839647,135.2869776173711,136.50764832687332,33128400.0,132.470450592041,131.04623748779298,59.58615532591429,1.3875340464977342,0.8885458579085586,0.4989881885891756,137.4146277140655,127.52627347001652,9.88835424404897,0.002440901876239465,0.006230772626418135,0.045921153260973346,1,0.012716272937819358,135.66552734375,133.16738891601562,1
2019-11-04,136.78208923339844,137.20790397867506,136.41304786231828,137.04704127218403,16912000.0,132.82198638916014,131.25744155883788,61.27531030929782,1.5069231859747845,1.0122213235218038,0.49470186245298065,137.93959784649695,127.70437493182334,10.235222914673614,0.005775256325876388,-0.00041481417384348074,0.04420972512841859,1,0.012685851595836954,135.99667358398438,136.44143676757812,0
2019-11-05,136.69691467285156,137.22681869421658,136.17646806658175,137.1795027411372,18250200.0,133.23786849975585,131.42795822143555,60.97766083097081,1.5764942199263032,1.1250759028027038,0.4514183171235995,138.19302619046124,128.28271080905046,9.910315381410783,-0.0006227025849966372,0.00760242745003481,0.05932392985871604,1,0.010960936590999034,136.78208923339844,135.15455627441406,0
2019-11-06,136.3184356689453,136.75372233210163,135.50465016384854,136.61177443727,16575800.0,133.513232421875,131.58541610717774,59.59241402041693,1.5828436368709902,1.2166294496163612,0.36621418725462895,138.51027953766513,128.51618530608485,9.994094231580277,-0.0027687457673206683,0.002365955552304344,0.049693866484686655,1,0.0112871964762917,136.69691467285156,136.83885192871094,1
2019-11-07,136.50770568847656,137.09439775246108,136.04404670295563,136.11027751282688,17786700.0,133.7573699951172,131.75006546020506,60.08079973133973,1.5848786102589827,1.2902792817448856,0.2945993285140971,138.83795287278383,128.67678711745054,10.161165755333286,0.0013884403720043625,-0.0020059903051611316,0.03087068670984361,1,0.010043969463009854,136.3184356689453,135.66552734375,1
2019-11-08,138.1163330078125,138.14471969732065,136.03454618518478,136.24272486744755,16732700.0,134.05449905395508,131.8984391784668,64.05703637355121,1.6967352147663064,1.3715704683491698,0.32516474641713655,139.4171217404505,128.69187636745966,10.725245372990855,0.011784150288240758,0.01038368962721603,0.03716333354645873,1,0.010398829571515252,136.50770568847656,135.99667358398438,1
2019-11-11,138.2582244873047,138.55156314904949,136.9523794110988,137.5295993205579,14362600.0,134.36487045288087,132.0545719909668,64.39393553129662,1.7763551201971666,1.4525273987187695,0.3238277214783971,139.9419393230427,128.78780158271903,11.154137740323677,0.0010273330923444846,0.014229834789699636,0.01331551296122302,1,0.0073697862995532595,138.1163330078125,136.78208923339844,1
2019-11-12,139.16665649414062,139.63978714472714,138.21092333912284,138.41910198048504,18641600.0,134.6250907897949,132.26331680297852,66.55532866707185,1.8909595353085535,1.5402138260367264,0.35074570927182713,140.57587627068963,128.6743053089002,11.901570961789446,0.006570545876779743,0.01947839348887781,0.02968527536415788,1,0.006448835555978568,138.2582244873047,136.69691467285156,1
2019-11-13,139.39373779296875,139.53568563903,138.41908989297625,138.85437640657693,16919200.0,134.9515480041504,132.44651290893555,67.09306679307336,1.9773146702988242,1.627633994889146,0.3496806754096782,141.18963098686515,128.71346502143564,12.476165965429516,0.0016317220270194444,0.009248759776180782,0.018670763662858247,1,0.005515433760717492,139.16665649414062,136.3184356689453,1
2019-11-14,140.1034698486328,140.4346671360793,139.10043500844046,139.11936428055844,19729800.0,135.34755859375,132.59810470581056,68.78249529774601,2.0790551289875054,1.717918221708818,0.3611369072786874,141.83309293122522,128.86202425627476,12.971068674950459,0.005091563415267508,0.013346369578885797,0.03271238163279255,1,0.004170331289978808,139.39373779296875,136.50770568847656,1
2019-11-15,141.9108428955078,141.92977216898475,140.30220118129054,140.92672281797846,23485700.0,135.94181365966796,132.80382247924805,72.63533240998221,2.279251285500152,1.830184834467085,0.44906645103306686,142.54488811045195,129.33873920888396,13.206148901567985,0.012900273268233065,0.019718706121841345,0.04348760271604113,1,0.005147145978988503,140.1034698486328,138.1163330078125,1
2019-11-18,142.26095581054688,142.45967708611636,140.97403954445423,142.0054755918499,21534000.0,136.50531082153321,133.04644332885744,73.32220688283917,2.438054987836523,1.9517588651409727,0.4862961226955502,143.24435387095858,129.76626777210785,13.478086098850724,0.002467132939918182,0.02056920248337546,0.04005543860204952,1,0.005146516286479424,141.9108428955078,138.2582244873047,1
2019-11-19,142.30825805664062,143.19774612465324,142.12846607198227,142.77193136240143,23935700.0,137.16864089965821,133.3172624206543,73.41928295749662,2.538463139066664,2.069099719926111,0.4693634191405529,143.43348616436788,130.90379563494855,12.529690529419327,0.0003325033620380502,0.01573685655601431,0.04104952476226953,1,0.0050604225363330155,142.26095581054688,139.16665649414062,0
2019-11-20,142.06137084960938,143.21973905912267,140.95998368129497,142.71651518803137,25696800.0,137.7784622192383,133.5823875427246,71.94771335178703,2.568507433183896,2.1689812625776685,0.39952617060622764,143.4246753708801,132.1322490675965,11.292426303283605,-0.0017348761793780643,0.0010607220070730783,0.04212882250652439,1,0.004914253882255734,142.30825805664062,139.39373779296875,0
2019-11-21,141.92845153808594,142.23229248875066,140.99796398055963,141.85249130041976,18576100.0,138.25389404296874,133.81835830688476,71.12121118901919,2.5521724201549887,2.2456194940931327,0.306552926061856,143.6089891568794,132.89879892905807,10.710190227821329,-0.0009356471131349853,-0.002337284116829208,0.03971018209023325,1,0.005110200277072973,142.06137084960938,140.1034698486328,1
2019-11-22,142.0328826904297,142.70702068607702,141.30179263140764,142.48864407675435,15901800.0,138.69716873168946,134.06020309448243,71.39920287441349,2.518620437254839,2.300219682725474,0.2184007545293647,143.7541162337516,133.64022122962731,10.113895004124288,0.0007358013929696927,-0.0019350624480367618,0.02835689014705922,1,0.00435852539093701,141.92845153808594,141.9108428955078,1
2019-11-25,143.59007263183594,143.70402025525647,142.3462542763498,142.42221452931787,22420900.0,139.05460052490236,134.35192794799804,75.2283646353822,2.587851324185948,2.3577460110175688,0.23010531316837923,144.4241558573155,133.6850451924892,10.739110664826285,0.010963587529236207,0.010760854784689355,0.03856441932697341,1,0.004993640257120687,142.0328826904297,142.26095581054688,1
2019-11-26,144.34962463378906,144.7199217195957,143.67550109990344,143.71347397293837,24620100.0,139.51435394287108,134.63878311157225,76.85602621052668,2.673191907274287,2.4208351902689125,0.25235671700537443,145.04174199493474,133.98696589080743,11.054776104127313,0.005289725034826054,0.017059110202815253,0.03724288755810301,1,0.004930777312611538,143.59007263183594,142.30825805664062,1
2019-11-27,144.62501525878906,144.79591495830078,143.86542723355166,144.63450485722754,15184400.0,139.903662109375,134.90976150512697,77.43495085607353,2.731558944938655,2.4829799412028613,0.24857900373579378,145.7120943329375,134.0952298858125,11.61686444712501,0.0019078028481103182,0.018250228533410073,0.037528783922775144,1,0.004918829090108653,144.34962463378906,142.06137084960938,0
2019-11-29,143.7324981689453,144.6060193135359,143.63754423429873,144.41612593217906,11977300.0,140.30701065063477,135.11462966918944,71.2173611548298,2.674961284147514,2.521376209791792,0.1535850743557221,146.0014609813223,134.61256031994722,11.38890066137509,-0.006171249754039376,0.0009918898604819315,0.025902487099236593,1,0.00577940970538725,144.62501525878906,141.92845153808594,0
2019-12-02,141.99488830566406,144.1597038549574,140.82703071700251,144.14071017808837,27418400.0,140.60692138671874,135.31559371948242,60.95565750339503,2.461521745611833,2.5094053169558004,-0.04788357134396737,145.98474286388173,135.22909990955574,10.755642954325992,-0.012089192669836102,-0.016312729140092297,0.0005922409341063695,1,0.006205905634415175,143.7324981689453,142.0328826904297,0
2019-12-03,141.76708984375,141.88102299516174,139.24146540923763,140.0390409329366,24066000.0,140.85617141723634,135.51767868041992,59.74035446492436,2.2480735489926076,2.457138963363162,-0.2090654143705546,145.9567391796435,135.75560365482917,10.201135524814333,-0.0016042722708700108,-0.019760934233439165,-0.0034715496179751337,1,0.006165063724322133,141.99488830566406,143.59007263183594,1
2019-12-04,142.27976989746094,142.5930859579139,141.66259839745004,142.5551130829279,17574700.0,141.13531417846679,135.7633250427246,61.5961317383432,2.096120538273624,2.384935278345255,-0.288814740071631,145.8944687218448,136.37615963508878,9.518309086756005,0.0036163545028398136,-0.010107166368018006,-0.0002001862686588085,1,0.006290489760313421,141.76708984375,144.34962463378906,1
2019-12-05,142.35568237304688,142.72599387925675,141.92841881163702,142.4696299472386,17869100.0,141.4371765136719,135.97301834106446,61.87635343379568,1.95923731666565,2.299795686009334,-0.3405583693436838,145.67303114775277,137.201321879591,8.47170926816176,0.0005335437050584257,0.002540894758170209,0.0020717209870448894,1,0.006261900842059849,142.27976989746094,144.62501525878906,1
2019-12-06,144.0837860107422,144.1977191296033,142.67855775569407,143.3621854447304,16403500.0,141.81598052978515,136.213868560791,67.6612017449905,1.9675195578240903,2.2333404603722853,-0.265820902548195,145.54552023238614,138.08644082718416,7.459079405201976,0.01213933724940297,0.01634156537702469,0.015186063465773003,1,0.007275687848526333,142.35568237304688,143.7324981689453,0
2019-12-09,143.71347045898438,144.52053524859164,143.28620683010584,143.43812729439733,16687400.0,142.09583740234376,136.4815660095215,65.37204025994754,1.9220457761661294,2.171081523531054,-0.24903574736492473,145.49860130331,138.6930735013775,6.805527801932499,-0.0025701403468826323,0.010076629745442212,0.011832385126039124,1,0.007390101124332246,144.0837860107422,141.99488830566406,0
2019-12-10,143.4951171875,144.2167177783611,143.1437992456888,143.6470231885677,16476100.0,142.35768203735353,136.72029373168945,63.99714455397994,1.8470960192938435,2.106284422683612,-0.2591884033897687,145.3158392205472,139.39952485415986,5.916314366387326,-0.0015193653788124761,0.00800414002067873,-0.0006612953290956458,1,0.006566293844581801,143.71347045898438,141.76708984375,1
2019-12-11,144.0363006591797,144.1977107308099,142.7355160014967,143.88438018425694,18856600.0,142.60116424560547,137.00693801879882,65.910801186337,1.8104965035958003,2.04712683886605,-0.23663033527024968,145.25457391423194,139.947754576979,5.306819337252932,0.003771441720713975,-0.00032956762781732873,-0.0021705908512354988,1,0.006445636340536767,143.4951171875,142.27976989746094,1
2019-12-12,145.49855041503906,145.68844381763338,143.39070032398482,143.98886381776003,24612100.0,142.906404876709,137.36862731933593,70.47694950361661,1.877835934743132,2.0132686580414667,-0.13543272329833478,145.4142621157091,140.39854763770887,5.015714478000234,0.010151953008841641,0.012421103953259127,0.006040000443124693,1,0.007225080052670149,144.0363006591797,142.35568237304688,1
2019-12-13,146.72332763671875,147.06514144581269,145.10921250574927,145.2706225700529,23845400.0,143.23739776611328,137.72396362304687,73.65951410828113,2.0068979348387757,2.0119945134009285,-0.0050965785621528426,145.91948905402904,140.5553064781975,5.364182575831535,0.00841779672846199,0.022497005560130345,0.02080830366044273,1,0.007172835641174949,145.49855041503906,144.0837860107422,1
2019-12-16,147.67283630371094,148.02413977443967,146.99871264431604,147.27405586689932,24144200.0,143.52549743652344,138.06346740722657,75.83441663825876,2.1608885358722034,2.0417733178951836,0.11911521797701985,146.75725878841317,140.2937360846337,6.463522703779461,0.006471422658455017,0.025247355200659127,0.03998698872753992,1,0.0052380966082404955,146.72332763671875,143.71347045898438,0
2019-12-17,146.87525939941406,147.84373434764453,146.64737867984974,147.5968599461329,25425600.0,143.7562126159668,138.40594512939452,70.56385795552971,2.1932865638505348,2.0720759670862536,0.12121059676428114,147.2427196640461,140.2697055678875,6.973014096158579,-0.005400972340346644,0.009462011686356187,0.03603212537757594,1,0.005792891715760328,147.67283630371094,143.4951171875,0
2019-12-18,146.5714569091797,147.62538197088486,146.39105310316756,146.50500073682363,24129200.0,143.96937255859376,138.7697888183594,68.60786340336705,2.1694399590416253,2.091548765477328,0.07789119356429719,147.59425715767588,140.34448795951164,7.249769198164245,-0.0020684388335833193,-0.0010350823552413013,0.03016371909240312,1,0.006059663899321043,146.87525939941406,144.0363006591797,1
2019-12-19,147.84371948242188,147.90068603460156,145.9827300129324,146.22010030563635,24958900.0,144.25848999023438,139.11044006347657,72.09620282380557,2.22752479064323,2.1187439705105087,0.10878082013272117,148.14171693602148,140.37526304444728,7.766453891574201,0.008680152330276192,0.0011571740814910747,0.0385515844389932,1,0.0062373371060113,146.5714569091797,145.49855041503906,1
2019-12-20,149.45785522460938,150.4832967693194,148.3944263145759,149.4008886645591,53477500.0,144.63496017456055,139.4670980834961,75.7742925156009,2.3764109168800474,2.1702773597844165,0.20613355709563086,148.97470627820863,140.29521407091246,8.679492207296164,0.010917851281328383,0.017583600095453678,0.037298223225939786,1,0.006065634575230067,147.84371948242188,146.72332763671875,0
2019-12-23,149.45785522460938,150.1319788357844,149.32492842184706,150.1319788357844,17718200.0,145.00620880126954,139.81278015136718,75.7742925156009,2.4659779853917314,2.2294174849058797,0.23656050048585175,149.65163622604638,140.3607813764927,9.290854849553682,0.0,0.019692772223845578,0.03997109489652506,1,0.005820636782928344,149.45785522460938,147.67283630371094,0
2019-12-24,149.42933654785156,149.74266704184154,149.1824621955332,149.52427596280123,8989200.0,145.2981719970703,140.16035095214843,75.57018069671021,2.505774307186414,2.2846888493619866,0.22108545782442723,150.27318450062256,140.32315949351806,9.9500250071045,-0.00019081417109156895,0.010724953829494233,0.041354852183559165,1,0.005695953340853223,149.45785522460938,146.87525939941406,1
2019-12-26,150.65420532226562,150.71117188567098,149.448359941088,149.60028043545944,14520600.0,145.61340103149413,140.49419006347657,78.27673219431132,2.6061082586063264,2.3489727312108544,0.2571355273954721,151.0824724526743,140.14432961031397,10.938142842360321,0.00819697659583607,0.008004598325449974,0.04594608881788287,1,0.005839849887570536,149.42933654785156,146.5714569091797,1
2019-12-27,150.92958068847656,151.4897712780873,150.2269591857519,151.39481733601136,18412800.0,145.92862930297852,140.85548980712892,78.84420569194121,2.676985506070565,2.4145752861827967,0.26241021988776847,151.84219326215944,140.0150653437976,11.827127918361839,0.0018278637866222525,0.009847093427477915,0.03732704042717483,1,0.005532672653466063,150.65420532226562,147.84371948242188,0
2019-12-30,149.62872314453125,150.9864886519149,148.81216881861758,150.95800537793562,16348400.0,146.22344055175782,141.20439910888672,69.59531272293556,2.598237043956374,2.4513076377375125,0.1469294062188613,152.25636061631874,140.1905204871969,12.065840129121852,-0.008618970105206403,0.0013343202967097678,0.019801864874589903,1,0.0064589613553926945,150.92958068847656,149.45785522460938,1
2019-12-31,149.73318481445312,149.79965545375853,148.54633329485864,148.85017423808296,18369400.0,146.61035537719727,141.5985479736328,69.90065638090763,2.5152631166075707,2.4640987335115243,0.05116438309604643,152.49973924268934,140.7209715117052,11.778767730984157,0.0006981391522065117,-0.006113473605614539,0.01395211578725819,1,0.00626824667732973,149.62872314453125,149.45785522460938,1
2020-01-02,152.50570678710938,152.61015032675982,150.3314006281245,150.75866438562647,22622100.0,147.14728622436525,142.02884185791015,76.6136174499987,2.6427609307016837,2.4998311729495564,0.14292975775212735,153.12986533544534,141.16470711328515,11.965158222160198,0.018516416224579224,0.010442791210597546,0.03833489323333761,1,0.007766972019607692,149.73318481445312,149.42933654785156,0
2020-01-03,150.606689453125,151.8695010715074,150.0749823481076,150.32185670967425,21116200.0,147.56363220214843,142.46014251708985,65.79036014924964,2.5610468845521552,2.5120743152700764,0.048972569282078826,153.28664085396454,141.8406235503323,11.446017303632232,-0.012452106704671118,0.0065359530445843195,0.027530821000473882,1,0.009199989440221271,152.50570678710938,150.65420532226562,1
2020-01-06,150.99600219726562,151.06247283904833,148.60330538796924,149.14451665528264,20813700.0,147.9956481933594,142.882763671875,66.8250649647481,2.4988964760239867,2.5094387474208584,-0.010542271396871694,153.37504976177783,142.61624662494094,10.758803136836889,0.0025849631616914337,0.008433784296896896,0.02132172219340389,1,0.008962859763635141,150.606689453125,150.92958068847656,0
2020-01-07,149.6192626953125,151.60367510473966,149.37240277675932,151.27136534760285,21634100.0,148.27242202758788,143.22675262451173,59.92271055865395,2.3119003099156146,2.46993105991981,-0.1580307500041953,153.38106547532246,143.1637785798533,10.217286895469158,-0.009117721541756496,-0.01892679397123287,0.001079953077478324,1,0.009023800307855477,150.99600219726562,149.62872314453125,1
2020-01-08,152.0024871826172,152.6766254104449,149.97059738789642,150.901085184897,27746500.0,148.68687286376954,143.60345458984375,66.39377166960486,2.3291616738047196,2.441777182696792,-0.11261550889207239,153.58963017214342,143.78411555539566,9.805514616747757,0.015928593981631378,0.009267833550823834,0.017025749193200213,1,0.010309684162724913,149.6192626953125,149.73318481445312,1
2020-01-09,153.90139770507812,154.02483489198275,152.89494999382345,153.66402741514324,21385000.0,149.20718688964843,143.95265380859374,70.48326668716845,2.4676224231015453,2.4469462307777428,0.020676192323802578,154.00317593742764,144.4111978418692,9.591978095558432,0.01249262796719619,0.019241539282720987,0.029927598291882074,1,0.010813971977422556,152.0024871826172,152.50570678710938,0
2020-01-10,153.18931579589844,154.97434534980923,153.0373953045155,154.59455860928736,20725900.0,149.6648376464844,144.31334899902345,67.18176550537589,2.4911777590194504,2.4557925364260846,0.03538522259336574,154.13558605463675,145.19408923833203,8.94149681630472,-0.004626870969321906,0.02386091895036313,0.016827346227806572,1,0.010890051687640167,153.90139770507812,150.606689453125,1
2020-01-13,155.0313262939453,155.05980957773,153.1133697541345,153.58811046779502,21626500.0,150.1414764404297,144.67719848632814,70.9698645611268,2.6281843125427145,2.4902708916494105,0.13791342089330394,154.76393286435706,145.51902001650234,9.244912847854721,0.012024405804521576,0.01992624704679513,0.02717655205002445,1,0.011367810620756308,153.18931579589844,150.99600219726562,0
2020-01-14,153.9394073486328,155.33514601452856,153.55011653968288,155.13574856742852,23477400.0,150.50228042602538,145.0426760864258,66.09923051212517,2.6184701658190193,2.5159107464833323,0.10255941933568691,155.12769856008154,145.87686229196922,9.250836268112323,-0.007043214887049176,0.00024697399842676937,0.028809202628413244,1,0.011202537243910115,155.0313262939453,149.6192626953125,1
2020-01-15,154.9363555908203,155.65797066977998,154.35718589124411,154.4046483671249,21417900.0,150.86545639038087,145.4214697265625,68.24225935273549,2.6605478859584935,2.5448381743783646,0.11570971158012888,155.68188239891293,146.0490303818488,9.632852017064124,0.006476238017012026,0.011404449362836466,0.03474961667859322,1,0.011225309520116546,153.9394073486328,152.0024871826172,1
2020-01-16,157.77532958984375,157.8418002450404,155.74343988204842,156.04728089791246,23865400.0,151.41045989990235,145.8413345336914,73.39914540678672,2.8896659870045767,2.6138037369036073,0.2758622501009693,156.7372581235343,146.0836616762704,10.653596447263908,0.018323485073580947,0.01769966987636873,0.03455361057465556,1,0.011196720924835821,154.9363555908203,153.90139770507812,1
2020-01-17,158.65834045410156,159.00964391984007,157.07269383948528,158.96216695443158,34371700.0,152.01480407714843,146.2805630493164,74.77135718038144,3.1066834173147413,2.7123796729858345,0.3943037443289068,157.73643114414148,146.29317701015538,11.443254133986102,0.005596634572422099,0.030654484038525665,0.05346144338085712,1,0.009701821424055639,157.77532958984375,153.18931579589844,0
2020-01-21,158.08860778808594,159.69323321223237,158.02213715492852,158.2595074368926,29517200.0,152.52704849243165,146.71596649169922,72.18400076497562,3.1958587592451977,2.8090754902377073,0.3867832690074904,158.49245442114423,146.56164256371906,11.93081185742517,-0.0035909405353981017,0.020345464982993278,0.04697214156408136,1,0.010080484691594411,158.65834045410156,155.0313262939453,0
2020-01-22,157.32904052734375,159.02862008132692,157.31004684568595,158.94315575783406,24138800.0,152.92060775756835,147.13239318847656,68.76748120244838,3.168713177174311,2.8810030276250282,0.28771014954928287,159.0601800839802,146.78103543115648,12.279144652823732,-0.004804693212052125,-0.00282863654070753,0.051529313092068874,1,0.009501801595593544,158.08860778808594,153.9394073486328,1
2020-01-23,158.2975311279297,158.37349137414458,156.92078607413185,157.7943071736997,19680800.0,153.3625915527344,147.5360171508789,70.67345827345332,3.188593088964126,2.942521039892848,0.246072049071278,159.71058963210794,147.01459347336083,12.695996158747107,0.006155828557395937,-0.0022741276956458334,0.04141408513763056,1,0.008733247032854852,157.32904052734375,154.9363555908203,0
2020-01-24,156.70242309570312,159.0666372872533,156.1422324781189,159.04764360030214,24918100.0,153.72624588012695,147.90490112304687,63.770864127006135,3.0405861900581215,2.9621340699259027,0.0784521201322188,159.96362495284652,147.4888668074074,12.474758145439125,-0.010076645042160881,-0.008768403440183148,0.01820012964399864,1,0.009225845856519095,158.2975311279297,157.77532958984375,0
2020-01-27,154.08181762695312,155.12625280753838,152.1068948687137,153.0088991676187,32078100.0,153.89762649536132,148.2032043457031,54.3747276776112,2.680924665601168,2.905892189060956,-0.22496752345978788,159.97423838450538,147.82101460621726,12.153223778288123,-0.0167234521137527,-0.020639691753705613,0.005826136283837213,1,0.01082321321910033,156.70242309570312,158.65834045410156,1
2020-01-28,157.10116577148438,157.38599854121892,154.83190628235468,155.50602982130422,24899900.0,154.20620574951172,148.55735290527343,61.4266923295042,2.6094464039453555,2.8466030320378364,-0.23715662809248084,160.27539029303142,148.13702120599203,12.138369087039393,0.019595745890286453,-0.007557700666085965,0.013351104754238952,1,0.011918030259762099,154.08181762695312,158.08860778808594,1
2020-01-29,159.5508575439453,160.2249957526191,157.3195848143749,159.3609641502704,34754500.0,154.70231246948242,148.94630065917968,66.01613884190468,2.7191246434261984,2.821107354315509,-0.10198271088931055,160.81565072888432,148.58897421008052,12.2266765188038,0.015593084624363707,0.01817734781613778,0.03645233077066501,1,0.012282248337447566,157.10116577148438,157.32904052734375,1
2020-01-30,164.05137634277344,165.25722163927998,162.16190335753365,165.25722163927998,51597500.0,155.41822204589843,149.389111328125,72.49164682200897,3.133083457245931,2.8835025749015935,0.2495808823443375,162.3367010491498,148.49974304264705,13.836958006502755,0.02820742469270998,0.06470301862584193,0.05883074193396842,1,0.0145500700029169,159.5508575439453,158.2975311279297,0
2020-01-31,161.63021850585938,163.69059145426337,161.01306137636973,163.51020215384372,36142700.0,155.87444763183595,149.77649658203126,65.2846040093346,3.2285647123395336,2.9525150023891817,0.27604970995035183,163.15826637989332,148.59062888377858,14.567637496114742,-0.014758534130522749,0.028828893230256725,0.02443277365375751,1,0.015142081668550389,164.05137634277344,156.70242309570312,1
2020-02-03,165.570556640625,165.68448976248862,161.7916105688836,161.82009384934952,30107000.0,156.62264099121094,150.24174255371094,70.43602491917434,3.580908171242129,3.0781936361597713,0.5027145350823576,164.62688318386665,148.61839879855523,16.00848438531142,0.024378721820652594,0.0377290300368438,0.043566673940618195,1,0.01665541597006207,161.63021850585938,154.08181762695312,1
2020-02-04,171.0205535888672,171.51428788242515,167.40303244015183,168.19110359535253,36433300.0,157.623868560791,150.8209262084961,75.78768659714902,4.250910259743648,3.312736960876547,0.9381732988671012,167.38021168230864,147.86752543927338,19.51268624303526,0.03291646207406029,0.04248167495731425,0.08180188301813773,1,0.018597645170470266,165.570556640625,157.10116577148438,0
2020-02-05,170.8116455078125,174.8944171691723,169.39692792938607,174.7330071193889,39186300.0,158.68348770141603,151.39859008789062,75.22555899555307,4.710732217092357,3.592336012119709,1.1183962049726475,169.2978086575873,148.06916674524476,21.22864191234254,-0.0012215378600451965,0.056805138833740276,0.08569686140128385,1,0.0183554337589015,171.0205535888672,159.5508575439453,1
2020-02-06,174.35324096679688,174.5336447165649,170.96358605909285,171.82761744591156,27751400.0,159.801025390625,152.04499725341796,78.18026411766269,5.299828462830504,3.9338345022618686,1.3659939605686358,171.9603562647542,147.6416945164958,24.31866174825842,0.020733922727899756,0.053044964662617655,0.10142741787862519,1,0.01873184799579516,170.8116455078125,164.05137634277344,1
2020-02-07,174.60009765625,176.2522001633859,173.2613256843261,173.61264358086075,33529100.0,160.8359603881836,152.66519775390626,78.37387051853575,5.7206664714668705,4.291200896102869,1.4294655753640013,174.26750356567774,147.40441721068945,26.863086354988297,0.001415842275625634,0.020930490471853025,0.11421440847545927,1,0.017696394944959348,174.35324096679688,161.63021850585938,1
2020-02-10,179.1671142578125,179.30004105721275,173.99244419039184,174.30577475067838,35844300.0,162.1348503112793,153.36154754638673,81.62268336361275,6.349510492358263,4.702862815353948,1.6466476770043155,177.273208800028,146.99649182253063,30.276716977497358,0.026157010579421103,0.048916271049082694,0.16280504096591897,1,0.015255427283878145,174.60009765625,165.570556640625,0
2020-02-11,175.12234497070312,181.06609308949365,174.22983017110295,181.01861612374,53159900.0,163.1394012451172,153.971494140625,71.39330526954492,6.447175802149275,5.051725412713013,1.3954503894362613,178.91204846211647,147.36675402811792,31.54529443399855,-0.022575400088707953,0.004411182721018259,0.114710665008253,1,0.019243924056912953,179.1671142578125,171.0205535888672,1
2020-02-12,175.37872314453125,176.46113140653625,172.66320564680828,176.20476736113224,47062900.0,164.21136703491212,154.6044186401367,71.63595427647863,6.470673938477205,5.335515117865852,1.1351588206113528,180.24920292964487,148.17353114017936,32.0756717894655,0.0014639946368408818,0.004459479111026621,0.09920263572526666,1,0.019394234051698475,175.12234497070312,170.8116455078125,0
2020-02-13,174.42919921875,176.8218814332766,173.63162399264098,173.8310214211516,35295800.0,165.1860092163086,155.25310485839844,69.29171627830046,6.339598786951285,5.536331851682939,0.8032669352683461,181.21997697569856,149.15204145691865,32.067935518779905,-0.005414134102223689,-0.026444110899977336,0.06325959042423923,1,0.018726693088523,175.37872314453125,174.35324096679688,1
2020-02-14,175.98638916015625,176.04335572798814,173.42277770422567,173.99247235841844,23149500.0,166.09656219482423,155.93749084472657,70.96953488134275,6.288878720119243,5.6868412253702,0.6020374947490428,182.409676614931,149.78344777471747,32.626228840213514,0.008927346730826846,0.004933945977012133,0.08882108053189586,1,0.017201692051956034,174.42919921875,174.60009765625,1
2020-02-18,177.77139282226562,178.2176502251347,176.12879410902988,176.23323763923193,27792200.0,167.0522148132324,156.64732330322266,72.80387037049641,6.31986609698464,5.813446199693089,0.5064198972915515,183.74531278449797,150.35911684196685,33.38619594253112,0.010142850652415714,0.013642873176597181,0.07368964886747853,1,0.01632468257227991,175.98638916015625,179.1671142578125,1
2020-02-19,178.3045654296875,179.16142692930302,177.53338717453187,179.0471826033565,29997500.0,168.0630126953125,157.36630096435547,73.34562994835137,6.314654978061185,5.913687955366708,0.40096702269447704,184.910163764365,151.21586162626,33.694302138105,0.002999203634270531,0.02221741674154809,0.042591441133625674,1,0.013615891399700408,177.77139282226562,175.12234497070312,0
2020-02-20,175.5816192626953,178.27599248114515,172.4207387260117,177.99036715778334,36862400.0,168.97564163208008,157.99625762939453,66.10329639886231,6.021395233639623,5.935229411021291,0.08616582261833194,185.36945723678443,152.58182602737574,32.78763120940869,-0.015271320509546604,-0.0023000068323043577,0.027925342799092867,1,0.01490823724288112,178.3045654296875,175.37872314453125,0
2020-02-21,170.03102111816406,174.70571148986244,168.75524447726494,174.3915250882964,48572600.0,169.56231613159179,158.52260864257812,54.32707377936033,5.280230678946253,5.804229664606284,-0.5239989856600307,185.20836351077668,153.9162687524069,31.292094758369785,-0.03161263785947188,-0.043541154632457224,-0.02479001723550367,1,0.016980226095711044,175.5816192626953,174.42919921875,0
2020-02-24,162.70004272460938,166.18463956657936,155.40714713360293,159.72957434916313,68311100.0,169.8621971130371,158.90670715332033,43.34410465075286,4.054565236564514,5.45429677899793,-1.3997315424334165,184.7209276665906,155.0034665594836,29.717461107107,-0.043115534714456505,-0.08751611416944682,-0.06815606114418826,1,0.021192020128361497,170.03102111816406,175.98638916015625,0
2020-02-25,160.0151824951172,166.46071697660787,159.61529838516014,165.85138982322823,68073300.0,170.15886535644532,159.22628479003907,40.14328787125573,2.8339032877696013,4.930218080752264,-2.096314792982663,183.94358477719013,156.3741459357005,27.569438841489614,-0.016501902424430615,-0.08865641422459203,-0.10689423582017754,1,0.01784299352918645,162.70004272460938,177.77139282226562,1
2020-02-26,162.01449584960938,164.95640220353357,160.14843819619878,161.57654976926904,56206100.0,170.40453186035157,159.55660369873047,43.489866116067596,2.00473840131977,4.3451221448657655,-2.3403837435459955,183.40232123495872,157.40674248574442,25.995578749214303,0.012494522852874779,-0.04714742766252966,-0.07484966651906477,1,0.01875894056215992,160.0151824951172,178.3045654296875,0
2020-02-27,150.59915161132812,159.0250175403799,150.40873959890718,155.49282894832933,93174900.0,169.9569465637207,159.63412017822264,32.36382236289138,0.4216360194084814,3.560424919774309,-3.1387889003658276,184.89118127340595,155.02271185403544,29.868469419370513,-0.07045878319973042,-0.07437546364854708,-0.14129177752527056,1,0.02691649505181301,162.01449584960938,175.5816192626953,1
2020-02-28,154.24559020996094,155.86412854172175,144.71532934299802,145.10568338901115,97012700.0,169.46665725708007,159.76557525634766,37.834796112953214,-0.5326073376899103,2.7418184682814655,-3.274425805971376,185.7290071400214,153.20430737413875,32.524699765882644,0.02421287609935341,-0.03605653035662604,-0.11571232969703082,1,0.029562532369063928,150.59915161132812,170.03102111816406,1
2020-03-02,164.5089874267578,164.63276179137975,154.53124824993384,157.38747246115315,71030800.0,169.610595703125,160.11824981689452,50.07549598601437,-0.455431758718305,2.1023684228815114,-2.5578001815998164,185.6422797749614,153.5789116312886,32.06336814367279,0.06653932344403635,0.015396718448353885,-0.06521755340382285,1,0.038359578771948816,154.24559020996094,162.70004272460938,0
2020-03-03,156.62582397460938,166.6130941024236,154.48365562186393,165.47060721979446,71677000.0,169.16335906982422,160.31933715820313,43.06182489825814,-1.0186327997670048,1.4781681783518081,-2.496800978118813,186.0947290084185,152.23198913122994,33.862739877188574,-0.047919348209824464,0.04001797021297371,-0.11894809683354068,1,0.03999444185541159,164.5089874267578,160.0151824951172,1
2020-03-04,162.37637329101562,162.51917871166128,157.6826365898294,160.41510136743034,49814400.0,168.73115005493165,160.609990234375,48.705762438073386,-0.98954554686091,0.9846254333092647,-1.9741709801701748,185.8906043109199,151.57169579894338,34.31890851197653,0.03671520551641905,0.052713228754137864,-0.08933137578551231,1,0.04271521036855916,156.62582397460938,162.01449584960938,0
2020-03-05,158.30145263671875,162.6809872137587,157.74924760857994,158.09199505613142,47817300.0,168.10564041137695,160.7868621826172,45.28056947477549,-1.2805444117717002,0.5315914642930717,-1.8121358760647719,185.81924666441978,150.39203415833413,35.42721250608565,-0.025095526964342807,-0.037733712225313853,-0.09841671752737935,1,0.0430004830811169,162.37637329101562,150.59915161132812,0
2020-03-06,153.8267059326172,155.29289448015368,148.52364323617397,154.816857162089,72821100.0,167.07931365966797,160.87423919677735,41.80395856195749,-1.850901727778023,0.055092825878852725,-1.9059945536568759,185.58686756374914,148.5717597555868,37.01510780816233,-0.028267249791892435,-0.017871369937347947,-0.09530211063242156,1,0.04282175317420486,158.30145263671875,154.24559020996094,0
2020-03-09,143.4014892578125,150.1897866403432,142.8112075819428,143.76328229915575,70419300.0,165.5193832397461,160.75368225097657,35.051627684258904,-3.108311191838311,-0.57758797766458,-2.5307232141737313,186.34272243279702,144.6960440466952,41.646678386101826,-0.06777247560232735,-0.11685741988580933,-0.11861431099598507,1,0.04561429397577154,153.8267059326172,164.5089874267578,1
2020-03-10,153.20785522460938,153.31258402014208,145.2675559078778,150.5801343469339,65354400.0,164.22142028808594,160.80475524902343,44.18434513417263,-3.2757644989007417,-1.1172232819118124,-2.1585412169889295,184.7137421643039,143.72909841186797,40.98464375243594,0.06838398971691739,-0.03217656772738853,-0.04254175862790732,1,0.05204669773109199,143.4014892578125,156.62582397460938,0
2020-03-11,146.26727294921875,150.14221027535797,143.90611671459507,149.5995351314192,56371600.0,162.7786666870117,160.7115090942383,39.907186535347776,-3.923294143224126,-1.6784374541742753,-2.244856689049851,184.04632649270735,141.51100688131606,42.53531961139129,-0.04530173903430368,-0.04914252656953988,-0.09719638244597606,1,0.053314110874183536,153.20785522460938,162.37637329101562,0
2020-03-12,132.3955078125,146.1149079701268,131.93851601607352,138.33645927607344,93226400.0,160.62950592041017,160.36684478759764,33.02599893582425,-5.492487588933983,-2.441247481126217,-3.051240107807766,184.85166044267,136.40735139815033,48.444309044519684,-0.09483847519010469,-0.07674942221503389,-0.12087480974533482,1,0.056880212743262465,146.26727294921875,158.30145263671875,1
2020-03-13,151.21804809570312,154.15044033680311,133.98548773594624,140.4310384497847,92727400.0,159.4689483642578,160.39654205322265,46.50497428699551,-5.157807017095763,-2.9845593883201262,-2.173247628775637,183.1534157424207,135.78448098609493,47.36893475632576,0.14216902517462926,-0.012987631254214094,-0.01962806268974493,0,0.07455537921179237,132.3955078125,153.8267059326172,0
2020-03-16,128.92996215820312,142.19237110925772,128.53009250260706,133.29046629899992,87905900.0,157.11612701416016,159.92502716064453,37.00730025996729,-6.614781435688656,-3.7106037977938326,-2.904177637894823,183.0153873776315,131.21686665068881,51.798520726942684,-0.1473903824191295,-0.1185317155467499,-0.21627405180154713,0,0.08362864503871136,151.21804809570312,143.4014892578125,1
2020-03-17,139.54562377929688,140.43104645492656,128.53011031467852,133.29048477077774,81059800.0,155.20483856201173,159.70380584716796,42.980415281091375,-6.834070079505381,-4.335297054136142,-2.498773025369238,180.35590432174016,130.0537728022833,50.30213151945685,0.08233665350857566,0.05400572938564463,-0.10905098381529588,0,0.08893387613335156,128.92996215820312,153.20785522460938,0
2020-03-18,133.67129516601562,139.00291981940725,128.54914265685554,131.38632147313834,81593200.0,152.97317504882812,159.35731170654296,40.68159769453397,-7.396603691765904,-4.947558381662095,-2.449045310103809,177.44099151599755,128.5053585816587,48.935632934338855,-0.04209611490627607,-0.11603610250664309,-0.1767811261158908,0,0.08802769961795091,139.54562377929688,146.26727294921875,1
2020-03-19,135.87057495117188,142.9539978968266,132.33837173085726,135.9276971037771,85922700.0,150.98762283325195,159.08233795166015,41.9337710375358,-7.577602251937435,-5.473567155717163,-2.1040350962202723,174.20778235754744,127.76746330895645,46.44031904859099,0.016452895009544166,0.05383242713165681,-0.14169723216010421,0,0.08851869682874372,133.67129516601562,132.3955078125,0
2020-03-20,130.76748657226562,140.0502163678412,129.34888981462817,139.00292822092638,84866200.0,149.02444610595703,158.65763793945314,39.83264802947007,-8.040139772304343,-5.986881679034599,-2.0532580932697444,172.11124179783192,125.93765041408213,46.173591383749795,-0.037558451347837196,-0.06290514148200455,-0.14990387540673533,0,0.08876113181992784,135.87057495117188,151.21804809570312,0
2020-03-23,129.46310424804688,133.8331378449838,126.1689341603844,130.4437399557186,78975200.0,147.36259918212892,158.1688720703125,39.29072931665279,-8.414954484810949,-6.472496240189869,-1.9424582446210792,171.04968479869666,123.67551356556116,47.3741712331355,-0.009974821405609235,-0.031481634951934234,-0.09719832814781082,0,0.08662257196323074,130.76748657226562,128.92996215820312,1
2020-03-24,141.23074340820312,142.43036670801416,134.4995835056753,136.8607244581916,82516700.0,146.4233772277832,157.92970062255858,46.37840473095224,-7.673986768331474,-6.712794345818191,-0.9611924225132835,169.5112925004217,123.33546195514468,46.17583054527701,0.09089569749239024,0.03945054666146475,-0.07817557264832986,0,0.08905151257577591,129.46310424804688,139.54562377929688,0
2020-03-25,139.87881469726562,146.9336917873563,137.5176734833681,141.77344860070977,75638200.0,145.31659317016602,157.626650390625,45.71803749725109,-7.113849830442774,-6.793005442743108,-0.3208443876996663,167.4096149554029,123.22357138492913,44.18604357047377,-0.009572481729632876,0.06967579146644254,-0.04367660737184231,0,0.08794380894687093,141.23074340820312,133.67129516601562,1
2020-03-26,148.62838745117188,149.1520314608854,141.25932377290354,141.28788485275086,64568100.0,145.2180549621582,157.5204299926758,50.61865044866012,-5.895954974743233,-6.613595349143134,0.7176403743999007,167.23339697685975,123.20271294745663,44.03068402940312,0.0625510930503852,0.14803664190227495,0.12260899109704737,0,0.08323302221556145,139.87881469726562,135.87057495117188,0
2020-03-27,142.52560424804688,147.4668751170504,142.0495668160043,144.47736062492336,57042300.0,144.6320556640625,157.27221496582033,47.40398700168506,-5.361405186911725,-6.363157316696853,1.0017521297851282,166.27581418596273,122.98829714216228,43.28751704380045,-0.04106068368083393,0.009168406315763544,-0.05748284650622504,0,0.07140106597378713,148.62838745117188,130.76748657226562,1
2020-03-30,152.55091857910156,152.90319608171723,142.82071439967373,145.1342633758814,63420300.0,144.03415222167968,157.16772674560548,52.71638233137843,-4.081759563917899,-5.906877766141063,1.8251182022231642,164.0477856639695,124.02051877938983,40.027266884579674,0.07034044432891484,0.09059344625747423,0.18320765806100536,0,0.053653672289170846,142.52560424804688,129.46310424804688,0
2020-03-31,150.15171813964844,156.8828791989714,149.05682343931457,151.76071229538607,77927200.0,143.71044692993163,156.9975942993164,51.378937434499214,-3.224061637210525,-5.370314540354956,2.146252903144431,163.09862028752653,124.32227357233674,38.77634671518979,-0.015727210703153416,0.010249257995731176,0.07600449281824839,0,0.04943065292272936,152.55091857910156,141.23074340820312,0
2020-04-01,144.82008361816406,150.1897843606391,143.59191364370474,145.6674295225216,57969900.0,142.83263244628907,156.73222381591796,48.43794101821573,-2.9406502133022343,-4.884381674944412,1.9437314616421775,160.25049484113745,125.41477005144068,34.83572478969677,-0.03550831510649577,0.01609871701455101,0.08340450684121814,0,0.04872133660727003,150.15171813964844,139.87881469726562,1
2020-04-02,147.81912231445312,148.02857992428844,143.15396179177512,144.58207393473876,49630700.0,142.3085159301758,156.54202545166015,50.165934412302505,-2.4458529884473137,-4.396675937644992,1.9508229491976783,158.41439294883932,126.20263891151225,32.21175403732707,0.020708720927108404,-0.0310178156167239,0.08794065505040538,0,0.04881136211745642,144.82008361816406,148.62838745117188,0
2020-04-03,146.4576873779297,149.83755626537894,144.89628508286296,147.66682659973765,41243300.0,141.9400650024414,156.30522857666017,49.35728075216013,-2.138922872873991,-3.945125324690792,1.8062024518168012,157.29472666428936,126.58540334059344,30.709323323695912,-0.00921014084786187,-0.024601987959159577,0.11998548887756777,0,0.0465446232727663,147.81912231445312,142.52560424804688,1
2020-04-06,157.34938049316406,158.52042823766854,150.02792415586416,152.63661391051838,67111700.0,142.637459564209,156.31816772460937,55.53283924403609,-1.0052223586269236,-3.3571447314780185,2.351922372851095,159.3970074894479,125.8779116389701,33.5190958504778,0.07436750716354479,0.08651629361045687,0.21539940979391337,0,0.04959278798018008,146.4576873779297,152.55091857910156,0
2020-04-07,155.65467834472656,161.85267863184416,155.43569073147975,161.4623245673661,62769000.0,142.75980072021486,156.34962493896484,54.420833378871585,-0.2407298495209318,-2.7338617550866013,2.4931319055656695,159.85850012388465,125.66110131654507,34.19739880733958,-0.010770313445950475,0.053007729362680056,0.102130276938595,0,0.043691217703044426,157.34938049316406,150.15171813964844,1
2020-04-08,157.2161102294922,158.68229897209625,155.66422371733032,157.73022420929914,48318200.0,143.3072425842285,156.351923828125,55.308793828425294,0.4855335469909505,-2.089982694671091,2.5755162416620414,161.48699108516536,125.12749408329164,36.35949700187372,0.010031384224170603,0.07345754971400509,0.12394511327357915,0,0.04312101911566847,155.65467834472656,144.82008361816406,1
2020-04-09,157.22561645507812,159.34873898293552,155.502363560662,158.38714875924393,51385100.0,144.54874801635742,156.30541900634765,55.31450156084027,1.0497685161340087,-1.462032452510071,2.5118009686440796,162.9680028248814,126.12949320783343,36.838509617047976,6.04659762415416e-05,-0.0007865556108199723,0.05784378846692828,0,0.03944469062941742,157.2161102294922,147.81912231445312,1
2020-04-13,157.577880859375,157.63501754538458,154.52172915944234,156.47348523081305,41905300.0,144.86673965454102,156.1759490966797,55.541094111156646,1.5079706408351967,-0.8680318338410176,2.3760024746762145,163.94343278495654,125.79004652412549,38.153386260831056,0.002240502611719819,0.012355571545296762,0.10561103522937287,0,0.0358808065436751,157.22561645507812,146.4576873779297,1
2020-04-14,165.3753662109375,165.42297284963294,159.94854353230696,160.90061819618973,52874300.0,146.68900985717772,156.25085205078125,60.33566445227081,2.4717976823544063,-0.20006593060193278,2.671863612956339,166.28396133144176,127.09405838291369,39.18990294852807,0.049483374881282405,0.051898345338369234,0.08406666935398444,0,0.03246982954275699,157.577880859375,157.34938049316406,0
2020-04-15,163.642578125,165.25158643715253,161.12910189683114,162.99515987740097,40940800.0,147.89385757446288,156.21229248046876,58.8176559449352,3.060536084867522,0.4520544724919582,2.608481612375564,168.5199234538831,127.26779169504267,41.252131758840434,-0.010477909289871579,0.04081371607631956,0.08984818923486704,0,0.03207343411061039,165.3753662109375,155.65467834472656,1
2020-04-16,168.55532836914062,168.78383156754103,164.61373899366873,165.94665252640667,50479600.0,149.63805923461913,156.16298797607422,61.75552682478224,3.8788207663136234,1.1374077312562914,2.741413035057332,171.04340096803801,128.23271750120026,42.81068346683776,0.030021222474189813,0.06966363203958847,0.16389470409061113,0,0.02843649774487028,163.642578125,157.2161102294922,1
2020-04-17,170.04052734375,171.37342595685678,167.44135325693384,170.89738866253217,52765600.0,151.34655685424804,156.14756561279296,62.62361448097102,4.594201323639794,1.828766449732992,2.765434873906802,173.52438845585328,129.1687252526428,44.3556632032105,0.008811343960344775,0.028209528660163574,0.15032835184899596,0,0.02845000277234421,168.55532836914062,157.22561645507812,0
2020-04-20,166.67018127441406,170.1833389597177,166.60354360506855,168.16494540659173,36669600.0,153.14169158935547,155.9939044189453,59.332362892181656,4.83346958013189,2.4297070758127717,2.4037625043191184,174.1471491187765,132.13623405993445,42.010915058842045,-0.019820839902022436,0.018501316613952268,0.13800910186657966,0,0.02960513341329605,170.04052734375,157.577880859375,0
2020-04-21,159.7771759033203,165.34680393000076,158.14912184782517,165.18495298161926,56203700.0,154.65739517211915,155.69744598388672,53.17684850944779,4.415978816098175,2.8269614238698524,1.5890173922283224,172.78777430045727,136.52701604378103,36.26075825667624,-0.04135716010139068,-0.05207875983959365,0.015429329321456908,0,0.025449366682207472,166.67018127441406,165.3753662109375,1
2020-04-22,165.20401000976562,165.6610018091232,162.63341116305656,163.17608620088606,34620200.0,155.85605850219727,155.41818389892578,56.96251381278669,4.471470210989395,3.155863181293761,1.315607029695634,173.43885388889905,138.2732631154955,35.16559077340355,0.033965014563338114,-0.02844332118664261,0.061349467722969786,1,0.0268814184438214,159.7771759033203,163.642578125,0
2020-04-23,163.2046661376953,166.6702179488877,162.71911320274435,165.76574976299443,32790800.0,157.02235107421876,155.17983032226562,55.19206312161755,4.304497630741963,3.3855900711834015,0.9189075595585616,173.25379226322184,140.79090988521568,32.46288237800616,-0.012102272045043772,-0.020792652352210172,0.03809123568482575,1,0.027444970902915963,165.20401000976562,168.55532836914062,1
2020-04-24,166.18463134765625,166.19414686415578,162.52866821599432,163.81396026372389,34277600.0,157.90016326904296,154.99594848632813,57.32125457698345,4.3623425760066254,3.5809405721480467,0.7814020038585787,174.11975688218058,141.68056965590534,32.43918722627524,0.01825906869259941,0.04010244522166939,0.056981903423720226,1,0.027750319024276382,163.2046661376953,170.04052734375,0
2020-04-27,165.70860290527344,168.42200705863056,164.9945468868889,168.12686622876606,33194400.0,159.0593132019043,154.8215365600586,56.856476005312174,4.3199756052289615,3.7287475787642297,0.5912280264647318,173.97975674760488,144.13886965620372,29.840887091401157,-0.0028644552659443656,0.0030543622729133357,0.051598117715229375,1,0.02787185430968413,166.18463134765625,166.67018127441406,0
2020-04-28,161.67181396484375,167.25097268418668,161.27194430574508,167.17480495947623,34392700.0,159.5153579711914,154.53524505615235,52.93658362281556,3.915528568998724,3.7661037768111285,0.1494247921875953,174.16735169928546,144.86336424309735,29.30398745618811,-0.024360768660497967,-0.009392208011738457,-0.022394824156397264,1,0.024466316840784513,165.70860290527344,159.7771759033203,1
2020-04-29,168.9266357421875,169.16465445761807,163.6426318816362,164.9184087097418,51286600.0,160.45410385131837,154.3583499145508,58.477179106419335,4.132764923774573,3.839436006203818,0.2933289175707552,174.9914634663201,145.91674423631662,29.074719230003495,0.044873757517938984,0.01649974713242286,0.032290236915915704,1,0.028295049809809632,161.67181396484375,165.20401000976562,1
2020-04-30,170.62135314941406,171.75431010339028,167.78415942228452,171.37348594562638,53875900.0,161.74416732788086,154.2046856689453,59.671551439143265,4.391058443064026,3.9497604935758597,0.4412979494881659,175.02828729908828,148.46004735667344,26.568239942414834,0.010032268740691741,0.029646923322073748,0.012257249890960331,1,0.026887681537365624,168.9266357421875,163.2046661376953,0
2020-05-01,166.2036895751953,170.07862610171935,165.67051553295815,167.37473740415624,39370500.0,162.66339569091798,154.0171270751953,55.21318541555414,4.190978397349568,3.9980040743306016,0.19297432301896622,174.4228179677752,150.90397341406077,23.518844553714416,-0.025891621960999034,0.02803132778195372,-0.022564254701458508,1,0.028059397689980562,170.62135314941406,166.18463134765625,1
2020-05-04,170.26902770996094,170.42136314126972,165.47057784378438,166.12751167973556,30372900.0,163.85396270751954,154.02188720703126,58.30081157309518,4.310760567185952,4.060555372901671,0.25020519428428045,173.42779915369172,154.28012626134736,19.14767289234436,0.02445997525780763,0.007946597420090518,0.021592623275674905,1,0.028413505380964703,166.2036895751953,165.70860290527344,1
2020-05-05,172.09701538085938,174.84851064820512,171.2782305680416,171.96372550563353,36839200.0,164.5913444519043,154.20982666015624,59.64791754295309,4.5013038983010745,4.1487050779815515,0.35259882031952294,174.31816728717155,154.86452161663703,19.453645670534513,0.010735878952760958,0.008648754708638684,0.07710637897989692,1,0.023895170324400958,170.26902770996094,161.67181396484375,1
2020-05-06,173.79168701171875,175.37213429721527,172.92531018696323,173.35374084140366,32139300.0,165.4981948852539,154.48535675048828,60.9087312026898,4.734480553935043,4.26586017317225,0.46862038076279333,175.10434042111592,155.89204934939187,19.212291071724053,0.009847187803396773,0.04565480739878769,0.05198225516103072,1,0.022100579001568338,172.09701538085938,168.9266357421875,1
2020-05-07,174.80093383789062,175.70540196520787,173.8298135033723,175.34360890327773,28316000.0,166.37743606567383,154.7410855102539,61.67670137528258,4.943724340876372,4.4014330067130745,0.5422913341632976,176.00943362578136,156.7454385055663,19.263995120215043,0.005807221527827311,0.026616150857743825,0.07105353035930717,1,0.02124278405037709,173.79168701171875,170.62135314941406,1
2020-05-08,175.82913208007812,176.13380292861683,174.57240114862012,176.11475736870673,30877800.0,167.30761184692383,155.24568511962892,62.48529492146778,5.133344554057601,4.54781531618198,0.5855292378756207,176.81709238660557,157.7981313072421,19.018961079363464,0.005882109549489201,0.02168612099959666,0.05803485348922366,1,0.020877130438544514,174.80093383789062,166.2036895751953,1
2020-05-11,177.79043579101562,178.5235228546766,174.08686576655347,174.3724765562878,30892700.0,168.31823959350587,155.71658203125,64.04375057289155,5.3798650221910975,4.714225257383804,0.6656397648072936,177.77282223455836,158.86365695245337,18.909165282104993,0.011154600422211391,0.02300886105689992,0.07291011253440294,1,0.02069668360205541,175.82913208007812,170.26902770996094,0
2020-05-12,173.76316833496094,178.0760660618558,173.56324076027528,177.8475774050722,32038200.0,168.73762969970704,155.90166564941407,58.65545255922693,5.190435335235037,4.80946727295405,0.3809680622809868,178.3752087381644,159.1000506612497,19.275158076914693,-0.02265176660452395,-0.005936841870033183,0.07478950148197461,1,0.02041171616403212,177.79043579101562,172.09701538085938,0
2020-05-13,171.13546752929688,175.22939260657074,168.07930063221846,173.80128022106894,44711500.0,169.11227416992188,156.19185852050782,55.381376807925456,4.773254344316371,4.802224687226515,-0.028970342910143998,178.50799186192816,159.7165564779156,18.791435384012573,-0.015122311769768637,-0.026694464650167338,0.01307568683532212,1,0.016652519799458337,173.76316833496094,173.79168701171875,1
2020-05-14,171.87803649902344,172.03037193059697,167.26046860605703,169.03132804745684,41873900.0,169.278409576416,156.38189178466797,56.12666889338195,4.4512433507905484,4.732028419939322,-0.28078506914877366,178.74608920671244,159.81072994611958,18.93535926059286,0.004339071148997453,-0.03325487822608153,0.007365334563423032,1,0.016421284493053225,171.13546752929688,174.80093383789062,1
2020-05-15,174.3820037841797,178.0950892658203,168.5172202045824,170.47849174244934,46610400.0,169.4954833984375,156.70350280761718,58.635735484287494,4.3479757934162535,4.655217894634709,-0.3072421012184554,179.21873611933026,159.77223067754474,19.44650544178552,0.014568279555430497,0.003561372960383835,0.04920657435396025,1,0.013887706155257687,171.87803649902344,175.82913208007812,1
2020-05-18,176.0481414794922,177.27631148677688,175.14367339319634,176.8478807645849,35264500.0,169.9643814086914,157.14793151855469,60.264135749270004,4.350429850445181,4.594260285796803,-0.2438304353516223,179.99698731470147,159.93177550268132,20.065211812020152,0.009554527756055364,0.028706346037558284,0.0339410745880071,1,0.01225982850608714,174.3820037841797,177.79043579101562,0
2020-05-19,174.8295135498047,177.6571770843628,174.69622364870642,176.16241256078743,26799100.0,170.7169982910156,157.77649200439453,58.45163804678253,4.2055625121258515,4.516520731062613,-0.31095821893676145,179.79254364804166,161.64145293398957,18.15109071405209,-0.0069221289100031,0.01717192673886525,0.015877661578837632,1,0.012358922454152151,176.0481414794922,173.76316833496094,1
2020-05-20,177.25450134277344,177.43590168394044,175.61237082100766,176.44297810112155,31261300.0,171.31952285766602,158.2574249267578,60.96739771911374,4.237582142088257,4.460733013267742,-0.2231508711794845,180.45092808283684,162.1881176324952,18.262810450341647,0.013870585942446834,0.016472442661851883,0.019925086122336788,1,0.012715919626397208,174.8295135498047,171.13546752929688,0
2020-05-21,175.12545776367188,178.21877656541264,174.99179664947147,177.00626995004328,29119500.0,171.91556243896486,158.83458862304687,57.66602226697192,4.044538978146562,4.377494206243506,-0.3329552280969441,180.38246014951963,163.44866472841008,16.93379542110955,-0.0120112243298377,-0.005241087512007581,0.001856534279629285,1,0.013362603375193577,177.25450134277344,171.87803649902344,1
2020-05-22,175.20184326171875,176.10884503151505,174.27575745211465,174.89633837713157,20826900.0,172.36642303466797,159.69071533203126,57.754409531035044,3.853296151789749,4.272654595352755,-0.4193584435630058,180.51912012388337,164.21372594545258,16.305394178430788,0.0004361758651330039,0.002129673098975937,-0.003567604588264106,1,0.013218492403699707,175.12545776367188,174.3820037841797,0
2020-05-26,173.34963989257812,178.05643297814373,172.90091742151233,177.90367329268187,36073600.0,172.74847488403321,160.13334716796874,54.76838750392525,3.511795706800541,4.120482817642312,-0.6086871108417711,180.31224673866694,165.1847030293995,15.127543709267457,-0.010571825813349367,-0.02202968850220688,-0.024977698483496846,1,0.01291249782121135,175.20184326171875,176.0481414794922,1
2020-05-27,173.5787353515625,173.7505936104896,168.60462094581615,172.04162587676586,39517100.0,173.34382095336915,161.02632263183594,55.07776003954608,3.2224933354396796,3.940884921201786,-0.7183915857621064,178.94670235180186,167.74093955493643,11.205762796865429,0.0013215802416799427,-0.008832082050552859,-0.0010614043537863216,1,0.010797559463390475,173.34963989257812,174.8295135498047,0
2020-05-28,173.18736267089844,175.81286026389589,172.21355223443322,172.55725432023527,33810200.0,173.55685729980468,161.69915740966798,54.39330668395688,2.9278877498995257,3.738285486941334,-0.8103977370418081,178.78307321824389,168.33064138136547,10.452431836878418,-0.0022547271120012535,-0.01149805591834474,0.011989888310266705,1,0.009489820833878265,173.5787353515625,177.25450134277344,1
2020-05-29,174.95359802246094,175.9274229472376,172.24217877179476,174.45713625736357,42130400.0,173.77346954345703,162.52480346679687,56.99089736821034,2.8046014331491165,3.5515486761828905,-0.746947243033774,178.85209035777464,168.6948487291394,10.157241628635234,0.010198407807149312,0.009252734132454865,0.017893860007267337,1,0.009875939355155492,173.18736267089844,175.12545776367188,0
2020-06-01,174.55262756347656,174.71492930155677,173.24465707143892,174.27574875242263,22622400.0,174.1909164428711,163.29844451904296,56.20820635402534,2.644062072207447,3.370051355387802,-0.7259892831803549,177.89988468360218,170.48194820214002,7.417936481462164,-0.002291867463811159,0.005610665442063345,0.0009784483237618158,1,0.008842668481495439,174.95359802246094,175.20184326171875,1
2020-06-02,176.53846740722656,176.62438928948723,173.13964365231473,175.90834446804334,30794600.0,174.50438842773437,164.2138641357422,59.196984241123175,2.646566183538539,3.2253543210179494,-0.5787881374794104,177.87919857483288,171.12957828063585,6.74962029419703,0.01137673990629473,0.019349591590560156,0.002785180937519227,1,0.00907413730054576,174.55262756347656,173.34963989257812,1
2020-06-03,176.96807861328125,177.5218216500527,175.26866685848563,176.45253278895922,27311000.0,174.74794158935546,165.16396362304687,59.835626958541376,2.65263877513803,3.1108112118419657,-0.4581724367039359,178.09561777254953,171.4002654061614,6.695352366388136,0.0024335274479510005,0.011514370745102864,0.012232288588204243,1,0.00872044718355069,176.53846740722656,173.5787353515625,0
2020-06-04,174.63853454589844,177.42633361765618,174.04660889657038,175.95606151294973,28761800.0,174.79028396606446,165.83211944580077,54.82465871351155,2.441334426712359,2.9769158548160446,-0.5355814281036855,178.10981310991073,171.4707548222182,6.639058287692535,-0.01316363993798808,0.0004921551948029457,-0.014758253116609277,1,0.008562479803620357,176.96807861328125,173.18736267089844,1
2020-06-05,178.72479248046875,179.2307963447259,173.76975976446974,174.35214349457303,39893600.0,174.98647689819336,166.60903900146485,60.995152494321054,2.573930405755249,2.8963187650038855,-0.32238835924863674,178.72296667288904,171.24998712349768,7.472979549391368,0.023398375079105804,0.012384411767883519,0.020552892553486357,1,0.01075253473337093,174.63853454589844,174.95359802246094,1
2020-06-08,179.83226013183594,180.0136604735111,176.0897344992715,177.52182405822072,33211600.0,175.18663330078124,167.23311645507812,62.49052508943025,2.736828601914965,2.8644207323861015,-0.1275921304711365,179.47095529764337,170.9023113039191,8.568643993724265,0.006196497061190964,0.016184735354524804,0.026429041977601875,1,0.010808345336619462,178.72479248046875,174.55262756347656,1
2020-06-09,181.2070770263672,182.06632497526755,178.78206376690073,179.48856656059746,29783900.0,175.35746536254882,168.00674591064453,64.31930976673388,2.9429384668242164,2.8801242792737245,0.06281418755049195,180.2698855042351,170.44504522086254,9.824840283372566,0.007644995917436503,0.03761221712921792,0.045327103873179064,1,0.009819536995338869,179.83226013183594,176.53846740722656,1
2020-06-10,187.9283447265625,189.53229268503196,182.3622879583932,182.4768650348354,43872300.0,176.06572418212892,168.71429443359375,71.6074538022511,3.607052297559875,3.0255098829309546,0.5815424146289203,183.36109219346844,168.7703561707894,14.590736022679039,0.0370916401858703,0.0514956661488335,0.08266916650784806,1,0.014114512060611753,181.2070770263672,176.96807861328125,0
2020-06-11,177.8368682861328,186.8972113614389,177.6459259436924,184.38629115081167,52854700.0,176.4007942199707,169.26799743652344,53.82917771130275,3.281245328699555,3.076656972084675,0.20458835661488006,183.36780296510008,169.4337854748413,13.934017490258782,-0.05369853310373629,-0.011095850345429037,0.026846679477818824,1,0.024120898019976134,187.9283447265625,174.63853454589844,1
2020-06-12,179.2402801513672,183.04008588446823,176.79616914064553,181.913501530656,43373600.0,176.7689064025879,169.9564013671875,55.484408955850824,3.100543432617428,3.0814342641912256,0.019109168426202583,183.5156577044507,170.02215510072512,13.493502603725574,0.007891568709905261,-0.010853863476390724,0.02450182321118044,1,0.024054480347186463,177.8368682861328,178.72479248046875,1
2020-06-15,180.3860015869141,182.1808918134006,175.67919303595784,176.2233940561889,32770200.0,177.0691062927246,170.6077389526367,56.844614815590425,3.015030626470036,3.068153536646988,-0.0531229101769517,183.89811705018994,170.24009553525926,13.658021514930681,0.006392097995937984,-0.04013414341845345,0.033418998641634445,1,0.024011440718739542,179.2402801513672,179.83226013183594,1
2020-06-16,184.806396484375,186.7253913064373,182.79192319499927,184.15717495617497,42556700.0,177.50701904296875,171.3747131347656,61.706297109112974,3.266298184682256,3.107782466254042,0.15851571842821421,185.09865758087756,169.91538050505994,15.183277075817614,0.024505199176062753,0.03919056979247104,0.04683358362954726,1,0.02483144134534999,180.3860015869141,181.2070770263672,1
2020-06-17,185.44601440429688,187.43184656355464,184.9209121031529,186.2002416601473,25687800.0,178.03784408569337,171.93664581298827,62.36693787942823,3.476961112110871,3.1816181954254077,0.2953429166854633,186.26448356500578,169.81120460638095,16.45327895862482,0.0034610161341246393,0.034622431116984265,0.04790658212175081,1,0.024822367326204922,184.806396484375,187.9283447265625,1
2020-06-18,187.431884765625,187.59418649761048,185.2169126322436,185.2169126322436,23061600.0,178.54671325683594,172.57218994140624,64.41936014371369,3.7608039346510793,3.2974553432705425,0.46334859138053686,187.72106231700855,169.37236419666334,18.348698120345205,0.01070861710189508,0.03906003302210803,0.07325617025470521,1,0.024019371554004867,185.44601440429688,177.8368682861328,0
2020-06-19,186.31480407714844,190.26736979216972,185.57011883866363,189.5990643945507,44441100.0,179.10618057250977,173.15416381835936,62.35913090259283,3.8512178981343084,3.408207854243296,0.4430100438910123,188.73137226604422,169.48098887897532,19.250383387068894,-0.00595992880226015,0.008162096234049843,0.042467592164131984,1,0.023632185810923377,187.431884765625,179.2402801513672,1
2020-06-22,191.48948669433597,191.6708724785976,186.39123649615428,186.92588096506464,32818900.0,179.92056274414062,173.83944122314452,67.53824000544788,4.290961720489264,3.58475862749249,0.7062030929967742,190.76546597033354,169.0756595179477,21.689806452385824,0.027773867153598975,0.03258884969543496,0.06482277737016728,1,0.024769756624492864,186.31480407714844,180.3860015869141,1
2020-06-23,192.76882934570312,194.7164649779574,192.310550140962,192.94067312150344,30917400.0,180.8915222167969,174.5432601928711,68.68541563796958,4.688646331611608,3.805536168316314,0.883110163295294,192.64826761269853,169.13477682089524,23.513490791803292,0.006681007262865135,0.028474048515020334,0.06380408816844163,1,0.024767031581112302,191.48948669433597,184.806396484375,0
2020-06-24,188.8830718994141,194.04814534058556,187.6610232442565,192.47285257091232,36740600.0,181.65673904418946,175.0134143066406,61.56852793138021,4.636815773879704,3.971792089428992,0.6650236844507118,193.4022249026389,169.91125318574004,23.490971716898855,-0.020157602551605924,0.013784561216092062,0.005080272346573045,1,0.023489779022440913,192.76882934570312,185.44601440429688,1
2020-06-25,191.26986694335935,191.5276471281041,186.6203544390852,188.84486850692,27803900.0,182.5608642578125,175.5659600830078,64.03369059583432,4.733766186297601,4.124186908802714,0.6095792774948867,194.34318350378732,170.7785450118377,23.56463849194961,0.012636362909304477,-0.0011469023953633029,0.07553551064345854,1,0.013748727182975115,188.8830718994141,187.431884765625,0
2020-06-26,187.44140625,190.84022936621224,186.05705610227983,190.6874696700312,54675800.0,183.18525466918945,175.943681640625,57.64629638169291,4.450374161384957,4.189424359319163,0.2609498020657943,194.60687589313082,171.76363344524808,22.843242447882744,-0.020016015876108018,-0.027636330592375802,0.04575492791970093,1,0.016242543769403126,191.26986694335935,186.31480407714844,1
2020-06-29,189.4558868408203,189.5418087103916,184.78727587720945,186.91631141951095,26701600.0,183.93041763305663,176.33198883056642,59.912247189211044,4.338326164366322,4.2192047203285945,0.11912144403772729,194.9391448723624,172.92169039375088,22.017454478611512,0.010747255001563039,0.0030326430825482475,0.05028042738414018,1,0.016353868034639677,187.44140625,191.48948669433597,1
2020-06-30,194.29638671875,195.1460927295512,188.787625247452,188.9212863760734,34310300.0,184.8183135986328,176.88451293945312,64.78721023034845,4.587236400105468,4.29281105628397,0.2944253438214979,196.1585567986514,173.47807039861422,22.680486400037182,0.025549482566338266,0.01582329628684742,0.051350983596378796,1,0.016494716542130507,189.4558868408203,192.76882934570312,1
2020-07-01,195.43246459960935,197.0077716862457,192.6351236205007,193.9430939489472,32061200.0,185.7415328979492,177.5976187133789,65.83727173249491,4.820602639113758,4.398369372849928,0.42223326626383084,197.3776225661456,174.10544322975284,23.272179336392753,0.005847138487983683,0.042632300458476546,0.05385098314132919,1,0.016484946944367595,194.29638671875,188.8830718994141,1
2020-07-02,196.92189025878903,198.6022182872537,195.71894006675075,196.3681471192242,29315800.0,186.85570068359374,178.2319763183594,67.21750263887338,5.067318375945234,4.532159173468989,0.5351592024762448,198.2915157839757,175.41988558321177,22.871630200763946,0.007621178304388243,0.03940760850699565,0.05063175619788951,1,0.016402787913449964,195.43246459960935,191.26986694335935,1
2020-07-06,201.16082763671875,201.5713675193072,198.66899142164925,199.37549412509813,31897600.0,187.97750244140624,178.99109954833983,70.82963693521799,5.54101581385666,4.733930501546524,0.8070853123101358,200.3649601330505,175.590044749762,24.774915383288487,0.02152598358851332,0.03532974047482029,0.07968246878236762,1,0.016649759958444428,196.92189025878903,187.44140625,0
2020-07-07,198.82174682617188,204.95108776528608,198.57352323906824,200.92214171818512,33600700.0,188.92697677612304,179.64384185791016,66.47687083288724,5.662407464782319,4.9196258941936835,0.7427815705886358,201.5797881163792,176.27416543586688,25.30562268051233,-0.011627914032900422,0.01734247292795632,0.03829066680584914,1,0.016054813362291444,201.16082763671875,189.4558868408203,1
2020-07-08,203.19439697265625,203.60492228255777,199.24183073570933,200.55935767068064,33600000.0,190.0263427734375,180.3935577392578,70.16767955948046,6.04180141990193,5.144060999335333,0.8977404205665964,203.59290821246975,176.45977733440526,27.13313087806449,0.021992816260222092,0.03185276510206192,0.054083264718365776,1,0.017050824531497713,198.82174682617188,194.29638671875,1
2020-07-09,204.616943359375,206.58367716565735,201.8959676336942,206.53593793805533,33121700.0,190.86077270507812,181.25246032714844,71.27566329778236,6.383674442142421,5.391983687896751,0.9916907542456705,205.7927320707812,175.92881333937504,29.86391873140616,0.007000913449942026,0.017180858536224308,0.08329953183067484,1,0.014497295807410217,203.19439697265625,195.43246459960935,0
2020-07-10,203.996337890625,204.3877791145161,201.52360062003237,203.94859866879057,26177600.0,192.16874618530272,181.9538543701172,70.0532765060419,6.529268260440347,5.61944060240547,0.9098276580348763,206.88963030566424,177.4478620649412,29.441768240723036,-0.0030330111405291182,0.02602628307544852,0.06653672714183645,1,0.014799494751173758,204.616943359375,196.92189025878903,0
2020-07-13,197.6951904296875,206.0299473078476,197.15098942267588,204.76970154506355,38135600.0,193.09149169921875,182.49533111572265,58.991056670561164,6.066274237887399,5.708807329501857,0.3574669083855415,206.72886177377632,179.45412162466118,27.274740149115132,-0.030888532245691214,-0.02706377058078413,0.05470394394081479,1,0.017177275716243744,203.996337890625,201.16082763671875,1
2020-07-14,198.91722106933597,199.3945841968669,192.88334414472072,196.7977276176612,37591800.0,194.01805267333984,183.14960174560548,60.30038119893855,5.731882228646782,5.713422309330842,0.01845991931593982,206.54984146566224,181.48626388101744,25.063577584644804,0.006181387807120631,-0.027855573426431413,0.04993951038568145,1,0.017081937801850872,197.6951904296875,198.82174682617188,0
2020-07-15,198.6212615966797,201.76231941702616,195.7475405543772,200.07244971421292,32179400.0,194.70879592895508,183.71664642333985,59.80238950938142,5.380964289358644,5.646930705336403,-0.2659664159777586,206.6421194343458,182.77547242356437,23.866647010781435,-0.0014878524396493287,-0.026348886208080957,0.02225916266878425,1,0.015541195779765666,198.91722106933597,203.19439697265625,0
2020-07-16,194.6877899169922,196.3872016054385,193.1506799551989,196.100780795123,29940700.0,195.17088470458984,184.1684619140625,53.48077256696571,4.7309258349628465,5.463729731261692,-0.7328038962988455,206.3239277724632,184.01784163671647,22.30608613574674,-0.019803880249611994,-0.015212309951287972,-0.0038103939595850456,1,0.016946446667705454,198.6212615966797,204.616943359375,0
2020-07-17,193.6948699951172,195.75706766321048,192.2723226107304,195.2128812655641,31635300.0,195.48403396606446,184.56652557373047,51.986856905796536,4.088515475671699,5.188686880143694,-1.100171404471995,206.0885339404832,184.87953399164573,21.20899994883746,-0.0051000626300106155,-0.02625389117213961,-0.016387311026879736,1,0.016766285751031975,194.6877899169922,203.996337890625,1
2020-07-20,202.0201110839844,202.6884166471381,193.81900027624175,195.71891104746396,36884800.0,196.26929931640626,185.11090911865233,61.657869106879495,4.2027315434224874,4.991495812799452,-0.7887642693769648,206.35483145371956,186.18376717909297,20.171064274626588,0.042981216224658336,0.017112213767962237,0.004271624139553953,1,0.020905489759219777,193.6948699951172,197.6951904296875,0
2020-07-21,199.2991180419922,204.2541499423901,198.6117139304938,203.9868277399148,37990400.0,196.65978088378907,185.5803088378906,57.57591657590718,4.027263416020759,4.798649333443714,-0.7713859174229549,206.5781826520418,186.74137911553635,19.836803536505442,-0.013468921620684804,0.0236857592711186,0.002401001014429749,1,0.021033065119490713,202.0201110839844,198.91722106933597,1
2020-07-22,202.1632537841797,202.68835605825092,198.95537347199317,199.72869929018705,49605700.0,197.1295021057129,186.0677651977539,60.53744235238044,4.072371712549796,4.65339380926493,-0.5810220967151345,207.1555623264525,187.1034418849733,20.05212044147919,0.014371040726753437,0.043720227537652256,-0.005074663493872422,1,0.020290144828136715,199.2991180419922,198.6212615966797,0
2020-07-23,193.37022399902344,201.37083363177447,192.99788139096745,197.80970924519136,67457000.0,197.35385971069337,186.45990631103516,49.18550864059402,3.359865902609357,4.394688227933815,-1.0348223253244582,206.8167477665388,187.89097165484793,18.92577611169088,-0.04349469856942101,-0.042816960343938226,-0.054964751089056185,1,0.024175759632539835,202.1632537841797,194.6877899169922,0
2020-07-24,192.1864471435547,193.67581815097424,188.56802555463415,191.34628316276613,39827000.0,197.39968872070312,186.8809259033203,47.8836932498914,2.668913443073251,4.049533270961703,-1.3806198278884523,206.75251108050654,188.0468663608997,18.705644719606823,-0.006121815608357228,-0.035688421345341115,-0.05789266057022224,1,0.02416225032057858,193.37022399902344,193.6948699951172,1
2020-07-27,194.62095642089844,194.73551891181648,191.7663196224682,192.348703231246,30160900.0,197.75866622924804,187.33578430175783,50.7695345800329,2.291359823759592,3.6978985815212813,-1.4065387577616892,206.04543999067096,189.4718924678251,16.573547522845843,0.012667434741250316,-0.03730795395355613,-0.015550373289847208,1,0.023012206649595558,192.1864471435547,202.0201110839844,0
2020-07-28,192.8738250732422,195.43248474859328,192.60650285545827,194.39183650307967,23251400.0,197.92956314086913,187.70562072753907,48.685995376957685,1.8300710421622455,3.3243330736494743,-1.4942620314872288,205.64570867246084,190.21341760927743,15.432291063183413,-0.008977097738014472,-0.00256709081427009,-0.030381462015233174,1,0.022961819477964572,194.62095642089844,199.2991180419922,1
2020-07-29,194.82144165039065,195.3847266572097,192.8642498699856,193.33207098993543,19632600.0,197.95581588745117,188.08108673095703,51.09540558217737,1.603172367097386,2.980100932339057,-1.3769285652416707,205.625772516726,190.28585925817634,15.339913258549643,0.01009787915186977,0.01371061563393039,-0.019130982835085186,1,0.023327199525434716,192.8738250732422,202.1632537841797,0
2020-07-30,194.66868591308597,195.2033448758996,190.53473387151703,191.89998548207373,25079600.0,197.917626953125,188.47787017822264,50.8935613097858,1.3949473364541802,2.6630702131620816,-1.2681228767079014,205.64485061142815,190.19040329482183,15.45444731660632,-0.0007840807254614335,0.000245243333838685,-9.812635869133057e-05,1,0.022444406709266413,194.82144165039065,193.37022399902344,1
2020-07-31,195.7284240722656,195.81436050677323,190.00006654872823,195.146040474654,51044000.0,197.85795364379882,188.8473486328125,52.30131511492105,1.3004487486602727,2.3905459202617196,-1.090097171601447,205.63329706951833,190.0826102180793,15.550686851439025,0.005443803939030989,0.014800344203986127,0.01049875031382963,1,0.022414508346699513,194.66868591308597,192.1864471435547,1
2020-08-03,206.73643493652344,207.78663973609932,200.9126130122389,201.9437192060132,78983000.0,198.13673400878906,189.47956817626954,63.883467576745836,2.0897233855869217,2.33038141332676,-0.24065802773983824,206.72328058530596,189.55018743227217,17.17309315303379,0.05624124812956932,0.06115853155174977,0.023345813578819152,1,0.025355433851524646,195.7284240722656,194.62095642089844,0
2020-08-04,203.633544921875,205.04655018773855,200.78846492303623,204.473708640176,49280100.0,198.37732391357423,190.04820220947266,59.49789136602177,2.4367624488413924,2.3516576204296866,0.08510482841170575,207.29059411212677,189.4640537150217,17.826540397105077,-0.015008917105497899,0.04605188023302098,0.021748349528418753,1,0.025468283171315418,206.73643493652344,192.8738250732422,0
2020-08-05,203.2994537353516,205.2661879025192,201.99148315325783,205.17070942979527,28806400.0,198.382576751709,190.64719848632814,59.02801920868324,2.654238629402556,2.412173822224261,0.24206480717829537,207.30731255106744,189.45784095235055,17.84947159871689,-0.001640649072094602,0.03868129884032934,0.005620210052539321,1,0.025136244313785482,203.633544921875,194.82144165039065,1
2020-08-06,206.5550842285156,206.57416826958868,201.9723941121188,202.7266216376732,32656800.0,198.479483795166,191.3067254638672,62.16376483386105,3.0540866320957036,2.5405563841985495,0.5135302478971542,207.70975223546608,189.24921535486592,18.46053688060016,0.01601396576993297,-0.0008772072908364015,0.06818454236035199,1,0.019990991347713708,203.2994537353516,194.66868591308597,0
2020-08-07,202.86024475097656,205.93446467221509,201.38041603878312,205.12295603956983,27820400.0,198.42267913818358,191.90018310546876,56.8463381595947,3.037808423665922,2.640006792092024,0.3978016315738979,207.5296010052062,189.31575727116098,18.213843734045213,-0.017887913489707974,-0.0037975087611185065,0.055538763352282805,1,0.021148345632221618,206.5550842285156,195.7284240722656,0
2020-08-10,198.82174682617188,202.2874078671722,197.00777273033472,202.08690893945885,36716500.0,198.4790069580078,192.37754608154296,51.646236294553475,2.6682765635308954,2.6456607463797983,0.022615817151097062,207.58116811009862,189.376845805917,18.20432230418163,-0.019907783951272462,-0.02202517924621994,0.021584471079201695,1,0.022412635321699893,202.86024475097656,206.73643493652344,0
2020-08-11,194.17225646972656,198.24892763690127,193.94311689329845,197.78112103265053,36446500.0,198.24175872802735,192.76993865966796,46.38533422341916,1.977450074152756,2.5120186119343897,-0.5345685377816336,207.53129070656664,188.95222674948806,18.579063957078574,-0.023385220332614476,-0.05994927602503208,0.006732024918318036,1,0.023651252441314198,198.82174682617188,203.633544921875,1
2020-08-12,199.7192230224609,200.75987132859507,195.480235367858,195.9957812270536,28013100.0,198.2966567993164,193.23355377197265,52.59010083831652,1.8561622638991082,2.3808473423273333,-0.5246850784282251,207.60746368433885,188.98584991429394,18.621613770044917,0.028567245669306907,-0.015483673168054435,0.025139847701462825,1,0.025123087916179225,194.17225646972656,203.2994537353516,0
2020-08-13,199.25140380859372,201.78143759879453,198.7263013564412,199.9579066140326,22588900.0,198.52483749389648,193.67922027587892,52.0430698302158,1.7026644437748075,2.2452107626168285,-0.542546318842021,207.6932824802692,189.35639250752376,18.33688997274544,-0.0023423845075472016,0.0021610160321017258,0.023541114864019885,1,0.025152364631271667,199.7192230224609,206.5550842285156,1
2020-08-14,199.4423065185547,200.10106995770388,198.1152376222854,199.30864542713067,17958900.0,198.81220932006835,194.17529571533203,52.261291227036914,1.5782277416939792,2.1118141584322587,-0.5335864167382796,207.71348371627826,189.91093492385843,17.802548792419827,0.0009580996987321733,0.027141107306695833,0.01897467097021055,1,0.025136191855384064,199.25140380859372,202.86024475097656,1
2020-08-17,200.7598571777344,201.62866165888727,199.46142874953955,200.110650247621,20184800.0,198.74919662475585,194.61599700927735,53.823040116912644,1.567852853996044,2.003021897545016,-0.4351690435489721,207.57627672905122,189.9221165204605,17.654160208590724,0.006606174397893572,0.005210485698497136,-0.028909165240389667,1,0.016783433064179266,199.4423065185547,198.82174682617188,1
2020-08-18,201.91506958007807,202.7456767958263,199.73829479069403,200.9985259260372,21336200.0,198.87999420166017,195.05765319824218,55.20671066468478,1.6340108076504691,1.9292196795661067,-0.2952088719156376,207.81268577497514,189.9473026283452,17.865383146629938,0.005754200160248857,0.013368366398277098,-0.008439058223222662,1,0.01638519765377465,200.7598571777344,194.17225646972656,0
2020-08-19,200.6900787353516,202.9869696907495,200.25941624470937,202.40317821577736,27627600.0,198.80633544921875,195.44731323242186,53.38011448921229,1.5695026890522286,1.8572762814633312,-0.2877735924111027,207.6534026922834,189.9592682061541,17.694134486129315,-0.0060668619101788,0.006256306591003069,-0.01283513040520412,1,0.016472190808375628,201.91506958007807,199.7192230224609,1
2020-08-20,205.36038208007807,205.76233465586125,199.93400040223327,200.53692196431712,26981500.0,199.40584335327148,195.7959539794922,58.955812745855866,1.873635880737794,1.860548201318224,0.013087679419570009,208.32289464858923,190.48879205795373,17.834102590635496,0.02327122184692132,0.022915561741363444,-0.005783939683207229,1,0.01744452056428418,200.6900787353516,199.25140380859372,0
2020-08-21,203.86741638183597,206.95863256196296,203.70472233058524,204.67132155384476,36249300.0,199.98989181518556,196.31656494140626,56.624390047799444,1.9714679167486224,1.8827321444043037,0.08873577234431873,208.4578634631742,191.52192016719692,16.935943295977268,-0.007269979161121376,0.009669148547546191,0.004964854656937634,1,0.016565751508616198,205.36038208007807,199.4423065185547,1
2020-08-24,204.5086212158203,206.2599953887606,203.30274889169465,205.56134997446563,25460100.0,200.48427505493163,196.8219317626953,57.403502105675635,2.076800320131923,1.9215457795498276,0.15525454058209553,208.7937620611071,192.17478804875617,16.618974012350918,0.0031452050816369592,0.01902706154948608,0.028602879113724056,1,0.014913566944447152,203.86741638183597,200.7598571777344,1
2020-08-25,207.16917419433597,207.30315838511356,203.9439739285732,203.9439739285732,23043700.0,201.19904251098632,197.35759521484374,60.56839213322947,2.3478963117225646,2.006815885984375,0.3410804257381894,209.22137320455047,193.17671181742216,16.044661387128315,0.0130094905666982,0.008807892232848502,0.06693498834956246,1,0.011920251642925239,204.5086212158203,201.91506958007807,1
2020-08-26,211.6480712890625,212.5476856197044,208.02091871684053,208.5185805046132,39600800.0,202.0403739929199,197.8944287109375,65.24931947068328,2.8908277393375954,2.1836182566550195,0.7072094826825759,210.71378837484184,193.36695961099798,17.34682876384386,0.0216195151240266,0.038165269591947215,0.059728092699719904,1,0.010627635195691426,207.16917419433597,200.6900787353516,1
2020-08-27,216.84483337402344,221.21847252990807,209.97331950866044,213.31337447169236,57602200.0,203.1491813659668,198.52240509033203,69.73811500323893,3.697813978698548,2.4864574010637255,1.2113565776348225,213.3116785178736,192.98668421406,20.324994303813583,0.024553789001286797,0.06032123284027513,0.08829764422804498,1,0.011670962869800988,211.6480712890625,205.36038208007807,1
2020-08-28,219.07467651367188,220.730341396453,216.84478533701528,218.3760311153811,26292900.0,204.3164939880371,199.15526092529296,71.44266723544919,4.465807049409705,2.882327330732921,1.5834797186767835,216.04409496647457,192.58889300959964,23.45520195687493,0.010283127824412208,0.05746753765677459,0.09843633649157946,1,0.011364773747677366,216.84483337402344,203.86741638183597,0
2020-08-31,215.83990478515625,218.8737012054003,214.6723219857965,217.24674611548025,28774200.0,204.77166748046875,199.74576293945313,65.66439140255952,4.758574165790009,3.2575766977443386,1.5009974680456701,217.50330011409426,192.04003484684324,25.463265267251018,-0.014765612256027905,0.01980567774874098,0.0751148552276133,1,0.013730707014689428,219.07467651367188,204.5086212158203,1
2020-09-01,217.5051422119141,217.67740133897408,214.78715429178908,215.8207528636933,25725500.0,205.4652473449707,200.2660760498047,67.13790148081003,5.06656079909672,3.6193735180148154,1.4471872810819049,219.33389791232668,191.5965967776147,27.73730113471197,0.007715150858759845,0.00304507526241915,0.07721104058383865,1,0.013719328170877447,215.83990478515625,207.16917419433597,1
2020-09-02,221.69692993164065,222.85494754756556,217.58169523463172,218.17505166750303,34080800.0,206.38512115478517,200.84463806152343,70.5625524271666,5.584509907687334,4.012400795949319,1.5721091117380146,221.89995820782835,190.870284101742,31.02967410608636,0.019272131578583762,0.011969678374967874,0.10467309260459579,1,0.01325723186889564,217.5051422119141,211.6480712890625,0
2020-09-03,207.96353149414065,219.4575068084066,205.72407500414147,219.4192318663752,58400300.0,206.4555435180664,201.22624725341797,51.592420668565765,4.831127597093797,4.176146156178215,0.6549814409155816,221.98560565239387,190.92548138373894,31.06012426865493,-0.06194672358221032,-0.03649173816517204,0.012676005896052223,1,0.02553863891132831,221.69692993164065,216.84483337402344,0
2020-09-04,205.0445556640625,208.9779663941841,196.3738290656058,205.85804048929984,59664100.0,206.56475906372071,201.50174102783203,48.60164267971323,3.952962443122857,4.1315094135671435,-0.17854697044428658,222.02270396122643,191.106814166215,30.915889795011424,-0.014035998567183405,-0.057288698653898074,0.005774043263597317,1,0.02588588035185631,207.96353149414065,219.07467651367188,0
2020-09-08,193.95252990722656,201.00586639470475,193.5122878055951,197.6275372649197,52924300.0,206.32129821777343,201.63196350097655,39.28273443704974,2.3350593425362547,3.772219399360966,-1.4371600568247112,222.40028403396542,190.24231240158144,32.157971632383976,-0.05409568530563036,-0.1251456212450437,-0.051616852364643306,1,0.031128453144589407,205.0445556640625,215.83990478515625,1
2020-09-09,202.2117462158203,205.6092204880416,197.81896281811265,198.6803023452128,45679000.0,206.72327270507813,201.88708068847657,47.37417194297067,1.6997159425623636,3.3577187080012454,-1.6580027654388818,221.9464554004189,191.50009000973736,30.446365390681535,0.042583699797803076,-0.027657663038302416,-0.023929370756024304,1,0.034259971186296964,193.95252990722656,217.5051422119141,0
2020-09-10,196.5460662841797,205.5134847203016,195.34020871128075,204.23104807247344,35461500.0,206.56461486816406,201.93207427978516,43.128239413063675,0.7306067207703393,2.8322963105550643,-2.101689589784725,222.1385792271276,190.99065050920052,31.147928717927073,-0.028018550047996027,-0.041447037461489256,-0.07135432377390749,1,0.03407206189188501,202.2117462158203,221.69692993164065,0
2020-09-11,195.26364135742188,199.666003497366,192.59352298427837,198.29743731521236,33620100.0,206.36522674560547,201.92869781494142,42.20615258294333,-0.139294592121729,2.2379781300197057,-2.3772727221414347,222.40377819573123,190.3266752954797,32.07710290025153,-0.0065248058686842025,0.006759960547163102,-0.09952366252313416,1,0.03225893545456785,196.5460662841797,207.96353149414065,1
2020-09-14,196.58436584472656,200.21151843431403,195.2636541952756,195.46463776926265,30375800.0,206.22232971191406,201.92194732666016,43.544838534708724,-0.7138968628690066,1.6476031314419632,-2.36149999431097,222.55331674478583,189.89134267904228,32.66197406574355,0.0067638013821895715,-0.027829146804793647,-0.1026604764496446,1,0.03203203251729712,195.26364135742188,205.0445556640625,1
2020-09-15,199.80958557128903,200.76661970645307,198.0390665799628,199.46505269850272,21823900.0,206.1748161315918,201.89492248535157,46.78638057818573,-0.898665765035048,1.138349352146561,-2.037015117181609,222.5744820901367,189.77515017304688,32.79933191708983,0.016406288021448834,0.016604348022873916,-0.07426948797917399,1,0.033050303803706736,196.58436584472656,193.95252990722656,0
2020-09-16,196.2398834228516,201.5992666668537,195.8474958605116,201.57055680650532,26328100.0,205.89105682373048,201.84328521728514,43.789461825190784,-1.3179490846696922,0.6470896647833104,-1.9650387494530026,222.76525178590504,189.01686186155592,33.74838992434911,-0.017865520006115188,0.004999610058703974,-0.09776899328818567,1,0.03275730308806422,199.80958557128903,202.2117462158203,0
2020-09-17,194.1918182373047,195.55080508538697,191.3685701921881,191.4546997677352,34011300.0,205.56614379882814,201.66323364257812,42.12235052293629,-1.7948064685903944,0.1587104381085695,-1.953516906698964,223.06701760020547,188.0652699974508,35.001747602754676,-0.010436538943175977,-0.01217058944204974,-0.12406627237831869,1,0.031140406811620395,196.2398834228516,196.5460662841797,0
2020-09-18,191.78005981445312,194.89998567612304,187.81793928450224,194.08651546533457,55225300.0,204.8871276855469,201.40649597167967,40.182336426080866,-2.3403500313929158,-0.3411016557917276,-1.999248375601188,223.39223744018548,186.3820179309083,37.01021950927719,-0.012419464654810364,-0.040185888649326595,-0.07781879622554633,1,0.025945996610947514,194.1918182373047,195.26364135742188,1
2020-09-21,193.83767700195312,194.0003856470779,187.94235814128876,188.7175534130357,39839700.0,204.38564071655273,201.20332275390626,42.61083392384096,-2.576959143629722,-0.7882731533593264,-1.7886859902703955,223.50744084531118,185.26384058779428,38.2436002575169,0.010729046541599452,-0.012241173297694363,-0.0546558216374704,1,0.02645770305864621,191.78005981445312,196.58436584472656,1
2020-09-22,198.50804138183597,199.15883226221047,193.39748201736504,196.24943997909537,33517100.0,204.08561172485352,201.21957977294923,47.79187657400758,-2.360404917572396,-1.1026995062019402,-1.2577054113704556,223.37782208364857,184.79340136605848,38.58442071759009,0.024094203212287724,0.022226596278411614,0.02348776515979689,1,0.0215246958986962,193.83767700195312,199.80958557128903,0
2020-09-23,191.97149658203125,199.1588331410497,191.43555973887763,198.96741460862307,30803800.0,203.3257278442383,201.08066528320313,42.067640139620444,-2.685274497511074,-1.419214504463767,-1.2660599930473069,223.2588252482544,183.39263044022218,39.86619480803222,-0.032928362772123076,0.0009982099690830637,-0.05064122052959108,1,0.01901106666657642,198.50804138183597,196.2398834228516,1
2020-09-24,194.4597930908203,196.73753929637155,190.6412211467816,191.26330217598013,31202500.0,202.46631393432617,200.99743591308595,44.77911399934849,-2.71070393981023,-1.6775123915330594,-1.0331915482771707,222.37215937659366,182.56046849205867,39.81169088453498,0.01296180189815721,0.0032094693791697715,-0.010614677936840011,1,0.017886239524441374,191.97149658203125,194.1918182373047,1
2020-09-25,198.89085388183597,200.05842216755156,193.8376998854324,194.80431377069104,29437300.0,201.5686149597168,201.0814971923828,49.32739890737246,-2.3462611441538,-1.8112621420572077,-0.5349990020965925,220.38955137736676,182.74767854206684,37.64187283529992,0.02278651396562048,0.0019284483254944362,0.018575975021251523,1,0.01921816935927775,194.4597930908203,191.78005981445312,1
2020-09-28,200.4412384033203,203.43676002099645,199.1205265789832,201.8193699412056,32004900.0,200.6369430541992,201.21642456054687,50.85271625745448,-1.910313622832689,-1.831072438212304,-0.07924118462038487,217.6580286492166,183.61585745918183,34.042171190034765,0.007795152422672258,0.04411978846906495,0.019619426712906174,0,0.01924926258921106,198.89085388183597,193.83767700195312,0
2020-09-29,198.3548889160156,201.04416709326736,197.92422647730663,200.35510135006015,24221900.0,199.7626922607422,201.1431201171875,48.72707639387465,-1.7134217789293018,-1.8075423063557037,0.09412052742640187,215.3021788086561,184.2232057128283,31.07897309582779,-0.010408783661107868,0.020030340273869074,-0.00728041475645036,0,0.018901388160332627,200.4412384033203,198.50804138183597,1
2020-09-30,201.2930145263672,202.8721151895252,197.66584655961745,198.80471964780773,33829100.0,198.95208587646485,201.182998046875,51.783669761299215,-1.3052552225788645,-1.707084889600336,0.4018296670214716,212.23202497742602,185.67214677550368,26.559878201922345,0.014812468835066595,0.01207778335527876,0.025749766129993468,0,0.018396889564051035,198.3548889160156,191.97149658203125,1
2020-10-01,203.33148193359372,204.79574301483336,202.24046358672533,204.31722593983525,27158400.0,198.0338134765625,201.20636260986328,53.83973084783458,-0.8079791220403081,-1.5272637360883308,0.7192846140480227,206.59851554200137,189.46911141112363,17.12940413087773,0.010126866111190846,0.014419405673685715,0.04706513270873369,0,0.017908321029242724,201.2930145263672,194.4597930908203,0
2020-10-02,197.33090209960935,201.92466960079275,196.70882105074975,199.06313182368095,33154800.0,197.50218200683594,201.285576171875,47.428318389093526,-0.8878463334799562,-1.3993802555666561,0.5115339220866999,204.75494356987969,190.2494204437922,14.505523126087496,-0.02951131707161858,-0.005162397670166907,0.028943792647299516,0,0.020375297839813056,203.33148193359372,198.89085388183597,1
2020-10-05,201.34085083007807,201.36956068656312,198.0869259310169,198.31661938607917,21331600.0,197.3169967651367,201.46866424560548,51.57807981485606,-0.6204205025934755,-1.24358830497202,0.6231678023785445,203.95288190468312,190.6811116255903,13.271770279092834,0.020320936497034703,0.00023764512555701778,0.03870854182827088,0,0.02099357910928287,197.33090209960935,200.4412384033203,0
2020-10-06,197.0629119873047,201.1494374315409,196.01974823333427,199.84788496263428,28554300.0,197.47251586914064,201.5175033569336,47.289473559191016,-0.7450885997259604,-1.1438883639228081,0.3987997641968477,203.9290792883043,191.01595244997696,12.913126838327344,-0.021247247268184832,-0.03082931323117144,-0.007279953922629923,0,0.0210688916202866,201.34085083007807,198.3548889160156,1
2020-10-07,200.81448364257807,201.08245204459112,197.8381067601212,198.16349487639656,25681100.0,197.40265274047852,201.6763165283203,51.12726201876334,-0.5350013232725814,-1.0221109557927628,0.48710963252018136,203.68034153673605,191.12496394422098,12.555377592515072,0.019037431333172705,0.017653502345062355,0.04606406272802133,0,0.018433623818413854,197.0629119873047,201.2930145263672,1
2020-10-08,201.53228759765625,202.1160791133328,199.3693953051289,201.46528818614647,19925800.0,197.65196380615234,201.8105334472656,51.849633448271526,-0.30704543421290964,-0.8790978514767922,0.5720524172638826,204.1653946480427,191.13853296426197,13.026861683780737,0.0035744630668959054,0.0009508093702244036,0.036369957997089974,0,0.01820186573700639,200.81448364257807,203.33148193359372,1
2020-10-09,206.5375823974609,206.58543703598272,202.1543632868396,202.1543632868396,26458000.0,198.2156608581543,202.04791137695312,56.660130850861975,0.27433435388621774,-0.6484114104041903,0.922745764290408,205.68585433574017,190.74546738056844,14.940386955171732,0.02483619304613538,0.04807941948389871,0.03844685849741469,0,0.018450165098073425,201.53228759765625,197.33090209960935,1
2020-10-12,211.8873291015625,214.24163924854892,207.49454639409632,209.38946969087343,40461400.0,198.9808090209961,202.37108947753907,61.129984856782926,1.1534654422809751,-0.2880360398671572,1.4415014821481322,208.48410642640033,189.47751161559188,19.00659481080845,0.025902049602800847,0.055139675476259864,0.057104470065240776,0,0.01971629883058417,206.5375823974609,201.34085083007807,1
2020-10-13,213.2846221923828,215.53365819061227,210.95902171302407,213.150638001202,28950800.0,199.6545608520508,202.50205322265626,62.225806609637345,1.940563431119756,0.15768385433022547,1.7828795767895305,211.0246679575485,188.28445374655308,22.74021421099542,0.006594509906491686,0.058314897006425115,0.0752677857246491,0,0.018884094707772945,211.8873291015625,197.0629119873047,0
2020-10-14,211.37057495117188,214.58621046182856,209.71490986658227,213.4186275642984,23421700.0,200.4110954284668,202.6567938232422,59.74124757976559,2.382433432408277,0.6026337699458358,1.779799662462441,212.74442223895485,188.07776861797876,24.666653620976092,-0.008974145540996736,0.02340006355071189,0.05006413386235331,0,0.019345376686789057,213.2846221923828,200.81448364257807,0
2020-10-15,210.2221527099609,210.8920737829672,206.7289688383401,207.77214729829,22733100.0,201.2126121520996,202.79524780273437,58.23871400008648,2.6098656086783762,1.0040801376923438,1.6057854709860324,213.9034246249597,188.5217996792395,25.381624945720205,-0.005433217189650286,-0.007858782300301792,0.033888853368105654,0,0.019518086082286484,211.37057495117188,201.53228759765625,0
2020-10-16,210.2221527099609,212.7391429273404,209.8967645606699,210.6910901594732,26057900.0,202.134716796875,202.86858917236327,58.23871400008648,2.758311152950654,1.3549263407440058,1.4033848122066481,214.6285300182218,189.64090357552823,24.987626442693568,0.0,-0.014358604248831175,0.06532808836927262,0,0.015858485714065063,210.2221527099609,206.5375823974609,0
2020-10-19,205.0158843994141,212.74872312550437,204.5373672599519,210.94949400810776,27625800.0,202.69362716674806,202.91170196533204,51.43697950906314,2.427866045736323,1.5695142817424692,0.8583517639938538,214.64092381003832,190.7463305234578,23.894593286580516,-0.024765555120776384,-0.03006421567063322,0.01825279646025524,0,0.017773743532963387,210.2221527099609,211.8873291015625,1
2020-10-20,205.4273681640625,208.03050214058405,203.93439727230083,206.52796616476093,22753500.0,203.0395935058594,203.04381439208984,51.914980216420304,2.1741272330390586,1.6904368720017873,0.48369036103727137,214.88231146024344,191.19687555147533,23.685435908768113,0.0020070823578077768,-0.022808179271732953,0.04244561339526265,0,0.01581438994426185,205.0158843994141,213.2846221923828,1
2020-10-21,205.5709228515625,207.59983042367287,203.9630980070519,203.9630980070519,22724900.0,203.71956481933594,203.27178771972658,52.0921456233758,1.962004295221675,1.744750356645765,0.21725393857591002,214.45182908866514,192.98730055000675,21.464528538658385,0.0006988099433049566,-0.022125307910891845,0.023685737814859165,1,0.014952477644143989,205.4273681640625,211.37057495117188,1
2020-10-22,205.65707397460935,206.77680221075053,202.6041326095629,204.7383147381132,22351500.0,204.2794288635254,203.39054473876953,52.20595320112611,1.78032454127478,1.7518651935715681,0.02845934770321179,214.1551475314162,194.4037101956346,19.75143733578159,0.00041908224106701475,0.003127511690489637,0.020467124281285942,1,0.014959263616779682,205.5709228515625,210.2221527099609,1
2020-10-23,206.9395446777344,206.98739931847672,204.00145665693643,205.7911063158486,18879600.0,204.6818634033203,203.54430755615235,53.959337901763455,1.7199996101836348,1.7454920768939814,-0.025492466710346662,214.29903035281174,195.06469645382887,19.234333898982868,0.006235966885745903,0.007361124893856541,0.0019461943710561425,1,0.012826407314651816,205.65707397460935,210.2221527099609,0
2020-10-26,201.0537567138672,207.0447858534218,199.1588329903836,204.66177992026053,37111600.0,204.71248931884764,203.5765365600586,45.67716339018171,1.183613805399915,1.6331164225951684,-0.4495026171952534,214.27921289065992,195.14576574703537,19.13344714362455,-0.02844206491820167,-0.021973760077718008,-0.051128929859239114,1,0.01225894405648998,206.9395446777344,205.0158843994141,1
2020-10-27,204.0875701904297,205.4465571821057,201.29303170855133,202.49888970317477,36700300.0,204.99912338256837,203.6430908203125,49.94216115502434,0.9918936510028686,1.5048718682767086,-0.51297821727384,214.11986083962324,195.8783859255135,18.241474914109745,0.01508956373732473,-0.007631654743728511,-0.04312102723307154,1,0.013405207377160035,201.0537567138672,205.4273681640625,0
2020-10-28,193.9716644287109,199.8669979910013,193.41659750136685,198.74726984609316,51195600.0,204.63305587768554,203.48422271728515,38.958656824906896,0.023415080087374918,1.2085805106388419,-1.185165430551467,214.84215729323617,194.4239544621349,20.41820283110127,-0.049566496148098826,-0.06266506611492884,-0.08231472392257166,1,0.019659306818094156,204.0875701904297,205.5709228515625,1
2020-10-29,195.92404174804688,198.45061144103292,194.63203974234077,195.3019753620005,31432600.0,204.2626838684082,203.38890197753906,41.62692706648082,-0.5798860662963534,0.8508871952518029,-1.4307732615481563,215.14880422818902,193.37656350862738,21.772240719561637,0.010065270745013954,-0.025514146314215558,-0.06801429239306112,1,0.020509578934738336,193.9716644287109,205.65707397460935,0
2020-10-30,193.77072143554688,195.5125161379673,191.04316804272625,194.7564655227637,36953700.0,204.08467483520508,203.15710876464843,39.57232884718404,-1.2177243561548892,0.4371648849704645,-1.6548892411253537,215.5208981219589,192.64845154845125,22.87244657350766,-0.010990587440356636,-0.050551088168948155,-0.07825736280567785,1,0.020397329107042124,195.92404174804688,206.9395446777344,0
2020-11-02,193.63671875,196.4599665343652,191.52166688119192,195.51249748130388,30842200.0,203.69946823120117,202.9524948120117,39.44186219600974,-1.7142676823138174,0.00687837151360815,-1.7211460538274257,215.96812381324722,191.43081264915511,24.537311164092102,-0.0006915528029937112,-0.0017267763294056548,-0.05550382441218593,1,0.019593697547645058,193.77072143554688,201.0537567138672,1
2020-11-03,197.56057739257807,199.1779676457642,194.39279629464988,195.129716771613,27512000.0,203.72435150146484,202.81353393554687,45.14493807627506,-1.7707471751123478,-0.34864673781158306,-1.4221004373007649,215.940973517077,191.50772948585268,24.43324403122432,0.020264021554941003,0.008352908759588162,-0.03829475518180081,1,0.021160635652721957,193.63671875,204.0875701904297,1
2020-11-04,207.0926055908203,208.93968897317853,203.29317909554263,204.82443947667335,42311800.0,204.03825759887695,202.81200256347657,55.98824945299274,-1.0344283211759944,-0.48580305448446537,-0.548625266691529,216.2623021934956,191.8142130042583,24.448089189237294,0.0482486350467628,0.06875075892053495,0.007402227504502479,1,0.02683775352882356,197.56057739257807,193.9716644287109,1
2020-11-05,213.6961669921875,214.49050715621627,211.64811432218957,212.4998742035629,36080100.0,204.6464515686035,202.85296447753908,61.64474760702093,0.0810278536258977,-0.3724368728623928,0.4534647264882905,217.50517359967856,191.78772953752846,25.717444062150093,0.03188699752232926,0.10359320469629418,0.03908979575665206,1,0.028544419148931313,207.0926055908203,195.92404174804688,1
2020-11-06,214.10772705078125,214.7202284538021,208.66219923478127,212.7104504671977,25231900.0,205.02495880126952,202.79822235107423,61.97277740556066,0.9868683615935652,-0.10057582597120118,1.0874441875647665,218.51427060577956,191.53564699675948,26.978623609020076,0.0019259122163328701,0.08375734610919805,0.0346390168404489,1,0.028542968441568763,213.6961669921875,193.77072143554688,0
2020-11-09,209.00669860839844,218.3186372968472,208.51861642294992,214.7967584460861,44395000.0,204.88092727661132,202.59686279296875,55.62308440763183,1.27840645235716,0.17522062969447105,1.103185822662689,218.13351109221418,191.62834346100846,26.505167631205723,-0.023824588269871105,0.009242691269045311,0.03955629591069809,1,0.02799590973389509,214.10772705078125,193.63671875,0
2020-11-10,201.94378662109372,207.1979097750766,200.7092188958716,205.28384132449847,44045100.0,204.31388549804686,202.3189404296875,48.25131628828848,0.9288275734569424,0.32594201844696535,0.6028855550099771,217.03967716982956,191.58809382626416,25.451583343565403,-0.03379275417644867,-0.0549957471699688,-0.010504233880268443,1,0.030081072067238628,209.00669860839844,197.56057739257807,1
2020-11-11,207.24575805664065,208.6717296625899,203.08265346292407,203.2644922966665,29440800.0,204.1076446533203,202.11375274658204,53.25916642831903,1.0673053461176778,0.4742146839811079,0.5930906621365699,216.49858629073745,191.71670301590316,24.781883274834286,0.026254689605751613,-0.032049142217614124,0.06843315835343722,1,0.025602982943682757,201.94378662109372,207.0926055908203,0
2020-11-12,206.18345642089844,209.69577028534576,205.2455669663313,207.8774110933832,21593900.0,203.90570983886718,201.8034832763672,52.1698187934162,1.0788942928312508,0.5951506057511364,0.4837436870801144,216.02002703500594,191.79139264272843,24.228634392277513,-0.005125806413137202,-0.0135079028868339,0.05236424576237009,1,0.025846104746772826,207.24575805664065,213.6961669921875,1
2020-11-13,207.20748901367188,208.0783937229368,204.9584671925313,207.0639397113466,18621100.0,203.75497665405274,201.7883624267578,53.16430712543707,1.1573680699610236,0.707594098593114,0.44977397136790964,215.62370271002533,191.88625059808015,23.737452111945174,0.004966608914941162,0.026065186162198772,0.06934364221064437,1,0.025205309995231386,206.18345642089844,214.10772705078125,1
2020-11-16,207.89654541015625,208.3846422222184,205.3029907782792,205.63794400285644,24953300.0,203.89900970458984,201.84540222167968,53.859500508748226,1.260628456093258,0.8182009700931427,0.44242748600011517,215.89468462503424,191.90333478414544,23.9913498408888,0.003325441564705711,0.003140172130026153,0.07364216225212328,1,0.02510070279364067,207.20748901367188,209.00669860839844,0
2020-11-17,205.24554443359372,208.32718087457053,204.881866793854,206.81507981110704,24154100.0,203.8899185180664,202.07126251220703,50.73909389148183,1.1156884703902392,0.8776984701525621,0.23799000023767714,215.88122125953043,191.89861577660236,23.98260548292808,-0.012751539335742246,-0.004548919702801357,0.038899294294654,1,0.025392166616787875,207.89654541015625,201.94378662109372,0
2020-11-18,202.53965759277344,206.4641717610796,202.3957178415829,205.00566720255588,28372800.0,203.73835525512692,202.0778207397461,47.70126576822907,0.7735628820914826,0.8568713525403462,-0.08330847044886358,215.7174596267475,191.75925088350633,23.958208743241187,-0.013183656913418496,-0.022527329697965004,-0.021985082398561007,1,0.02048437073733531,205.24554443359372,207.24575805664065,1
2020-11-19,203.825439453125,204.4107593078625,201.43618011662315,202.82752451855407,24792700.0,203.64677352905272,202.223408203125,49.255970044595706,0.5992697304656076,0.8053510281253985,-0.20608129765979089,215.5937653312842,191.69978172682124,23.89398360446296,0.0063482968008998775,-0.01958236462755747,-0.046190475374428996,1,0.017097758536611222,202.53965759277344,206.18345642089844,0
2020-11-20,201.8775787353516,204.66023830979884,201.50335879752703,203.61434343759905,22843100.0,203.3936752319336,202.3556869506836,46.97760766977394,0.30050108170027556,0.704381038840374,-0.4038799571400984,215.26515027957032,191.52220018429688,23.742950095273443,-0.009556514255529724,-0.01640944609802153,-0.05712147097114795,1,0.016997132118564205,203.825439453125,207.20748901367188,0
2020-11-23,201.6089324951172,203.70072248576355,199.73783258572772,202.41494251125152,25683500.0,203.4214340209961,202.4561782836914,46.657062771283876,0.04156809747283319,0.5718184505668659,-0.5302503530940327,215.2734741491034,191.56939389288877,23.704080256214638,-0.0013307383708350828,-0.004595273383583787,-0.03539487567880273,1,0.01578199995905624,201.8775787353516,207.89654541015625,1
2020-11-24,205.2071685791016,205.58138849058068,200.4094698978745,201.1099298057376,33979700.0,203.4774139404297,202.56412994384766,51.4367480837568,0.1252654402053679,0.4825078484945663,-0.3572424082891984,215.35206518987295,191.60276269098645,23.749302498886493,0.01784760248195627,0.006778982690697655,0.01615985325723801,1,0.01295912132964421,201.6089324951172,205.24554443359372,1
2020-11-25,205.2167510986328,206.57929571662515,203.86381124815216,206.40658559838184,21012900.0,204.03966827392577,202.7436672973633,51.44922459869831,0.19017717250596888,0.42404171329684687,-0.23386454079087798,215.0975173662148,192.98181918163675,22.115698184578036,4.669680692725997e-05,0.016540580604340605,-0.009790342523938733,1,0.009669461755529195,205.2071685791016,202.53965759277344,1
2020-11-27,206.521728515625,207.5196580172368,205.37987391349907,206.15711338051776,14512200.0,204.56955261230468,202.99026550292967,53.21212124969913,0.34296744421087055,0.4078268594796516,-0.06485941526878103,215.0200245024528,194.11908072215655,20.900943780296245,0.006359019963068091,0.02436794818417476,0.001640636453567046,1,0.009798425428688591,205.2167510986328,203.825439453125,0
2020-11-30,205.4086761474609,206.0707462595316,202.30935229104347,205.43746116792423,33064800.0,205.15145034790038,203.26283782958984,51.49464769427651,0.36997595883596546,0.4002566793509144,-0.030280720514948956,214.35339674704,195.94950394876076,18.40389279827923,-0.005389517007068245,0.0009819713889851478,-0.00868121550419576,1,0.009786765333017023,206.521728515625,201.8775787353516,1
2020-12-01,207.46209716796875,208.52718688320115,204.71781287908087,205.83086786900017,30904500.0,205.84271926879882,203.53532623291017,54.417612868282,0.550725891202859,0.43035052172130334,0.12037536948155564,213.41334775259858,198.27209078499905,15.141256967599531,0.009996758944270212,0.010941339131993022,-0.002089732858862048,1,0.01031453780880229,205.4086761474609,201.6089324951172,0
2020-12-02,206.6560516357422,206.7520114581899,204.19004232609856,206.18588657342275,23724500.0,206.29749298095703,203.6982864379883,53.06580494101556,0.6217630790482644,0.4686330331866956,0.15313004586156886,212.84735299617066,199.7476329657434,13.09972003042725,-0.0038852664811055426,0.0006504067203128017,0.006872291459680602,1,0.009457513063174876,207.46209716796875,205.2071685791016,0
2020-12-03,205.57180786132807,207.62522240610232,205.0056682633133,205.9268328948881,25120900.0,206.22145309448243,203.9702926635742,51.22253633320791,0.5838409954519648,0.4916746256397494,0.09216636981221538,212.7679346630543,199.67497152591056,13.092963137143727,-0.005246610325862822,0.0007941812241176738,0.014970649721602003,1,0.008438710042113032,206.6560516357422,205.2167510986328,1
2020-12-04,205.6869354248047,206.66567004098928,204.5546709391374,205.55260044936085,24666000.0,205.82099151611328,204.1948355102539,51.41551466008654,0.5566604678353144,0.5046717940788624,0.051988673756452,211.39753303232038,200.24444999990618,11.153083032414202,0.0005600357591557525,-0.008556559330096913,0.009132795085216916,1,0.00826742764355073,205.57180786132807,206.521728515625,0
2020-12-07,205.6197509765625,206.8191755730135,204.37236110938431,205.696515907705,24620000.0,205.39659271240234,204.32941345214843,51.287994407614605,0.523662030465772,0.5084698413562444,0.015192189109527576,209.47721279889186,201.31597262591282,8.161240172979035,-0.0003266344948134048,-0.0050146155942546455,0.018536839329327703,1,0.007439078594093861,205.6869354248047,205.4086761474609,1
2020-12-08,207.27020263671875,208.1721724597082,204.2764429190657,205.31274773858016,23284100.0,205.30976791381835,204.46599273681642,54.28742877922839,0.6235008569213107,0.5314760444692577,0.09202481245205307,209.14601816912014,201.47351765851656,7.672500510603584,0.008026717532326755,0.008261807847389058,0.028080452941928513,1,0.007579883775760819,205.6197509765625,207.46209716796875,0
2020-12-09,203.23048400878903,206.5216977085135,202.6643591759975,206.45453755209664,32440600.0,205.3741027832031,204.56350463867187,46.706631376682196,0.3723599801849957,0.4996528316124053,-0.1272928514274096,209.02087922529228,201.72732634111395,7.293552884178325,-0.019490107967955805,-0.01194267108381164,-0.009632629230253209,1,0.008485387703819652,207.27020263671875,206.6560516357422,0
2020-12-10,202.00228881835935,204.4587079505577,201.84875896224372,203.2017133666135,26733300.0,205.11192932128907,204.57769012451172,44.66452079724114,0.07337808173696203,0.41439788163731667,-0.34101979990035464,208.932563550345,201.29129509223313,7.641268458111881,-0.0060433610460552956,-0.017592970232784166,-0.015663742180230256,1,0.00862451489653222,203.23048400878903,205.57180786132807,1
2020-12-11,204.63145446777344,204.68903915512257,200.64937011560133,201.55133987900228,30979400.0,205.03432922363282,204.60368957519532,49.73131722014799,0.04803079906872654,0.3411244651235987,-0.29309366605487214,208.82770449686134,201.2409539504043,7.58675054645704,0.013015524055661754,-0.012730957635865403,-0.009152906386354132,1,0.009513324273475085,202.00228881835935,205.6869354248047,1
2020-12-14,205.53343200683597,207.46211646706956,204.26684702413348,204.47794696148657,28798400.0,204.95062637329102,204.76774017333983,51.37622263781585,0.09957708158637502,0.29281498841615394,-0.19323790682977893,208.6203630556637,201.28088969091834,7.339473364745345,0.004407814729209036,0.011331705522815927,0.0006073543811047077,1,0.00950159139671,204.63145446777344,205.6197509765625,0
2020-12-15,205.46624755859372,206.704047371014,203.65271805023917,206.4641624379437,27000600.0,204.8291114807129,204.85024810791015,51.24172184149789,0.1334681209459916,0.2609456149221215,-0.1274774939761299,208.25334702875452,201.40487593267127,6.8484710960832444,-0.0003268784430165983,0.017148116293618676,-0.009620309620986367,0,0.008845158715345525,205.53343200683597,207.27020263671875,1
2020-12-16,210.4078826904297,211.2043024682188,206.0323836174708,206.0611686396812,35023300.0,205.08722839355468,205.11714752197267,59.61617952483021,0.5527044372751106,0.3192973793927193,0.23340705788239136,209.28826946535062,200.88618732175874,8.402082143591883,0.024050836526942065,0.028228447272097945,0.01815495372620668,0,0.011744722144055149,205.46624755859372,203.23048400878903,1
2020-12-17,210.5422515869141,211.95277646807847,209.1029416789028,210.9740416310339,32515800.0,205.48735809326172,205.31170288085937,59.81827179451733,0.8855861989359823,0.4325551433013719,0.45303105563461044,210.14157802699773,200.8331381595257,9.308439867472032,0.000638611513819054,0.024369853269961217,0.02417862535381765,1,0.011493663007654576,210.4078826904297,202.00228881835935,0
2020-12-18,209.74578857421875,210.80128814640275,207.2797790521737,209.74578857421875,63354900.0,205.78337554931642,205.47597290039062,57.96656834922241,1.0727633365585802,0.5605967819528136,0.5121665546057667,210.72156440489613,200.8451866937367,9.87637771115942,-0.0037829129625630564,0.02082843808399537,0.019733159721745608,1,0.011653996122945116,210.5422515869141,204.63145446777344,1
2020-12-21,213.5839385986328,214.93689309140643,208.48878512735112,208.74786494629828,37181900.0,206.36869354248046,205.61690002441406,63.784551490486315,1.513364077822331,0.7511502411267171,0.7622138366956138,212.0373818905697,200.70000519439122,11.337376696178467,0.018299056445922002,0.015094757228634847,0.0387326002694075,1,0.012680970821318756,209.74578857421875,205.53343200683597,1
2020-12-22,214.87933349609372,216.50095801273704,212.87389893684067,213.67990881116995,22612200.0,207.0322135925293,205.67674011230469,65.51923185336157,1.9446541196033422,0.9898510168220422,0.9548031027813,213.38265653762411,200.6817706474345,12.700885890189625,0.006065038906765352,0.02059957978263216,0.036711166209990376,1,0.012624736104354268,213.5839385986328,205.46624755859372,0
2020-12-23,212.0775146484375,214.51473957348415,211.86641469728184,214.08294954299924,18699600.0,207.3757308959961,205.65259796142578,58.942955486445086,2.0368912058626165,1.1992590546301571,0.8376321512324594,214.0301252137776,200.7213365782146,13.308788635563019,-0.013039033591879412,0.011116914861886151,0.043532005952738206,1,0.01141598694320639,214.87933349609372,210.4078826904297,1
2020-12-24,213.73748779296875,214.562692596367,212.2501981931746,212.4612981178636,10550600.0,207.8017677307129,205.6999362182617,61.41403284865419,2.2183638039957145,1.4030800045032688,0.8152837994924458,214.92336064301367,200.68017481841213,14.24318582460154,0.007827200103146303,0.0007189173275079508,0.05809438617382057,1,0.010844096284958134,212.0775146484375,210.5422515869141,1
2020-12-28,215.8580474853516,216.8847473038764,213.99653820983215,215.36867289022047,17933500.0,208.26858367919922,205.81265411376953,64.36465594934957,2.504424147748807,1.6233488331523764,0.8810753145964307,216.1741795269552,200.36298783144326,15.811191695511923,0.009921327860075158,0.0045547143754318675,0.05486249925153208,1,0.010655156337140197,213.73748779296875,209.74578857421875,0
2020-12-29,215.08084106445312,217.988245497292,214.53391099007936,217.15345055363,17403200.0,208.75219192504883,205.90982788085938,62.47888820932548,2.6380056809566668,1.8262802027132348,0.811725478243432,217.07135617903566,200.433027671062,16.638328507973654,-0.003600544107354664,0.014161456111904558,0.04645185439855659,1,0.0110327844296132,215.8580474853516,213.5839385986328,0
2020-12-30,212.71078491210935,216.5009789969625,212.50928974470455,216.1171542757361,20272300.0,209.01462631225587,206.06372589111328,56.99504775757911,2.5235365260925846,1.9657314673891049,0.5578050587034797,217.48423252774484,200.5450200967669,16.939212430977932,-0.011019373648597286,-0.004803569516330652,0.035259014264372945,1,0.012036386735219888,215.08084106445312,214.87933349609372,1
2020-12-31,213.42083740234372,213.977372235082,210.79169311832163,212.7299675852491,20942100.0,209.35286560058594,206.2235952758789,58.17934004930067,2.4617368281853658,2.064932539548357,0.3968042886370089,217.957920540208,200.7478106609639,17.2101098792441,0.003338112313053365,-0.01129080018743922,0.014319590470604826,1,0.009661787595298092,212.71078491210935,212.0775146484375,0
2021-01-04,208.88221740722656,213.9773713050936,206.1187381508586,213.5263864364109,37130100.0,209.51838607788085,206.2898211669922,48.908073995113874,2.02320912419529,2.056587856477744,-0.033378732282453694,217.95179611292366,201.08497604283804,16.866820070085623,-0.021266058414722178,-0.0288199712561521,-0.007884565531029564,1,0.012056242599400283,213.42083740234372,213.73748779296875,1
2021-01-05,209.0836944580078,209.6786190272717,206.97271004947524,208.4695896365908,23823000.0,209.688224029541,206.35835357666016,49.29436352608887,1.672649016867183,1.9798000885556317,-0.3071510716884487,217.94103043944486,201.43541761963715,16.50561281980771,0.0009645486019926874,-0.01705174683831956,-0.003156650346648804,1,0.01201588577349025,208.88221740722656,215.8580474853516,0
2021-01-06,203.6622772216797,207.73073033908943,203.3648222925096,203.5855122977951,35930700.0,209.59035034179686,206.29280822753907,40.43520884020375,0.9464544066111102,1.7731309521667276,-0.8266765455556173,218.07695207594298,201.10374860765074,16.97320346829224,-0.025929411905513122,-0.04572449578701199,-0.046453218542794605,1,0.012556965878783535,209.0836944580078,215.08084106445312,1
2021-01-07,209.4578857421875,210.46540521632,205.06320740758832,205.37984258041308,27694500.0,209.69973449707032,206.46089080810546,50.646562574966765,0.8290404554069539,1.584312852814773,-0.755272397407819,218.12003388127673,201.27943511286392,16.840598768412804,0.028456956288471114,0.0027559470696283395,-0.025230196248746117,1,0.01616333969817939,203.6622772216797,212.71078491210935,1
2021-01-08,210.73411560058597,211.65528020451683,208.24891115741627,209.8321458912868,22956200.0,210.07491607666014,206.59382171630858,52.574616136672795,0.8294092235904316,1.4333321269699049,-0.6039229033794733,217.96048170801782,202.18935044530247,15.771131262715357,0.006093014134446628,0.00789359087448882,-0.006334471856097035,1,0.01589879686502231,209.4578857421875,213.42083740234372,0
2021-01-11,208.69032287597656,210.0528676774654,207.961063234746,209.63066780968265,23031300.0,210.40931777954103,206.8881948852539,49.256025490831924,0.6572085913027479,1.2781074198364735,-0.6208988285337256,217.41537264850078,203.40326291058128,14.012109737919502,-0.009698442602825152,0.02468815395216284,-0.023613849723362446,1,0.015842099488870637,210.73411560058597,208.88221740722656,0
2021-01-12,206.23390197753903,208.31611642780612,204.6890568070454,207.7403866359896,23249300.0,210.48944015502929,207.09439208984375,45.535705768391026,0.3188502055461129,1.0862559769784015,-0.7674057714322886,217.26212093745858,203.7167593726,13.545361564858581,-0.011770650716264264,-0.015392038133225094,-0.04458553025902667,1,0.015467369823313109,208.69032287597656,209.0836944580078,1
2021-01-13,207.5868377685547,207.9898427294301,205.27434332602655,205.36071303589776,20087100.0,210.59211044311525,207.37071441650392,47.87109146899782,0.15804748544124436,0.9006142786709701,-0.7425667932297257,217.1189517157575,204.065269170473,13.053682545284516,0.0065602007140561636,-0.014934828293281521,-0.03484272824492407,1,0.015857687036549866,206.23390197753903,203.6622772216797,0
2021-01-14,204.4011688232422,208.66152780549396,204.1324988551196,207.17423821247684,29480800.0,210.53885650634766,207.58600341796875,43.17645607763507,-0.22386609985608175,0.6757182029655598,-0.8995843028216416,217.24698371422718,203.83072929846813,13.416254415759056,-0.015346199111449965,-0.020552721341484448,-0.039065325682948515,1,0.016144301419419943,207.5868377685547,209.4578857421875,0
2021-01-15,204.04611206054688,205.8308564944321,203.4512021297231,204.88092155862176,31746500.0,210.22076797485352,207.7157141113281,42.67414220848046,-0.5488585810891493,0.43080284615461806,-0.9796614272437674,217.50238624562442,202.9391497040826,14.563236541541812,-0.0017370583775984105,-0.010608294252369976,-0.04392600767526511,1,0.015971734198639932,204.4011688232422,210.73411560058597,1
2021-01-19,207.6827850341797,208.2009300549652,204.0269409433611,205.10162077397675,30480900.0,210.0777946472168,207.7275177001953,49.19394945387276,-0.507122554744484,0.24321776597479766,-0.7503403207192816,217.44038931828405,202.71519997614953,14.725189342134513,0.017822799645178744,0.000462203031061037,-0.005742146880356569,1,0.016158609800998668,204.04611206054688,208.69032287597656,1
2021-01-20,215.26312255859372,216.65445212921975,208.49836506665167,208.89177983890292,37777300.0,210.35366134643556,207.75885681152343,59.52681075492541,0.1360550753049381,0.22178522784082577,-0.08573015253588767,218.05163965575005,202.65568303712107,15.395956618628986,0.036499594914265465,0.053140369978728064,0.029554806349698204,1,0.019965254316689624,207.6827850341797,206.23390197753903,1
2021-01-21,215.86764526367188,217.14383480853695,213.4208161255144,215.6085654477364,30709400.0,210.4678466796875,207.79405517578124,60.22161280546561,0.6866427211868995,0.31475672651004055,0.37188599467685896,218.41772607449929,202.51796728487574,15.899758789623547,0.0028082966459506142,0.05793559643820689,0.05992944893131602,1,0.017200057904512796,215.26312255859372,207.5868377685547,1
2021-01-22,216.8080291748047,220.76134336758972,216.66410405188256,217.8923139055392,30172700.0,210.56428146362305,207.95008178710938,61.33361213016055,1.185206200515978,0.4888466213112281,0.6963595792047499,218.7685927296499,202.3599701975962,16.4086225320537,0.004356298554997418,0.0439383752443574,0.03509127100454057,1,0.015280267632423671,215.86764526367188,204.4011688232422,1
2021-01-25,220.24313354492188,220.4830184561712,215.14798037261215,219.84971877653385,33152100.0,210.97256240844726,208.31606872558595,65.16449515904569,1.836337409566454,0.7583447789622733,1.0779926306041807,220.18787632704152,201.757248489853,18.430627837188524,0.015843990571712485,0.023134529161968453,0.04512329632644185,1,0.015763442261340625,216.8080291748047,204.04611206054688,1
2021-01-26,222.92990112304688,224.70504110859784,220.770936402289,222.4789162100641,49169600.0,211.43218307495118,208.62975158691407,67.8476905934271,2.5398850592476663,1.1146528350193519,1.4252322242283144,221.9746511607775,200.88971498912485,21.084936171652657,0.012199098037156242,0.032715675620349716,0.06823305484812936,1,0.015072495948987505,220.24313354492188,207.6827850341797,1
2021-01-27,223.4768218994141,230.71176046047944,220.8284972235376,228.37048091852017,69870600.0,211.8131217956543,208.97561889648438,68.3815776595126,3.105782054015833,1.5128786788186481,1.592903375197185,223.46044706077183,200.16579653053677,23.29465053023506,0.0024533307268876925,0.03075897488663859,0.08360856171820386,1,0.013746053483807086,222.92990112304688,215.26312255859372,1
2021-01-28,229.26284790039065,232.82274716387465,225.5782184133488,226.07718323182823,49111200.0,212.52222213745117,209.41672607421876,73.4116015562315,3.9753184453905703,2.0053666321330326,1.9699518132575378,226.3934831844731,198.65096109042923,27.742522094043863,0.025890944536435256,0.040953441818103675,0.10441900057268194,1,0.014815851296816373,223.4768218994141,215.86764526367188,0
2021-01-29,222.57485961914065,228.38966849505235,221.98953975241,226.4418038621358,42503100.0,213.01542587280272,209.71029235839845,61.27696193172189,4.0777616418905325,2.419845634084533,1.6579160078059996,227.56337680137085,198.4674749442346,29.095901857136255,-0.02917170550090953,-0.0015926149974392345,0.08891187315868199,1,0.017797161907206892,229.26284790039065,216.8080291748047,1
2021-02-01,229.95372009277344,232.68841453250545,223.0258411774408,225.54943567803625,33314200.0,213.84207000732422,210.20445587158204,67.63369267606406,4.700180233718584,2.875912554011343,1.8242676797072406,230.1594780317095,197.52466198293894,32.634816048770574,0.033152263855222186,0.02898241588684569,0.12696937849293088,1,0.018909566647232364,222.57485961914065,220.24313354492188,0
2021-02-02,229.81936645507807,232.50608075588323,229.03255145237532,231.53695085313288,25916300.0,214.8889274597168,210.75005004882811,67.41668425027243,5.1235491509903,3.3254398734071344,1.7981092775831655,232.4391108013431,197.3387441180905,35.100366683252616,-0.0005842638146543733,0.0024274258118315295,0.1065884272365436,1,0.019193606560326974,229.95372009277344,222.92990112304688,1
2021-02-03,233.16819763183597,235.17363252551124,229.57951310519303,229.87698277544783,27158100.0,216.0931526184082,211.33690521240234,70.00046976293609,5.664003648411921,3.793152628408092,1.8708510200038289,235.12718792250587,197.05911731431053,38.06807060819534,0.014571579534018442,0.04759449486263678,0.08317762401857087,1,0.01700084544696312,229.81936645507807,223.4768218994141,0
2021-02-04,232.21823120117188,233.3984757451428,230.64458645062663,232.8419408814673,25296100.0,217.5209503173828,211.94371826171874,68.34482743484166,5.947108811200252,4.2239438649665235,1.7231649462337284,236.89202086382167,198.14987977094395,38.742141092877716,-0.00407416809115646,0.009847681992206203,0.07574356924831682,1,0.017376374996282522,233.16819763183597,229.26284790039065,1
2021-02-05,232.4005126953125,233.4368173295468,230.69253319854135,232.4292977150345,18054800.0,218.66808166503907,212.55954986572266,68.4987888247323,6.115682504527655,4.60229159287875,1.513390911648905,238.6993673462677,198.63679598381043,40.06257136245728,0.00078495772359366,0.011231195525634563,0.07191838595579014,1,0.017483707153191596,232.21823120117188,222.57485961914065,1
2021-02-08,232.6595916748047,233.8206265098408,231.0667522626685,233.3120716413681,22211900.0,219.76435546875,213.1085983276367,68.73156980746896,6.198728792484104,4.921579032799821,1.2771497596842831,240.3315149226095,199.19719601489052,41.13431890771898,0.0011147952148964357,-0.002181283563525871,0.05637614181215911,1,0.01728514145026985,232.4005126953125,229.95372009277344,1
2021-02-09,233.9069976806641,234.85693261686325,231.6136983743784,232.0838634587068,23565000.0,221.0251892089844,213.68240325927735,69.88544038177089,6.292660935453171,5.195795413330491,1.0968655221226795,241.81281214408955,200.23756627387922,41.575245870210324,0.0053615068988985826,0.007272325134667135,0.04924012661521959,1,0.017131125595771755,232.6595916748047,229.81936645507807,0
2021-02-10,232.9954376220703,235.97000191539507,231.14351838244667,235.0872271459392,22186700.0,222.36326599121094,214.21187744140624,67.91316686686133,6.22182621731659,5.4010015741277115,0.8208246431888782,242.6083741216495,202.11815786077238,40.490216260877105,-0.003897104693884601,0.0025599122818535935,0.04259330180979792,1,0.017350258770771124,233.9069976806641,233.16819763183597,1
2021-02-11,234.5979156494141,235.2312008565513,232.35258115375976,234.8761757784605,15751100.0,223.7138198852539,214.7956622314453,69.54056480563621,6.223257933580982,5.565452846018366,0.6578050875626156,243.4327748316557,203.99486493885212,39.43790989280359,0.0068777227730230095,0.008331158671156969,0.02327052899273685,1,0.015685005855781683,232.9954376220703,232.21823120117188,1
2021-02-12,235.07765197753903,235.37510696165688,232.90908274109216,234.06052752923827,16561100.0,225.24764404296874,215.3479733276367,70.03061430916917,6.191728894908238,5.690708055796341,0.5010208391118969,243.43165778435133,207.06363030158616,36.36802748276517,0.002044930053180405,0.005004785271423007,0.05617342578489115,1,0.011151650782281936,234.5979156494141,232.4005126953125,0
2021-02-16,233.83984375,236.1715330517929,233.0914038855764,235.11603342688,26728500.0,226.7373306274414,215.89164916992186,67.03388220089474,5.997723106914748,5.7521110660200225,0.24561204089472533,242.4422941341717,211.0323671207111,31.409927013460617,-0.005265529143779757,0.003624131599088809,0.01689959029868593,1,0.006014763086432718,235.07765197753903,232.6595916748047,1
2021-02-17,234.8592834472656,234.9650765056145,231.72398457959287,232.0894541766409,21653500.0,228.0961555480957,216.47739868164064,68.23931420008415,5.858696974144266,5.773428247644871,0.08526872649939499,241.50653734937634,214.68577374681507,26.82076360256127,0.004359563712142522,0.001114109633617133,0.0219299055163511,1,0.0060099222275978486,233.83984375,233.9069976806641,0
2021-02-18,234.4649353027344,234.5995796636201,231.64701593736388,232.5510629355114,16925600.0,229.05624618530274,217.0529586791992,67.21543930316184,5.651549616721695,5.749052521460236,-0.09750290473854051,241.35771633728857,216.75477603331692,24.60294030397165,-0.0016790826351121835,-0.0026064437416755126,0.005561383087696825,1,0.004219790618563845,234.8592834472656,232.9954376220703,0
2021-02-19,231.7528533935547,234.53230976349187,230.99306282392587,234.4265166971564,25262600.0,229.8505065917969,217.57562072753908,60.493025657981505,5.208501140325325,5.640942245233254,-0.4324411049079293,240.5961693801042,219.1048438034896,21.4913255766146,-0.011567110901585131,-0.008924870642132876,-0.002004053709349085,1,0.005580501075475661,234.4649353027344,234.5979156494141,0
2021-02-22,225.5399169921875,228.8290992070413,223.51062453702824,228.33861214281137,36446900.0,230.287100982666,217.94101501464843,48.52106447019205,4.306408391582892,5.374035474503183,-1.067627082920291,239.47414638454362,221.1000555807884,18.374090803755223,-0.026808456985064955,-0.03968063905453678,-0.02952057043058054,1,0.010066011034432477,231.7528533935547,235.07765197753903,0
2021-02-23,224.3473663330078,225.84769358188825,219.98101428804915,221.51981974467012,30228700.0,230.4923126220703,218.3633526611328,46.614102921663935,3.455432443071402,4.990314868216826,-1.5348824251454243,238.92517625857894,222.05944898556166,16.865727273017285,-0.005287537013773935,-0.04315173591591881,-0.03572698328042767,1,0.009982298420432781,225.5399169921875,233.83984375,1
2021-02-24,225.57839965820312,226.20353110586373,220.24068577960892,221.2120477133172,26339700.0,230.62473754882814,218.83487487792968,48.84893034809807,2.847537336212497,4.561759361815961,-1.7142220256034637,238.65183778828091,222.59763730937536,16.054200478905557,0.005487175291231328,-0.02664240653324912,-0.0356064508759647,1,0.009994885438126353,224.3473663330078,234.8592834472656,0
2021-02-25,220.23110961914065,225.61690012530303,219.16356666865607,223.2029132170625,39542200.0,230.46245193481445,219.14686798095704,40.849596329709314,1.9122512256005564,4.031857734572879,-2.119606508972323,239.16394332733375,221.76096054229515,17.402982785038603,-0.023704796412975293,-0.023538216400207035,-0.054783596336482776,1,0.011855649486792798,225.57839965820312,234.4649353027344,1
2021-02-26,223.49139404296875,226.36701617746488,220.76001381444945,222.67390094963852,37819200.0,230.17387924194335,219.5060272216797,46.59221252477678,1.4177648396931488,3.5090391555969336,-2.0912743159037848,239.3833404268453,220.9644180570414,18.41892236980391,0.01480392315811474,-0.0038153881814173563,-0.04734279746561376,1,0.012989857623400311,220.23110961914065,231.7528533935547,1
2021-03-01,227.87701416015625,228.3867404119088,224.23197397293904,226.87678608775025,25324000.0,230.43898696899413,219.95424255371094,53.1773955538284,1.3640399046445566,3.080039305406458,-1.7159994007619015,239.04358718537176,221.8343867526165,17.209200432755267,0.019623216974271163,0.010189869710202748,-0.030630890502814756,1,0.015040765633481815,223.49139404296875,225.5399169921875,0
2021-03-02,224.9244079589844,228.22321721235292,224.5204748274745,227.9443015684846,22812500.0,230.1875213623047,220.24457305908203,48.81361008500498,1.0708675673518258,2.678204957795532,-1.607337390443706,239.12179383529275,221.25324888931664,17.86854494597611,-0.012957016362767915,0.02131078732682301,-0.03812624764044559,1,0.015362493656226876,227.87701416015625,224.3473663330078,0
2021-03-03,218.85574340820312,224.64548028860872,218.5672155842376,223.2797975753155,34029500.0,229.63934020996095,220.4108428955078,41.31009426393882,0.34486052904188114,2.211536072044802,-1.8666755430029207,239.85080166420545,219.42787875571645,20.422922908489,-0.02698090707829237,-0.020741964828741355,-0.0681409727738348,1,0.016661002337410954,224.9244079589844,225.57839965820312,0
2021-03-04,218.05751037597656,223.59719816718905,215.68198738845183,218.0671372652844,44727800.0,228.88380584716796,220.57707733154297,40.42976262008685,-0.2915551477494205,1.7109178280859574,-2.002472975835378,240.1233701562489,217.64424153808702,22.479128618161894,-0.003647302189998869,-0.04309124296879874,-0.06997816072400354,1,0.016603908100798745,218.85574340820312,220.23110961914065,1
2021-03-05,222.74124145507807,224.3473617295842,217.7978484716733,220.7408002725728,41872800.0,228.4099563598633,220.76022338867188,47.49946018265892,-0.413217883680403,1.2860906857326853,-1.6993085694130883,239.84464977444156,216.975262945285,22.869386829156554,0.021479338505817847,-0.009706223187233798,-0.038884578146588855,1,0.01876486410037348,218.05751037597656,223.49139404296875,0
2021-03-08,218.6922912597656,224.443551081611,218.44224158929848,222.5200514391749,35267400.0,227.72454528808595,220.83648254394532,42.773584261072685,-0.8268218332958952,0.8635081819269692,-1.6903300152228644,239.7484695710475,215.7006210051244,24.04784856592312,-0.01817782000702839,-0.0007468487958877112,-0.03036103685654501,1,0.017760604857819412,222.74124145507807,227.87701416015625,1
2021-03-09,224.8378753662109,226.37668097304575,222.8085826263272,223.9723063843275,33080500.0,227.33345947265624,221.0916897583008,50.778454594296264,-0.6512020151494937,0.5605661425116766,-1.2117681576611703,239.1976323802815,215.46928656503098,23.72834581525052,0.028101512271164086,0.031094388716736088,0.0021863819541121376,1,0.020235496492843365,218.6922912597656,224.9244079589844,0
2021-03-10,223.5298767089844,227.9346923560373,223.1644071053656,227.9346923560373,29746800.0,226.81460342407226,221.2875375366211,49.20098721344624,-0.610528808173683,0.32634715237460465,-0.9368759605482877,238.38754254250767,215.24166430563685,23.14587823687083,-0.005817519201762877,0.003540589289861673,-0.009081201712232367,1,0.020235662204967707,224.8378753662109,218.85574340820312,1
2021-03-11,228.05972290039065,230.02168593321736,225.3475815614815,225.9727277040274,29907600.0,226.56781768798828,221.53157104492186,54.475549899347776,-0.21034949048015505,0.21900782380365275,-0.4293573142838078,237.80876201070012,215.32687336527644,22.48188864542368,0.020265059231002525,0.042833844698706436,0.03554726348511128,1,0.019450094660369927,223.5298767089844,218.05751037597656,0
2021-03-12,226.73248291015625,226.79981243058896,224.30886965187727,225.05903321453636,22653700.0,226.1745460510254,221.76460388183594,52.74739414816402,-0.00029823520645777535,0.17514661200163065,-0.17544484720808842,236.79759209336225,215.55150000868855,21.246092084673705,-0.005819703599368564,0.008426549756616719,0.014502074592475545,1,0.019230419987482126,228.05972290039065,222.74124145507807,0
2021-03-15,225.82843017578125,226.1938997343049,222.9431812614616,225.97270142657817,26034900.0,225.7120849609375,222.02695678710938,51.54783767374953,0.09215706843625071,0.15854870328855467,-0.06639163485230395,235.51843629006606,215.9057336318089,19.61270265825715,-0.003987310167344771,0.010282980962716515,-0.0089898667135212,1,0.018194146247162972,226.73248291015625,218.6922912597656,1
2021-03-16,228.61753845214844,230.87764154891525,226.91523729363269,227.24222868505888,28092200.0,225.45096969604492,222.33089080810547,54.9515717783296,0.38603630480741913,0.20404622359232757,0.18199008121509155,234.63617742779184,216.265761964298,18.370415463493828,0.012350563098703748,0.002445918747351117,0.016419429650504913,1,0.01806783413338827,225.82843017578125,224.8378753662109,0
2021-03-17,227.97317504882807,229.42542669569997,224.30891051557515,227.1172182803652,29562100.0,225.10666427612304,222.7127099609375,54.0076245531192,0.560482086829893,0.27533339623984066,0.2851486905900523,233.32024368017295,216.89308487207313,16.42715880809982,-0.0028185213071709736,0.005472052891351442,0.04165954933894245,1,0.015179514488839663,228.61753845214844,223.5298767089844,0
2021-03-18,221.8948974609375,225.23217017671172,221.51981565564105,223.6645134307909,34833000.0,224.4781623840332,222.9689340209961,45.98340082048853,0.20589202770716497,0.26144512253330554,-0.05555309482614057,231.57960378748876,217.37672098057763,14.202882806911134,-0.026662249129042026,-0.01741823521414887,0.017598050525040376,1,0.01798566831489429,227.97317504882807,228.05972290039065,0
2021-03-19,221.53909301757807,223.5779980882051,220.5773431276388,222.1834636828208,46430700.0,223.96747436523438,223.32647033691407,45.5567075401994,-0.10265030500977446,0.18862603702468955,-0.291276342034464,230.33384388701825,217.6011048434505,12.732739043567733,-0.0016034818620471736,-0.0309619527989623,-0.005397062661799179,1,0.016621941941415704,221.8948974609375,226.73248291015625,1
2021-03-22,226.9633331298828,227.83851426603096,221.3370911146356,221.4621232805725,30127000.0,224.03864517211915,223.67657928466798,52.754328382795876,0.08948696811674495,0.16879822324310065,-0.0793112551263557,230.5047814634001,217.5725088808382,12.932272582561893,0.024484347382763616,-0.004429652386641392,0.03782045458700134,1,0.017026842827989042,221.53909301757807,225.82843017578125,1
2021-03-23,228.49249267578125,231.8297652677323,228.0020056178648,228.40593872587877,31638400.0,224.24590148925782,224.03174682617188,54.577446094725644,0.36098631148564664,0.20723584089160985,0.1537504705940368,230.99774476199337,217.49405821652226,13.503686545471112,0.006737473955862994,0.029732973990558742,0.01625445581007101,1,0.014846431033046188,226.9633331298828,228.61753845214844,0
2021-03-24,226.4535980224609,228.8964358811069,226.31895364718335,228.75217929157247,25620100.0,224.2896614074707,224.38701232910157,51.712134746213565,0.40693880119374626,0.24717643295203717,0.15976236824170909,231.08667563287227,217.49264718206913,13.594028450803137,-0.008923245702489813,0.022183466303587807,0.013079778669957909,0,0.015052516385897118,228.49249267578125,227.97317504882807,0
2021-03-25,223.4529571533203,227.8770123437966,222.71242033317537,226.2997431730868,34061900.0,224.45075378417968,224.73139343261718,47.739822941023654,0.19893662207411467,0.2375284707764527,-0.03859184870233803,231.00371079937884,217.89779676898053,13.10591403039831,-0.013250577139617747,-0.015466709658135125,-0.02019982173302226,0,0.01408615208076267,226.4535980224609,221.8948974609375,1
2021-03-26,227.4345550537109,227.6557680411861,222.69313628302467,222.69313628302467,25479900.0,224.6479118347168,225.12834777832032,52.908950999832356,0.351325213141763,0.2602878192495148,0.09103739389224824,231.30991605537605,217.98590761405757,13.324008441318483,0.01781850619080716,-0.004630076068063649,0.003096477992669655,0,0.015295915824483041,223.4529571533203,221.53909301757807,0
2021-03-29,226.24205017089844,227.7423776563444,223.0105699425769,227.54040372170107,25227500.0,224.5661636352539,225.56516540527343,51.27317410752464,0.37158568314828244,0.2825473920292683,0.08903829111901412,231.10668381372324,218.02564345678456,13.081040356938672,-0.005243288041831828,-0.0009341774801100433,0.001831567419545932,0,0.015341166042370104,227.4345550537109,226.9633331298828,0
2021-03-30,222.98167419433597,224.90517359760773,222.26036191810903,224.59740664901904,24792000.0,224.4690269470215,225.94387664794922,46.99517769785826,0.12313770359116916,0.2506654543416485,-0.12752775075047934,231.04299953737663,217.89505435666635,13.14794518071028,-0.014411007918729735,-0.002109092513199462,-0.02465193307551994,0,0.015337501646084854,226.24205017089844,228.49249267578125,1
2021-03-31,226.75173950195312,229.95436788577308,223.50102069627695,224.0011346683356,43623500.0,224.86382675170898,226.3252557373047,51.98404191072995,0.22782739994642043,0.2460978434626029,-0.018270443516182483,230.97398329470118,218.75367020871678,12.220313085984401,0.016907511889660665,-0.0030022506984329622,-0.005357803814476592,0,0.01650029970387136,222.98167419433597,226.4535980224609,1
2021-04-01,233.080078125,233.55132615154156,228.94455090403775,229.34848407327533,30338000.0,225.61495513916014,226.6815948486328,58.96570375220463,0.8120776516365424,0.35929380509739084,0.4527838465391516,231.8849955191449,219.3449147591754,12.540080759969499,0.0279086662662289,0.030224389979388366,0.050407561381764276,0,0.015866838138316422,226.75173950195312,223.4529571533203,1
2021-04-05,239.5430145263672,240.3989712070345,233.41665871011116,233.4743613464268,36910600.0,226.4550437927246,227.1551022338867,64.62311395488163,1.776131007324608,0.6426612455428343,1.1334697617817735,235.03624022296356,217.87384736248566,17.162392860477894,0.027728394693179892,0.07427220372198606,0.08126746960799647,0,0.01716020711687633,233.080078125,227.4345550537109,0
2021-04-06,238.3793029785156,239.86039119458903,237.43679229555983,238.13886553157835,22931900.0,227.43939437866212,227.58652770996093,62.940437634215776,2.418370965857605,0.9978031896057884,1.4205677762518165,236.72091763288046,218.15787112444377,18.563046508436685,-0.004858048355751543,0.05127882812322282,0.050298740731393066,0,0.016520442328326106,239.5430145263672,226.24205017089844,1
2021-04-07,240.3412628173828,241.33186391127128,237.73492914613195,238.3312093103771,22719800.0,228.2145637512207,227.98849029541014,64.61338094703169,3.0505002542377326,1.4083426025321772,1.6421576517055554,238.97008258117805,217.45904492126337,21.511037659914678,0.00823041184512574,0.03115317598481604,0.05185627765203793,1,0.01654420093311042,238.3793029785156,222.98167419433597,1
2021-04-08,243.5631561279297,244.41911293067284,242.360968782777,243.10152029642984,23625200.0,229.21622772216796,228.4011553955078,67.22956821550093,3.7680118382345995,1.8802764496726618,1.8877353885619377,241.64178451095316,216.79067093338276,24.851113577570402,0.013405493808172908,0.016782545754929545,0.07555436634648549,1,0.01592278565857168,240.3412628173828,226.75173950195312,1
2021-04-09,246.06369018554688,246.19833456943903,242.7841198723636,243.197665238912,24326800.0,230.11642608642578,228.85289276123046,69.13669055183557,4.48669728512769,2.4015606167636676,2.0851366683640222,244.52659370313688,215.70625846971467,28.820335233422213,0.010266470911979075,0.03223596642416493,0.10118788903166043,1,0.014170277149506569,243.5631561279297,233.080078125,1
2021-04-12,246.1213836669922,247.814072630238,244.8807182632371,244.9672868944116,27148700.0,231.08587112426758,229.1900634765625,69.18125514973597,5.003241804317327,2.9218968542743995,2.081344950042927,246.98666214745973,215.18508010107544,31.801582046384283,0.00023446564343476695,0.024049640007097972,0.0821635419862572,1,0.014152289520389607,246.06369018554688,239.5430145263672,1
2021-04-13,248.6027374267578,249.27597413794467,247.0062289733177,247.41980376176195,23837500.0,232.2245864868164,229.71062103271484,71.11319512277755,5.548867675637297,3.447291018546979,2.101576657090318,249.64550633629935,214.80366663733346,34.841839698965885,0.010081829229121153,0.020691065836661693,0.09883523968673624,1,0.013364675226031896,246.1213836669922,238.3793029785156,0
2021-04-14,245.8136138916016,248.92967367444348,245.4000685451672,247.63133499844136,23070900.0,233.08439025878906,230.02781890869142,66.09753936011691,5.690623188247201,3.8959574524870235,1.7946657357601778,251.38361353065596,214.78516698692215,36.598446543733814,-0.01121919880700406,-0.0010163071754175634,0.10239379437687246,1,0.012752975945896961,248.6027374267578,240.3412628173828,1
2021-04-15,249.57400512695312,249.9875503842556,247.87171901068032,248.06405130813263,25627500.0,234.1644317626953,230.4229116821289,69.2468605313583,6.036809022448267,4.324127766479273,1.7126812559689943,253.6413973700111,214.6874661553795,38.95393121463161,0.015297733822870363,0.014028124694083433,0.10064869039209023,1,0.012664103395457477,245.8136138916016,243.5631561279297,1
2021-04-16,250.7666015625,251.0166658707798,247.74672283677015,249.54519003796196,24878600.0,235.60801696777344,230.77487976074218,70.19256511669691,6.334377593704147,4.726177731924248,1.608199861779899,255.50863380010276,215.70740013544412,39.80123366465864,0.004778528256339065,0.008704104219205089,0.07588174665024261,1,0.010969317072096888,249.57400512695312,246.06369018554688,0
2021-04-19,248.84320068359372,251.4784158014341,247.9584070661475,250.2377500081921,23209300.0,236.9732223510742,231.1073791503906,66.63362668558314,6.341895035616346,5.049321192662668,1.2925738429536784,256.5698164614762,217.37662824067223,39.19318822080396,-0.007670083922347581,0.012324731507052045,0.038824702008594114,1,0.009256289713076347,250.7666015625,246.1213836669922,0
2021-04-20,248.3815155029297,250.24731248370563,247.0158178576177,247.9583432382006,19722900.0,238.04413146972655,231.42699920654297,65.77158458938277,6.238682874148509,5.287193528959836,0.9514893451886728,257.6764866379131,218.41177630154,39.26471033637313,-0.0018553256805721174,-0.004778100280984132,0.041959232196075114,1,0.008987030819156111,248.84320068359372,248.6027374267578,1
2021-04-21,250.61273193359372,250.7089127767267,247.41011824420272,249.0354776372496,24030400.0,239.1501434326172,231.78606201171874,67.93083552339812,6.264711319044096,5.482697086976688,0.7820142320674082,258.9966419246852,219.30364494054922,39.69299698413599,0.008983021245144718,-0.0006135969780167727,0.04273701900291438,1,0.009028009642278725,248.3815155029297,245.8136138916016,0
2021-04-22,247.33319091796875,251.7668430840579,245.86170033030183,250.25688896426036,25606200.0,240.1941230773926,232.05458587646484,61.763413554795164,5.95209544620252,5.576576758821854,0.37551868738066574,259.44706904833185,220.9411771064533,38.50589194187856,-0.013086090999135602,-0.006068117438920773,0.015478674402046533,1,0.009882853193311288,250.61273193359372,249.57400512695312,1
2021-04-23,251.16094970703125,251.5071948907045,247.4293558567117,248.01603848589244,21462600.0,241.57952270507812,232.41789611816407,65.67993887642032,5.9446866122353015,5.650198729504544,0.2944878827307571,259.77291518728964,223.38613022286663,36.386784964423015,0.01547612261361242,0.011190181356586448,0.020715203928059145,1,0.010509036636633468,247.33319091796875,250.7666015625,1
2021-04-26,251.54563903808597,252.40161041619083,250.21844901797465,251.65144677426983,19763300.0,242.7850769042969,232.7568505859375,66.05623701835015,5.901823721863792,5.700523727976394,0.20129999388739783,260.25032122791686,225.31983258067694,34.93048864723991,0.0015316446744744194,0.0037225048276454675,0.02203894391571004,1,0.010491413170101915,251.16094970703125,248.84320068359372,1
2021-04-27,251.9496154785156,253.12295149793457,250.1703723428828,251.57451893980152,31014200.0,244.07045516967773,233.09428985595704,66.4719777131152,5.8332104756883325,5.727061077518782,0.10614939816955093,260.2101384657826,227.93077187357284,32.27936659220978,0.0016059767204648079,0.01866480007561111,0.013462756228675099,1,0.010122651974217965,251.54563903808597,248.3815155029297,0
2021-04-28,244.822998046875,246.7272729937941,243.27458046334309,246.28484700544837,46903100.0,245.1625213623047,233.31395294189454,53.92439836746677,5.144473231565996,5.610543508328225,-0.46607027676222845,258.08091407089927,232.2441286537101,25.836785417189162,-0.028285883342609397,-0.0252346221319405,-0.004029947036063852,1,0.013393841363353148,251.9496154785156,250.61273193359372,0
2021-04-29,242.8514404296875,246.30413341760544,239.47570386310056,245.68861412319572,40589000.0,245.9675064086914,233.47379608154296,51.05325112612585,4.388962552531353,5.366227317168851,-0.9772647646374972,255.84524439607378,236.08976842130903,19.75547597476475,-0.008052991887673944,-0.03456310608939672,-0.026936157448953835,1,0.012363930712357704,244.822998046875,247.33319091796875,0
2021-04-30,242.53404235839844,243.3996259293706,240.05274094363293,240.18738532021044,30945100.0,246.44020462036133,233.63517822265624,50.58628813382043,3.7217020598226895,5.037322265699619,-1.3156202058769297,254.55294194345927,238.32746729726338,16.22547464619589,-0.0013069639229953411,-0.037370857273326785,-0.03282956802383319,1,0.01210430159399375,242.8514404296875,251.16094970703125,0
2021-05-03,242.22628784179688,244.62104995508665,241.51458775779275,243.70737597050828,19626600.0,246.57436828613282,233.84464691162108,50.107714804535064,3.1319568455804756,4.656249181675791,-1.5242923360953151,254.30622964039472,238.84250693187093,15.46372270852379,-0.0012689126590600397,-0.010606479888711107,-0.026590691743313077,1,0.012014448211771153,242.53404235839844,251.54563903808597,0
2021-05-04,238.3119659423828,241.6011630269946,236.3596151087628,241.3703378021565,32756100.0,246.57100143432618,234.100087890625,44.35942831799004,2.321960337083283,4.189391412757289,-1.8674310756740065,254.31717946465463,238.82482340399773,15.492356060656903,-0.01615977330243601,-0.018692392679544367,-0.04054065593471312,1,0.012742020415789519,242.22628784179688,251.9496154785156,0
2021-05-05,237.0424652099609,239.9565658172172,236.4173337341992,239.53339357356572,21901300.0,246.40606155395508,234.35398986816406,42.65051819869146,1.559615887815795,3.6634363077689907,-2.1038204199531956,254.79004183122893,238.02208127668123,16.7679605545477,-0.005327054088122618,-0.02264250038896598,-0.05414835319391753,1,0.01188996969964759,238.3119659423828,244.822998046875,1
2021-05-06,240.1777801513672,240.3028123249024,235.3305674810805,237.02324189329505,26491100.0,246.23679275512694,234.64597747802733,47.98057378396287,1.194674666333043,3.169683979481801,-1.975009313148758,254.97283265764509,237.5007528526088,17.472079805036287,0.01322680701379464,-0.008456999893288297,-0.028930248868113906,1,0.012890938271967503,237.0424652099609,242.8514404296875,1
2021-05-07,242.8033447265625,244.57296071817905,241.56267934946032,242.5051899813875,27032900.0,246.07377548217772,235.09742218017578,52.003465446507256,1.1045842775364179,2.7566640390927244,-1.6520797615563065,254.9373986029067,237.21015236144873,17.727246241457976,0.010931754692464102,0.018846635612353557,-0.03327589336725134,1,0.012236357497491355,240.1777801513672,242.53404235839844,0
2021-05-10,237.72531127929688,242.1012758551177,237.66760863864903,241.27417043051173,29299900.0,245.65397186279296,235.38210052490234,44.78903542124545,0.6163274953351277,2.328596730341205,-1.7122692350060773,255.23508829630066,236.07285542928526,19.162232867015405,-0.02091418243428378,0.0028806908868888037,-0.0549416313144534,1,0.01326489091897441,242.8033447265625,242.22628784179688,0
2021-05-11,236.8116149902344,237.16747234400336,233.29162238301817,235.1958826033332,33641600.0,245.0644157409668,235.5607925415039,43.616537941630156,0.15387900194352255,1.8936531846616684,-1.7397741827181459,255.27744162810683,234.8513898538268,20.42605177428004,-0.003843496025498938,-0.014015306324387411,-0.060083443507267575,1,0.013048178372660948,237.72531127929688,238.3119659423828,0
2021-05-12,229.85818481445312,235.03240304314005,228.96376461216937,232.90692968884187,36684400.0,244.2666442871094,235.6594680786133,35.91177910508867,-0.764881387265433,1.3619462702762481,-2.126827657541681,256.42780265403076,232.10548592018802,24.32231673384274,-0.02936270746714864,-0.05331541015914676,-0.06112503053964169,1,0.013254427619601102,236.8116149902344,237.0424652099609,1
2021-05-13,233.7340087890625,236.2057123545652,232.18559131508616,232.55106086643917,29624300.0,243.47464447021486,235.95703338623048,42.05598900672889,-1.1668087667364944,0.8561952628736997,-2.023004029610194,256.2001458071202,230.74914313330953,25.45100267381065,0.016861805368114435,-0.01678955626876899,-0.037543247116398115,1,0.015084368357860395,229.85818481445312,240.1777801513672,1
2021-05-14,238.65821838378903,239.64881955102916,236.0999749468669,236.1865289109625,23901100.0,242.8692253112793,236.36904754638672,48.7752955988128,-1.0755977286602842,0.469836664566903,-1.5454343932271872,255.29811581870632,230.4403348038523,24.857781014854027,0.021067578570350243,0.007797773743618119,-0.01598053591537474,1,0.017017037214208598,233.7340087890625,242.8033447265625,0
2021-05-17,235.80178833007807,237.15785895170103,234.2052949545859,237.11939542012004,24970200.0,242.2171546936035,236.6302584838867,45.48061032750733,-1.219741931276559,0.13192094539821064,-1.3516628766747696,254.69227359607135,229.74203579113566,24.950237804935682,-0.011968706014211072,0.02585769795590598,-0.026522717946760532,1,0.017335772686532025,238.65821838378903,237.72531127929688,0
2021-05-18,233.78211975097656,236.9847480255134,233.60899717322917,236.85010365399245,20168000.0,241.48718490600587,236.93205505371094,43.255767942542164,-1.479888393411045,-0.19044092236364046,-1.2894474710474044,254.14132502403226,228.83304478797947,25.30828023605278,-0.008565111373431744,0.00020583637855398074,-0.019008051792503977,1,0.016832279211566346,235.80178833007807,236.8116149902344,1
2021-05-19,234.3605194091797,234.46655675985048,230.00338303930883,230.6877939044373,25739800.0,240.67457427978516,237.1225079345703,44.09914927634504,-1.6207018779798545,-0.4764931134868833,-1.1442087644929713,252.96231892709307,228.38682963247726,24.575489294615807,0.0024740970730321443,-0.01800775604424465,-0.011314199750688925,1,0.01683087821102685,233.78211975097656,229.85818481445312,1
2021-05-20,237.59942626953125,239.0164639712061,235.0738284625561,235.17023138867845,21800700.0,240.1878860473633,237.40389892578125,48.69743988488947,-1.4541819596170455,-0.6720308827129158,-0.7821510769041298,252.14886755914847,228.22690453557811,23.921963023570356,0.01382018980209132,0.0076235127484989285,-0.010735189076237495,1,0.01688759527365528,234.3605194091797,233.7340087890625,0
2021-05-21,236.336669921875,239.3828205439802,235.92216962475908,238.65020818420544,21863100.0,239.44667205810546,237.56943786621093,47.07172675966026,-1.4078784620276679,-0.8192003985758662,-0.5886780634518016,250.389808442479,228.50353567373193,21.886272768747062,-0.005314643926049634,0.010927055386526163,-0.026633384362847456,1,0.016391736785497175,237.59942626953125,238.65821838378903,1
2021-05-24,241.74449157714844,242.1108050297344,238.5923043048418,238.86221483547757,21411500.0,238.95661468505858,237.8696780395508,54.13360002730432,-0.9241634135010486,-0.8401930015609027,-0.08397041194014587,248.4734735956118,229.43975577450536,19.03371782110645,0.022881856027932912,0.03150689453404376,0.016906825260729397,1,0.016793105962792983,236.336669921875,235.80178833007807,1
2021-05-25,242.65066528320312,243.6435537617716,241.78309768160725,242.6988667519636,17704300.0,238.49166717529297,238.20612274169923,55.21197035660986,-0.462365248918843,-0.7646274510324907,0.30226220211364774,246.15139868603163,230.83193566455432,15.319463021477304,0.003748477163399988,0.021259474793267286,0.02465694215720582,1,0.01668060134951584,241.74449157714844,233.78211975097656,0
2021-05-26,242.4289703369141,243.8267247584653,241.7156268010561,242.37111974560884,17771600.0,238.37196578979493,238.48235137939454,54.872068428864644,-0.11297351740975614,-0.6342966643079438,0.5213231468981877,245.69982320148455,231.0441083781053,14.655714823379242,-0.0009136383204648713,0.025778058128063774,0.05468930998740973,0,0.012543304480433856,242.65066528320312,234.3605194091797,0
2021-05-27,240.32749938964844,242.41931375220796,240.26966350914816,242.12048523027423,24426200.0,238.24576873779296,238.72943786621093,51.627522356587505,-0.005584817377837226,-0.5085542949219225,0.5029694775440853,245.34404142799454,231.14749604759137,14.196545380403165,-0.008668398600815475,-0.005861528336201127,0.028209376268116593,0,0.012551438069407159,242.4289703369141,237.59942626953125,1
2021-05-28,240.68418884277344,242.99772726674445,240.56851706973367,241.95663718231123,18270200.0,238.1532760620117,239.10522369384765,52.144752399592754,0.10706913266716356,-0.3854296094041053,0.49249874207126887,245.0715544603423,231.23499766368113,13.83655679666117,0.0014841807701193588,-0.008104146090572528,0.008489003532769157,0,0.010799811651936848,240.32749938964844,236.336669921875,0
2021-06-01,238.4863128662109,242.23615779093328,238.0621781714677,242.1783219102421,23213300.0,237.9662773132324,239.4441680908203,48.68995650990674,0.018781475652787094,-0.30458739239272686,0.32336886804551396,244.63163548662143,231.3009191398434,13.330716346778047,-0.009131783799883442,-0.01626314489239422,0.011384665719222697,0,0.010456066687624707,240.68418884277344,241.74449157714844,0
2021-06-02,238.3899078369141,240.2889309005884,236.98250443349707,239.19000511781945,19406700.0,237.97017440795898,239.67269958496092,48.53805037806799,-0.05829422919586591,-0.2553287597533547,0.19703453055748876,244.63642757361575,231.3039212423022,13.332506331313539,-0.00040423715784021486,-0.008062296481489595,0.01970975406864195,0,0.009915317838343554,238.4863128662109,242.65066528320312,0
2021-06-03,236.85723876953125,237.4645302868581,234.24487179319985,236.38488784803255,25307700.0,237.9609130859375,239.83999450683595,46.07682250184744,-0.24028105484632079,-0.2523192187719479,0.012038163925627121,244.63280820322862,231.2890179686464,13.34379023458223,-0.006429253156267634,-0.015900296947807147,0.010653327474464458,0,0.010261469285021531,238.3899078369141,242.4289703369141,1
2021-06-04,241.754150390625,242.5831655924148,238.59232839054823,238.83332101073103,25281100.0,238.03973159790038,240.1460055541992,54.08733898717056,0.010511744458881367,-0.19975302612578208,0.21026477058466345,244.85032371295162,231.22913948284915,13.621184230102472,0.020674528025966588,0.013702411199787878,0.017486254854759853,0,0.01137365748657443,236.85723876953125,240.32749938964844,1
2021-06-07,244.66537475585935,244.9352853461703,240.80949236967595,240.97336560600587,23079200.0,238.13283309936523,240.57025390625,58.07481534990333,0.43911645972286806,-0.07197912895605207,0.5110955886789201,245.24556259251392,231.02010360621654,14.225458986297383,0.012042086394506102,0.0263243816648413,0.03524084872964295,0,0.011492270032689005,241.754150390625,240.68418884277344,0
2021-06-08,243.47003173828125,246.78609255033888,243.41218115377325,245.966711756898,22455000.0,238.42006912231446,240.8909634399414,55.92703908080314,0.6745587000832813,0.07732843685181459,0.5972302632314668,245.8983594193457,230.94177882528322,14.956580594062473,-0.004885623961996544,0.02791889748906695,0.007137867547158283,0,0.009473856803988736,244.66537475585935,238.4863128662109,1
2021-06-09,244.45327758789065,246.3233827268109,244.0869787969945,244.6653522763675,17937600.0,238.80215225219726,241.25518798828125,57.32510584270805,0.9297702815301534,0.24781680578748236,0.6819534757426711,246.68272149768492,230.9215830067096,15.761138490975327,0.004038467661048095,0.011164760534222218,0.007428837265225141,0,0.009484487111747658,243.47003173828125,238.3899078369141,1
2021-06-10,247.9717559814453,248.1838306630145,244.53038902874928,245.1280460173413,24563600.0,239.70783081054688,241.75498962402344,61.973657752143865,1.3998030416193217,0.4782140529538502,0.9215889886654715,247.43050993333267,231.9851516877611,15.445358245571583,0.014393255137639338,0.013513891080359164,0.022863544884211606,0,0.010374125376498382,244.45327758789065,236.85723876953125,1
2021-06-11,248.5983428955078,249.17670160646895,247.364432530678,248.6947164019732,18999700.0,240.45104751586913,242.19192169189452,62.75180463911122,1.802094296467743,0.7429901016566289,1.0591041948111142,248.58131317370123,232.32078185803704,16.260531315664196,0.002526847912910579,0.02106341844461279,0.0344148860486817,0,0.009635358065790375,247.9717559814453,241.754150390625,1
2021-06-14,250.52630615234372,250.58414202862005,247.54761143389013,248.60798486236368,19150500.0,241.04445190429686,242.5408462524414,65.1171323894216,2.2505407041282695,1.0445002221509572,1.2060404819773123,250.2287877351072,231.86011607348652,18.36867166162068,0.007755334305049155,0.024843310036084754,0.04089224704328065,0,0.009698453900868688,248.5983428955078,244.66537475585935,0
2021-06-15,249.05137634277344,250.62265278853377,248.39588353657948,250.41057812558373,18038900.0,241.70693130493163,242.73101348876952,61.879764700403065,2.4585821987783163,1.327316617476429,1.1312655813018873,251.18962988446327,232.2242327254,18.965397159063286,-0.00588732509660439,0.0043538037509760485,0.04430050240446892,0,0.009252187499078036,250.52630615234372,243.47003173828125,0
2021-06-16,248.1067352294922,251.19142321885585,245.2533760403456,250.0539450743664,27220000.0,242.42316207885742,242.92556213378907,59.82821071805494,2.518203654794803,1.565494024940104,0.9527096298546991,251.56102816923112,233.2852959884837,18.27573218074741,-0.0037929568073581388,-0.0019775178719604325,0.04076022966217807,0,0.00950557168475725,249.05137634277344,244.45327758789065,1
2021-06-17,251.49993896484372,252.31931990832797,246.7861377413062,246.84397362738272,27565500.0,243.28013305664064,243.14873565673827,64.39464667974774,2.806901063271141,1.8137754326063114,0.9931256306648297,252.4474300422501,234.11283607103118,18.334593971218908,0.013676387028400905,0.0038863496111578577,0.06182078399368751,1,0.009164495896413273,248.1067352294922,247.9717559814453,0
2021-06-18,250.08282470703125,252.84941494742267,249.4273319192255,250.27563054722864,37202200.0,243.90430297851563,243.2791290283203,61.262579358711285,2.8880548634396632,2.028631318772982,0.8594235446666811,253.1391401982346,234.66946575879666,18.469674439437938,-0.005634650503873795,0.004141508388366466,0.03445100860915451,1,0.00822965203571827,251.49993896484372,248.5983428955078,1
2021-06-21,253.1676025390625,254.0255210728112,248.6273092652849,250.45884751555624,26696100.0,244.745849609375,243.42120727539063,65.22738893496937,3.164803737768608,2.2558658025721074,0.9089379351965006,254.13506391520255,235.35663530354745,18.7784286116551,0.012335024748880707,0.020397944073904828,0.034750433287452864,1,0.008264189148038068,250.08282470703125,250.52630615234372,1
2021-06-22,255.94378662109372,256.2136971524737,252.94582342301248,253.25430100688712,24694100.0,245.45581436157227,243.61765533447266,68.36545628758795,3.5670256175015425,2.518097765557995,1.0489278519435477,255.9161333882305,234.99549533491404,20.920638053316452,0.010965795205185813,0.017669378666812285,0.05123322486038506,1,0.00800326811487964,253.1676025390625,249.05137634277344,0
2021-06-23,255.7123870849609,257.2161783771382,254.9026555751761,256.4064468673534,19518700.0,246.10890045166016,243.75984832763672,67.81609676724926,3.823047633013914,2.779087739049179,1.0439598939647352,257.3862171941685,234.83158370915177,22.55463348501675,-0.0009041029641222442,0.022510791712804012,0.04605832905235707,1,0.008221472904271252,255.94378662109372,248.1067352294922,1
2021-06-24,257.08135986328125,258.1995694555849,255.9053143798285,256.5704565460958,21446900.0,246.8415199279785,243.9852032470703,69.38354035494075,4.089272993489175,3.0411247899371783,1.0481482035519964,258.9411704890727,234.74186936688432,24.199301122188388,0.005353564580606429,0.015459155456571061,0.036736457528322664,1,0.007481814718624379,255.7123870849609,251.49993896484372,0
2021-06-25,255.4714813232422,257.6211463812049,255.2208689680797,256.637906946225,25611100.0,247.5987190246582,244.1031527709961,65.35266393918117,4.122829355414098,3.257465703032562,0.8653636523815353,259.86725177452394,235.33018627479248,24.537065499731455,-0.00626213639485651,-0.0018453477776771976,0.02764756332516405,1,0.008116347332870259,257.08135986328125,250.08282470703125,1
2021-06-28,259.0381164550781,259.2116240596416,256.32936209546625,256.5992726196896,19590000.0,248.51641540527345,244.26858306884765,69.57048637748983,4.3866540443004,3.48330337128613,0.9033506730142697,261.31321369365526,235.71961711689164,25.593596576763616,0.013960991314420523,0.013005742146594779,0.03397571470022953,1,0.008752952175610777,255.4714813232422,253.1676025390625,1
2021-06-29,261.6215515136719,261.8625441052316,258.32478933523726,259.1827076638087,19937800.0,249.67317733764648,244.5241500854492,72.20948180881652,4.749449927226806,3.7365326824742655,1.0129172447525403,262.8122024482051,236.53415222708787,26.278050221117212,0.009973185004384266,0.017660524484564455,0.05047221724082296,1,0.008312809031867695,259.0381164550781,255.94378662109372,0
2021-06-30,261.1395874023437,261.5830055695424,259.8864375923306,260.93716184615096,21656500.0,250.81066131591797,244.77931152343746,70.97285757210281,4.941119650812709,3.9774500761419542,0.9636695746707549,263.7833934676938,237.8379291641421,25.945464303551717,-0.001842218687794106,0.022186844691011842,0.05252921554425538,1,0.008104681735597205,261.6215515136719,255.7123870849609,1
2021-07-01,261.8144226074219,262.04576613920506,259.8864813944336,259.89610109622566,16725300.0,252.0585205078125,245.00334533691404,71.7035640825882,5.088812189630573,4.199722498839678,0.889089690790895,264.19689443478535,239.92014658083963,24.27674785394572,0.002584193426171222,0.010717751465835867,0.04101187334291945,1,0.0075500073519704485,261.1395874023437,257.08135986328125,1
2021-07-02,267.6464233398437,267.9838189235368,262.6819807793661,262.990458422631,26458000.0,253.35313415527344,245.40960998535152,77.0746208467293,5.611764383146806,4.482130875701104,1.1296335074457016,266.3144827673592,240.39178554318764,25.92269722417157,0.022275322628679817,0.02302895839931196,0.07023112704116308,1,0.008649542610544205,261.8144226074219,255.4714813232422,1
2021-07-06,267.65606689453125,269.304448300758,264.417110543685,268.0127312917453,31565600.0,254.50266876220704,245.73951232910153,77.08236728422725,5.9583023182340185,4.777365164207687,1.1809371540263314,268.233298132567,240.77203939184707,27.4612587407199,3.603094921733607e-05,0.024954008532407812,0.05722874574061376,1,0.008656410044815765,267.6464233398437,259.0381164550781,1
2021-07-07,269.8442687988281,270.5768958300537,267.16443184855945,269.33336558443307,23260000.0,255.82138061523438,246.10548492431636,78.83033871747985,6.336462934178115,5.089184718201773,1.2472782159763423,270.1148512048891,241.5279100255797,28.586941179309378,0.008175424266243514,0.0306699917882165,0.05431068423752383,1,0.008508439130668089,267.65606689453125,261.6215515136719,0
2021-07-08,267.4247741699219,268.6875734789607,264.96663114555497,266.9234905603141,24618600.0,256.96995544433594,246.4149880981445,72.26697591446731,6.367524096681052,5.344852593897629,1.0226715027834228,271.11588772376075,242.82402316491113,28.291864558849625,-0.008966262799192548,-0.0008281417220373788,0.04580297113674625,1,0.00949059246161723,269.8442687988281,261.1395874023437,1
2021-07-09,267.9259948730469,268.0320175199491,265.4003965706472,265.7859789327302,23916700.0,257.967667388916,246.87704803466792,72.7727148394779,6.359278806051691,5.547737836328443,0.8115409697232483,272.248393029952,243.68694174788004,28.56145128207197,0.0018742493274259697,0.0010084881753193997,0.04218366907477433,1,0.009520726000916472,267.4247741699219,261.8144226074219,0
2021-07-12,267.32830810546875,269.6900181971794,266.6149499259008,269.1020103084746,18931700.0,258.90416564941404,247.36658538818355,71.10748646475068,6.232669690269688,5.684724207116692,0.5479454831529962,273.0603826405173,244.7479486583108,28.31243398220647,-0.0022307905131091488,-0.009323750712063705,0.04641154746828424,1,0.009105711159901676,267.9259948730469,267.6464233398437,1
2021-07-13,270.8564758300781,272.6590961854653,267.3958248289247,267.5211162985636,26120100.0,259.9206741333008,247.93303405761716,74.77665876383588,6.343896216446183,5.816558608982591,0.5273376074635916,274.43959831136493,245.40174995523665,29.03784835612828,0.01319788296874802,0.012832399955494456,0.04562401679232986,1,0.009021200836959469,267.32830810546875,267.65606689453125,1
2021-07-14,272.3313293457031,273.43988959398905,270.44192588774035,272.1770905276217,23113700.0,261.0846717834473,248.53513488769528,76.14069205961015,6.4763965249084094,5.948526192167755,0.5278703327406546,275.6639770768617,246.5053664900328,29.158610586828928,0.00544514769715243,0.016442355564429967,0.040936145245173305,1,0.00882795789611127,270.8564758300781,269.8442687988281,0
2021-07-15,270.90460205078125,272.33128884231087,269.7478257962392,271.83965452142417,22604200.0,262.22456512451174,249.18698760986325,72.0798774645477,6.392589215705186,6.037338796875241,0.3552504188299448,276.11555336055653,248.33357688846695,27.781976472089582,-0.005238939266920539,0.013377909622281914,0.03739385033718534,1,0.009139907730415535,272.3313293457031,267.4247741699219,0
2021-07-16,270.6347351074219,273.86404237165414,269.3912048461886,271.9071833087747,26186800.0,263.1813049316406,249.85883300781245,71.30521760183842,6.232550351580471,6.076381107816288,0.15616924376418329,276.61413116125874,249.7484787020225,26.86565245923623,-0.000996169652772383,-0.0008186650216750468,0.03368917728885257,1,0.00925849359764516,270.90460205078125,267.9259948730469,0
2021-07-19,267.02947998046875,270.26840676845325,264.5617178320867,268.88028688273266,32935600.0,264.0286376953125,250.3958670043945,61.75639266628164,5.748538862704947,6.010812658794021,-0.2622737960890733,276.1206426021895,251.9366327884355,24.18400981375399,-0.013321479689301863,-0.01946837838295168,-0.0023050685739655075,1,0.00792356786158633,270.6347351074219,267.32830810546875,1
2021-07-20,269.2562255859375,270.84677090012093,266.306478445294,268.0126955033391,26259700.0,264.83306884765625,250.924924621582,64.88426929904995,5.481449295928712,5.90493998622096,-0.4234906902922475,276.0358034624847,253.6303342328278,22.405469229656887,0.008338950462067451,-0.006084711933150411,0.0059784136783149755,1,0.00837358164269096,267.02947998046875,270.8564758300781,1
2021-07-21,271.26129150390625,271.37696325645936,267.29938688873733,268.8513652655665,24364300.0,265.59894409179685,251.59564422607417,67.4646786124159,5.3696727080538835,5.797886530587545,-0.42821382253366114,276.35141101315475,254.846477170439,21.504933842715758,0.007446683595172088,0.0023151366591420697,0.005251261075085223,1,0.008303474926736509,269.2562255859375,272.3313293457031,1
2021-07-22,275.8305358886719,276.1004464547859,273.20853492440204,273.6133860645504,23384100.0,266.60485153198243,252.37602264404293,72.43558986272207,5.585403734480224,5.755389971366081,-0.16998623688585734,277.23294816457405,255.97675489939078,21.25619326518327,0.016844439394331445,0.03295911713136257,0.03143224760997265,1,0.008997562483617676,271.26129150390625,270.90460205078125,1
2021-07-23,279.2333984375,279.54184669585493,276.17759845308217,277.01624823364324,22768100.0,267.7124534606934,253.36352691650387,75.44453194716306,5.962225867518725,5.79675715059661,0.16546871692211518,278.74902768361136,256.6758792377754,22.073148445835955,0.01233678692558371,0.03705456700156451,0.04220345834606665,1,0.009432339320657243,275.8305358886719,270.6347351074219,0
2021-07-26,278.6356506347656,279.25260585190574,276.31250770621534,278.5874638788208,23176100.0,268.8706619262695,254.26155975341794,73.9181112321798,6.141827704096954,5.86577126129668,0.2760564428002743,279.3747159391642,258.3666079133748,21.008108025789397,-0.002140674453984248,0.027185445774349226,0.04229758759717961,1,0.009425572179878515,279.2333984375,267.02947998046875,0
2021-07-27,276.216064453125,279.1465130526099,272.755414525428,279.0019233878392,33604100.0,269.72955932617185,255.01271667480466,67.92713532849396,6.019533633318304,5.896523735701005,0.12300989761729841,279.67136647071413,259.78775218162957,19.883614289084562,-0.008683692040586055,0.0013977008136936142,0.01978755946898314,1,0.009639834144319117,278.6356506347656,269.2562255859375,0
2021-07-28,275.9076232910156,279.69602009802213,273.6037197955621,278.5778108462002,33566900.0,270.44386291503906,255.8148333740234,67.1796539249065,5.830515523527765,5.883322093266358,-0.05280656973859266,279.9981471668408,260.88957866323733,19.108568503603465,-0.0011166662689227058,-0.011910377358490543,0.013132142944790148,1,0.009602761173846217,276.216064453125,271.26129150390625,1
2021-07-29,276.1776123046875,278.2212255317815,275.7727316568425,275.926970502781,18168300.0,271.1957641601563,256.66274322509764,67.51661275932022,5.637517375654056,5.834161149743897,-0.19664377408984102,280.04359968552757,262.347928634785,17.69567105074259,0.0009785485824982398,-0.008821693578974665,0.019464454328161684,1,0.009326268699258554,275.9076232910156,275.8305358886719,0
2021-07-30,274.6448974609375,276.3318461969554,273.6809267546416,274.8955392583509,20944800.0,271.83728790283203,257.4684307861328,63.529063173674324,5.299794937497609,5.72728790729464,-0.4274929697970311,279.6740839875758,264.0004918180883,15.673592169487506,-0.005549743264704143,-0.005688181081351051,0.014817618854150005,1,0.009594421849883166,276.1776123046875,279.2333984375,0
2021-08-02,274.5581359863281,276.4378611604599,273.5170311783947,276.04262965171205,16267400.0,272.18287353515626,258.2076049804687,63.301156344576114,4.967879918887718,5.575406309613256,-0.6075263907255382,279.8578711806549,264.5078758896576,15.349995290997299,-0.000315904192692007,-0.00489108379315828,0.028194100540547273,1,0.008129758621876626,274.6448974609375,278.6356506347656,1
2021-08-03,276.7752380371094,276.88129010205466,273.76765442774865,275.13650564382874,17879000.0,272.63883209228516,259.0163763427734,66.59870792208744,4.828081365123069,5.42594132071522,-0.5978599555921509,280.2673026274955,265.0103615570748,15.25694107042068,0.008075164273739333,0.002163918093992967,0.027925120152039185,1,0.008110244028204367,274.5581359863281,276.216064453125,0
2021-08-04,276.1871643066406,277.2282393780746,274.39416409389577,275.90760465805386,16191300.0,272.95597686767576,259.70522979736324,64.93211495384882,4.616619848886842,5.264077026349544,-0.6474571774627025,280.62066570498683,265.2912880303647,15.329377674622151,-0.002124733898304476,0.0056154942617219206,0.018159143810842826,1,0.00806394761759026,276.7752380371094,275.9076232910156,1
2021-08-05,279.0887145996094,279.19476664668434,275.7919521287353,276.5438479043771,13900200.0,273.53917388916017,260.43399078369134,69.04776769627196,4.629796520803154,5.137220925240266,-0.5074244044371117,281.20665285361366,265.8716949247067,15.334957928906988,0.010505739107220968,0.016501345323479466,0.01181224805455372,1,0.006920716694313919,276.1871643066406,276.1776123046875,0
2021-08-06,279.0309143066406,279.06948136668063,277.2572119794153,278.11515991153345,16589300.0,274.0944198608398,261.1660296630859,68.87435881394119,4.582748060662595,5.026326352324732,-0.4435782916621367,281.6632591472351,266.5255805744445,15.137678572790605,-0.0002071036553795702,0.008149848539661608,-0.0007251429520694908,1,0.005707652054716403,279.0887145996094,274.6448974609375,0
2021-08-09,277.941650390625,281.0456371253441,277.44039623262665,279.3105016862304,16117600.0,274.62508697509764,261.91831268310546,65.53412430975217,4.406768834367028,4.9024148487331916,-0.4956460143661632,281.693685187706,267.55648876248927,14.137196425216757,-0.0039037391922049913,0.006352525789491192,-0.002490708717852952,1,0.00580552700768404,279.0309143066406,274.5581359863281,0
2021-08-10,276.1197509765625,278.82850610681834,274.9244368032252,278.3947075539528,18616600.0,274.88825073242185,262.6270239257812,60.26921509132667,4.073337078918257,4.736599294770205,-0.6632622158519474,281.76534155206326,268.01115991278044,13.75418163928282,-0.006554970841908592,-0.01063806405538914,-0.00034868890320771673,1,0.0054918366995527655,277.941650390625,276.7752380371094,1
2021-08-11,276.611328125,278.2597093320037,275.5605744628409,276.861940433862,13955900.0,275.10225067138674,263.389524230957,61.175533612419635,3.804895708810477,4.550258577578259,-0.7453628687677822,281.91381612953796,268.2906852132355,13.623130916302443,0.001780304185770465,-0.00867139108099546,0.0025505088463688708,1,0.0055040326305547125,276.1197509765625,276.1871643066406,1
2021-08-12,279.3682556152344,279.5224944073813,276.0232771942792,276.3028368436732,14561300.0,275.5254333496094,264.2090911865234,65.87686605609466,3.7711436008665373,4.394435582235915,-0.6232919813693778,282.2927665408938,268.75810015832496,13.534666382568844,0.00996679170344228,0.005132750786376983,0.011552867315786752,1,0.006308070711826945,276.611328125,279.0887145996094,1
2021-08-13,282.2987670898437,282.3469538476738,278.8766541606076,279.05019120849465,18249000.0,276.10863494873047,265.11792175292965,70.03108391448063,3.935496641325301,4.302647794053793,-0.36715115272849186,283.0963474666495,269.12092243081145,13.975425035838043,0.010489779764546459,0.022378030153321626,0.027868238950242263,1,0.006448022691929682,279.3682556152344,279.0309143066406,1
2021-08-16,283.9856872558594,284.1977619217253,279.5706863259346,282.6264854543607,22507600.0,276.9564453125,265.9625524902343,72.13412982666016,4.153983433944404,4.272914922031916,-0.11893148808751164,283.42764119917575,270.4852494258243,12.94239177335146,0.005975655449741435,0.0266596425419241,0.034337176844763784,1,0.006420226427334504,282.2987670898437,277.941650390625,0
2021-08-17,282.5205078125,282.85790342678,280.5925664943859,281.8553951223565,20075300.0,277.6196594238281,266.71965515136714,67.69099409399215,4.16094329098263,4.250520595822059,-0.0895773048394295,283.4890755708723,271.750243276784,11.738832294088297,-0.005159342562357061,0.011283501736171209,0.020757889383949513,1,0.00670713860772225,283.9856872558594,276.1197509765625,0
2021-08-18,280.7916259765625,284.7418088904568,280.3473295062777,282.0568422617852,21813000.0,278.09617614746094,267.46608703613276,62.77727398768796,3.981061513533348,4.1966287793643176,-0.21556726583096975,283.3371950366551,272.8551572582668,10.482037778388303,-0.006119491463907778,-0.0053388157830726035,0.016671526649260526,1,0.007093049620271335,282.5205078125,276.611328125,1
2021-08-19,286.62518310546875,287.3012660466153,278.7731243483728,278.82140335515624,29850500.0,278.63590850830076,268.30952514648436,70.54637973981804,4.260115259278962,4.209326075347247,0.050789183931715165,284.94662967889917,272.32518733770235,12.621442341196826,0.020775395664374807,0.009294467883627089,0.02700384541406997,1,0.009000310081289783,280.7916259765625,279.3682556152344,1
2021-08-20,293.9557800292969,295.3851984971532,287.8711502652428,289.4744085607878,40817600.0,279.3720275878906,269.2292056274414,77.0334568149643,5.014975751900408,4.370456010657879,0.6445197412425294,288.5658304102575,270.17822476552374,18.387605644733753,0.025575550774722844,0.040475901396815006,0.05348821566865736,1,0.011436744432373957,286.62518310546875,282.2987670898437,1
2021-08-23,294.23583984375,294.9602018470455,291.53156682119305,292.88370333247155,22830200.0,280.1520370483398,270.14195556640624,77.23970230126892,5.571580900812023,4.610680988688708,0.960899912123315,291.3846006050293,268.91947349165036,22.465127113378912,0.0009527277008303248,0.047879682381659405,0.0586244970130414,1,0.01110151447534059,293.9557800292969,283.9856872558594,0
2021-08-24,292.2751770019531,295.20159774025154,291.6763759129961,294.5931290613567,18175800.0,280.9549926757812,270.9769329833984,72.34174910774185,5.787767603880809,4.846098311727129,0.94166929215368,293.19783799496383,268.7121473565986,24.485690638365213,-0.006663575867705496,0.019712133579014024,0.05850876646184555,1,0.011114954658942652,294.23583984375,282.5205078125,0
2021-08-25,291.68609619140625,294.177888473637,290.1504523062321,293.89779358408,20006100.0,281.7439163208008,271.82962738037105,70.88729807830778,5.844194983462216,5.045717646074147,0.7984773373880696,294.6021350321973,268.8856976094043,25.71643742279298,-0.0020155006545182763,-0.0077211743809372235,0.05449801412180055,1,0.011328624895965225,292.2751770019531,280.7916259765625,0
2021-08-26,288.86590576171875,292.0917276855508,288.7307068475188,290.7009502786529,17666100.0,282.37833099365236,272.6448107910156,64.22946857783654,5.59683150032771,5.15594041692486,0.44089108340284966,295.3271401729143,269.4295218143904,25.897618358523914,-0.009668580252919834,-0.018250441839046116,0.03399688388205857,1,0.012118945552338363,291.68609619140625,286.62518310546875,1
2021-08-27,289.474365234375,290.5850477108611,286.6831429186562,288.7693089617846,22605700.0,283.1198043823242,273.4042993164062,64.9933960576111,5.387784723607069,5.202309278261302,0.18547544534576765,295.9097250061836,270.32988375846486,25.57984124771872,0.0021063734435942116,-0.009582790424790044,0.02541845371307483,1,0.011862354272439356,288.86590576171875,293.9557800292969,1
2021-08-30,293.2120361328125,293.8205048461803,290.76852316321674,290.82646975740784,16348100.0,284.05249938964846,274.2668835449218,69.32689388575318,5.460764161395275,5.254000254888097,0.20676390650717824,296.9293229441741,271.17567583512283,25.753647109051258,0.012911923635833045,0.0052314455893875955,0.03248878126960175,1,0.01227871967353746,289.474365234375,294.23583984375,0
2021-08-31,291.5605163574219,294.0909493667815,291.19350158976886,294.01369706144754,26285300.0,284.79176330566406,275.034741821289,65.47032996100495,5.32396568571221,5.26799334105292,0.05597234465929013,297.61006652814007,271.97346008318806,25.636606444952008,-0.005632510169679916,0.00932824034251345,0.031997707405090114,1,0.012315666022577845,293.2120361328125,292.2751770019531,0
2021-09-01,291.51226806640625,294.7574255733718,291.1838941208008,292.51672508932046,18983800.0,285.55801849365236,275.74611145019526,65.35594557788214,5.152266552651952,5.244847983372726,-0.09258143072077463,298.05543908799484,273.06059789930987,24.994841188684973,-0.00016548293856244456,0.007040011402672075,0.038180063428026045,1,0.011952426384328238,291.5605163574219,291.68609619140625,0
2021-09-02,290.8554992675781,292.9899444977672,289.9186565146118,291.86962381064285,16285600.0,286.14635772705077,276.4489736938477,63.723872409389415,4.906637338494306,5.177205854397043,-0.27056851590273645,298.47693886635636,273.8157765877452,24.661162278611187,-0.0022529713867085466,-0.008036971798002779,0.014759052628507963,1,0.0104456284449317,291.51226806640625,288.86590576171875,0
2021-09-03,290.8458251953125,292.25590820944143,289.9959024554989,290.70092922538174,14747900.0,286.7371032714844,277.12426300048827,63.69863956684422,4.657504981597526,5.0732656798371405,-0.41576069823961426,298.77613985765544,274.69806668531334,24.0780731723421,-3.326075075071877e-05,-0.002451261820490269,-0.010579668934131647,1,0.006145420967536317,290.8554992675781,289.474365234375,0
2021-09-07,289.9185485839844,290.79744440436576,288.0062523692775,290.7201921173937,17180400.0,287.33594818115233,277.8132043457031,61.19725413425837,4.335268049431647,4.925666153756042,-0.5903981043243949,298.7401693995971,275.93172696270756,22.80844243688955,-0.003188206709535679,-0.005467075169744873,-0.014672893900546824,1,0.006135275808741188,290.8458251953125,293.2120361328125,1
2021-09-08,289.94757080078125,290.33389124954,287.30124477870487,289.53227705522465,15046800.0,288.02733917236327,278.4313934326172,61.24854551929844,4.035713615035604,4.747675646011955,-0.711962030976351,298.2424101062011,277.81226823852546,20.430141867675616,0.00010010472575361362,-0.003121579165885402,-0.007963749179959678,1,0.005864761947448873,289.9185485839844,291.5605163574219,0
2021-09-09,287.0887756347656,291.8116295229271,286.8473216603041,290.5367454639233,19927000.0,288.55121154785155,278.94073791503905,53.71628888690538,3.5269768954701135,4.503535895903587,-0.9765590004334737,297.3467231177522,279.7556999779509,17.591023139801337,-0.009859696903547599,-0.012917667145553424,-0.015761191968587496,1,0.006534186990938914,289.94757080078125,291.51226806640625,0
2021-09-10,285.6014099121094,289.6675160495283,285.28270363564104,288.2187922077664,19633400.0,288.8628692626953,279.4299743652344,50.253581747063144,2.9695502695533946,4.196738770633549,-1.2271885010801542,296.7271830698458,280.9985554555448,15.72862761430099,-0.005180856407108303,-0.014890867427974852,-0.011301077020498984,1,0.006052380909440712,287.0887756347656,290.8554992675781,1
2021-09-13,286.83770751953125,288.3347401247705,284.02717919615515,287.3785621651602,23652900.0,289.0898162841797,279.93044006347657,52.96750595137071,2.59760100973142,3.8769112184531234,-1.2793102087217032,296.4276756726637,281.7519568956956,14.675718776968097,0.004328751765624528,-0.010725605572970087,-0.009108432495253838,1,0.006222405199510039,285.6014099121094,290.8458251953125,1
2021-09-14,289.5419921875,291.0873037106312,287.90976075970315,289.31984389266626,21853400.0,289.36763153076174,280.3683514404297,58.32351215008064,2.4923118935295747,3.599991353468414,-1.107679459938839,296.32219270614803,282.41307035537545,13.909122350772577,0.009427925956299266,0.00854514965731501,-0.012516689265955394,1,0.005407477350875566,286.83770751953125,289.9185485839844,1
2021-09-15,294.4000244140625,294.88293238817874,291.50257656936515,292.89335389276897,28356300.0,289.9616073608398,280.9032305908203,65.84764403057325,2.7689533402934785,3.433783750833427,-0.6648304105399485,296.491773283622,283.4314414380576,13.060331845564406,0.01677833391232797,0.030807321660844655,0.009739000644242601,1,0.007590643585361373,289.5419921875,289.94757080078125,1
2021-09-16,294.786376953125,294.87329686099383,290.4788456084354,293.37629376819706,19550800.0,290.66134490966795,281.4020727539062,66.36767621670026,2.984960336283905,3.344019067923523,-0.3590587316396183,296.00199140950633,285.32069840982956,10.68129299967677,0.001312338678746583,0.02771138251776928,0.011231461744083182,1,0.007579907988894593,294.4000244140625,287.0887756347656,0
2021-09-17,289.6192321777344,294.0909648651454,289.2908582826248,293.77225856159816,41372500.0,290.81104736328126,281.8459619140625,54.43045903942462,2.7079860594785146,3.2168124662345217,-0.5088264067560071,295.8500890484671,285.7720056780954,10.0780833703717,-0.0175284381483215,0.0002667661075714811,-0.0042504511448361315,1,0.00960820576845872,294.786376953125,285.6014099121094,0
2021-09-20,284.2396545410156,288.5085744930262,279.6230549552569,286.2002599629633,38278700.0,290.3252410888672,282.1722351074219,45.29589960441203,2.030983084585273,2.9796465899046725,-0.9486635053193995,295.9025775657855,284.74790461194885,11.154672953836666,-0.01857465609679332,-0.034512123065440714,-0.022713651295701465,1,0.011191494988244809,289.6192321777344,286.83770751953125,1
2021-09-21,284.7225341796875,287.3688899615911,284.0175073900998,285.58212453468485,22364100.0,289.8495758056641,282.52011962890623,46.16917661771289,1.5159428550948064,2.6869058429426995,-1.170962987847893,295.6306795711988,284.06847204012934,11.562207531069475,0.001698846839128132,-0.03413944320445239,-0.017922324838045567,1,0.011251952331847337,284.2396545410156,289.5419921875,1
2021-09-22,288.3733215332031,289.9572738836684,284.44247290611344,286.5865855546917,26626300.0,289.65448303222655,282.8704565429687,52.3611079103826,1.3863765057163846,2.4267999754974365,-1.040423469781052,295.35782179908875,283.95114426536435,11.406677533724405,0.012822263485515517,-0.004301891953662262,-0.005429427338295434,1,0.012166409910561131,284.7225341796875,294.4000244140625,1
2021-09-23,289.3197937011719,290.6139834033968,287.35918870442185,288.6340727004144,18604600.0,289.53616790771486,283.2102258300781,53.843403699411894,1.3445672994519668,2.2103534402883427,-0.8657861408363758,295.16368887158467,283.90864694384504,11.255041927739626,0.0032821072453463884,0.017872731967534694,0.007771178310518767,1,0.011742764148227256,288.3733215332031,294.786376953125,0
2021-09-24,289.1170349121094,289.5516344416462,286.7797471472576,288.0353256727739,14999000.0,289.54872436523436,283.5744744873047,53.45964712004728,1.2803136042546157,2.0243454730815973,-0.7440318688269816,295.1713256995833,283.92612303088544,11.245202668697857,-0.0007008120200442391,0.015434327125118052,0.012309550576385053,1,0.011571895119261526,289.3197937011719,289.6192321777344,0
2021-09-27,284.114013671875,286.3353779626891,282.9260497658529,286.0166717546301,23571700.0,289.28070678710935,283.84406005859375,44.94705357743001,0.8162805121666565,1.7827324808986091,-0.9664519687319526,295.38254440247744,283.17886917174127,12.203675230736167,-0.017304484468565695,-0.014770117563866592,-0.009495592023830324,1,0.01288698388494956,289.1170349121094,284.2396545410156,0
2021-09-28,273.82818603515625,280.8400207619936,273.08451820554654,279.8935103180058,43186200.0,288.31151428222654,283.9800341796875,33.23121041928161,-0.37710238299280263,1.350765508120327,-1.7278678911131296,297.1512029233081,279.47182564114496,17.67937728216316,-0.036203168945400654,-0.05354492849533954,-0.05427125106664288,1,0.016425065365949787,284.114013671875,284.7225341796875,1
2021-09-29,274.291748046875,276.9670477955747,273.33559962456496,275.35415155742265,26353700.0,287.44807586669924,284.08074462890625,34.06535109461329,-1.270812212932242,0.8264499639098133,-2.0972621768420554,298.04796067001143,276.84819106338705,21.199769606624386,0.0016928937025468827,-0.051277804746929556,-0.06830256351781405,1,0.014766547780144832,273.82818603515625,288.3733215332031,0
2021-09-30,272.2828674316406,277.9908142165164,271.99310493878147,275.9432889541892,32343600.0,286.4866058349609,284.10117614746093,32.18863193605317,-2.116782616374337,0.23780344785298319,-2.35458606422732,298.78916805119405,274.1840436187278,24.605124432466255,-0.007323882798293546,-0.041642248079667876,-0.07633836323807708,1,0.014479365181735647,274.291748046875,289.3197937011719,1
2021-10-01,279.2174377441406,280.0673606199404,271.67441643296945,272.4760308196086,30086300.0,285.9047027587891,284.1689141845703,43.715808855413364,-2.202271966035539,-0.2502116349247213,-1.9520603311108178,298.42465912075215,273.384746396826,25.039912723926136,0.025468257984468945,0.019681143081057728,-0.03591541333557002,1,0.017369606896249244,272.2828674316406,289.1170349121094,0
2021-10-04,273.4321594238281,277.91355990677107,270.66993975281525,277.5755184047133,31350700.0,285.03401947021484,284.0528894042969,37.92388714932399,-2.705657368489767,-0.7413007816377305,-1.9643565868520367,298.4484474867723,271.6195914536574,26.828856033114903,-0.020719616822835407,-0.0031338479161975297,-0.038022474853620314,1,0.017588120566904012,279.2174377441406,284.114013671875,1
2021-10-05,278.8889465332031,280.4728689293749,274.339933436935,274.339933436935,24993000.0,284.48253936767577,284.0579553222656,45.28715948822341,-2.6339146822745647,-1.1198235617650973,-1.5140911205094674,297.9551418313797,271.00993690397183,26.94520492740787,0.019956639778120566,0.02426182434420343,-0.020488675626927466,1,0.01909706899177386,273.4321594238281,273.82818603515625,1
2021-10-06,283.0903015136719,283.5925446758009,275.7501238068665,276.01088350495075,28002600.0,284.1396759033203,284.19544006347655,50.18642638332714,-2.2125390785953982,-1.3383666651311577,-0.8741724134642406,297.38562423704485,270.8937275695958,26.491896667449055,0.015064616338132941,0.013870422280287897,-0.018320072021374423,0,0.019301255322232046,278.8889465332031,274.291748046875,1
2021-10-07,284.77081298828125,286.4996316351916,283.8726113098916,285.0895192542269,20430500.0,284.0237777709961,284.37270385742187,52.03650197581095,-1.7231294814010312,-1.4153192283851324,-0.3078102530158988,297.2048872353089,270.8426683066833,26.362218928625566,0.005936308893747855,0.04146788581250194,-0.015723019343740763,0,0.01939507562156169,283.0903015136719,272.2828674316406,0
2021-10-08,284.77081298828125,286.4996316351916,283.71807723494913,286.0939760041724,17685700.0,283.9822479248047,284.54456787109376,52.03650197581095,-1.3200521105918028,-1.3962658048264665,0.07621369423466362,297.1484385464817,270.8160573031277,26.332381243354007,0.0,0.021090353447829724,-0.015032742450299952,0,0.01939920194270606,284.77081298828125,279.2174377441406,0
2021-10-11,284.1720275878906,287.7841696820927,282.7426094213775,282.90681109582425,19298600.0,283.84896392822264,284.7351104736328,51.249937724917366,-1.0369737795263063,-1.3244073997664345,0.2874336202401282,296.95064284185946,270.7472850145858,26.203357827273635,-0.002102692316347965,0.0038211343463014913,0.00020419237779178978,0,0.018588130708054183,284.77081298828125,273.4321594238281,0
2021-10-12,282.86822509765625,285.3407119645678,282.3563437417965,285.244124459348,17974100.0,283.5152755737305,284.90131225585935,49.49558132459004,-0.9073784335589608,-1.2410016065249398,0.3336231729659791,296.35734917042475,270.67320197703623,25.684147193388526,-0.0045880747000375255,-0.006681119706966943,0.03301354470989115,0,0.013779652181400669,284.1720275878906,278.8889465332031,1
2021-10-13,286.1808776855469,287.11772019165227,283.4572700524126,284.82874145878634,23416300.0,283.1043182373047,285.0894250488281,53.82090552666101,-0.5312459368745976,-1.0990504725948715,0.5678045357202739,295.01938626034786,271.18925021426156,23.830136046086295,0.011710939207636217,0.004951577313942135,0.04334483163758929,0,0.014008981343942455,282.86822509765625,283.0903015136719,1
2021-10-14,292.4007873535156,292.90300105132843,287.6489597728075,288.98179053840965,27262900.0,282.9850387573242,285.4136975097656,60.63746485556751,0.2656739806149062,-0.8261055819529161,1.0917795625678224,294.46992900730595,271.5001485073425,22.969780499963463,0.021734190342385995,0.02895696608660736,0.07388610275644991,0,0.014330713154560257,286.1808776855469,284.77081298828125,1
2021-10-15,293.8108825683594,294.0426984552366,290.2470191041672,292.00481133068763,25384800.0,283.19462127685546,285.7081408691406,62.00669339743518,0.9995000415914888,-0.46098445724403514,1.460484498835524,295.29273183596575,271.09651071774516,24.196221118220592,0.00482247406926084,0.03868464712473574,0.052265520886239925,0,0.01282152858140854,292.4007873535156,284.77081298828125,1
2021-10-18,296.7855529785156,297.67408703145924,292.34279429071773,293.19271693221856,22729300.0,283.8219161987305,286.0632336425781,64.78924553716462,1.8003403210404372,-0.008719501587140688,1.8090598226275778,297.29464975297304,270.34918264448794,26.945467108485104,0.010124439177177758,0.03705584866023459,0.08540836456069179,0,0.009055108441894777,293.8108825683594,284.1720275878906,1
2021-10-19,297.6934509277344,298.72685155917264,296.7179674190472,297.809344121962,17682100.0,284.4704620361328,286.4582696533203,65.61692801294507,2.479687495235339,0.4889618977773553,1.9907255974579838,299.2404916640257,269.7004324082399,29.540059255785764,0.0030591042593117734,0.018100715877416018,0.06742649584461913,0,0.00816387038293166,296.7855529785156,282.86822509765625,0
2021-10-20,296.9014892578125,299.1132160698903,295.6459108190313,298.6399462045998,16537100.0,284.8968704223633,286.8739044189453,64.19927366279077,2.9205045783260744,0.9752704338870992,1.9452341444389751,300.558482851098,269.2352579936286,31.323224857469427,-0.0026603261423917557,0.01051903408899113,0.04878721620024695,0,0.00803934352291024,297.6934509277344,286.1808776855469,1
2021-10-21,300.136962890625,300.38805498571867,295.8873492891924,296.66968729600904,16918100.0,285.43772888183594,287.3444171142578,67.30690101754216,3.4906924451506143,1.4783548361398022,2.012337609010812,302.3686362998497,268.5068214638222,33.86181483602752,0.01089746515216361,0.011292362038768156,0.05395970795285154,0,0.008266867567818557,296.9014892578125,292.4007873535156,0
2021-10-22,298.5917358398437,300.45575400646777,297.27821049915883,299.7893384796443,17449300.0,285.91146392822264,287.72888671875,64.43038405957714,3.7743748843935236,1.9375588457905466,1.836816038602977,303.73437187440345,268.08855598204184,35.64581589236161,-0.0051484063672104785,0.0030174829486839805,0.04853349508164384,0,0.008778103608589594,300.136962890625,293.8108825683594,0
2021-10-25,297.596923828125,298.8234996817424,295.9839979495355,298.7848587843714,17554500.0,286.58560943603516,288.03484985351565,62.576212071648236,3.8742621633852536,2.324899509309488,1.5493626540757655,305.092418672769,268.0788001993013,37.01361847346766,-0.003331679655904085,0.0023423074503632346,0.047242145379992495,0,0.008893098764844332,298.5917358398437,296.7855529785156,1
2021-10-26,299.5091857910156,301.7209126851576,298.0508236727138,300.36877617922386,28107300.0,287.8696594238281,288.34531982421873,64.68031584959796,4.060915405636308,2.672102688574852,1.3888127170614561,306.22068788097454,269.5186309666817,36.702056914292825,0.006425677854099865,-0.0020916354105913193,0.058829374305347626,0,0.008281176632432094,297.596923828125,297.6934509277344,1
2021-10-27,312.1227722167969,314.9526060458698,305.197858471987,305.197858471987,52588700.0,289.7612106323242,288.9373651123047,74.76062568953338,5.167087485175841,3.1710996478950504,1.9959878372807909,309.8415279130636,269.6808933515848,40.16063456147879,0.04211418889363361,0.04531617842300517,0.09064859518585555,1,0.014184391232159022,299.5091857910156,296.9014892578125,1
2021-10-28,313.2624206542969,313.7646343557651,310.3746108163514,313.2430854710019,26297900.0,291.81018829345703,289.5867810058594,75.44258232956548,6.065774460055195,3.7500346103270794,2.3157398497281156,312.6857429582576,270.93463362865646,41.75110932960115,0.0036512825687335937,0.05263998237837764,0.07134602300355408,1,0.01348836421427167,312.1227722167969,300.136962890625,1
2021-10-29,320.28387451171875,320.65088928161384,312.8277743410152,313.0499226160472,34766000.0,293.86351013183594,290.25995483398435,79.17582931314891,7.260864284156128,4.452200545092889,2.8086637390632383,317.3019176794269,270.425102584245,46.87681509518188,0.02241396795299133,0.0693624426437418,0.09010214908292258,1,0.014296415689693793,313.2624206542969,298.5917358398437,0
2021-11-01,318.1108093261719,320.1583345181861,315.21336134327663,320.0327737230289,27073200.0,296.0974426269531,290.74305541992186,75.35760444766781,7.941093398959026,5.149979115866117,2.7911142830929094,319.83550101615623,272.35938423775,47.47611677840621,-0.006784809846764106,0.01918487737003627,0.07185409172932355,1,0.015094116126134528,320.28387451171875,297.596923828125,1
2021-11-02,321.7422180175781,322.0512861434356,318.71920988669484,319.0186104228821,26487100.0,298.2401062011719,291.2931829833984,77.32546503369002,8.67322467056681,5.8546282268062555,2.818596443760555,323.0883620901771,273.3918503121667,49.696511778010404,0.011415546359768047,0.027069309320824075,0.08078366190085129,1,0.015079090514097228,318.1108093261719,299.5091857910156,1
2021-11-03,322.5824890136719,323.45171737063305,319.3470000703094,322.4859015352628,21500100.0,300.2147155761719,291.89932922363283,77.76787140873566,9.215021789941432,6.526706939433291,2.6883148505081405,326.1848233113029,274.2446078410409,51.940215470262046,0.002611628033371227,0.007176803719692204,0.08649670239127505,1,0.014757616697711924,321.7422180175781,312.1227722167969,1
2021-11-04,324.9391174316406,325.0357049205787,318.24602003675443,321.51048263206366,23992200.0,302.22313079833987,292.5643896484375,79.00510880027694,9.722485369347055,7.165862625416044,2.556622743931011,329.29466479530913,275.1515968013706,54.14306799393853,0.007305506337849765,0.02146518730354563,0.08263612152980282,1,0.014734486744702123,322.5824890136719,313.2624206542969,0
2021-11-05,324.5721435546875,327.20883201566943,322.98822053910783,326.93840469718674,22570100.0,304.2131973266602,293.27851440429686,78.27460646803925,9.979998971354178,7.72868989460367,2.2513090767505073,331.7087513063224,276.71764334699793,54.991107959324495,-0.0011293619551063783,0.008795630099605933,0.08700980166704597,1,0.014384615237854597,324.9391174316406,320.28387451171875,1
2021-11-08,325.4703369140625,326.1077790354794,323.00751780917733,325.76973752761745,20897000.0,306.2781127929687,293.9984338378906,78.79149379593542,10.139673212747482,8.210886558232433,1.928786654515049,333.6458581313145,278.91036745462293,54.7354906766916,0.002767314993634473,0.008952277320509516,0.09366163039385311,1,0.013951445259567727,324.5721435546875,318.1108093261719,0
2021-11-09,324.4658508300781,327.141150158709,323.09437933646785,325.5861712932559,21307400.0,308.35799407958984,294.6235101318359,76.59668360755443,10.069092338618077,8.582527714309562,1.4865646243085155,334.59240001604434,282.12358814313535,52.46881187290899,-0.0030862600060834744,-0.0014564777712922083,0.08332520744948435,1,0.014467177219903645,325.4703369140625,321.7422180175781,0
2021-11-10,319.4919128417969,323.19100453286666,318.6420195419929,323.1330579322974,25500900.0,310.02354583740237,295.18213806152346,66.6901751101128,9.502265063940229,8.766475184235695,0.7357898797045337,334.591324233028,285.45576744177674,49.13555679125125,-0.015329619359191304,-0.015652084794623322,0.023609750011708508,1,0.010268080312612534,324.4658508300781,322.5824890136719,1
2021-11-11,321.0662536621094,322.3604437580887,319.211903171357,319.92659768608763,16849800.0,311.45681915283205,295.7732177734375,68.09664388453648,9.075470141366395,8.828274175661836,0.24719596570455948,335.07110723470674,287.84253107095736,47.22857616374938,0.004927639032578757,-0.013531442815066685,0.02491148791965858,1,0.010293491320848527,319.4919128417969,324.9391174316406,1
2021-11-12,325.20953369140625,325.7021092362378,322.3797001550684,322.5052609389951,23831000.0,313.02675170898436,296.4602984619141,71.50648390253582,8.968180558879283,8.856255452305327,0.11192510657395616,335.9031033529323,290.1504000650364,45.75270328789588,0.012904750910562202,0.0022920219783548745,0.015379042067593218,1,0.008540530992602182,321.0662536621094,324.5721435546875,0
2021-11-15,324.5817565917969,326.3298810128746,322.6114839029454,326.001507143793,16723000.0,314.41656188964845,297.13501708984376,70.28079525205631,8.7318411964618,8.831372601136621,-0.09953140467482058,336.54232731171464,292.29079646758225,44.25153084413239,-0.0019303772939358588,0.01593105661025085,0.020341802528910824,1,0.008142167953995227,325.20953369140625,325.4703369140625,1
2021-11-16,327.9041748046875,329.0245248169212,324.0409110967214,324.2050832986667,20886800.0,315.9270980834961,297.8947296142578,72.92578574592972,8.712203078257517,8.807538696560801,-0.09533561830328452,337.3950572207987,294.4591389461935,42.93591827460523,0.010235998004869407,0.02129753926046174,0.019151844060367296,1,0.007998623931207805,324.5817565917969,324.4658508300781,1
2021-11-17,328.126708984375,331.0971955801469,327.04302085871814,327.95255114881303,19053400.0,317.48835906982424,298.6583123779297,73.09848512563184,8.61528473698121,8.769087904644884,-0.15380316766367486,337.6996051729263,297.2771129667222,40.42249220620408,0.0006786561342808639,0.008970140757733391,0.017186983669371214,1,0.008003614896276098,327.9041748046875,319.4919128417969,1
2021-11-18,330.2070617675781,331.3488322251063,326.1915979558552,327.2172336418868,22463500.0,318.9918640136719,299.52067810058594,74.72181138118714,8.607125748749922,8.736695473465891,-0.12956972471596906,338.26856628259554,299.71516174474823,38.553404537847314,0.006340089746556421,0.01733093453818424,0.016212096523114727,1,0.007934472324528112,328.126708984375,321.0662536621094,1
2021-11-19,331.98736572265625,333.91287583713864,331.1068912391703,331.5326300916386,21963400.0,320.6616455078125,300.4483972167969,76.05352987988188,8.64466502505644,8.718289383784002,-0.07362435872756201,338.2963311144217,303.0269599012033,35.26937121321839,0.005391477533969846,0.012452390764469135,0.02284614473305635,1,0.007949719435066718,330.2070617675781,325.20953369140625,0
2021-11-22,328.8136901855469,338.3347320880204,328.5427681495114,333.4484206328588,31031100.0,322.2224838256836,301.2879168701172,69.06804295878263,8.322390739714479,8.639109654970097,-0.3167189152556187,336.64927004712183,307.79569760424533,28.853572442876498,-0.00955962745811445,0.0020936460896407993,0.010272374752133384,1,0.008779850845442505,331.98736572265625,324.5817565917969,0
2021-11-23,326.7333984375,328.44603913072973,322.74696146941744,326.1238164638615,30427600.0,323.5836944580078,302.0317449951172,64.86254252678452,7.8091053825259,8.473108800481258,-0.6640034179553584,333.6639460293507,313.5034428866649,20.160503142685798,-0.006326657952936743,-0.010519651855668388,0.00698855550320876,1,0.009006636927465424,328.8136901855469,327.9041748046875,1
2021-11-24,326.95587158203125,327.197767255464,323.0855408071073,325.37870706672487,21661300.0,324.32534942626955,302.68286193847655,65.10723127194797,7.335713226656708,8.245629685716349,-0.9099164590596409,333.0095322525989,315.6411665999402,17.368365652658667,0.0006809011432413747,-0.01515567958338615,0.023361964545031588,1,0.007042958792444617,326.7333984375,328.126708984375,0
2021-11-26,318.99273681640625,326.97529607751204,317.4833097911147,323.5113621421092,24217200.0,324.611865234375,303.1669891357422,51.32889621271096,6.245988243157683,7.845701397204616,-1.599713154046933,332.1149538633706,317.1087766053794,15.006177257991226,-0.024355380825840545,-0.029867835988211855,-0.006458221074474246,1,0.01088471235447785,326.95587158203125,330.2070617675781,1
2021-11-29,325.7174987792969,328.03969227871653,323.8887525742175,324.0822810026243,28563500.0,324.88354644775393,303.88895446777343,59.184357395330004,5.857484002491219,7.448057918261937,-1.590573915770718,332.12918517845276,317.6379077170551,14.491277461397658,0.021081238494658816,-0.0031092617499812736,0.0015619624742386762,1,0.0122347734764732,318.99273681640625,331.98736572265625,0
2021-11-30,319.87322998046875,326.8301534505589,318.32509142216554,324.4499077650363,42885600.0,324.97166748046874,304.6016259765625,51.41743681835777,5.0201389068774915,6.9624741159850485,-1.942335209107557,331.9225580670796,318.0207768938579,13.901781173221707,-0.017942753523316646,-0.0216623777615369,-0.014506442570183298,1,0.01352752468922065,325.7174987792969,328.8136901855469,0
2021-12-01,319.3797607421875,328.28153551508353,318.71215568609364,324.2660722587236,33337600.0,324.8535446166992,305.2947705078125,50.811098385911336,4.2675246744183255,6.423484227671704,-2.1559595532533784,332.09419951321985,317.61288972017854,14.481309793041305,-0.001542702520968664,0.0012132687710817436,-0.025996662188206288,1,0.012902295236314053,319.87322998046875,326.7333984375,0
2021-12-02,318.808837890625,322.67916897611684,317.1736206447421,319.5925775731745,30766000.0,324.66486206054685,305.90348083496093,50.07534770646147,3.583693185906384,5.85552601931864,-2.2718328334122564,332.3173672760279,317.0123568450658,15.305010430962056,-0.0017875987202061738,-0.02121059173843498,-0.028397173526625963,1,0.012857098278209229,319.3797607421875,326.95587158203125,0
2021-12-03,312.5389709472656,321.9148518795967,307.7203973367994,321.2278467405146,41779300.0,324.04485473632815,306.3678643798828,42.75366333149921,2.506927640326637,5.18580634352024,-2.678878703193603,333.3408540694359,314.7488554032204,18.591998666215545,-0.01966654056657735,-0.022928642805310595,-0.05350609622258318,1,0.01342029951730216,318.808837890625,318.99273681640625,1
2021-12-06,315.6159362792969,316.8351004441159,308.8815661172776,313.44855956699024,30032600.0,323.59704437255857,306.89784240722656,46.86002623014122,1.8801948588484265,4.524684046585878,-2.6444891877374515,333.58539727406367,313.6086914710535,19.97670580301019,0.009845061314130987,-0.011784793294803975,-0.049313411092385184,1,0.013884191817356966,312.5389709472656,325.7174987792969,1
2021-12-07,324.0628662109375,324.91431432856854,319.3991097138028,320.88919559415706,31021900.0,323.5266708374023,307.69681945800784,56.15751674101204,2.0415673481476233,4.028060706898227,-1.9864933587506037,333.48101345532615,313.5723282194785,19.908685235847656,0.02676331883370331,0.016480184034656675,-0.014448376440556743,1,0.01695754615751772,315.6159362792969,319.87322998046875,1
2021-12-08,324.1112670898437,324.6240848803563,320.07643313181967,324.4402417546736,24761000.0,323.50894165039057,308.7024810791016,56.204800278333224,2.148594099640718,3.6521673854467256,-1.5035732858060076,333.4577917549339,313.56009154584723,19.89770020908668,0.00014935644886482358,0.03702673016265434,-0.008025293282522772,1,0.016868741825050246,324.0628662109375,319.3797607421875,0
2021-12-09,322.3018493652344,325.5819398325856,321.3536075534536,323.5693805212305,22214200.0,323.6494384765625,309.6626831054688,53.865965524512696,2.0636205497061724,3.334458018298615,-1.2708374685924428,333.4455995224609,313.85327743066415,19.592322091796746,-0.00558270541118755,0.021183699292107283,-0.014234404766238384,1,0.016928878815077125,324.1112670898437,318.808837890625,1
2021-12-10,331.4358825683594,331.88096247168323,323.9371144658651,324.12095759451194,38095700.0,324.167919921875,310.84574340820313,62.37709000528965,2.7021696131155295,3.2080003372619985,-0.505830724146469,334.4480294914494,313.8878103523006,20.560219139148785,0.028339996252315203,0.022751808757448533,0.03900761464394931,1,0.017156109660569414,322.3018493652344,312.5389709472656,0
2021-12-13,328.3975524902344,332.64525458766826,328.08791894886065,329.6360571274495,28899400.0,324.3273208618164,311.829345703125,58.5102641340745,2.9292894757867884,3.1522581649669568,-0.22296868918016832,334.76475275896087,313.88988896467197,20.8748637942889,-0.00916717301271186,0.013224734329283727,0.00822815390938958,1,0.016455397463535974,331.4358825683594,315.6159362792969,0
2021-12-14,317.6961669921875,323.7919570012172,313.6032806801942,322.4179762857992,44438700.0,323.98304138183596,312.71462585449217,47.37151300679245,2.2201783942658153,2.9658422108267284,-0.7456638165609131,334.8111235752157,313.15495918845625,21.65616438675943,-0.03258667860615405,-0.01428996570177199,-0.0068060180853964924,1,0.018806265161176276,328.3975524902344,324.0628662109375,1
2021-12-15,323.8016662597656,324.3241693819211,313.98070407195604,317.957456288933,35381100.0,323.77791595458984,313.6128802490234,52.88276304076897,2.1263542304391763,2.797944614749218,-0.6715903843100417,334.45548965585715,313.10034225332254,21.355147402534612,0.019218045107003867,-0.023033765232161274,0.013845290344329575,1,0.019800876002852835,317.6961669921875,324.1112670898437,0
2021-12-16,314.3677062988281,325.8432558694364,312.54864556031464,324.8272760169912,35034800.0,323.0899658203125,314.2384283447266,45.035137816084344,1.2760467065635908,2.493565033112093,-1.2175183265485021,334.31696397595863,311.86296766466637,22.453996311292258,-0.029134995103358152,-0.04272213993380314,-0.013930390453355312,1,0.022071728392803452,323.8016662597656,322.3018493652344,0
2021-12-17,313.3033752441406,314.3870930482203,306.9657181696841,310.4780493148756,47750300.0,322.2447814941406,314.80907958984375,44.2375426751984,0.5104056084915669,2.0969331481879876,-1.5865275396964207,333.7431727504278,310.74639023785346,22.996782512574327,-0.0033856246470678197,-0.01382702155218285,0.002445788742946764,1,0.02113745802217127,314.3677062988281,331.4358825683594,0
2021-12-20,309.5393981933594,312.3356969599319,307.275258122984,309.6748444223826,28326500.0,321.1223831176758,315.3044512939453,41.44223818561338,-0.39553251636789355,1.5984400152768115,-1.993972531644705,332.97462562678373,309.27014060856783,23.704485018215905,-0.012013841369720946,-0.04404630844291124,-0.019252950777999378,1,0.02118764629609414,313.3033752441406,328.3975524902344,1
2021-12-21,316.6802673339844,317.1060062417855,309.43305015002306,312.80993510182253,24740600.0,320.51571197509764,315.95461608886717,48.13767479483111,-0.5311636227307872,1.172519287675292,-1.703682910406079,331.9664189680498,309.06500498214547,22.901413985904355,0.02306933845030068,0.007356229627982103,-0.022781378697513843,1,0.02066114581651294,309.5393981933594,317.6961669921875,1
2021-12-22,322.39862060546875,322.79530359298326,315.1901164906838,317.6574409711616,24831500.0,320.2989730834961,316.74522399902344,52.792564869605584,-0.1752092300166055,0.9029735841369125,-1.078182814153518,331.43036705024747,309.1675791167447,22.26278793350275,0.018057182152917628,0.029030154412606368,-0.005284131279213455,1,0.02163194027503684,316.6802673339844,323.8016662597656,1
2021-12-23,323.8402709960937,325.48517347243245,321.9438170855123,321.96315811021344,19617800.0,320.14319305419923,317.4984118652344,53.91557903909187,0.22067255304312994,0.766513377918156,-0.545840824875026,330.98091240054293,309.3054737078555,21.675438692687408,0.004471639450309928,0.04620049301058926,0.0047732324027591755,1,0.0215937107125876,322.39862060546875,314.3677062988281,1
2021-12-27,331.3488464355469,331.37787274759296,324.5563941338415,324.5854204458875,19947000.0,320.76099853515626,318.277373046875,59.3407835464643,1.1272962351911247,0.8386699493727497,0.2886262858183749,332.625991152536,308.8960059177765,23.72998523475951,0.023186046060169385,0.04631983932896078,-0.00026260322852811324,1,0.020911069520299152,323.8402709960937,313.3033752441406,0
2021-12-28,330.1876525878906,332.6646623593274,329.28780761048364,332.0260541252137,15661500.0,320.98450622558596,319.0049084472656,58.1997073632066,1.732136405890742,1.0173632406763482,0.7147731652143938,333.37148363945516,308.59752881171676,24.773954827738407,-0.0035044451192381976,0.024159631848901686,0.005451015344304366,1,0.02070574737368206,331.3488464355469,309.5393981933594,1
2021-12-29,330.8650207519531,333.13881719368874,328.6685884299691,330.2360681753472,15042000.0,321.53409576416016,319.6864978027344,58.69862699376716,2.240309653504937,1.261952523242066,0.9783571302628711,334.6301616348949,308.43802989342544,26.19213174146944,0.0020514642469320332,0.02169202037242668,0.04145109424656512,1,0.0170938122428126,330.1876525878906,316.6802673339844,0
2021-12-30,328.3202819824219,332.0067709774389,327.83649046571844,330.8263184955509,15994500.0,321.9811218261719,320.2990344238281,55.994662349703084,2.4099213883568495,1.4915462962650228,0.9183750920918268,335.3598304667903,308.6024131855535,26.757417281236826,-0.0076911689357426205,-0.009140108636877642,0.013954887184030929,1,0.01657747163959387,330.8650207519531,322.39862060546875,0
2021-12-31,325.4175720214844,328.35900353644985,324.9628067599551,327.5365814817706,18000800.0,322.31155853271486,320.8693560791016,52.995779696683286,2.283789373042225,1.6499949116204633,0.6337944614217619,335.68699318501166,308.93612388041805,26.750869304593607,-0.008841092433920728,-0.014446574634212062,0.03514949373378884,1,0.013333898009538271,328.3202819824219,323.8402709960937,0
2022-01-03,323.8983459472656,327.04299008267594,319.0894581959837,324.47890153945974,28865100.0,322.87952728271483,321.3445837402344,51.44288639790342,2.037750080216597,1.7275459453396902,0.3102041348769067,335.4896336807868,310.26942088464284,25.220212796143983,-0.004668543449517393,-0.02105594235635555,0.033816969558240206,1,0.013413868101756248,325.4175720214844,331.3488464355469,0
2022-01-04,318.3444519042969,324.33379227694843,315.5481232153685,323.975761808593,32674300.0,323.01595306396484,321.73963806152346,46.122171989514726,1.3787163507264495,1.6577800264170421,-0.27906367569059265,335.3651136135786,310.6667925143511,24.69832109922754,-0.017147028110705453,-0.030384446607715554,0.028445663984386416,1,0.014147890691903885,323.8983459472656,330.1876525878906,0
2022-01-05,306.1239013671875,315.4997826044344,305.73687408915134,315.2965689226274,40054300.0,322.11900482177737,321.91017761230466,37.043295615624125,-0.12819121637261333,1.3005857778591112,-1.4287769942317246,336.47632972446524,307.7616799190895,28.714649805375757,-0.038387823202218785,-0.059288963820992135,-0.03333446082911029,1,0.017389156986811434,318.3444519042969,330.8650207519531,0
2022-01-06,303.7049255371094,308.3686822043641,301.392388231309,302.9985793895527,39646100.0,321.09868774414065,321.99409240722656,35.55151188314089,-1.500322667452167,0.7404040887968555,-2.2407267562490225,337.4996155226881,304.6977599655932,32.80185555709488,-0.007901950221053222,-0.06234493217647974,-0.05798317323210744,0,0.015712126193337082,306.1239013671875,328.3202819824219,1
2022-01-07,303.8598327636719,306.24007913929626,300.03786735804016,303.9662527408177,32720000.0,320.1765869140625,321.8288336181641,35.73000822774293,-2.5458994652679507,0.08314337798389426,-2.629042843251845,338.19700469124064,302.1561691368844,36.04083555435625,0.0005100583281241189,-0.04549983219113707,-0.061698435994277046,0,0.015471249454657549,303.7049255371094,325.4175720214844,1
2022-01-10,304.0823059082031,304.5177300797264,294.8128735433539,299.45726024091306,44289500.0,318.8089080810547,321.6452313232422,36.004139809574276,-3.318323321368837,-0.5971499618866519,-2.7211733594821848,337.34816652889845,300.269649633211,37.07851689568747,0.0007321571347809197,-0.006669180190982615,-0.08228952905875764,0,0.011956225199246821,303.8598327636719,323.8983459472656,1
2022-01-11,304.769287109375,306.3464225083594,299.84429345523614,303.221148489365,29386800.0,317.6274948120117,321.33493957519534,36.89917032065093,-3.8308811376350036,-1.2438961970363223,-2.5869849405986813,336.578878023572,298.67611160045146,37.90276642312051,0.002259194921322649,0.0035045910776168032,-0.07698157480843315,0,0.012355250144310761,304.0823059082031,318.3444519042969,1
2022-01-12,307.95263671875,312.92602760824207,306.80121056428135,309.3072765675064,34372200.0,317.1403182983398,321.13177612304685,41.01583561798759,-3.934858590227975,-1.782088675674653,-2.152769914553322,336.5548797010808,297.72575689559886,38.829122805481916,0.010445112890369979,0.013469381319186402,-0.06924994362090742,0,0.01335197983390314,304.769287109375,306.1239013671875,0
2022-01-13,294.9192810058594,310.4780318871743,294.1452264318281,310.08131932128936,45366000.0,315.69619903564455,320.5953173828125,31.85320432672323,-5.011178604652798,-2.4279066614702822,-2.583271943182516,337.10795891238917,294.28443915889994,42.82351975348922,-0.042322598214328155,-0.03013337088120449,-0.10173298090171223,0,0.01740678760055591,307.95263671875,303.7049255371094,1
2022-01-14,300.144287109375,300.7441839022073,293.9033643513381,294.3871558975955,39846400.0,314.9850280761719,320.14655334472656,37.84755444541786,-5.380532219039651,-3.0184317729841563,-2.3621004460554946,337.44521104085663,292.52484511148714,44.920365929369495,0.017716732814806457,-0.015175413650983072,-0.077664167780223,0,0.019583381743875816,294.9192810058594,303.8598327636719,0
2022-01-18,292.83892822265625,299.75713933010854,291.95842433213926,294.2129087897325,42333200.0,313.96180572509763,319.5045495605469,33.421092401937926,-6.191358896841223,-3.65301719775557,-2.538341699085653,338.41167769578584,289.5119337544094,48.899743941376414,-0.024339490040190648,-0.0490780291967331,-0.095892486371839,0,0.020203479451620193,300.144287109375,304.0823059082031,1
2022-01-19,293.4969177246094,303.73396167938847,292.8873652813076,296.36098446324274,45933900.0,313.15968170166013,318.8830450439453,34.1679169949183,-6.703575975910724,-4.263128953386601,-2.440447022524123,339.14185670850463,287.17750669481563,51.964350013689,0.002246933172261878,-0.004822890101992772,-0.0780523550231601,0,0.02035477605313643,292.83892822265625,304.769287109375,0
2022-01-20,291.82305908203125,301.54725709970177,291.37797913887493,299.050905777843,35380700.0,311.9168212890625,318.21009948730466,33.14923198742386,-7.162018810191796,-4.84290692474764,-2.3191118854441557,339.4389214703545,284.3947211077705,55.04420036258398,-0.005703155779471336,-0.027724092660512345,-0.046715863156345905,0,0.01731285519760239,293.4969177246094,307.95263671875,0
2022-01-21,286.4335021972656,294.2515573306793,286.02710447550794,292.8776064483582,57984400.0,310.11856536865236,317.44945251464844,30.04332548185438,-7.869515382727286,-5.44822861634357,-2.421286766383716,339.3150957784955,280.9220349588092,58.3930608196863,-0.01846857784891709,-0.021873546882128836,-0.05686909196253176,0,0.01784852730438888,291.82305908203125,294.9192810058594,1
2022-01-24,286.7625427246094,287.4785446299873,267.1012508783427,282.7277385199471,85731500.0,308.2646789550781,316.7948651123047,30.47163521014133,-8.307892480022815,-6.020161389079419,-2.287731090943396,338.4330983090936,278.0962596010626,60.336838708030996,0.0011487501455649252,-0.02294530059194322,-0.056267029055992346,0,0.017874312259557653,286.4335021972656,300.144287109375,0
2022-01-25,279.1379699707031,285.42725856382043,275.9256173154079,282.06974485682485,72848600.0,305.6541351318359,315.95629943847655,26.4330692566552,-9.164901508357673,-6.64910941293507,-2.5157920954226025,336.4107774665625,274.89749279710935,61.51328466945313,-0.02658845427112999,-0.043468426214264166,-0.08203152716498485,0,0.018855119597508595,286.7625427246094,292.83892822265625,1
2022-01-26,287.091552734375,298.4993649327911,283.530854268644,298.00588813814414,90428900.0,303.4993301391602,315.1939398193359,35.9669092559498,-9.097430167548055,-7.138773563857667,-1.9586566036903879,333.0955039928807,273.90315628543965,59.19234770744106,0.02849337467241253,0.0022973937478032447,-0.058003660876287166,0,0.022051076194718713,279.1379699707031,293.4969177246094,1
2022-01-27,290.1200866699219,297.33824766891416,288.27199957427445,292.84867784956623,53481300.0,301.4620834350586,314.50470642089846,39.198058315788366,-8.699301137382463,-7.450879078562627,-1.2484220588198358,328.7633038631818,274.1608630069354,54.6024408562464,0.010549017923731752,0.011708446693949437,-0.05790679449552627,0,0.02205957137494975,287.091552734375,291.82305908203125,1
2022-01-28,298.26708984375,298.47995924549656,284.90477344830566,290.4974009724275,49743700.0,299.959423828125,313.9119647216797,46.952765457764734,-7.63833596156411,-7.488370455162924,-0.14996550640118578,324.33346174258463,275.5853859136654,48.74807582891924,0.028081486074754913,0.06852926484725308,0.01135161060501888,0,0.020242114942315873,290.1200866699219,286.4335021972656,1
2022-01-31,300.89892578125,302.2535358676551,296.4383534812512,298.93473377389125,46444500.0,298.7334915161133,313.3674090576172,49.20649474295177,-6.51010184918141,-7.292716733966622,0.7826148847852119,320.14926035633835,277.31772267588826,42.83153768045008,0.008823755711294679,0.04809397181967934,0.002514252991928423,0,0.019627421921847202,298.26708984375,286.7625427246094,0
2022-02-01,298.7509155273437,300.5602908856212,295.2385847597286,300.347421459454,40950400.0,297.4761199951172,312.7382861328125,47.435156267327336,-5.723319794501663,-6.978837346073631,1.2555175515719679,315.5220974821286,279.4301425081058,36.09195497402277,-0.007138643809808332,0.02974915993059568,0.02018852937541271,0,0.017893154903518182,300.89892578125,279.1379699707031,1
2022-02-02,303.29852294921875,304.9047140821634,298.8670063271222,299.5926934910757,36636000.0,296.7238235473633,312.16450927734377,51.42217683986495,-4.678899988155649,-6.5188498744900345,1.8399498863343853,312.31472228919847,281.1329248055281,31.18179748367038,0.015222070244865327,0.016868884556135555,0.03339593921666428,0,0.018365617629536972,298.7509155273437,287.091552734375,0
2022-02-03,291.4842834472656,301.1407692601974,290.2360935174485,299.4571553114292,43730000.0,295.99184265136716,311.4179211425781,42.42027853699812,-4.749748020511561,-6.16502950369434,1.4152814831827794,311.11636588147604,280.8673194212583,30.249046460217755,-0.03895251248530207,-0.03128838798457101,-0.0011608939877173485,0,0.02270283764483378,303.29852294921875,290.1200866699219,1
2022-02-04,296.0223388671875,298.78961201270425,290.2458673031888,290.47807776902533,35096500.0,295.6077133178711,310.8036999511719,46.30839060885576,-4.389117436631238,-5.80984709028172,1.4207296536504819,310.31359098777114,280.9018356479711,29.411755339800038,0.01556878253006344,-0.009133283007149329,0.03347665896749086,0,0.022151617473296956,291.4842834472656,298.26708984375,0
2022-02-07,291.19403076171875,297.8606603333069,290.1780511909606,296.24481373026026,28533300.0,294.97442321777345,310.0884631347656,42.98276448620904,-4.4417178544076705,-5.53622124310691,1.0945033886992395,309.28998245624825,280.65886397929864,28.63111847694961,-0.01631062075904688,-0.03990949929395682,0.015453510751455068,0,0.02302998473568284,296.0223388671875,300.89892578125,1
2022-02-08,294.68707275390625,295.65465574286134,290.2265293484021,291.484375422728,32421200.0,294.5046615600586,309.60234985351565,46.00389628586521,-4.153663916201481,-5.259709777725824,1.1060458615243434,308.1969345958747,280.81238852424246,27.384546071632258,0.011995582406171712,0.010987862771750567,0.05570400467136416,0,0.020882042284224012,291.19403076171875,298.7509155273437,1
2022-02-09,301.12139892578125,301.81805963963785,297.42525551309234,299.8248416721582,31284700.0,294.32226715087893,309.1104278564453,51.13964839027337,-3.3673658492954814,-4.881240992039755,1.5138751427442738,307.55211995222146,281.0924143495364,26.459705602685062,0.021834436481196873,0.01722525427677768,0.04886889237172043,0,0.02016596673960071,294.68707275390625,303.29852294921875,0
2022-02-10,292.57769775390625,299.0991965098226,290.95216570355126,294.183888778049,45386200.0,293.5535202026367,308.56451721191405,45.016919078720996,-3.394494627119286,-4.583891719055662,1.1893970919363754,305.22041470067205,281.8866257046014,23.333788996070666,-0.02837294593593731,0.004751701085932369,0.008471013200752608,0,0.02258053041905631,301.12139892578125,291.4842834472656,0
2022-02-11,285.4756774902344,294.4258196414898,284.6822523965232,293.3614725070343,39175600.0,293.08134002685546,307.886435546875,40.65913237550446,-3.943608595141768,-4.455835094272883,0.5122264991311152,305.2428308407986,280.9198492129123,24.322981627886293,-0.024273963183774727,-0.03125822648950849,-0.04288576510474729,0,0.021674480855879114,292.57769775390625,296.0223388671875,0
2022-02-14,285.4369201660156,287.13987530826006,281.9052489238554,284.24678271615846,36359500.0,292.3459716796875,307.2189971923828,40.636013970715034,-4.331976435323384,-4.431063362482984,0.09908692715960044,304.4888370374696,280.20310632190547,24.285730715564114,-0.0001357640152025441,-0.05208689523799481,-0.05138604458320695,0,0.021259324944557113,285.4756774902344,291.19403076171875,1
2022-02-15,290.7296447753906,291.04893415052186,287.3914718484893,290.2845648945664,27058300.0,292.2405075073242,306.78281066894533,45.21696880578392,-4.164674330611547,-4.377785556108697,0.21311122549715034,304.40104160876376,280.07997340588463,24.321068202879133,0.018542536845957525,-0.0063164519808002195,-0.026849359566963105,0,0.02249506041108927,285.4369201660156,294.68707275390625,0
2022-02-16,290.39031982421875,291.7186447665817,284.7473355562415,289.29468550260657,29982100.0,292.0851776123047,306.27829833984373,44.97733512574831,-4.013205163986527,-4.304869477684264,0.29166431369773704,304.2569073863693,279.9134478382401,24.343459548129204,-0.0011671494712347519,0.017215625433282256,-0.042559399892498684,0,0.02164224067263691,290.7296447753906,301.12139892578125,0
2022-02-17,281.8870544433594,287.772404486028,281.1792477537465,287.3457853291852,32461600.0,291.58837738037107,305.4347821044922,39.349512631312145,-4.527121372494321,-4.349319856646275,-0.1778015158480457,304.54794395568786,278.6288108050543,25.91913315063357,-0.029282192967061138,-0.012436603227751974,-0.03292537385001948,0,0.020072364268359833,290.39031982421875,292.57769775390625,0
2022-02-18,279.1721496582031,284.92177229171386,277.60142923724896,284.1364120812368,34264000.0,291.22530975341795,304.5359997558594,37.726410995244485,-5.094744750938844,-4.49840483550479,-0.5963399154340543,305.1156332900448,277.3349862167911,27.780647073253704,-0.009631179376141774,-0.03975341120138087,-0.05692201903905747,0,0.019013728324236114,281.8870544433594,285.4756774902344,0
2022-02-22,278.9686584472656,282.6724757487211,275.8465973568757,276.33138926787194,41736100.0,290.83561553955076,303.6693359375,37.601216857246236,-5.4976370699552035,-4.698251282394873,-0.7993857875603307,305.61382530827177,276.05740577082975,29.556419537442025,-0.000728909424477453,-0.039332100959381,-0.041983595207887414,0,0.018681318466904805,279.1721496582031,285.4369201660156,0
2022-02-23,271.7452392578125,282.8276045097349,271.5804265828889,281.353818205858,37811200.0,290.4659790039062,302.47552307128905,33.368172924688295,-6.326869482360792,-5.0239749223880565,-1.302894559972735,306.6946718113748,274.23728619643765,32.45738561493715,-0.02589330009205526,-0.035978293524595695,-0.07785150967668175,0,0.01889028163027751,278.9686584472656,290.7296447753906,1
2022-02-24,285.629638671875,286.1823084436964,263.2613371745761,264.2212450912512,56989700.0,290.39288330078125,301.6201647949219,45.96109179264797,-5.796864501985681,-5.178552838307581,-0.6183116636780994,306.6947171038743,274.0910494976882,32.60366760618615,0.05109344123924098,0.023130849626576078,-0.05144689254623369,0,0.025216175669447505,271.7452392578125,290.39031982421875,1
2022-02-25,288.26690673828125,288.57718060139933,282.7790598404249,286.16292683070213,32546700.0,290.3002243041992,301.0315795898438,47.9724522185904,-5.105176942240803,-5.163877659094226,0.05870071685342282,306.62825279062633,273.9721958177721,32.65605697285423,0.009233173695380792,0.033330799032298186,-0.014733833264526264,0,0.024121069049852593,285.629638671875,281.8870544433594,1
2022-02-28,289.701904296875,290.04126448899723,284.0880067320678,285.35815893426843,34627500.0,289.8719650268555,300.3495843505859,49.0829761333327,-4.390605095119838,-5.009223146299348,0.6186180511795101,305.78574202291236,273.9581880307986,31.827553992113735,0.004978016987210454,0.06607904185591451,0.01480415720104622,0,0.022749968186319892,288.26690673828125,279.1721496582031,0
2022-03-01,285.9787292480469,290.84602885663736,283.2638770860494,287.3846078844976,31217800.0,289.12595520019534,299.7818048095703,46.32040251599342,-4.0777253886482185,-4.822923594769122,0.7451982061209037,304.2829621575211,273.96894824286954,30.314013914651582,-0.012851745168415474,0.0012221791050643915,0.0018981744958435076,0,0.023214662920898296,289.701904296875,278.9686584472656,1
2022-03-02,291.05926513671875,292.30033079862653,284.7666778653276,286.3761603919426,31873000.0,288.7413726806641,299.33692260742185,50.42112510190266,-3.380836996291805,-4.534506275073658,1.1536692787818534,303.2796948070102,274.203050554318,29.076644252692176,0.017765432771978062,0.009686711631358591,0.0011337693532518234,0,0.023148498593804204,285.9787292480469,271.7452392578125,0
2022-03-03,286.91912841796875,293.90981634147147,285.1059826322842,293.6771257975704,27314500.0,287.9224029541016,298.88451721191404,47.25321844641243,-3.1265810767528137,-4.25292123540949,1.1263401586566761,300.8437788343873,275.00102707381586,25.842751760571446,-0.014224377007223121,-0.009605652698970735,-0.011953536909739992,0,0.023607388663496483,291.05926513671875,285.629638671875,0
2022-03-04,281.0435485839844,286.6671524279959,278.43539536081005,285.33882734438663,32356500.0,287.4003662109375,298.1717828369141,43.1132995112094,-3.3604543906312756,-4.074427866453847,0.7139734758225718,300.54563890321424,274.2550935186607,26.290545384553525,-0.020478173994119775,-0.017257159918987908,-0.0029923540158333095,0,0.022575153156880013,286.91912841796875,288.26690673828125,0
2022-03-07,270.4266052246094,280.8787167872422,270.05815866809127,279.75399609499914,43157200.0,286.1205795288086,297.13234252929686,36.83360988164771,-4.352328344524551,-4.130007962067988,-0.22232038245656316,300.57743977764807,271.66371927996914,28.913720497678923,-0.03777686203034236,-0.070888174277557,-0.03132670806991711,0,0.02546827970071226,281.0435485839844,289.701904296875,0
2022-03-08,267.45965576171875,275.32296496007893,261.78758549153326,269.35032612555074,48159500.0,284.9338607788086,296.0047302246094,35.28680822923242,-5.316518113480356,-4.367309992350462,-0.9492081211298942,301.3004620256697,268.5672595319475,32.73320249372216,-0.010971366742655975,-0.06782215171064665,-0.04125554013703825,0,0.025577509705470302,270.4266052246094,285.9787292480469,1
2022-03-09,279.724853515625,280.79140133597923,272.2396673436956,274.8187631313371,35204500.0,284.18574981689454,294.9722503662109,45.47970507505861,-5.032930013479131,-4.500433996576196,-0.5324960169029351,300.0611609578935,268.3103386758956,31.7508222819979,0.04585812285959645,-0.004692137837724819,0.0293643203450642,0,0.028610457671000903,267.45965576171875,291.05926513671875,0
2022-03-10,276.90338134765625,277.88267026842374,272.04575796281966,274.4115443530493,30628000.0,282.97484893798827,293.90656494140626,43.771719058264985,-4.978464979715227,-4.5960401932040025,-0.38242478651122447,297.0959994257529,268.85369845022365,28.242300975529247,-0.01008659807131207,0.023950217907248605,-0.030550951801760595,0,0.023293137901031043,279.724853515625,286.91912841796875,0
2022-03-11,271.5513000488281,280.7041720750728,270.93075230973267,279.2012996634574,27209300.0,281.92352905273435,292.72029052734376,40.652902414669775,-5.306004957388268,-4.738033146040856,-0.5679718113474124,296.15877930911927,267.68827879634944,28.47050051276983,-0.019328334933218172,0.015298173758043987,-0.05798656140792913,0,0.023397004322671,276.90338134765625,281.0435485839844,0
2022-03-14,268.0317077636719,276.7191690212427,267.43057063229696,271.81307809759875,30660700.0,281.05133056640625,291.51451904296874,38.700081326212235,-5.782922501590292,-4.947011017150743,-0.8359114844395492,296.4029564446232,265.6997046881893,30.70325175643393,-0.012961058498056843,-0.04180231254031197,-0.0748017055179464,0,0.023172983328654945,271.5513000488281,270.4266052246094,1
2022-03-15,278.4159545898437,279.06558869061246,270.2520763750094,271.822797240653,34245100.0,280.70028228759764,290.5744866943359,46.81732211502734,-5.262300631266612,-5.010068939973917,-0.2522316912926952,295.95550564252926,265.44505893266603,30.51044670986323,0.03874260591335621,0.005462458547186744,-0.026445234853965438,0,0.02723761953134905,268.0317077636719,267.45965576171875,1
2022-03-16,285.4356384277344,285.6101563181774,274.5859990651866,280.31621026006894,37826300.0,280.43558197021486,289.8052325439453,51.49334954399787,-4.234461986465988,-4.854947549272332,0.6204855628063441,295.1600062967968,265.71115764363293,29.44884865316385,0.025212936694780863,0.051129706896669846,-0.019321242724717247,0,0.027941349088451056,278.4159545898437,279.724853515625,1
2022-03-17,286.24041748046875,286.6185396265509,280.5683485745352,284.3691285875564,30816600.0,280.2280868530273,289.16315185546875,52.01425972138296,-3.31672042309674,-4.547302124037214,1.2305817009404736,294.4954032358109,265.96077047024374,28.534632765567153,0.002819476422661671,0.06793490915206113,-0.002365513032338784,0,0.027603589053475514,285.4356384277344,276.90338134765625,1
2022-03-18,291.2920227050781,291.8446925132739,283.826245999044,286.38593157017544,43390600.0,280.6983352661133,288.86651428222655,55.261959934992355,-2.1569176940141688,-4.069225238032605,1.9123075440184358,295.75168981255604,265.64498071967057,30.106709092885467,0.017648119958300734,0.04624759430257219,0.036465786789022125,0,0.027072951936937255,286.24041748046875,271.5513000488281,0
2022-03-21,290.0606689453125,291.0108716421582,285.9302328335173,289.79889199333064,28351200.0,281.2427612304688,288.5936291503906,54.29728723688554,-1.3218877338992456,-3.519757737205933,2.1978700033066874,296.814617075564,265.67090538537354,31.143711690190457,-0.004227214148642577,0.01620340943777787,0.07260403873500376,0,0.02312281628162587,291.2920227050781,268.0317077636719,1
2022-03-22,294.8115539550781,295.72296480391606,289.6824490018245,290.6811188141461,27599700.0,282.0349060058594,288.41266357421875,57.388022149115265,-0.27360975600578286,-2.870528140965903,2.5969183849601203,298.64095428914095,265.42885772257785,33.212096566563105,0.016378935575927178,0.029943837247212723,0.1022655103457073,0,0.02232926939745391,290.0606689453125,278.4159545898437,0
2022-03-23,290.38055419921875,294.0068166256151,288.66440204897714,291.3695483106634,25715400.0,282.9666717529297,288.13862854003906,53.73786094791882,0.19733864792777922,-2.256954783187167,2.4542934311149462,299.2468010630216,266.6865424428378,32.560258620183845,-0.015029939282958149,-0.0031290541271781214,0.038093507064786314,0,0.019601637529360047,294.8115539550781,285.4356384277344,1
2022-03-24,294.8503723144531,294.9473365902291,289.2461804109756,290.04124604725905,24484500.0,283.4277084350586,287.9402502441406,56.72786591627467,0.9206331314508134,-1.6214372002595712,2.5420703317103843,300.4869751341038,266.36844173601344,34.118533398090335,0.015392966404244257,0.01651276399022472,0.06481318819384208,0,0.01923162737778533,290.38055419921875,286.24041748046875,0
2022-03-25,294.443115234375,296.20776433611707,290.18665898274526,295.9459874387846,22566500.0,283.7365188598633,287.6700598144531,56.37037860842402,1.4443375536754388,-1.0082822494725692,2.452619803148008,301.349621770554,266.12341594917257,35.22620582138143,-0.0013812330535021289,-0.0012497431520586133,0.0843001494797877,0,0.017297277336273453,294.8503723144531,291.2920227050781,1
2022-03-28,301.2496643066406,301.34659900415994,295.073391346538,295.073391346538,29578200.0,284.31390686035155,287.7966674804687,60.8149290468311,2.3811601745315443,-0.33039376467174647,2.7115539392032906,303.36942507780554,265.25838864289756,38.11103643490799,0.023116686110482343,0.03743057153877127,0.1239329362190893,0,0.01610045354576092,294.443115234375,290.0606689453125,1
2022-03-29,305.8163757324219,306.21390857071964,299.64980847038635,304.3620002900689,30393400.0,285.3057891845703,287.9101092529297,63.501409935179126,3.452298351053514,0.4261446584733057,3.0261536925802086,306.54477124957725,264.06680711956335,42.4779641300139,0.01515922494483779,0.03719175706610156,0.09841541294910305,0,0.013190738173274236,301.2496643066406,294.8115539550781,0
2022-03-30,304.3135070800781,306.3399629265181,302.10285756421536,304.2165723875433,28163600.0,285.96850128173827,288.1396008300781,61.99507195494808,4.132279783742035,1.1673716835270516,2.9649081002149837,308.6615790958076,263.27542346766893,45.38615562813868,-0.004914284425562299,0.033522236843087194,0.0661370414582032,0,0.012634223712669212,305.8163757324219,290.38055419921875,0
2022-03-31,298.932373046875,305.5546468387902,298.5251644290348,304.35234283001967,33422100.0,286.5691635131836,288.2483099365234,56.79963509711905,4.188673008598698,1.771631948541381,2.4170410600573176,309.95643047724803,263.18189654911913,46.7745339281289,-0.01768286292920651,-0.007692261716205184,0.04434019373686904,0,0.014778699775899976,304.3135070800781,294.8503723144531,1
2022-04-01,300.0085754394531,300.69697152169914,296.246586275612,299.96007850505373,27110500.0,287.51741485595704,288.4120202636719,57.56556349017074,4.270972472397489,2.271500053312603,1.9994724190848858,311.4628655330223,263.5719641788918,47.890901354130506,0.003600153377865789,-0.018991135707037365,0.029923760539093625,0,0.014033197836504115,298.932373046875,294.443115234375,1
2022-04-04,305.3897705078125,305.5254968355015,300.2897509219235,300.65819745176503,24289600.0,289.2655731201172,288.7911456298828,61.26374210676723,4.7160491805717015,2.7604098787644227,1.9556393018072789,313.0694686710527,265.46167756918175,47.60779110187093,0.01793680417460397,0.003536692925862006,0.0528479149490968,1,0.014500186454049518,300.0085754394531,301.2496643066406,0
2022-04-05,301.42413330078125,305.29276212664746,300.44484446442266,303.7414225568673,23156700.0,290.9637969970703,289.0843774414063,57.30053260205412,4.69466472538295,3.147260848088128,1.5474038772948218,313.08971159556614,268.83788239857444,44.25182919699171,-0.01298549457120668,0.00833553164051426,0.022429851398262146,1,0.01496366239944081,305.3897705078125,305.8163757324219,0
2022-04-06,290.39031982421875,297.6621976161441,287.6851730006055,295.9072534761738,40110400.0,291.4970703125,289.3094244384766,47.99687331396157,3.7442198210461584,3.266652642679734,0.47756717836642437,313.01965334060947,269.97448728439053,43.04516605621893,-0.036605607373687676,-0.0320599356239919,3.363043722726111e-05,1,0.01880568523290727,301.42413330078125,304.3135070800781,1
2022-04-07,292.2033996582031,294.4140490437468,287.33610072397653,287.63666926754246,31411200.0,292.26207122802737,289.41166137695313,49.4493132175111,3.1015332323703433,3.233628760617856,-0.13209552824751292,312.71654025822306,271.80760219783167,40.90893806039139,0.006243595981718197,-0.04317882300930587,-0.008977342085317197,1,0.018195074031738888,290.39031982421875,298.932373046875,0
2022-04-08,287.9372253417969,291.9609911189032,287.2682103313888,291.3016814124939,24361900.0,293.0813674926758,289.3680041503906,46.18089646731092,2.222337147826977,3.031370438059681,-0.809033290232704,311.3475648980107,274.81517008734085,36.53239481066987,-0.014600016021019901,-0.04474395534058395,-0.022095574852886157,1,0.01871856749530343,292.2033996582031,300.0085754394531,0
2022-04-11,276.5834655761719,283.7098823533749,276.3313643366069,282.9148461789771,34569300.0,293.50895538330076,288.93433166503905,38.82587132703766,0.6024694974616409,2.5455902499400733,-1.9431207524784324,309.69109693055486,277.32681383604665,32.36428309450821,-0.039431371723984254,-0.04754584882996282,-0.08187958910175297,1,0.01978591556546929,287.9372253417969,305.3897705078125,0
2022-04-12,273.480712890625,281.8966903613932,271.95845973176773,280.44231514730166,30966700.0,293.26219329833987,288.3859674072266,37.087503997896654,-0.9210363630386951,1.8522649273443197,-2.7733012903830145,310.47511007115605,276.0492765255237,34.42583354563237,-0.011218142339359694,-0.06407415789644633,-0.10573555050593297,1,0.01798292237916583,276.5834655761719,301.42413330078125,1
2022-04-13,278.87164306640625,279.8024350800084,272.7438673323913,274.1303944317771,21907200.0,292.9339935302734,287.98838195800784,41.95066677206957,-1.6741244578067267,1.1469870503141104,-2.821111508120837,310.96231121229533,274.9056758482515,36.056635364043814,0.019712286540430668,-0.031484578850925926,-0.08360412345081025,1,0.020424231295213303,273.480712890625,290.39031982421875,0
2022-04-14,271.318603515625,279.54068423967755,270.8241359315861,279.3273746344273,28221600.0,292.1879028320312,287.3487835693359,37.56886523797191,-2.847594075048505,0.3480708252415874,-3.1956649002900925,312.3690291175996,272.00677654646285,40.362252571136764,-0.027084286762647625,-0.019035346345014692,-0.09237463727931516,1,0.021098966383272952,278.87164306640625,292.2033996582031,1
2022-04-18,271.9876403808594,273.8686353439152,269.8739547714378,270.4266246459062,20778000.0,291.2226837158203,286.9588507080078,38.184782267122756,-3.681157426087566,-0.4577748250242433,-3.2233826010633226,313.2454189402137,269.19994849142694,44.04547044878677,0.0024658716968364303,-0.005459516665669795,-0.09340044702905115,1,0.02102396961663874,271.318603515625,287.9372253417969,1
2022-04-19,276.6221923828125,277.4657549794319,269.94177668947515,270.8822739757197,22297700.0,290.55075988769534,286.5708477783203,42.42235599302088,-3.922575761633766,-1.150735012346148,-2.771840749287618,313.47584994222296,267.6256698331677,45.85018010905526,0.017039568399003224,-0.00806625822137852,-0.09419954727744906,1,0.020895119096456718,271.9876403808594,276.5834655761719,1
2022-04-20,277.64996337890625,280.88839885014346,276.6900850216622,280.59750599779863,22906700.0,289.6926803588867,286.2999664306641,43.34981868675894,-3.9850320332520823,-1.717594416527335,-2.2674376167247474,313.1931013975079,266.1922593202655,47.000842077242396,0.0037154321829371284,0.02333551692085356,-0.07887281506471655,1,0.02126277284344325,276.6221923828125,273.480712890625,0
2022-04-21,272.2687683105469,284.37885800425323,271.5415806106492,279.8024222293234,29454600.0,288.78709106445314,285.8516003417969,39.740365011337175,-4.417820661389044,-2.257639665499677,-2.160180995889367,313.4774399733146,264.0967421555917,49.380697817722876,-0.01938122016250987,0.0010336055318316273,-0.06240411706781879,1,0.0192922421191482,277.64996337890625,278.87164306640625,0
2022-04-22,265.69500732421875,274.5861024440905,265.064783867457,273.1123163539271,29405800.0,287.3293228149414,285.1430725097656,35.81696306205447,-5.230957122099312,-2.852303156819604,-2.378653965279708,313.794567317006,260.8640783128768,52.930489004129186,-0.024144381403415904,-0.03950219960469337,-0.09071897303382448,1,0.0194971759162343,272.2687683105469,271.318603515625,1
2022-04-25,272.1814880371094,272.5596102250069,262.5341201377057,264.9774895553303,35678900.0,286.21624145507815,284.7351483154297,41.91099586594439,-5.29097774388282,-3.340038074232247,-1.9509396696505732,313.2573867206416,259.1750961895147,54.08229053112689,0.024413257810958378,-0.019695573790997067,-0.0547193482398276,1,0.022052899724528556,265.69500732421875,271.9876403808594,0
2022-04-26,262.0008239746094,269.89321735700565,261.78751444593183,269.0593898472077,46518400.0,284.25379943847656,284.26565124511717,36.11504903123166,-6.089839150620492,-3.8899982895098963,-2.1998408611105953,312.3232730855388,256.1843257914143,56.13894729412448,-0.03740395475063296,-0.03771253089236437,-0.05272419871948708,0,0.02171186570062677,272.1814880371094,276.6221923828125,1
2022-04-27,274.6054992675781,282.1197730129034,270.6689917758845,273.5195702477104,63477700.0,282.69325561523436,284.04902282714846,46.060869059112385,-5.640826677820655,-4.240163967172048,-1.4006627106486071,309.22216744133834,256.1643437891304,53.05782365220796,0.04810929638217587,0.03353654264374706,0.004112854486389095,0,0.027274279240298075,262.0008239746094,277.64996337890625,1
2022-04-28,280.82049560546875,282.129439349792,272.898984777169,276.515542164648,33646600.0,281.5186050415039,283.85083984375,50.17942232794148,-4.728970170150603,-4.337925207767759,-0.3910449623828445,306.1250744779338,256.912135605074,49.21293887285981,0.022632454027567306,0.03173987926460864,0.006988349613583411,0,0.027514504191664183,274.6054992675781,272.2687683105469,0
2022-04-29,269.07879638671875,281.062863571246,268.0898318904965,279.8314736159821,37073900.0,280.0259262084961,283.424609375,43.43216896905264,-4.897321047173818,-4.449804375648971,-0.44751667152484753,303.8349136371224,256.21693877986985,47.617974857252534,-0.041812116289568046,0.027015076917450198,-0.00825526558033185,0,0.029508863292364382,280.82049560546875,265.69500732421875,1
2022-05-02,275.8174743652344,276.27317988457435,267.81840889699976,269.26307913115687,35151100.0,278.81637115478514,283.3032177734375,47.772557026842236,-4.435851598724355,-4.447013820264048,0.01116222153969293,300.8322006415561,256.8005416680142,44.03165897354188,0.025043511673921826,0.004413513570881822,0.014080911834861931,0,0.030599188338527143,269.07879638671875,272.1814880371094,0
2022-05-03,273.209228515625,275.4877555840114,271.6288027279923,275.32291337509014,25978600.0,277.2073440551758,283.18395935058595,46.29200547499553,-4.2318156416604324,-4.4039741845433245,0.172158542882892,295.63014987409355,258.784538236258,36.84561163783553,-0.009456419886419432,-0.02710367373091238,-0.012337997316080651,0,0.03028049311699959,275.8174743652344,262.0008239746094,1
2022-05-04,281.1598815917969,282.03250097169206,268.3128980413791,273.99464411060274,33599300.0,276.1941314697266,283.22778381347655,51.251581367606576,-3.3894924596318106,-4.201077839561021,0.8115853799292108,291.06448148547156,261.3237814539816,29.74070003148995,0.02910096821900421,0.04489794575903794,0.012641522333286526,0,0.03173300631953016,273.209228515625,274.6054992675781,0
2022-05-05,268.9140319824219,277.64028485633924,265.99557571933246,276.85492446483426,43260400.0,275.12031707763674,283.17115966796877,44.444044806470444,-3.667802841871435,-4.094422840023104,0.4266199981516694,288.7881119672998,261.45252218797367,27.335589779326142,-0.043554754469395385,-0.025029024715348624,-0.012321414420542798,0,0.03433249580085163,281.1598815917969,280.82049560546875,0
2022-05-06,266.37371826171875,270.7562255668046,263.0189376361337,266.4512719319163,37780300.0,273.8288330078125,282.7860412597656,43.1632488317326,-4.04670007243584,-4.084878286505651,0.038178214069811034,285.53657185072734,262.1210941648976,23.415477685829728,-0.009446564398205792,-0.025019324167943724,0.0025544738094072095,0,0.033522720743452174,268.9140319824219,269.07879638671875,0
2022-05-09,256.53240966796875,264.0757687100623,255.3107544822512,261.84573831970226,47726000.0,272.2585922241211,282.1513513183594,38.53066714865946,-5.082502291069602,-4.284403087418442,-0.7980992036511605,284.3925293246307,260.12465512361155,24.26787420101914,-0.03694549393976121,-0.0875924110666102,-0.05749501364694953,0,0.03431878073275385,266.37371826171875,275.8174743652344,1
2022-05-10,261.3027648925781,265.42349495118094,257.00751689764115,263.42615521933493,39336400.0,271.4945571899414,281.58336853027345,41.7918511342573,-5.455566834291687,-4.518635836793091,-0.936930997498596,284.3461156956935,258.6429986841893,25.70311701150422,0.018595526509822546,-0.028303718603799988,-0.0026643392621501505,0,0.033057116953721745,256.53240966796875,273.209228515625,0
2022-05-11,252.625,263.106196550313,251.4130204767044,257.5989686979002,48975900.0,270.45177154541017,280.9162939453125,37.85719259626425,-6.377925521018483,-4.89049377363817,-1.4874317473803131,285.6582183111879,255.24532477963243,30.412893531555483,-0.03320961757195939,-0.05161439481131658,-0.08004391509348519,0,0.029812217705156248,261.3027648925781,281.1598815917969,0
2022-05-12,247.58319091796875,251.9754036684089,242.41530828868,249.8520131079963,51033800.0,268.8873489379883,280.0467724609375,35.75114310307461,-7.430083900114425,-5.398411798933421,-2.0316721011810044,286.54696103901495,251.22773683696164,35.319224202053306,-0.01995768068097481,-0.034885333832021526,-0.11835783074108619,0,0.027948827502576632,252.625,268.9140319824219,1
2022-05-13,253.17770385742188,255.03931767520345,247.58321627668957,249.52238377509423,34925100.0,267.9803039550781,279.37194396972654,39.75606516120021,-7.7234652572262235,-5.863422490591982,-1.8600427666342414,286.8680610241919,249.09254688596437,37.77551413822752,0.022596497438740704,-0.031094431926491417,-0.05909455796154184,0,0.027778291039813354,247.58319091796875,266.37371826171875,1
2022-05-16,253.54612731933597,257.7347358357674,248.00010759554567,252.0529601965687,32550900.0,267.05822830200196,278.8219955444336,40.02121782017837,-7.835915841964834,-6.257921160866553,-1.5779946810982812,286.85226313693033,247.26419346707362,39.58806966985671,0.0014551971058303081,0.003646223926119685,-0.08074668618133651,0,0.025806953184495014,253.17770385742188,256.53240966796875,1
2022-05-17,258.70428466796875,260.168335678037,254.4768850892092,258.0158590570985,28828800.0,266.16233291625974,278.5875491333008,43.75378755037927,-7.423243026219893,-6.490985533937221,-0.9322574922826723,285.7648096459461,246.55985618657337,39.204953459372746,0.02034405890229274,0.04491861385567453,-0.05309097326786205,0,0.027307606574982907,253.54612731933597,261.3027648925781,0
2022-05-18,246.9255523681641,256.17748993343446,245.65244205477623,255.59437895473812,31356000.0,264.62611236572263,278.1768670654297,37.94653097461098,-7.954942479096815,-6.78377692296914,-1.1711655561276748,285.17933143379526,244.07289329765004,41.106438136145215,-0.04552971480515655,-0.024694715980119297,-0.121761074267829,0,0.027118881881506532,258.70428466796875,252.625,0
2022-05-19,246.0120391845703,250.41449629814895,244.7875238225752,246.75063363367587,32692300.0,263.31327590942385,277.5026107788086,37.53048579182866,-8.35373435592129,-7.097768409559571,-1.2559659463617194,285.06541056137706,241.56114125747064,43.504269303906426,-0.003699549013184922,-0.029714861806099058,-0.08516473695708304,0,0.024896031997537846,246.9255523681641,247.58319091796875,0
2022-05-20,245.44839477539065,251.26002017736235,239.50072692589916,249.99660787697096,39199300.0,262.3009452819824,276.8735110473633,37.259044943121076,-8.61594196891295,-7.4014031214302465,-1.2145388474827028,285.36070190255117,239.24118866141364,46.119513241137525,-0.0022911253085333705,-0.051239545218940696,-0.07855626156694806,0,0.024971065160229924,246.0120391845703,253.17770385742188,1
2022-05-23,253.31057739257807,254.1366489134325,246.29387790737587,248.2958846153238,33175400.0,261.35739974975587,276.5086965942383,43.407583033086006,-8.09600525214887,-7.540323547573972,-0.5556817045748987,284.2666027180941,238.44819678141766,45.81840593667641,0.032031917032425916,0.02585809756494517,-0.012559162717727279,0,0.025565114405274772,245.44839477539065,253.54612731933597,0
2022-05-24,252.30958557128903,253.9714268912015,246.36191797727767,250.62831809064025,29043900.0,260.87283782958986,276.19425415039063,42.832061202030545,-7.6762364569277395,-7.567506129444726,-0.10873032748301359,284.1146572282859,237.6310184308938,46.48363879739213,-0.003951638465288787,0.02559852927357742,-0.03441670173289668,0,0.024625142243664872,253.31057739257807,258.70428466796875,1
2022-05-25,255.12799072265625,257.12998318042,249.88977695272675,250.8713470155716,28547900.0,259.8989624023437,275.7284948730469,45.041532625337325,-7.035049252506639,-7.461014754057109,0.4259655015504702,282.37721614218657,237.42070866250089,44.95650747968568,0.011170424401378387,0.03943637910577236,0.009907929629515033,0,0.022530055155022485,252.30958557128903,246.9255523681641,1
2022-05-26,258.41278076171875,259.588701272369,254.06864585399157,254.88498957150392,25002100.0,258.77857666015626,275.18803771972654,47.58418546805233,-6.190488570684465,-7.206909517382581,1.0164209466981156,279.1046798579526,238.45247346235993,40.65220639559266,0.012875067254511263,0.020142085741778226,0.04374121604781389,0,0.021468803098881252,255.12799072265625,246.0120391845703,1
2022-05-27,265.54608154296875,265.64327166838257,260.02602645530493,260.9201340875451,26910800.0,258.60194091796876,274.7741510009766,52.701769194938414,-4.889210611542467,-6.743369736214559,1.8541591246720923,278.6260910784744,238.5777907574631,40.04830032101131,0.02760428783833091,0.05246132818025573,0.04885255493316332,0,0.021989900516862403,258.41278076171875,245.44839477539065,0
2022-05-31,264.214599609375,267.0329346223984,261.35738262383785,264.8560186937053,37827700.0,258.0217971801758,274.2326025390625,51.68735263335619,-3.9201884261590294,-6.178733474203454,2.2585450480444242,276.6402233157797,239.40337104457188,37.236852271207795,-0.005014127588918282,0.03561588385884562,0.04207704689806735,0,0.022199962407255157,265.54608154296875,253.31057739257807,1
2022-06-01,264.7491455078125,269.8707409098893,262.436157371953,267.4508644163128,25292200.0,257.59879302978516,273.7263720703125,52.08609019996275,-3.0736666602293212,-5.557720111408628,2.4840534511793066,275.1729186328535,240.0246674267168,35.148251206136706,0.002023150496708981,0.02452032259169279,0.023365909256593653,0,0.021477970161734,264.214599609375,252.30958557128903,1
2022-06-02,266.84832763671875,266.9163636856067,254.23383914437693,257.0035944057548,44008200.0,256.8832153320312,273.1671075439453,53.702076351768774,-2.2079536919075053,-4.887766827508404,2.6798131356008987,271.4738796140272,242.29255105003523,29.181328563991997,0.007928947702096734,0.004904030540323623,0.08068332773778697,0,0.013275824874636561,264.7491455078125,255.12799072265625,0
2022-06-03,262.416748046875,265.75018841702905,260.85209677085874,262.69859051173177,28059000.0,256.55835113525393,272.60783142089844,49.87757784746603,-1.8580430009089355,-4.28182206218851,2.423779061279575,270.32937957218303,242.78732269832483,27.5420568738582,-0.016607110222840893,-0.006804512563492016,0.06668254495462755,0,0.01503619049622447,266.84832763671875,258.41278076171875,0
2022-06-06,261.1824951171875,266.4595892028753,259.6955782848042,264.3992892425282,22400300.0,256.29878997802734,271.9344738769531,48.83444417818436,-1.6611810920855419,-3.757693868167917,2.096512776082375,269.50409161718045,243.0934883388742,26.41060327830624,-0.004703407609742305,-0.013471810773114434,0.06410349660748471,0,0.015212586750274933,262.416748046875,265.54608154296875,1
2022-06-07,264.8269348144531,265.439199996227,258.45165391231484,259.13195514945534,22860700.0,256.71351623535156,271.3421502685547,52.024962316544,-1.197289180922553,-3.2456129307188446,2.0483237497962916,270.4330984135838,242.9939340571193,27.439164356464516,0.013953613911339868,-0.007575062733829463,0.04546338941080674,0,0.012683591963811894,261.1824951171875,264.214599609375,0
2022-06-08,262.7957763671875,265.3128433735348,262.0182850385352,264.0591589961378,17372300.0,256.78816680908204,270.5730725097656,50.148086218483655,-0.9822265149109626,-2.792935647557268,1.8107091326463056,270.62258697500613,242.95374664315793,27.6688403318482,-0.007669757793665188,0.0014443754948323395,0.041560810193379094,0,0.01301007960662746,264.8269348144531,264.7491455078125,0
2022-06-09,257.3340148925781,265.03098582947564,257.1785166356976,260.23981256874225,26439700.0,257.02361755371095,269.6034252929687,45.404603460868685,-1.2382327316523742,-2.481995064376289,1.243762332723915,270.72626808434717,243.32096702307473,27.40530106127244,-0.020783292449030877,-0.01473483214440785,0.00864673516878045,0,0.014884849322094596,262.7957763671875,266.84832763671875,0
2022-06-10,245.86627197265625,253.2425331361121,245.41921820228916,253.2425331361121,31422800.0,256.9377716064453,268.4344805908203,37.40448308327651,-2.3395021915814027,-2.453496489817312,0.11399429823590923,270.8950669937382,242.98047621915242,27.914590774585804,-0.044563649794641336,-0.07159642902290653,-0.04855219912915831,0,0.019985068253127996,257.3340148925781,262.416748046875,0
2022-06-13,235.4384002685547,242.00806063802048,234.72895987314584,238.20815546124877,46135800.0,256.05080642700193,267.1646011352539,31.9002897855936,-4.007512164313596,-2.7642996247165685,-1.2432125395970273,272.82209848514174,239.27951436886212,33.54258411627961,-0.04241277837922108,-0.10410127771767586,-0.11338025061214185,0,0.01963962148078648,245.86627197265625,261.1824951171875,1
2022-06-14,237.6056365966797,238.8204389978934,234.70953699521195,236.99337144114608,28651500.0,255.25378189086913,265.91654235839843,34.07167723412692,-5.0958029809990535,-3.2306002959730655,-1.865202685025988,273.8420959451895,236.66546783654877,37.17662810864073,0.009205109810689116,-0.07666447944759214,-0.10070966196430864,0,0.020671906313772696,235.4384002685547,264.8269348144531,1
2022-06-15,244.67086791992188,248.11119593878212,239.48123665527143,241.31801692665343,33111700.0,254.5521110534668,264.7021643066406,40.7088995864643,-5.326772455681976,-3.6498347279148478,-1.676937727767128,273.6197399376816,235.484482169252,38.13525776842957,0.029735116659858285,-0.004862009104149578,-0.07583887588901828,0,0.024091473245595237,237.6056365966797,262.7957763671875,0
2022-06-16,238.07211303710935,240.453122742363,236.1770242851373,239.05366802425112,33169200.0,254.10943908691405,263.4351239013672,36.96577369177672,-5.973423887117434,-4.114552559755365,-1.8588713273620687,274.24586937716197,233.97300879666616,40.2728605804958,-0.026969924694803638,0.011186419741004316,-0.10783734286236446,0,0.024121042572629425,244.67086791992188,257.3340148925781,1
2022-06-17,240.6766357421875,243.44639103289649,237.1585728805667,237.80970516091955,43084800.0,253.84266891479493,262.44085021972654,39.33672039552839,-6.204218224308562,-4.532485692666005,-1.671732531642557,274.5348322535811,233.15050557600873,41.384326677572375,0.01094005791712438,0.012924773963677527,-0.08284575000069772,0,0.02497767937781806,238.07211303710935,245.86627197265625,1
2022-06-21,246.5951690673828,247.57672404798697,242.48426715302716,243.2131485780948,29928300.0,253.90000762939454,261.5286856079102,44.45000560350109,-5.842202944322423,-4.794429142997289,-1.0477738013251345,274.5049816858789,233.2950335729102,41.209948112968675,0.024591225097292835,0.007864856015840527,-0.05585108620414869,0,0.02707933899380347,240.6766357421875,235.4384002685547,0
2022-06-22,246.0023193359375,249.9285685083653,243.32002647994867,244.7972301666433,25939900.0,253.5345947265625,260.68998748779296,44.049480139095,-5.539287783943479,-4.943400871186527,-0.5958869127569519,274.42564687779407,232.64354257533094,41.782104302463125,-0.0024041417100240103,0.0333101017068389,-0.07108270724692256,0,0.026262255820149173,246.5951690673828,237.6056365966797,1
2022-06-23,251.57095336914065,252.06660217631952,246.48823975143517,248.37361521052824,25861400.0,253.49766311645507,260.18973724365236,48.72325210315675,-4.794613786309071,-4.913643454211036,0.11902966790196512,274.39985563781966,232.59547059509046,41.804385042729194,0.022636510290777734,0.045265372741137844,-0.04271310274927376,0,0.027879491577228983,246.0023193359375,244.67086791992188,1
2022-06-24,260.1620483398437,260.43416284351514,254.350423997837,254.4378861963467,33923200.0,253.74936599731444,259.9233639526367,54.9724747443221,-3.471210755897715,-4.625156914548372,1.1539461586506565,274.84437600678575,232.65435598784313,42.19002001894262,0.034149788978606654,0.05501680881977733,0.01098973817528992,0,0.02956657403315483,251.57095336914065,238.07211303710935,0
2022-06-27,257.43121337890625,260.74516813613343,255.86653250823528,260.65770592471864,24615100.0,253.70028762817384,259.4945553588867,52.77090871862166,-2.612642956808088,-4.222654123000315,1.6100111661922272,274.7562018835492,232.6443733727985,42.111828510750684,-0.01049666920430381,0.046458480854245865,0.04703752699978381,0,0.025329553509022443,260.1620483398437,240.6766357421875,0
2022-06-28,249.2580108642578,259.3943143434112,249.1025126077075,256.546824812342,27295500.0,252.8858840942383,259.0533435058594,46.737861152763315,-2.5621955318316623,-3.8905624047665848,1.3283668729349225,273.29619302233783,232.47557516613873,40.82061785619911,-0.031749073499562463,-0.009193996659419446,0.058697351748651316,0,0.023256099514231937,257.43121337890625,246.5951690673828,1
2022-06-29,252.93161010742188,254.59345163425627,248.5583062489517,250.3367789003784,20069800.0,252.3217346191406,258.67222290039064,49.53074741668558,-2.2004217346680264,-3.5525342707468734,1.352112536078847,272.061038334027,232.58243090425424,39.47860742977275,0.014738139129115702,-0.02779205606106261,0.06450172533893639,0,0.023407114251998155,249.2580108642578,246.0023193359375,0
2022-06-30,249.5981292724609,252.22211413062385,245.77879792014835,249.81193566577983,31730900.0,251.56418380737304,258.1317416381836,47.11641135371397,-2.157823393415157,-3.2735920952805304,1.1157687018653735,270.48348810633195,232.6448795084141,37.83860859791784,-0.013179376170282642,-0.030427872376594944,0.020138324576310707,0,0.022597312361018283,252.93161010742188,251.57095336914065,1
2022-07-01,252.27069091796875,252.4553432396003,247.4406506324261,249.17054274453085,22837700.0,250.83530197143554,257.62415618896483,49.25218224794165,-1.8866622438640945,-2.9962061249972436,1.109543881133149,268.4192099606684,233.25139398220264,35.16781597846577,0.010707458638804512,0.012086592696720189,0.05963981963165166,0,0.020202715537287644,249.5981292724609,260.1620483398437,1
2022-07-05,255.4486541748047,255.57499836951445,247.56701562367115,248.94702936825868,22941000.0,250.48689727783204,257.28775390625,51.747683197339605,-1.399200886902804,-2.676805077378356,1.277604190475552,267.40253802604235,233.57125652962173,33.831281496420615,0.01259743351584719,0.009951480822479208,0.06137703556917318,0,0.020254537508533833,252.27069091796875,257.43121337890625,1
2022-07-06,258.7140808105469,260.44395858678126,255.011364729628,256.3233575149123,23824400.0,250.3634765625,257.14813537597655,54.23781787171325,-0.7408515350146558,-2.289614368905616,1.5487628338909603,266.9988640956647,233.7280890293353,33.270775066329406,0.01278310369765201,0.03652251547180074,0.04914496820435499,0,0.019386158636977447,255.4486541748047,249.2580108642578,1
2022-07-07,260.84228515625,261.4837041851286,257.55745573180474,257.6546458255596,20859900.0,250.16424407958985,256.92135131835937,55.83743850895171,-0.0468367213708234,-1.8410588393986576,1.7942221180278342,266.1861074243222,234.14238073485754,32.04372668946465,0.008226086261078347,0.03397776494403981,0.06032449555911401,0,0.01922716667860957,258.7140808105469,252.93161010742188,0
2022-07-08,260.12322998046875,260.55084282770747,255.8762852396449,257.33404822115955,19658800.0,250.0306167602539,256.88379943847656,55.1361762095703,0.4400803034601495,-1.3848310108268962,1.8249113142870457,265.6688340001966,234.39239952031116,31.276434479885467,-0.002756666448273548,0.018299473218070794,0.03399548515753725,0,0.018453182058311306,260.84228515625,249.5981292724609,0
2022-07-11,257.0619201660156,259.0250302011665,254.79751184488788,258.1698045515523,19455200.0,250.0170120239258,256.5329278564453,52.13419854783799,0.5723457900983249,-0.9933956506418521,1.5657414407401768,265.6302441924797,234.40377985537182,31.2264643371079,-0.0117686906113037,-0.006386048410488732,-0.011916143010138214,0,0.015447897245543393,260.12322998046875,252.27069091796875,0
2022-07-12,246.52713012695312,258.4516342534548,244.9430231030509,258.3933261127936,35868500.0,250.05005493164063,255.847060546875,43.3808846847333,-0.170931974655673,-0.8289029154446164,0.6579709407889434,265.6307730778137,234.46933678546753,31.161436292346195,-0.04098152706654845,-0.05488049999532019,-0.04235726938016526,0,0.019882052920973774,257.0619201660156,255.4486541748047,0
2022-07-13,245.60386657714844,246.4104970693473,241.12367518210107,243.14510795246755,29497400.0,250.5583282470703,255.3775619506836,42.70417157533068,-0.8249748145510125,-0.8281172952658957,0.0031424807148832112,264.80539947858466,236.31125701555598,28.49414246302868,-0.003745078885756814,-0.055817250171814714,-0.014660087651503284,0,0.017375085367427455,246.52713012695312,258.7140808105469,1
2022-07-14,246.9255523681641,247.9557022452831,239.0147611564183,243.5143931814368,25102800.0,251.02432403564453,254.79972351074218,44.04970890198857,-1.22256649422215,-0.9070071350571466,-0.31555935916500333,264.1084899737248,237.94015809756428,26.168331876160494,0.005381372082757796,-0.03943161939856854,-0.02374577751158491,0,0.01664998090525103,245.60386657714844,260.84228515625,1
2022-07-15,249.49124145507807,253.0384582835576,247.59615280932707,248.5193996029873,29774100.0,251.26534271240234,254.32536376953124,46.668018259755215,-1.3154672107437761,-0.9886991501944726,-0.3267680605493035,264.0465721447347,238.48411328007,25.562458864664677,0.010390536995088073,0.012023469086743122,-0.0004282396574621927,0,0.01660283297922669,246.9255523681641,260.12322998046875,0
2022-07-18,247.0907745361328,253.4952083584324,246.1675278035935,252.43590436877287,20975000.0,251.7162757873535,253.64398162841798,44.566637010281475,-1.5647518316296214,-1.1039096864815026,-0.46084214514811883,263.17138841395985,240.26116316074717,22.910225253212673,-0.009621447650608128,0.0060540901888339604,-0.020533167618430603,0,0.016400791592902246,249.49124145507807,257.0619201660156,1
2022-07-19,252.22213745117188,252.40678979239573,246.53685617166212,250.32703380524785,25012600.0,252.29355087280274,253.31014373779297,49.77310838244887,-1.3328888737834745,-1.149705523941897,-0.18318334984157758,262.5679398050133,242.0191619405922,20.548777864421083,0.020767116557355303,0.02145012953179748,-0.012630783802935586,0,0.01738016272044864,247.0907745361328,246.52713012695312,1
2022-07-20,254.88494873046875,257.4117434464244,251.61957438364064,252.58168831471332,22788300.0,252.70803985595703,253.08036834716796,52.277968736296614,-0.9236222506406193,-1.1044888692816415,0.18086661864102216,262.69426141333196,242.7218182985821,19.972443114749865,0.01055740509618186,0.021618824147627835,-0.014800632683313997,0,0.017195428657161775,252.22213745117188,245.60386657714844,1
2022-07-21,257.382568359375,257.43117824236685,249.79248658053865,252.4747793308648,22404700.0,253.2770523071289,253.0973715209961,54.566686412438315,-0.39320584045194096,-0.9622322635157015,0.5690264230637605,262.9624240667443,243.59168054751353,19.370743519230757,0.009799007910613833,0.04165187406354254,-0.013263634746960462,1,0.017299686740075527,254.88494873046875,246.9255523681641,0
2022-07-22,253.02870178222656,257.8587564276535,251.77504728863897,257.77129422983967,21881300.0,253.3499397277832,252.93189025878905,50.05961624419814,-0.32047344158149826,-0.8338804991288609,0.5134070575473626,263.00474975683085,243.69512969873554,19.309620058095305,-0.016915934147759715,0.0031978332243371987,-0.027273720223968012,1,0.018006460943170786,257.382568359375,249.49124145507807,0
2022-07-25,251.54183959960935,254.13667066328307,249.57872953188092,253.65074968687145,21056000.0,252.91892929077147,252.91022705078126,48.58377950446466,-0.3784473380418376,-0.7427938669114562,0.3643465288696186,262.0756294155952,243.76222916594776,18.31340024964743,-0.005876258986211358,-0.013116149649128994,-0.02147373894523663,1,0.017768425074921664,253.02870178222656,247.0907745361328,0
2022-07-26,244.8069610595703,252.5622698571869,242.5425825526762,252.5428140385053,39348000.0,252.2877166748047,252.85470245361327,42.47532617891033,-0.9568109599663899,-0.785597285522443,-0.17121367444394686,261.84491835145263,242.73051499815676,19.11440335329587,-0.02677438692012135,-0.048859592084906756,-0.006977605533707298,0,0.014591376765002759,251.54183959960935,252.22213745117188,1
2022-07-27,261.1727600097656,262.4458704154243,251.5612598766569,253.8062120978265,45994000.0,252.8834541320801,253.01460357666016,56.71671402250921,-0.09350720379521249,-0.6471792691769969,0.5536720653817844,263.0752874788952,242.69162078526503,20.383666693630147,0.06685185290222573,0.03218630206840478,0.06339026192703168,0,0.025729737642485304,244.8069610595703,254.88494873046875,1
2022-07-28,268.6268310546875,270.01655789466145,260.32729267977885,262.15436025094607,33459300.0,253.66821517944337,253.3162176513672,61.403615003732654,1.1785627421309073,-0.282030866915416,1.4605936090463234,265.9556228372563,241.38080752163043,24.574815315625898,0.02854076759246693,0.06792107222509425,0.08788591734794204,1,0.02664816936923249,261.1727600097656,257.382568359375,1
2022-07-29,272.8348999023437,274.0594302515586,268.84064371868607,269.880521724503,32152800.0,254.8300537109375,253.5988299560547,63.78756568765907,2.497454229012817,0.2738661522702306,2.2235880767425864,269.5181493210426,240.14195810083243,29.37619122021016,0.015665109963641344,0.11448995862480071,0.09356504184724557,1,0.026735824866896168,268.6268310546875,253.02870178222656,0
2022-08-01,270.1817932128906,273.3597057500872,268.072883106756,269.99714086754074,21539600.0,255.7256088256836,254.06395477294922,61.220119376251894,3.2906689146873873,0.8772267047536619,2.4134422099337254,271.7991022345028,239.6521154168644,32.14698681763841,-0.009724220363313885,0.034494536117733565,0.09345156135475685,1,0.02674392468025351,272.8348999023437,251.54183959960935,0
2022-08-02,267.08160400390625,270.0651658211096,264.71030734261404,268.22837035337625,22754200.0,256.3072563171387,254.48534606933595,58.26877816208008,3.6273243706708627,1.4272462379371023,2.2000781327337604,273.1233295706638,239.49118306361356,33.632146507050265,-0.011474456409953482,-0.005752318354478425,0.05891420437118078,1,0.02714684878182399,270.1817932128906,244.8069610595703,1
2022-08-03,274.51617431640625,275.5171702565812,268.8211655336045,268.9669655407717,23518900.0,257.0973609924316,255.06670166015624,62.889164951764116,4.442819873983581,2.0303609651463983,2.4124589088371824,275.6833136499803,238.511408334883,37.17190531509729,0.027836324932327683,0.006162241028051518,0.07701994834813397,1,0.028001030170094154,267.08160400390625,261.1727600097656,1
2022-08-04,275.6629638671875,275.8087342283953,272.28097285411656,273.8650503235912,18098700.0,257.8383949279785,255.51374938964844,63.55938205029448,5.122592213974883,2.6488072149120954,2.473784999062788,278.0713517468962,237.60543810906083,40.46591363783537,0.004177493561670742,0.020286972667984182,0.07102421746871435,1,0.028012704311916235,274.51617431640625,268.6268310546875,0
2022-08-05,274.9437561035156,275.66290951585654,270.83285477841,271.28962159231065,16774600.0,258.57942123413085,255.96643280029298,62.79346010296226,5.539427562290825,3.2269312843878417,2.3124962779029836,280.13517785820335,237.02366461005838,43.11151324814497,-0.002609011212759027,0.02943726554635484,0.08661094242245548,1,0.026989087554051425,275.6629638671875,272.8348999023437,0
2022-08-08,272.4266967773437,277.8690167147474,271.4548549906023,276.05164766060443,18739200.0,259.34766006469727,256.3124069213867,60.06540567303899,5.602089526407383,3.70196293279175,1.9001265936156329,281.71233592035566,236.98298420903888,44.72935171131678,-0.009154815376946623,-0.0076114915424044804,0.08302736916839648,1,0.027204362837738416,274.9437561035156,270.1817932128906,1
2022-08-09,274.3509216308594,275.1089570301665,269.7929813266096,271.7658486047469,23405200.0,260.7388496398926,256.63116973876953,61.444432661943104,5.740841600267345,4.109738666286869,1.6311029339804755,283.2017850299914,238.27591424979371,44.9258707801977,0.00706327564911291,-0.004759588368063339,0.1206826817481712,1,0.02430191929257065,272.4266967773437,267.08160400390625,1
2022-08-10,281.01776123046875,281.64945243011664,278.8602713803168,280.0556473980552,24687800.0,262.5095443725586,256.9406033325195,65.84516137135716,6.315955454111986,4.550982023851893,1.7649734302600928,285.49813579509595,239.5209529500212,45.977182845074736,0.02430040897977981,0.022091809659668282,0.0759841923022948,1,0.01582086149201998,274.3509216308594,274.51617431640625,0
2022-08-11,278.93798828125,283.0100072925939,278.44236919212585,282.6601585238004,20065900.0,264.1101661682129,257.23507110595705,63.413517638737844,6.52865871739607,4.946517362560728,1.5821413548353416,286.99321595522906,241.22711638119677,45.766099574032296,-0.007400859433625229,0.02390107717390122,0.038384688476868156,1,0.014530096442206526,281.01776123046875,275.6629638671875,1
2022-08-12,283.6903076171875,283.6903076171875,278.8602532940369,280.35689778158826,22619700.0,265.8201194763184,257.6138943481445,66.46138187301037,7.000008301270157,5.357215550302614,1.6427927509675424,289.18402330616163,242.45621564647513,46.727807659686505,0.01703718939546439,0.03404175182212188,0.039787460177306055,1,0.014659774952620823,278.93798828125,274.9437561035156,1
2022-08-15,285.2064208984375,285.89642028825256,281.94101695182127,282.80597041000163,18085700.0,267.7259017944336,257.9810562133789,67.39458338838645,7.410470621028821,5.767866564447855,1.642604056580966,290.88517728789753,244.56662630096966,46.318550986927875,0.0053442547755133685,0.014905320039659387,0.055609326990098795,1,0.013843463057606758,283.6903076171875,272.4266967773437,0
2022-08-16,284.46783447265625,285.7604008093183,282.2423378738208,283.76810711776506,18102900.0,269.3381866455078,258.42207794189454,66.4249317395246,7.588689525665984,6.132031156691482,1.4566583689745025,292.44531350750196,246.23105978351364,46.21425372398832,-0.002589655672739055,0.019824643554217314,0.06509707223600358,1,0.012883998372051566,285.2064208984375,274.3509216308594,0
2022-08-17,283.7179260253906,285.69495138930665,281.91619637542664,282.1791399463547,18253400.0,270.7798355102539,258.8727865600586,65.39612367193968,7.58201717281446,6.4220283599160775,1.1599888128983826,293.6971230831828,247.86254793732502,45.8345751458578,-0.0026361801103306215,9.7354077533085e-05,0.033519889062633146,1,0.010662936656705351,284.46783447265625,281.01776123046875,0
2022-08-18,282.5978698730469,284.2924541204875,281.53628785834775,282.6173372625879,17186200.0,272.0406005859375,259.22820526123047,63.806535429082736,7.401035583096359,6.617829804552134,0.7832057785442252,294.6432506344095,249.4379505374655,45.20530009694403,-0.003947780699071868,-0.009146186180428062,0.025157191624771702,1,0.01090008653290318,283.7179260253906,278.93798828125,0
2022-08-19,278.682861328125,281.7019722471869,278.1082610446249,281.36109961223826,20570000.0,273.32330856323244,259.5459469604492,58.457782082920055,6.862590230496153,6.666781889740938,0.1958083407552147,294.3193057179893,252.3273114084756,41.99199430951373,-0.013853637844760236,-0.020336123960219887,0.013599527691043889,1,0.012013498020310685,282.5978698730469,283.6903076171875,0
2022-08-22,270.5020751953125,275.08915876957286,269.9859068077309,274.71907016692614,25061100.0,274.2713203430176,259.8093081665039,49.180381504532335,5.7099268555508615,6.475410882902922,-0.7654840273520609,292.81700406416167,255.7256366218735,37.091367442288174,-0.02935518206546739,-0.04658095107073146,-0.007064731925315648,1,0.01525066164499488,278.682861328125,285.2064208984375,0
2022-08-23,269.2262268066406,271.58305961695726,268.2133575622362,269.2262268066406,17527400.0,275.4922836303711,260.2765072631836,47.90353053366098,4.639995543827297,6.108327815087798,-1.4683322712605014,288.5092064406897,262.4753608200525,26.03384562063718,-0.0047165937183685225,-0.04731685724458312,-0.01867934247771197,1,0.015046218509464677,270.5020751953125,284.46783447265625,0
2022-08-24,268.5931701660156,269.99559523146576,267.9308924197896,268.22308164579806,18137000.0,275.8633041381836,260.9396026611328,47.24804912022237,3.6983525841783376,5.626332768905907,-1.927980184727569,287.5850555668531,264.1415527095141,23.443502857339013,-0.0023513929089815644,-0.03620492165906697,-0.04421283199343207,1,0.011955979375029901,269.2262268066406,283.7179260253906,1
2022-08-25,271.57330322265625,271.73885036051576,267.3562796674805,270.09294921143464,16583400.0,276.01062774658203,261.6189559936523,50.67005874510495,3.1561830723428557,5.132302829593297,-1.9761197572504416,287.43516942695425,264.5860860662098,22.84908336074443,0.011095341906119938,0.0039601471691863566,-0.026402588991098708,1,0.012845823130435812,268.5931701660156,282.5978698730469,0
2022-08-26,261.0940856933594,273.024417273925,260.9869704514699,271.7972879434224,27549300.0,275.4235870361328,261.9474203491211,40.67753455777033,1.8594895143245367,4.477740166539545,-2.618250652215008,288.52417027966214,262.32300379260346,26.201166487058686,-0.03858706803998779,-0.03020560518838966,-0.07965101844198197,1,0.0152223296852605,271.57330322265625,278.682861328125,0
2022-08-29,258.3087463378906,260.4221028280278,256.9647531378231,258.91256247792984,20338500.0,274.82993469238284,262.3521530151367,38.50401400922427,0.600178436075339,3.7022278204467036,-3.1020493843713646,289.77328983197077,259.8865795527949,29.886710279175873,-0.010667952696331806,-0.03828996776711879,-0.09430949862845195,1,0.014467459592036257,261.0940856933594,270.5020751953125,0
2022-08-30,256.10772705078125,260.0812452565468,253.8580095108411,259.71118642639124,22767100.0,274.28124084472654,262.6607748413086,36.82932819839447,-0.5688808240440153,2.84800609154856,-3.4168869155925754,291.0203115828971,257.542170106556,33.47814147634108,-0.008520885639041631,-0.05694807254008749,-0.09969530465350751,1,0.014260894930163862,258.3087463378906,269.2262268066406,0
2022-08-31,254.6468963623047,260.13970413279804,254.51053542030976,258.464616362346,24791800.0,273.2877769470215,262.82180938720705,35.71891079439402,-1.5948609736564663,1.9594326785075546,-3.554293652164021,292.08509231430105,254.49046157974192,37.59463073455913,-0.00570396959630548,-0.024692973469443324,-0.1024645501619954,1,0.014108603389457408,256.10772705078125,268.5931701660156,0
2022-09-01,253.6047515869141,254.08198505075543,248.74497714961947,252.11467873957707,23263400.0,272.1848663330078,262.9738580322266,34.91026476056386,-2.463650577530416,1.0748160272999605,-3.5384666048303766,292.7962566939498,251.57347597206584,41.222780721883936,-0.004092509236428565,-0.018210745155424535,-0.10259496400010915,1,0.014101023976755996,254.6468963623047,271.57330322265625,0
2022-09-02,249.3780212402344,257.83150643317526,247.8295164198684,254.8708577090445,22855400.0,270.9065795898438,262.92999938964846,31.768865551244502,-3.4534254734342085,0.16916772715312678,-3.6225932005873354,293.7276550834336,248.0855040962539,45.64215098717969,-0.01666660549627408,-0.026276855790502873,-0.10515479835477459,1,0.01419918639303204,253.6047515869141,261.0940856933594,0
2022-09-06,246.64138793945312,251.1018587980026,245.36557504291272,249.51441895694776,21328200.0,269.61731414794923,262.65958618164063,29.893266069791636,-4.407841789393387,-0.746234176156176,-3.6616076132372113,294.74599137295985,244.48863692293864,50.25735445002121,-0.010973835172687463,-0.03143768307099859,-0.08820888800439364,1,0.012659033388612875,249.3780212402344,258.3087463378906,1
2022-09-07,251.3550720214844,252.0757520218553,246.6121606696536,248.05353553100247,24126700.0,268.46752166748047,262.5380633544922,36.813075910731804,-4.7293516624256995,-1.5428576734100807,-3.1864939890156188,294.7045721423885,242.23047119257245,52.474100949816034,0.019111488632996165,-0.008870809996076479,-0.06637969486528283,1,0.015502831670194858,246.64138793945312,256.10772705078125,1
2022-09-08,251.7738342285156,253.63399578598168,248.1411738313004,250.7902106845793,20319900.0,267.0053253173828,262.5883798217773,37.40419009301404,-4.893945584469293,-2.213075255621923,-2.68087032884737,293.53954628582676,240.4711043489389,53.068441936887865,0.0016660185277479478,0.009607153735385676,-0.06262011773085707,1,0.015680111912104337,251.3550720214844,254.6468963623047,1
2022-09-09,257.558837890625,258.3087635581357,253.49767178964203,253.7021834620477,22084700.0,265.9363677978516,262.6809243774414,45.05168792170957,-4.5056477032301245,-2.6715897451435637,-1.8340579580865608,292.1825815733067,239.69015402239643,52.49242755091029,0.022976985197194155,0.0442644685159328,-0.05160472390226489,1,0.01749294359416745,251.7738342285156,253.6047515869141,1
2022-09-12,259.6916809082031,260.47082249672275,258.24057242382844,258.84438857917326,18747700.0,264.73643646240237,262.88279541015623,47.59381123139471,-3.9799379805922968,-2.9332593922333103,-1.0466785883589864,289.79363390656897,239.67923901823576,50.11439488833321,0.008280993325819663,0.03316666268029844,-0.005371262169466706,1,0.013318031468862363,257.558837890625,249.3780212402344,0
2022-09-13,245.41421508789065,253.6047411322067,245.02464434806197,252.08545239838548,33353300.0,262.746826171875,262.7456658935547,35.690417357656855,-4.661644867546613,-3.278936487295971,-1.3827083802506421,287.300737113517,238.19291523023298,49.10782188328403,-0.05497852595963337,-0.025259253647671787,-0.04991906558646986,1,0.021777002531752482,259.6916809082031,246.64138793945312,1
2022-09-14,245.6382598876953,247.5958031065258,243.3398440584392,246.9140727462819,23913000.0,260.80534744262695,262.5494580078125,35.961082745964035,-5.124749027226784,-3.648098995282134,-1.4766500319446498,284.29997133076597,237.31072355448794,46.989247776278035,0.0009129251120372217,-0.046282931312152775,-0.040879153798471846,0,0.02180655630083925,245.41421508789065,251.3550720214844,0
2022-09-15,238.97674560546875,244.83964133633745,237.65223458820603,243.2521867435892,31530900.0,258.5682884216309,262.15471130371094,31.690311423333,-5.960581071971745,-4.110595410620056,-1.8499856613516892,281.4217332289725,235.71484361428924,45.70688961468329,-0.027119204822865006,-0.07976741969665468,-0.06153678281843611,0,0.023016295396937194,245.6382598876953,251.7738342285156,0
2022-09-16,238.35345458984372,238.8988388738056,235.7433821243887,237.8859696087846,39791800.0,256.3560676574707,261.70493469238284,31.31556593748779,-6.597229608879076,-4.60792225027186,-1.9893073586072152,278.0112749099538,234.70086040498762,43.31041450496616,-0.0026081659704833005,-0.02877078858499804,-0.06013805696319352,0,0.02303537446827723,238.97674560546875,257.558837890625,0
2022-09-19,238.13919067382807,238.74300685593585,234.5649620689847,236.14268298899876,26826900.0,254.32888412475586,261.26525390625,31.17907119256219,-7.0379384945270544,-5.0939254991229,-1.9440129954041545,274.8028648596252,233.85490338988654,40.94796146973863,-0.0008989335454959724,-0.030528913603669827,-0.04506744624290515,0,0.022757514244357898,238.35345458984372,259.6916809082031,0
2022-09-20,236.12315368652344,237.15549012531744,233.38648429597592,235.75308006506768,26660300.0,252.6099380493164,260.84647857666016,29.860257766100403,-7.4638422700814715,-5.567908853314615,-1.895933416766857,273.13650831732997,232.08336778130285,41.053140536027115,-0.008465792554346652,-0.011940876974098402,-0.042645860618947595,0,0.022690284157352778,238.13919067382807,245.41421508789065,0
2022-09-21,232.7145233154297,241.1972397263064,232.6658251086804,237.89570341294743,28625600.0,250.78435287475585,260.5702264404297,27.72496563427326,-7.984383066627856,-6.0512036959772635,-1.9331793706505929,271.56786405844946,230.00084169106228,41.56702236738718,-0.014435815877756109,-0.02365785419018762,-0.0741602250399842,0,0.021313362268147843,236.12315368652344,245.6382598876953,1
2022-09-22,234.6915435791016,237.49639378843935,231.3705399433188,231.6626994562865,31061200.0,249.08927154541016,260.35197998046874,30.815192603306684,-8.143513036431074,-6.469665564068026,-1.6738474723630477,269.30871866477764,228.86982442604267,40.438894238734974,0.008495474349884846,-0.014477445249440724,-0.06784775988242575,0,0.02174360302736281,232.7145233154297,238.97674560546875,0
2022-09-23,231.71136474609372,234.83760483620225,229.06234322705092,233.28908533441933,34176000.0,247.09617462158204,260.04769622802735,28.815151731459324,-8.413119010432183,-6.858356253340858,-1.554762757091325,265.86392071093104,228.32842853223303,37.53549217869801,-0.012698279569682946,-0.018684270777980516,-0.1003556055626702,0,0.019081835549322707,234.6915435791016,238.35345458984372,0
2022-09-26,231.2536773681641,235.14929632525457,230.71802678944272,230.8641214166978,27694200.0,245.60415420532226,259.68294494628907,28.509118166358633,-8.564983436046418,-7.19968168988197,-1.365301746164448,264.4278742030902,226.78043420755435,37.64743999553585,-0.0019752478624911474,-0.0062774163230264746,-0.10950679452104362,0,0.018225501388252376,231.71136474609372,238.13919067382807,0
2022-09-27,230.2408142089844,235.49015995931185,228.38065266127447,233.71764626825265,27018700.0,244.20075759887695,259.34594573974607,27.805328787935935,-8.667157087775081,-7.493176769460593,-1.173980318314488,263.2107406954521,225.1907745023018,38.01996619315031,-0.0043798791470337495,-0.0189641659100388,-0.06182771798068898,0,0.009896016541815253,231.2536773681641,236.12315368652344,1
2022-09-28,234.7792053222656,236.00631985347115,228.604638436388,230.6303619280171,29029700.0,243.13433151245118,258.997087097168,35.48994471960985,-8.28639975074492,-7.651821365717459,-0.6345783850274609,261.74154366514364,224.52711935975873,37.21442430538491,0.019711496977081522,0.013239922778641278,-0.04420750485040248,0,0.01278568416390612,230.2408142089844,232.7145233154297,0
2022-09-29,231.3023834228516,233.6884471428816,228.29302124296956,232.65611046193365,27484200.0,241.96710586547852,258.52543579101564,32.62489990485848,-8.171007005722998,-7.755658493718567,-0.41534851200443157,260.46764235732337,223.46656937363363,37.00107298368974,-0.01480890053546946,0.00021061742776073977,-0.03211342661468375,0,0.01079718958740129,234.7792053222656,234.6915435791016,0
2022-09-30,226.8223876953125,234.26301864836012,226.6568256876074,232.07173317953664,35694800.0,240.62798767089845,257.9142321777344,29.338340544400666,-8.344861272011258,-7.873499049377105,-0.47136222263415295,259.43975097031,221.81622437148692,37.62352659882308,-0.019368567073297593,-0.01484717870468033,-0.04837801455143065,0,0.011934917196142897,231.3023834228516,231.71136474609372,1
2022-10-03,234.45782470703125,235.3051170474284,228.53648230029808,229.2669108311526,28880400.0,239.8819778442383,257.54281463623045,40.36479722240886,-7.776879054954549,-7.854175050492594,0.07729599553804523,258.4280793346979,221.33587635377867,37.09220298091921,0.033662625146047453,-0.0013688632040185222,-0.015458883337850393,0,0.017102255003259344,226.8223876953125,231.2536773681641,1
2022-10-04,242.3854217529297,243.8267966387145,238.58718426741396,238.6943143855835,34888400.0,239.6691795349121,257.35968627929685,49.224144817075334,-6.610852436163782,-7.605510527626832,0.9946580914630498,257.9965434841099,221.34181558571433,36.65472789839558,0.033812465230385946,0.04791579821214742,0.026521194421788907,0,0.02012696970202516,234.45782470703125,230.2408142089844,1
2022-10-05,242.69705200195312,244.04104526402548,237.73014687189743,239.57082618879335,20347100.0,239.23627853393555,257.3174880981445,49.541478582018975,-5.5971020746686975,-7.203828837035205,1.6067267623665078,256.83355792347635,221.63899914439475,35.1945587790816,0.0012856806600403115,0.06998720218025767,0.04289602790708846,0,0.019224721122667793,242.3854217529297,234.7792053222656,0
2022-10-06,240.34991455078125,243.80727892274643,239.6584505927513,241.46016522278583,20239900.0,238.66508255004882,256.90103118896485,47.15126879069089,-4.926304612910826,-6.74832399221033,1.8220193792995039,255.31348064062163,222.016684459476,33.29679618114562,-0.009671058761574813,0.025130702509555958,0.02410982042807408,0,0.019645674032130887,242.69705200195312,231.3023834228516,0
2022-10-07,228.12744140625,235.02268843917923,227.08535624814024,234.6136353894084,37769600.0,237.1935127258301,256.0910433959961,37.11046091360649,-5.319622925195176,-6.462583778807299,1.1429608536121227,252.00299164958608,222.3840338020741,29.61895784751198,-0.050852829165241364,-0.05882358866125725,-0.015467188429755918,0,0.02570750962842702,240.34991455078125,226.8223876953125,0
2022-10-10,223.26763916015625,228.4390704310545,220.81339530154835,226.96847977157327,29743600.0,235.37231063842773,255.09969818115235,34.009346761126764,-5.954832347041474,-6.361033492454134,0.40620114541265995,247.35588416311143,223.38873711374404,23.967147049367384,-0.0213030147365717,-0.08005623752545832,-0.03453367011887032,0,0.02648227936695193,228.12744140625,234.45782470703125,0
2022-10-11,219.52784729003903,223.0825932627072,218.26176829271705,221.6801682109416,30474000.0,234.07799224853517,254.0866192626953,31.80665882037711,-6.6829731845994615,-6.4254214308832,-0.25755175371626127,246.99876733399748,221.15721716307286,25.84155017092462,-0.016750263872475246,-0.08663230565177893,-0.046529399905706814,0,0.026830605955357967,223.26763916015625,242.3854217529297,1
2022-10-12,219.8589782714844,221.91391771043945,218.11569545862957,219.51810569426297,21903900.0,232.7890281677246,253.14216674804686,32.22522088186528,-7.15087965214812,-6.570513075136184,-0.5803665770119357,245.98026879629086,219.59778753915836,26.382481257132497,0.001508378028268531,-0.036244929955800864,-0.06355003642806101,0,0.02560016068750275,219.52784729003903,242.69705200195312,1
2022-10-13,228.12744140625,229.93890473575348,213.41174085104757,214.11295342121704,42551800.0,232.24656295776367,252.21439208984376,41.82694882338249,-6.776389031617754,-6.611688266432499,-0.16470076518525456,245.26655773939643,219.2265681761309,26.03998956326552,0.03760803038280103,0.02176671130833996,-0.013726369653517034,0,0.02881681697572955,219.8589782714844,240.34991455078125,0
2022-10-14,222.5956878662109,231.04918960544035,222.38142761254923,229.3935394888531,30198600.0,231.45867462158202,251.15304656982423,37.95303052888884,-6.847040377340761,-6.658758688614152,-0.188281688726609,244.80806580312802,218.10928344003602,26.698782363091993,-0.024248523132244015,0.013974721722290973,-0.018634403208819372,0,0.02920106872406007,228.12744140625,228.12744140625,1
2022-10-17,231.33155822753903,232.7242495317194,229.00392683019308,229.6661896850732,28142300.0,231.11829299926757,250.28080261230468,46.39640801291559,-6.127486498273186,-6.552504250545959,0.4250177522727734,244.111374969815,218.12521102872014,25.986163941094844,0.03924546088502279,0.052181539486134465,-0.013334024929211319,0,0.029990609289375865,222.5956878662109,223.26763916015625,1
2022-10-18,232.27630615234372,237.56460234171377,229.22797922396435,236.89262047978175,26329600.0,230.9259506225586,249.47779479980468,47.232694347860324,-5.418540046332424,-6.325711409703253,0.9071713633708285,243.7294919110703,218.12240933404686,25.607082577023448,0.004083956084692142,0.018186609732344428,-0.041706780578951164,0,0.02753636336995291,231.33155822753903,219.52784729003903,0
2022-10-19,230.3090057373047,233.3573325536837,228.1761518217301,230.8543900542244,19985700.0,230.80567474365233,248.5969564819336,45.63604862444427,-4.958283570982161,-6.052225841959035,1.093942270976874,243.58492081379237,218.0264286735123,25.558492140280066,-0.008469656021431349,0.03465169494087328,-0.05104324985599229,0,0.02750464975447961,232.27630615234372,219.8589782714844,0
2022-10-20,229.98757934570312,235.01293095415457,228.7409825706679,229.61750568038707,21811000.0,230.57047653198242,247.57635284423827,45.36621632531073,-4.566819964029435,-5.755144666373115,1.1883247023436807,243.2275582659709,217.91339479799393,25.314163467976982,-0.0013956310156980622,-0.005809751562361298,-0.04311353812813101,0,0.027469118207990396,230.3090057373047,228.12744140625,1
2022-10-21,235.8018035888672,236.65884448891248,228.3806544553497,228.61439693552748,26299700.0,230.7749984741211,246.71362915039063,51.00904346935901,-3.7442614153777924,-5.352968016174051,1.6087066007962587,243.629858741483,217.92013820675922,25.709720534723772,0.02528060106421859,0.015178032985470269,0.03364067968022599,0,0.02329103237390681,229.98757934570312,222.5956878662109,1
2022-10-24,240.7979431152344,241.37254333610227,235.00321297699924,237.3990102771564,24911200.0,231.2522117614746,245.85578186035156,55.28304932427316,-2.6585846254091905,-4.814091338021079,2.1555067126118885,244.8309657384025,217.67345778454668,27.157507953855827,0.021187876641852288,0.04554288853946775,0.07851699431686643,0,0.022097310558416475,235.8018035888672,231.33155822753903,1
2022-10-25,244.11895751953125,244.4890312031249,239.4149959995916,240.8076725980602,34775500.0,231.94611892700195,245.03403259277343,57.911521045986966,-1.512761665114823,-4.153825403439828,2.6410637383250046,246.62135573010363,217.27088212390026,29.350473606203366,0.013791705864811155,0.06144409282462471,0.11201818144284248,0,0.020369414102358763,240.7979431152344,232.27630615234372,0
2022-10-26,225.2836456298828,232.0814963742718,224.0565161791588,225.13755100638363,82543200.0,231.47134094238282,243.85034881591798,42.61272704907941,-2.100329676991606,-3.7431262581501836,1.6427965811585774,246.3620545945472,216.58062729021844,29.78142730432876,-0.07715628512030448,-0.044605926667648954,0.024673394741696608,0,0.03460040981111906,244.11895751953125,230.3090057373047,0
2022-10-27,220.8329162597656,227.59181803699,219.88822740268336,225.01096136720344,40424600.0,230.9478675842285,242.59264862060547,39.92850563699869,-2.89178354286463,-3.572857715093073,0.6810741722284432,246.54487890886466,215.35085625959235,31.194022649272313,-0.01975611393216392,-0.08291194931808243,-0.031975658436874776,0,0.03293921052420554,225.2836456298828,229.98757934570312,1
2022-10-28,229.71490478515625,230.42586594040267,220.15116802762407,220.3362123047264,40647700.0,231.0924934387207,241.53498931884766,47.09111579964322,-2.7703789851229885,-3.4123619690990568,0.6419829839760682,246.58711244983832,215.5978744276031,30.989238022235213,0.0402204013596541,-0.05900423662600052,0.031982726112934845,0,0.034532998114880184,220.8329162597656,235.8018035888672,0
2022-10-31,226.07249450683597,228.7896819818967,225.1180572360697,227.659949004626,28357300.0,230.67322692871093,240.48278198242187,44.735427581147924,-2.934252826927917,-3.316740140664829,0.3824873137369118,246.23455937873447,215.1118944786874,31.122664900047084,-0.015856220917519037,0.0035015807505580643,-0.02273387928995929,0,0.032572064059086824,229.71490478515625,240.7979431152344,0
2022-11-01,222.2158203125,229.58828558322924,221.3977439800207,228.47803488612004,30592300.0,229.66474685668945,239.51705688476562,42.32137160640966,-3.336860156358256,-3.3207641438035145,-0.016096012554741357,244.6633262298099,214.66616748356898,29.997158746240927,-0.017059457864385785,0.00626221885829592,-0.04331257891300078,0,0.032832380031191724,226.07249450683597,244.11895751953125,0
2022-11-02,214.35641479492188,225.2641436679967,214.2979680342713,223.47216271711693,38407000.0,228.2477149963379,238.41966064453126,37.84002452653511,-4.241227476757359,-3.5048568103942834,-0.7363706663630758,243.40773731365675,213.08769267901903,30.320044634637725,-0.03536834374134801,-0.06685891803406752,-0.06926603191791236,0,0.03431482165663569,222.2158203125,225.2836456298828,0
2022-11-03,208.6591033935547,214.65836052791528,208.3961449365926,214.3467038588331,36633900.0,226.66317443847657,237.22097930908203,34.95086379158076,-5.355930674595015,-3.87507158323443,-1.4808590913605855,243.0104462487024,210.31590262825074,32.69454362045167,-0.026578683949430193,-0.07702569545785565,-0.09273751222925297,0,0.034810032380622184,214.35641479492188,220.8329162597656,1
2022-11-04,215.61276245117188,215.80754042041704,207.86047444612012,211.87297194348156,36789100.0,226.03744049072264,236.10176849365234,40.883616812950926,-5.6135295438078,-4.222763175349105,-1.3907663684586957,243.0568596703295,209.0180213111158,34.038838359213685,0.03332545259001618,-0.02971461641228923,-0.08561868836633657,0,0.03577326810509991,208.6591033935547,229.71490478515625,1
2022-11-07,221.92367553710935,222.4495924356852,215.5056466591579,216.1971255856238,33498000.0,225.97024230957032,235.31836029052735,45.72201842172765,-5.247945510907584,-4.4277996424608,-0.8201458684467839,243.04340309969712,208.89708151944353,34.146321580253584,0.029269663883494168,0.035302235995256614,-0.07838217940712533,0,0.036595927520399404,215.61276245117188,226.07249450683597,1
2022-11-08,222.89756774902344,225.6050216725194,219.94663764635985,222.73200573046225,28192500.0,226.13872833251952,234.61013671875,46.45039125226853,-4.824024220238698,-4.50704455801638,-0.31697966222231777,243.01968340855936,209.25777325647968,33.76191015207968,0.004388410608093141,0.06823792551534824,-0.08693052758432307,0,0.03610508865829732,221.92367553710935,222.2158203125,0
2022-11-09,218.6513519287109,222.663849637984,218.4760562053144,221.4367201317789,27852900.0,226.07834701538087,233.8610092163086,43.69706204858688,-4.7756469870588205,-4.560765043824868,-0.21488194323395238,243.05707398715606,209.09962004360568,33.95745394355038,-0.019050076962228935,0.014092808992357986,-0.029439747757225354,0,0.027461485925693974,222.89756774902344,214.35641479492188,1
2022-11-10,236.63937377929688,236.98024638861136,228.8676179766348,229.2863898892027,46268000.0,226.5039436340332,233.50085876464843,55.681547183590475,-3.2483793548960875,-4.298287906039112,1.0499085511430248,244.0829066111813,208.92498065688508,35.15792595429622,0.08226805684901861,0.0663097265605932,0.07157654659117108,0,0.037511551084312665,218.6513519287109,208.6591033935547,1
2022-11-11,240.66156005859372,241.518600839759,235.6167266339227,236.6490779660556,34620200.0,227.40723724365233,233.24199493408204,57.842411705082505,-1.6939254173330198,-3.777415408297894,2.0834899909648743,245.92179664718338,208.89267784012128,37.029118807062105,0.016997113434927158,0.07969576558848801,0.047653221647395716,0,0.035951022041033,236.63937377929688,215.61276245117188,0
2022-11-14,235.2467041015625,237.54511999164188,232.9677704681792,235.67522458522933,31123300.0,227.6029945373535,232.9593685913086,54.02353728776054,-0.8886987287224883,-3.199672072382813,2.310973343660325,246.3605800781706,208.8454089965364,37.51517108163421,-0.022499878899284398,0.07589869454940468,0.04058083056383999,0,0.03644209294540929,240.66156005859372,221.92367553710935,1
2022-11-15,235.6557464599609,240.55448643205665,233.76636876372848,239.2494575620885,31390100.0,227.77196655273437,232.73965576171875,54.26915758080017,-0.21506533750326184,-2.602750725406903,2.387685387903641,246.75443750802347,208.78949559744527,37.964941910578204,0.0017387804006037122,-0.004156651125409749,0.060481410047945605,0,0.035679295801169755,235.2467041015625,222.89756774902344,1
2022-11-16,236.08541870117188,238.10708979905047,234.8060105698504,237.12066452033324,24093300.0,228.06078720092773,232.4342626953125,54.543867832105995,0.34943684679649323,-2.012313210966224,2.361750057762717,247.36197674616471,208.75959765569075,38.60237909047396,0.0018233047471387653,-0.019014841241400182,0.1013685731170606,0,0.03264538526336516,235.6557464599609,218.6513519287109,0
2022-11-17,236.0366058349609,237.5699524551827,232.08118792162216,232.22767936193608,23123500.0,228.3632385253906,232.1195181274414,54.503811218437775,0.7838345477689472,-1.4530836592191898,2.236918206988137,247.96298958578043,208.7634874650008,39.19950212077964,-0.00020675934362868187,0.003357758980790493,0.13120684406358807,0,0.03033012495655541,236.08541870117188,236.63937377929688,0
2022-11-18,235.58734130859372,238.0485016751928,233.44847699378025,237.82386161024547,27613500.0,228.35251541137694,231.68008819580078,54.10993675110308,1.079403273803365,-0.9465862726146789,2.0259895464180437,247.9362041306223,208.7688266921316,39.16737743849069,-0.001903368016913931,-0.0002902757619738239,0.09264098576699675,0,0.029721703837997226,236.0366058349609,240.66156005859372,1
2022-11-21,236.39796447753903,238.95678085777175,235.55804548901057,235.79243178186516,26394700.0,228.13251647949218,231.2142138671875,54.74540694981301,1.3633384170931322,-0.4846013346731167,1.847939751766249,247.24521858361732,209.01981437536705,38.22540420825027,0.0034408604657729658,0.0013238673446527294,0.0652219232824005,0,0.028902794385174544,235.58734130859372,235.2467041015625,1
2022-11-22,239.3083953857422,239.58185601879657,235.0892778311268,237.90201790004144,19665700.0,227.89198837280273,231.09209747314452,57.04531279953018,1.8024292323808595,-0.02719522126232149,1.829624453643181,246.30206064535784,209.48191610024762,36.820144545110224,0.012311573471605275,0.013861365016699656,0.07362497402931245,0,0.028940970585483113,236.39796447753903,235.6557464599609,1
2022-11-23,241.79884338378903,242.48249493563225,238.56613647954853,239.3865183417604,19508500.0,228.71774826049804,231.01530914306642,58.967011979233654,2.3245739652011537,0.44315861603037354,1.8814153491707801,248.0444830183045,209.39101350269158,38.653469515612926,0.010406855948503102,0.026366026462597336,0.105864844881568,0,0.027397209452970264,239.3083953857422,236.08541870117188,0
2022-11-25,241.71095275878903,242.89269012573504,240.9686897159274,241.53514812666896,9200800.0,229.76165008544922,231.0699932861328,58.866920773377046,2.7001596294882404,0.894558818721947,1.8056008107662933,249.522578955545,210.00072121535345,39.521857740191535,-0.0003634865401754839,0.02247476323661335,0.021431678500899887,0,0.010696439822802774,241.79884338378903,236.0366058349609,0
2022-11-28,236.11474609375,240.89056091224677,235.177171044866,240.33387852118813,24778200.0,230.0816421508789,231.02521911621093,52.729621150626095,2.51722980766462,1.2190930165104816,1.2981367911541384,250.03550540777104,210.12777889398677,39.90772651378427,-0.023152474478985052,-0.013345329096558944,-0.018892979683738043,0,0.011973448474838694,241.71095275878903,235.58734130859372,0
2022-11-29,234.7181396484375,237.1206886996912,232.64764779898533,235.7631467017508,17956300.0,230.513924407959,230.95679809570314,51.29239868530284,2.2338121418500805,1.4220368415784015,0.811775300271679,250.4762377989022,210.5516110170158,39.92462678188639,-0.005914948000570797,-0.02928344749818701,-0.0022468516834004415,0,0.009732848501701778,236.11474609375,236.39796447753903,1
2022-11-30,249.18228149414065,249.36784723041217,234.25908259878403,234.95251010235395,47594200.0,231.86224746704102,231.21798065185547,62.647526476678024,3.1401393926002186,1.765657351782765,1.3744820408174536,253.0082130532998,210.71628188078222,42.29193117251759,0.06162345129084468,0.03091017866620005,0.05739955522993356,1,0.02188393128083609,234.7181396484375,239.3083953857422,0
2022-12-01,248.74282836914065,250.13942980347773,245.0608561020454,247.94196873918125,26041500.0,233.58156814575196,231.53854675292968,62.17328052191273,3.7793836914204064,2.1684026197102932,1.6109810717101132,254.34277169949337,212.82036459201055,41.52240710748282,-0.0017635809511212797,0.05348281919832587,0.05361368668003186,1,0.021985631034504825,249.18228149414065,241.79884338378903,1
2022-12-02,249.06512451171875,250.08083329127504,243.8595816230871,243.98655080896413,21528500.0,235.60186920166015,231.82601837158202,62.398101438541936,4.262856453249611,2.587293386418157,1.6755630668314545,253.99815581762093,217.20558258569937,36.79257323192155,0.0012957002406510654,0.06112431226990078,0.05519702603191767,1,0.02194779630348807,248.74282836914065,241.71095275878903,0
2022-12-05,244.35763549804688,247.89311586072256,242.26760673225945,246.1253682281424,23435300.0,237.03911285400392,232.0789437866211,57.06334998733518,4.217539904267369,2.9133426899879993,1.3041972142793696,253.33575345698313,220.7424722510247,32.59328120595842,-0.01890063501624606,-0.019361914367122535,0.03722735755129136,1,0.023214879647774318,249.06512451171875,236.11474609375,0
2022-12-06,239.39627075195312,245.97889237423144,238.0875642714437,244.9631836631235,22463700.0,237.9127426147461,232.24179565429688,52.015863642369126,3.738193968433137,3.078312945677027,0.6598810227561103,252.67565319234666,223.14983203714553,29.52582115520113,-0.020303702546399016,-0.037575184291612995,0.012683299879677978,1,0.024448413911995016,244.35763549804688,234.7181396484375,0
2022-12-07,238.66375732421875,240.4119677162869,236.55420640383693,239.11302250783208,20481500.0,238.70105209350587,232.41025451660155,51.294445032359036,3.261603415143327,3.114971039570287,0.14663237557303965,251.75783235336098,225.64427183365075,26.113560519710234,-0.0030598364186439353,-0.04176163647114961,-0.0026937544772900335,1,0.024176509360378066,239.39627075195312,249.18228149414065,1
2022-12-08,241.6230316162109,242.93175300820133,237.38437721752427,239.12281178477335,22611800.0,239.84963607788086,232.54713104248046,54.06609998258286,3.0871044532074734,3.1093977222977247,-0.02229326909025131,249.15082028227525,230.54845187348647,18.602368408788777,0.01239934510865881,-0.01119099010866731,-0.0007270992909551577,1,0.024279917202114868,238.66375732421875,248.74282836914065,0
2022-12-09,239.68927001953125,242.5117859075188,238.45869726333623,238.9860813295668,20609700.0,240.00213088989258,232.71486877441407,51.98431723869618,2.7609478804091054,3.039707753920001,-0.2787598735108956,249.18706396437415,230.81719781541102,18.369866148963126,-0.008003217175716948,0.001223909072007645,-0.008364051012927365,1,0.0244189224270968,241.6230316162109,249.06512451171875,1
2022-12-12,246.61370849609372,246.6430067827901,241.3984048293428,241.6718654401659,30665100.0,240.29973831176758,233.11069519042968,58.19208154609446,3.026325169020396,3.0370312369400803,-0.010706067919684426,249.9259700353104,230.67350658822477,19.25246344708563,0.02888923011029343,0.03331025733025372,0.04446550914772218,1,0.02461803706639839,239.68927001953125,244.35763549804688,1
2022-12-13,250.92076110839844,257.75730647644866,247.16065519497627,255.57936772226543,42196900.0,241.08344116210938,233.43995391845704,61.52419743623577,3.5433363565889238,3.138292260869849,0.4050440957190746,251.45947945561116,230.7074028686076,20.752076587003558,0.017464773708526282,0.03848031137592822,0.06903012048506074,1,0.024615899740107774,246.61370849609372,239.39627075195312,1
2022-12-14,251.2137908935547,256.45839405064373,248.3717372118685,251.12589601329364,35410900.0,241.86134338378906,233.61652130126953,61.74757359263601,3.9313977957324084,3.296913367842361,0.6344844278900474,252.81006323510363,230.9126235324745,21.89743970262913,0.0011678180149854445,0.04808108795643773,0.008152704065605088,1,0.01539824272198933,250.92076110839844,238.66375732421875,0
2022-12-15,243.1954498291016,248.26426235147312,241.564447199208,247.7954748351082,35560400.0,242.21684494018555,233.6264892578125,52.72690286946474,3.550992538686387,3.347729202011166,0.20326333667522078,252.84946680733572,231.5842230730354,21.265243734300327,-0.031918395227954144,-0.013860781251121224,-0.022301662228454755,1,0.018601359436784076,251.2137908935547,241.6230316162109,0
2022-12-16,238.9763336181641,244.0060718471809,237.82387962727623,242.74620073337888,86102000.0,242.36383132934571,233.59901763916017,48.695729674458754,2.87591940549936,3.2533672427088054,-0.3774478372094454,252.72854740946514,231.9991152492263,20.729432160238844,-0.017348664269427605,-0.047602388249867955,-0.04050663822698297,1,0.019149821007265696,243.1954498291016,239.68927001953125,0
2022-12-19,234.83534240722656,239.48420303255196,233.13598200938617,239.1423697856944,29696400.0,242.32623138427735,233.7331756591797,45.05483509432087,1.9839064620387319,2.999475086574791,-1.015568624536059,252.7939508153585,231.8585119531962,20.9354388621623,-0.01732803892436474,-0.06519725062891979,-0.03896867421970296,1,0.019019520859788457,238.9763336181641,246.61370849609372,1
2022-12-20,236.1537933349609,237.2378746063848,232.8527140773399,233.80982617655215,25150800.0,242.31402282714845,233.99089874267577,46.42823658226818,1.3676028742231665,2.673100644104466,-1.3054977698812995,252.8099021368294,231.8181435174675,20.991758619361917,0.0056143632990643955,-0.02895472139420785,-0.01354439401586105,1,0.018272547403067683,234.83534240722656,250.92076110839844,1
2022-12-21,238.72238159179688,239.88459664487905,234.5032643589745,236.04637204350925,23690600.0,242.28472213745118,234.37478942871093,49.09768055666499,1.0740603472864905,2.353292584740871,-1.2792322374543805,252.8172083800774,231.75223589482496,21.06497248525244,0.010876760523565565,-0.0010626660076431538,0.00024563540034483466,1,0.018643682168595358,236.1537933349609,251.2137908935547,0
2022-12-22,232.62811279296875,236.3393833310989,228.408980416361,235.6264185705002,28651700.0,241.82618560791016,234.63017211914064,43.552567252741035,0.34568438528100387,1.9517709448488978,-1.606086559567894,253.17056962067852,230.4818015951418,22.688768025536717,-0.025528686326734995,-0.009399052083183701,-0.03722707542851089,1,0.019709440981579736,238.72238159179688,243.1954498291016,1
2022-12-23,233.15548706054688,233.29221736870184,228.47734339350785,230.5966706211528,21207000.0,241.39841232299804,234.73073303222657,44.14050114536451,-0.18685022326724265,1.5240467112256697,-1.7108969344929124,253.3565323940612,229.4402922519349,23.9162401421263,0.0022670272360738597,-0.012696413773719217,-0.027259388617821623,1,0.019722741376028075,232.62811279296875,238.9763336181641,0
2022-12-27,231.4268341064453,233.35081959548367,230.32321558372175,233.1261944200352,16688600.0,241.1640167236328,234.90735595703126,42.575142094140425,-0.7398470870066944,1.071267951579197,-1.8111150385858914,253.69716952359911,228.6308639236665,25.066305599932605,-0.007414163723509781,-0.030560802203400295,-0.06158163097364466,1,0.01633613478507316,233.15548706054688,234.83534240722656,0
2022-12-28,229.0535888671875,234.1224017765001,228.7019944774523,231.35848211045436,17457100.0,240.88078918457032,234.8617965698242,40.454056126161234,-1.3539941407945548,0.5862155331044466,-1.9402096738990013,254.2142686281101,227.54730974103055,26.666958887079545,-0.010254840362056816,-0.015365829533090292,-0.08714772003965132,1,0.014065679727330726,231.4268341064453,236.1537933349609,1
2022-12-29,235.38226318359372,236.27101770155872,230.1474218778976,230.1474218778976,19770700.0,240.19078826904297,234.92391571044922,47.90712753418391,-1.3148818398518642,0.20599605851318442,-1.5208778983650486,253.1577104844762,227.22386605360973,25.933844430866486,0.027629666698109512,0.0095506056971697,-0.0630201377625369,1,0.01809914145389426,229.0535888671875,238.72238159179688,0
2022-12-30,234.22006225585935,234.3567925734217,231.133846628039,232.6476561526492,21938500.0,239.46464996337892,235.0021368408203,46.749904730488645,-1.3619650759142985,-0.10759616837231215,-1.2543689075419864,252.05569440915275,226.87360551760509,25.182088891547664,-0.004937504262281123,0.012069594955135043,-0.03690606703188504,1,0.015716774341299495,235.38226318359372,232.62811279296875,0
2023-01-03,233.98565673828125,240.01158153417768,231.8565533725304,237.40392951699792,25740000.0,238.71067657470704,235.08209838867188,46.50590114327646,-1.4020316972980709,-0.3664832741574639,-1.035548423140607,250.70361398776896,226.7177391616451,23.985874826123847,-0.001000791799474654,0.021532375438804152,-0.0208835611640813,1,0.014964938071746979,234.22006225585935,233.15548706054688,0
2023-01-04,223.7503662109375,227.43232343462765,220.6836879280111,226.85610390975128,50623400.0,237.68031311035156,234.84106964111328,37.34115811900415,-2.2339357681156287,-0.7399737729490969,-1.4939619951665317,251.02079663002175,224.33982959068138,26.680967039340374,-0.04374323909431843,-0.049417049591300555,-0.047203185358133504,1,0.01958716895264802,233.98565673828125,231.4268341064453,0
2023-01-05,217.1189117431641,222.2365596343891,216.5817516272696,221.89472640541456,39585600.0,236.56644515991212,234.36748901367187,32.82736588947992,-3.3892594191128467,-1.2698309021818468,-2.119428516931,252.59676132664725,220.536128993177,32.06063233347027,-0.0296377368228381,-0.07301317550677688,-0.08060375115295193,1,0.020676701993750782,223.7503662109375,229.0535888671875,1
2023-01-06,219.6777191162109,220.4883398206325,214.22802915573828,217.7927931270933,43613600.0,235.6171432495117,233.87866424560548,36.04010181569638,-4.05168209689765,-1.8262011411250076,-2.2254809557726425,253.2106764293497,218.02361006967374,35.18706635967595,0.011785280943530596,-0.06114878074801877,-0.07977744838417111,1,0.02077149104949277,217.1189117431641,235.38226318359372,1
2023-01-09,221.81658935546875,225.8403946978241,221.123176681892,221.1622360976978,27369800.0,234.6268211364746,233.8093231201172,38.68016986614582,-4.3538790806697705,-2.3317367290339606,-2.02214235163581,252.97038613190574,216.28325614104347,36.687129990862275,0.009736400431790582,-0.008642563979742057,-0.04647556697982547,1,0.020472054575067056,219.6777191162109,234.22006225585935,1
2023-01-10,223.50619506835935,225.90874396659487,222.02168398090183,222.4416360207006,27033900.0,233.81766738891602,233.86278869628907,40.76037087934239,-4.4062428819624415,-2.746637959619657,-1.6596049223427847,252.61861004303609,215.01672473479596,37.60188530824013,0.007617129619565732,0.029418364682810116,-0.041385652612506374,0,0.0207383830540014,221.81658935546875,233.98565673828125,1
2023-01-11,230.2646026611328,230.44039237661667,225.71341348434925,225.8892031998331,28669300.0,233.00021209716797,233.8737826538086,48.3134737502583,-3.857922828486579,-2.9688949333930417,-0.8890278950935375,250.90494980136603,215.09547439296992,35.80947540839611,0.030238121993470424,0.04819279619031991,-0.005022025426740018,0,0.023312378660284967,223.50619506835935,223.7503662109375,1
2023-01-12,232.9406280517578,234.29817003437267,228.10621681309263,229.76651770584309,27269500.0,232.10120544433593,234.01114532470703,50.97866708000496,-3.1708903015426984,-3.0092940070229734,-0.1615962945197249,248.01089667602542,216.19151421264644,31.819382463378986,0.01162152306389519,0.050149714809934354,0.016969999046049233,0,0.023296344675100278,230.2646026611328,217.1189117431641,1
2023-01-13,233.6438140869141,233.78054439645496,229.4344578762405,231.46589026262427,21333300.0,231.22270660400392,234.23970520019532,51.683700538884715,-2.540386839718991,-2.915512573562177,0.3751257338431859,244.54370423976428,217.90170896824355,26.641995271520727,0.0030187350357793186,0.04535721712525298,-0.007385641862588721,0,0.02151140090998607,232.9406280517578,219.6777191162109,1
2023-01-17,234.73768615722656,235.2846074296204,231.55379961759735,232.41325584706595,29831300.0,230.79981842041016,234.64733062744142,52.820436272557025,-1.9301919185533336,-2.7184484425604087,0.7882565240070751,243.06910285487214,218.53053398594818,24.53856886892396,0.004681793415277635,0.019425840725838972,0.0022099895985927542,0,0.021507494645494223,233.6438140869141,221.81658935546875,0
2023-01-18,230.3036956787109,236.72028947485737,230.0204739060556,235.92920583478173,30028700.0,230.3661865234375,235.08022247314454,47.900917871776905,-1.7838311276805996,-2.531524979584447,0.7476938519038474,242.04785341838829,218.68451962848673,23.36333378990156,-0.018889129185442277,-0.011320190879115288,-0.0157358408668985,0,0.022366629048995616,234.73768615722656,223.50619506835935,0
2023-01-19,226.51426696777344,230.02044931118635,225.2934553321454,228.32107414949724,28623000.0,229.95013275146485,235.29825256347655,44.11901732028344,-1.9511230419413153,-2.4154445920558207,0.4643215501145055,241.5579630599178,218.3423024430119,23.215660616905893,-0.016454050812210963,-0.030514598244353763,0.012352608863354098,0,0.01782401211270125,230.3036956787109,230.2646026611328,1
2023-01-20,234.61070251464844,235.118564337364,229.03402830061012,229.37586152604075,35389800.0,229.87297821044922,235.55199310302734,52.709958897802345,-1.4140876828001296,-2.2151732102046826,0.801085527404553,241.3344359865568,218.41152043434164,22.92291555221516,0.03574360085683659,-0.0005409597609012939,0.08056318369988813,0,0.017164612089352656,226.51426696777344,232.9406280517578,1
2023-01-23,236.9156036376953,239.4451219045726,234.05401326238723,235.4701667569778,31934000.0,229.78263931274415,235.8323538208008,54.838528871050535,-0.793351768440175,-1.9308089218517812,1.1374571534116062,240.98932019640816,218.57595842908015,22.413361767328013,0.009824364781069406,0.028709517402657925,0.07846897077607329,0,0.017126579120376965,234.61070251464844,233.6438140869141,0
2023-01-24,236.38819885253903,238.2536026618758,234.82556885560984,236.83746410442905,40234400.0,229.97064361572265,236.18709075927734,54.236953596972214,-0.3400513424049336,-1.6126574059624117,1.272606063557478,241.48392522688587,218.45736200455943,23.026563222326445,-0.0022261293771211887,0.04359077252370325,0.06569215377177562,0,0.01738543340873282,236.9156036376953,234.73768615722656,0
2023-01-25,234.9916076660156,237.6187968797975,225.5083356392864,229.00474220423703,66526600.0,230.06244964599608,236.15413543701172,52.591705668371326,-0.09243519053416094,-1.3086129628767618,1.2161777723426008,241.70441299048525,218.4204863015069,23.28392668897834,-0.005908041066781999,0.001623562553986213,0.05138744630386394,0,0.017811276421175363,236.38819885253903,230.3036956787109,1
2023-01-26,242.2090301513672,242.51178905465864,236.3491342606083,237.96059966957264,33454500.0,230.6015594482422,236.1850848388672,59.43931345123382,0.6783682627890641,-0.9112167177435966,1.5895849805326607,243.3885969316637,217.8145219648207,25.574074966843,0.030713532951395672,0.022343089405655547,0.05187261677302746,0,0.017886113554260428,234.9916076660156,226.51426696777344,1
2023-01-27,242.3653106689453,243.99631332473223,241.0663652215849,243.1759314324478,26498900.0,231.26714553833008,236.32745697021485,59.575469496020105,1.2870102317489511,-0.47157132784508704,1.7585815595940382,245.01248053612875,217.52181054053142,27.49066999559733,0.0006452299382910809,0.025285153173550956,0.040459591338842804,0,0.017785626638628094,242.2090301513672,234.61070251464844,0
2023-01-30,237.0425567626953,239.8650726269568,236.54445608504085,238.80051357034336,25867400.0,231.35016021728515,236.35519317626952,53.044358548750346,1.3245925427517307,-0.11233855372572349,1.4369310964774542,245.213453648835,217.4868667857353,27.726586863099726,-0.021961698609255675,0.008727754650688091,0.014546683759052659,0,0.019616734280217908,242.3653106689453,236.9156036376953,1
2023-01-31,242.0234832763672,242.16021359505123,237.2769666384965,237.765291334152,26541100.0,231.74033126831054,236.47395446777344,57.71585062583381,1.7362811687847,0.25738539077636124,1.4788957780083387,246.3252093430674,217.15545319355368,29.169756149513717,0.021012794418423075,-0.0007660609304452892,0.031038037557636233,0,0.02055745828185825,237.0425567626953,236.38819885253903,1
2023-02-01,246.84811401367188,249.22136469253888,239.7381082028261,242.209029774048,31259900.0,232.3834541320801,236.69018463134765,61.69144641442704,2.4239133856748936,0.6906909897560678,1.7332223959188258,248.37423156743006,216.39267669673012,31.981554870699938,0.019934556233931255,0.018496060068801556,0.07183739838044789,0,0.019553299409280387,242.0234832763672,234.9916076660156,1
2023-02-02,258.4214172363281,258.5093120989408,251.24303873990775,252.77638533264104,39940400.0,234.11700668334962,237.14686614990234,69.17774255759778,3.858260098884216,1.3242048115816976,2.534055287302518,253.20556892118316,215.02844444551607,38.177124475667085,0.046884308875113634,0.09018996742865593,0.1408615479090074,0,0.021249053465105687,246.84811401367188,242.2090301513672,0
2023-02-03,252.31735229492188,258.0307566536459,251.09654067147537,253.4795673448407,29077300.0,235.8769287109375,237.46525390625,62.26626988826966,4.451133282296325,1.9495905057246232,2.501542776571702,254.86238040142698,216.89147702044804,37.97090338097894,-0.023620584573391,0.04253252155205156,0.0754724724425897,0,0.02258426928040547,258.4214172363281,242.3653106689453,0
2023-02-06,250.77423095703125,252.26850319934903,248.83070838044688,251.4285991046345,22518000.0,237.4317543029785,237.6945706176758,60.61747118053095,4.7418119000975025,2.5080347845991993,2.2337771154983033,255.9433855101078,218.92012309584922,37.02326241425857,-0.006115795540240665,0.015904990641905092,0.05849605136405178,0,0.02296367279183071,252.31735229492188,237.0425567626953,1
2023-02-07,261.31231689453125,262.4940543494354,254.0069684901761,254.446472651946,50841400.0,239.40654067993165,238.08484008789063,67.03681081946537,5.756158847518975,3.1576595971831547,2.5984992503358204,259.21489608063536,219.59818527922795,39.61671080140741,0.042022204184550604,0.011186764971416352,0.10543723486611145,1,0.02535479541125538,250.77423095703125,242.0234832763672,0
2023-02-08,260.5016784667969,270.2974697516429,259.9938017557166,266.8206006287345,54686000.0,241.2563148498535,238.4606546020508,66.14365936881788,6.420611551719134,3.8102499880903506,2.610361563628783,261.67985654314515,220.8327731565619,40.84708338658325,-0.0031021822368272334,0.03243663623383597,0.10855736957652429,1,0.025169604922803276,261.31231689453125,246.84811401367188,0
2023-02-09,257.4642639160156,267.58236538521874,256.66340439835324,267.4065458729489,42375100.0,242.61629791259764,238.88764495849608,62.769084098482736,6.625723916466427,4.373344773765566,2.2523791427008613,263.54710809262036,221.68548773257493,41.861620360045436,-0.011659865566541416,0.026677513608368564,0.06298375314543292,1,0.02498104323843335,260.5016784667969,258.4214172363281,0
2023-02-10,256.9563293457031,257.92320221081815,254.57330366575837,255.42298343267265,25818500.0,243.81708297729492,239.3324087524414,62.19761465060482,6.67039866481656,4.832755551975765,1.8376431128407944,265.14159606798563,222.49256988660423,42.6490261813814,-0.0019728352299727137,-0.016669660277002007,0.06020258689861824,1,0.025061689798532766,257.4642639160156,252.31735229492188,1
2023-02-13,264.9844970703125,268.187905604371,260.9118563468283,261.390434774534,44630900.0,245.38411712646484,239.64845306396484,67.2697405160736,7.269807945232714,5.3201660306271545,1.949641914605559,268.05183157565966,222.71640267727003,45.33542889838964,0.031243315722371046,0.017208405834079787,0.11787731574119853,1,0.02406003113228381,256.9563293457031,250.77423095703125,1
2023-02-14,265.81463623046875,268.54924217498206,262.9921056261591,266.3029608494868,37047900.0,246.93796463012694,239.98988922119142,67.75157565045537,7.722805713944638,5.800693967290652,1.9221117466539859,270.7072606606565,223.16866859959737,47.53859206105915,0.0031327838772996497,0.03243313144684423,0.09830101043101824,1,0.02393550530751585,264.9844970703125,261.31231689453125,0
2023-02-15,263.6900329589844,265.07056133423544,260.6156584468026,262.71093736345534,28922400.0,248.60728149414064,240.2823873901367,65.10973527202913,7.820225292116845,6.204600232255891,1.615625059860954,272.1576432019013,225.05691978638,47.10072341552129,-0.007992800176895742,0.026205634359844465,0.06822786154396021,1,0.0242327872610697,265.81463623046875,260.5016784667969,0
2023-02-16,256.6698608398437,261.16390527521,256.42508698249515,258.50076451207207,29603600.0,250.11506118774415,240.52863189697266,57.17635555538082,7.247418065601039,6.413163798924921,0.8342542666761181,271.5837993229323,228.646323052556,42.937476270376294,-0.026622819377600915,-0.031377821428785535,-0.006777907246296899,1,0.02177431946867465,263.6900329589844,257.4642639160156,0
2023-02-17,252.6654052734375,254.65296812365867,250.64847075073527,253.9676191392253,30000100.0,251.0177963256836,240.79401458740233,53.19472225622686,6.39660206727163,6.409851452594263,-0.013249385322633422,271.28774495952297,230.74784769184427,40.5398972676787,-0.01560158077502094,-0.04946767094356119,0.0013794254550865137,1,0.020959366260148254,256.6698608398437,256.9563293457031,0
2023-02-21,247.38804626464844,250.14910261263643,246.3306213828537,249.1602066438356,28397400.0,251.54141845703126,240.96850036621095,48.410190660970436,5.236126682497371,6.175106498574886,-0.9389798160775147,270.84516800088994,232.2376689131726,38.60749908771734,-0.02088674942688673,-0.061822536526709104,-0.013502921250959865,1,0.021960897713312458,252.6654052734375,264.9844970703125,0
2023-02-22,246.2523498535156,249.0231924291892,245.10680969718092,248.7784185084387,22491100.0,252.03462600708008,241.06108673095704,47.42168723156505,4.176654497156534,5.775416098291216,-1.5987616011346821,270.2371689108743,233.8320831032859,36.40508580758839,-0.00459074893989786,-0.04058720004071059,-0.05763205967476093,1,0.015887823703576623,247.38804626464844,265.81463623046875,1
2023-02-23,249.44419860839844,251.47091880005277,245.2438699764344,250.2176775849685,29219100.0,252.75725555419922,241.25618530273437,50.48202258176118,3.553606907923921,5.3310542602177575,-1.7774473522938363,269.2646164063096,236.24989470208888,33.014721704220705,0.012961698667166122,-0.012748902690311037,-0.04244686607578929,1,0.016966950206082475,246.2523498535156,263.6900329589844,0
2023-02-24,244.01019287109372,245.75298174565887,242.9136106416539,244.73472895258075,24990900.0,252.84731369018556,241.2041149902344,45.614299590361995,2.5914853258293533,4.783140473340077,-2.1916551475107235,269.14178298860094,236.55284439177018,32.58893859683076,-0.021784454269211273,-0.013654068757797622,-0.05225607173704927,1,0.0177458300527771,249.44419860839844,256.6698608398437,1
2023-02-27,244.9305419921875,247.5349396941545,244.17663424902608,247.1824647048672,21190000.0,252.97557525634767,241.08431060791017,46.55428091739181,1.8815719326991882,4.202826765211899,-2.321254832512711,268.9757159730967,236.97543453959864,32.00028143349809,0.0037717650654862656,-0.005367696438691394,-0.04680089953081645,1,0.017954075631825862,244.01019287109372,252.6654052734375,0
2023-02-28,244.20599365234372,246.23272847388787,243.5304153784957,243.863319197075,22491000.0,253.33374710083004,240.94415466308592,45.88196108921911,1.2461308376643387,3.6114875797023873,-2.3653567420380486,268.1695231611881,238.49797104047198,29.671552120716143,-0.0029581788124524167,-0.020999506042945315,-0.07841403420840609,1,0.012908177660230767,244.9305419921875,247.38804626464844,0
2023-03-01,241.1218719482422,245.68444598313184,240.6518953145832,245.51800152780743,27565300.0,253.28866653442378,240.90268310546875,43.03312164796315,0.48805040404587885,2.986800144571086,-2.498749740525207,268.2664396558164,238.31089341303115,29.955546242785232,-0.012629181036777237,-0.011836886356535903,-0.09289467514805028,1,0.012339798572398078,244.20599365234372,246.2523498535156,1
2023-03-02,245.86068725585935,246.14461839541931,240.47566166300976,241.3960138819759,24808200.0,253.23929519653316,241.04037017822264,48.340711775173055,0.26657606715707516,2.442755329088284,-2.176179261931209,268.30789730283135,238.17069309023495,30.1372042125964,0.0196531955783521,0.0037975879043354865,-0.06761478810197685,1,0.015452484180409258,241.1218719482422,249.44419860839844,1
2023-03-03,249.95330810546875,250.27641144489547,246.1348412573584,246.9181207220463,30760100.0,252.81588973999018,241.3427294921875,52.46024760318141,0.41649526053600994,2.0375033153778292,-1.6210080548418193,267.7535717951444,237.87820768483596,29.875364110308453,0.016646097004318294,0.023534698584454228,-0.02616806161969254,1,0.015364151641164794,245.86068725585935,244.01019287109372,1
2023-03-06,251.50027465820312,254.68233526542295,250.62888019720316,251.06947021639408,24109800.0,252.77503585815424,241.64965911865235,53.95492392925014,0.6526116725406439,1.7605249868103923,-1.1079133142697484,267.72241454854975,237.8276571677587,29.89475738079105,0.0061890221196096995,0.04304214555944008,-0.004611357910171532,1,0.01484251154712317,249.95330810546875,244.9305419921875,0
2023-03-07,248.8371124267578,252.30311882234795,248.0930052338288,250.94216175111168,21473200.0,252.67817993164059,241.85195373535157,50.98313370897901,0.6177200033972099,1.5319639901277557,-0.9142439867305459,267.7010761095393,237.65528375374186,30.04579235579746,-0.010589102676188511,0.012106145167490645,0.005857462330896901,1,0.01356237030696275,251.50027465820312,244.20599365234372,0
2023-03-08,248.3965301513672,249.21896680166972,245.56694469940248,248.7294190422308,17340200.0,252.03239059448237,242.16732208251952,50.487698666270866,0.548197516961352,1.3352106954944751,-0.7870131785331231,266.6192365472361,237.44554464172865,29.17369190550744,-0.0017705649735840767,-0.006228275056254451,0.008707248069417695,1,0.01346989807289057,248.8371124267578,241.1218719482422,0
2023-03-09,247.04537963867188,254.13402137976527,246.320843602342,250.47221383190453,26653400.0,251.35957565307612,242.44511993408204,48.917740863309334,0.3796969807984567,1.1441079525552713,-0.7644109717568146,265.5579432814234,237.1612080247289,28.396735256694484,-0.005439490285439774,-0.01771328093214053,-0.009616655681347286,1,0.012890961441700556,248.3965301513672,245.86068725585935,0
2023-03-10,243.39337158203125,247.5055701134534,242.42407649965676,245.83132500399927,28333900.0,250.6560310363769,242.68445068359375,44.85751412326509,-0.04797441793070334,0.9056914784580764,-0.9536658963887797,264.9686960887606,236.3433659839932,28.625330104767414,-0.014782741786072084,-0.021876724061121955,-0.0025278505041317345,1,0.011771599024347467,247.04537963867188,249.95330810546875,1
2023-03-13,248.6119079589844,252.5185040742,240.5931140560638,242.2282016193256,33339700.0,250.23880996704096,243.0756170654297,51.10301977121454,0.03379561504905837,0.7313123057762728,-0.6975166907272145,264.2763675641709,236.201252369911,28.075115194259922,0.021440749774873646,0.0008670725290969017,0.015030244643456259,1,0.013614297154878816,243.39337158203125,251.50027465820312,1
2023-03-14,255.3383331298828,255.61247868470284,250.51138437002092,251.38277879923007,33620300.0,249.7565017700195,243.47473846435548,57.746084811005026,0.6340562458023555,0.7118610937814894,-0.0778048479791339,262.31980182109044,237.19320171894853,25.126600102141907,0.027055925140995862,0.033568543169437914,0.0455858568868186,1,0.015658601180526848,248.6119079589844,248.8371124267578,1
2023-03-15,259.89111328125,260.9093809729157,253.79133752741032,254.5452601893461,46028000.0,249.4603256225586,243.98815948486327,61.553420906195385,1.4603049429881878,0.8615498636228291,0.5987550793653587,260.70554507611666,238.21510616900056,22.4904389071161,0.017830382518598586,0.06778221441276377,0.0778413056491063,1,0.01488296299299698,255.3383331298828,248.3965301513672,1
2023-03-16,270.4262390136719,270.7786991165704,257.7763096695362,259.665957162543,54768800.0,249.79713592529296,244.7169711303711,68.60335728785665,2.9314180269253995,1.2755234962833433,1.6558945306420563,262.9659698344603,236.62830201612567,26.33766781833461,0.040536690921866736,0.08774451406521666,0.09991655043348979,1,0.01791486716697843,259.89111328125,247.04537963867188,1
2023-03-17,273.5886535644531,277.4071201106938,270.54368084412533,272.44312854039293,69527400.0,250.64307556152343,245.71373687744142,70.36032848098658,4.302865415520557,1.8809918801307863,2.421873535389771,267.20556703531224,234.08058408773462,33.12498294757762,0.011694185306557303,0.07147505120309106,0.09455904239927615,1,0.01776974457952609,270.4262390136719,243.39337158203125,0
2023-03-20,266.5391845703125,271.6794360581046,264.20893244844024,271.18988829736253,43466600.0,251.33676452636718,246.70214233398437,62.02757521225006,4.765974926533801,2.4579884894113895,2.3079864371224112,269.2842044310072,233.38932462172716,35.89487980928004,-0.025766671615567893,0.025580217827102292,0.05979679319455111,1,0.020961379295816516,273.5886535644531,248.6119079589844,1
2023-03-21,268.0567626953125,269.2512603911417,263.8858063365012,269.1337737128017,34558700.0,252.37020034790038,247.6697232055664,63.042292420933855,5.195557272181986,3.005502245965509,2.190055026216477,271.6220011289591,233.11839956684167,38.50360156211741,0.005693639858043609,-0.008762005961409636,0.07723787694334283,1,0.020144245822371978,266.5391845703125,255.3383331298828,0
2023-03-22,266.5979309082031,275.16501681749725,266.49021486222443,267.68471260704814,34873300.0,253.38747940063476,248.56535003662108,61.345235624590245,5.356541961428292,3.475710189058066,1.8808317723702257,273.3747866498374,233.40017215143212,39.97461449840529,-0.005442249516262154,-0.02555194656346771,0.07327558378430021,1,0.020367244362546968,268.0567626953125,259.89111328125,1
2023-03-23,271.8556823730469,275.184601369669,269.4471156121461,272.12982794030694,36610900.0,254.5080535888672,249.53233978271484,65.00192489672314,5.841048123002793,3.9487777758470113,1.8922703471557814,275.94574741431063,233.07035976342377,42.875387650886864,0.01972165142817306,0.019946402294676036,0.10042811879607916,1,0.020174296018332778,266.5979309082031,270.4262390136719,1
2023-03-24,274.704833984375,274.76357732451373,269.5254103782394,271.44442920855886,28172000.0,256.04278564453125,250.42114440917967,66.832941068066,6.381365066188437,4.435295233915297,1.9460698322731398,278.61919099085776,233.4663802982047,45.15281069265305,0.01048038277683827,0.024800983277631472,0.1286455017193877,1,0.018243544731683808,271.8556823730469,273.5886535644531,0
2023-03-27,270.6024169921875,275.5762089469485,269.7603793312512,274.6362856404628,26840200.0,257.3263793945313,251.17438018798828,61.817935237730495,6.404709862000516,4.829178159532341,1.575531702468175,280.14750574490245,234.50525304416013,45.64225270074232,-0.014933908998561174,0.015020694535559764,0.08845316064599396,1,0.019785076616459913,274.704833984375,266.5391845703125,0
2023-03-28,269.4765014648437,270.3674820752308,266.3629546475742,270.0247926282162,21878600.0,258.58990478515625,251.8910339355469,60.476655619978615,6.260195174350088,5.115381562495891,1.1448136118541967,281.162321826947,236.0174877433655,45.144834083581486,-0.004160774097506703,-0.008751632069762705,0.05537033222414456,1,0.01901240279822334,270.6024169921875,268.0567626953125,1
2023-03-29,274.64605712890625,275.2628920047133,272.5899508360895,273.12844134818954,25087000.0,260.26611404418946,252.68920135498047,64.30606143603286,6.4880163674910705,5.389908523494927,1.0981078439961438,282.3751364686905,238.1570916196884,44.218044849002126,0.019183697413174938,-0.00021396367372295,0.056773560516818034,1,0.019113951871507464,269.4765014648437,266.5979309082031,1
2023-03-30,278.11212158203125,278.513554404513,275.5958683420122,278.2883815165173,25053400.0,261.87868576049806,253.6453698730469,66.63991175145925,6.869066416868009,5.685740102169544,1.1833263146984647,284.2527791549462,239.5045923660499,44.748186788896305,0.012620113645025688,0.02775180160368107,0.028421363978555325,1,0.015071993555864535,274.64605712890625,271.8556823730469,1
2023-03-31,282.2732849121094,283.2230089583457,277.0840895334759,277.7988401677379,32766000.0,263.49468460083006,254.7605502319336,69.24021850803463,7.421274596792159,6.032847001094067,1.3884275956980918,286.8377618333553,240.15160736830484,46.686154465050436,0.014962178945698179,0.04748756710772106,0.03174339006573712,1,0.015317080255743345,278.11212158203125,274.704833984375,0
2023-04-03,281.2256164550781,282.243854280698,278.01418435050056,280.5304371238125,24883300.0,264.9809516906738,255.69284851074218,67.80715090042438,7.6857687115930275,6.36343134319386,1.3223373683991673,288.8591281315971,241.1027752497505,47.756352881846624,-0.003711539536436992,0.023956503854281497,0.055100460776307925,1,0.011878998956216878,282.2732849121094,270.6024169921875,0
2023-04-04,281.1766357421875,284.37829711852913,279.6982218699312,281.2256084444779,25824300.0,266.5979278564453,256.57806915283203,67.73656510121313,7.8014990442509315,6.651044883405275,1.1504541608456567,290.2631806462346,242.932675066656,47.33050557957861,-0.00017416874574960328,0.011018988107112548,0.04894438370050658,1,0.012009359623474753,281.2256164550781,269.4765014648437,0
2023-04-05,278.3960266113281,281.1472827313796,277.00572765537777,279.87447046132644,22064800.0,268.09790267944334,257.4182257080078,63.683634152307825,7.581450011885806,6.837125909101381,0.7443241027844252,290.7391337168323,245.45667164205435,45.28246207477798,-0.009889189845094126,-0.01373583157892011,0.044254265826194183,1,0.012505103935005568,281.1766357421875,274.64605712890625,1
2023-04-06,285.5042419433594,285.9741886409237,276.13429122558216,277.2896166965908,29770300.0,270.0208457946777,258.4284783935547,68.81971071674123,7.889685753620654,7.0476378780052364,0.8420478756154175,291.6954596557914,248.34623193356404,43.34922772222737,0.02553274706738229,0.015214209652073762,0.05020516566427191,1,0.013398786513800078,278.3960266113281,278.11212158203125,0
2023-04-10,283.3404541015625,283.5460557851989,278.75826456602096,283.1641942073944,23103000.0,272.0181999206543,259.2511068725586,65.77042218548016,7.868660187786702,7.21184233996153,0.656817847825172,290.6597961106508,253.3766037306578,37.28319237999301,-0.007578829046701707,0.007695583787263871,0.031435996199756344,1,0.013788076248825479,285.5042419433594,282.2732849121094,0
2023-04-11,276.9176025390625,280.0017776622644,275.7525062342862,279.77657491179383,27276600.0,273.4334846496582,259.94215270996096,57.6105132121191,7.250151597742615,7.219504191517748,0.03064740622486717,288.7542846802947,258.11268461902176,30.641600061272925,-0.022668318164683066,-0.005310507086833116,0.023337506061733793,1,0.015074323325977582,283.3404541015625,281.2256164550781,1
2023-04-12,277.5638122558594,281.01024801714,276.0657971281388,278.83665451028776,27403400.0,274.54475860595704,260.75257781982424,58.172781962257794,6.73449177841843,7.122501708897885,-0.38800993047945465,287.4951336536976,261.59438355821646,25.900750095481158,0.002333581220087755,-0.027811949950205195,0.030011191131894543,1,0.014898580995665716,276.9176025390625,281.1766357421875,1
2023-04-13,283.781005859375,283.8397491927381,277.25045630367333,277.6616596372152,24222700.0,275.73925323486327,261.58772827148437,63.22665692265833,6.749696916511311,7.047940750420571,-0.29824383390925924,287.4063322441093,264.07217422561723,23.334158018492076,0.022399150497992792,0.001554849480316589,0.03326080420000799,1,0.015314111301449091,277.5638122558594,278.3960266113281,0
2023-04-14,280.158447265625,282.4495275307748,277.7596509401721,281.00045519332065,20987900.0,276.2258636474609,262.2539349365234,58.770784852423894,6.395711117891665,6.91749482391479,-0.5217837060231254,287.77721876219886,264.674508532723,23.10271022947586,-0.012765331431466964,0.01170328175907609,0.007357916195645409,1,0.01571156192336928,283.781005859375,285.5042419433594,1
2023-04-17,282.7627258300781,285.50421074465487,280.17792963706347,283.8691083590636,23836200.0,276.6845672607422,262.74076110839843,60.90393880866656,6.253234937586058,6.784642846649044,-0.5314079090629864,288.50604377604924,264.86309074543516,23.64295303061408,0.009295734574028103,0.018730516532271757,0.0017339257525597063,1,0.01524094230989584,280.158447265625,283.3404541015625,0
2023-04-18,282.341796875,285.6609453421748,281.01024118479097,285.47491478550927,20161800.0,277.4746978759766,263.34125,60.36034451187873,6.036767985800907,6.635067874479417,-0.5982998886785102,288.5681722118222,266.381223540131,22.186948671691198,-0.001488629570401967,-0.00507154797064957,0.003968985592392338,1,0.015192432560829095,282.7627258300781,276.9176025390625,1
2023-04-19,282.42010498046875,283.00753836856154,278.591838043408,280.01150857079625,17150300.0,278.1928649902344,263.97416748046874,60.431100968662655,5.804623094829424,6.4689789185494195,-0.6643558237199958,288.59257779859854,267.79315218187025,20.799425616728286,0.00027735215379198763,0.008072780731467333,0.004422377538585431,1,0.015190878254513688,282.341796875,277.5638122558594,0
2023-04-20,280.1289978027344,282.98796979588815,279.1205306378155,279.28699001904164,23244400.0,278.8694183349609,264.35050109863283,57.21331825332552,5.373827259008806,6.249948586641297,-0.8761213276324913,287.8239898804681,269.91484678945375,17.909143091014357,-0.00811240820795256,-0.00931426877291619,0.006224841685063431,1,0.015065148739240709,282.42010498046875,283.781005859375,0
2023-04-21,279.7863464355469,280.28566483452795,277.14277656950355,279.0520247927153,21676400.0,279.2659515380859,264.7361944580078,56.72682543390211,4.947734945139985,5.989505858341035,-1.0417709132010504,287.62567941873635,270.9062236574355,16.71945576130088,-0.0012231913506819403,-0.009050910873760865,-0.020027357453227812,1,0.01228946230061607,280.1289978027344,280.158447265625,0
2023-04-24,275.8797302246094,278.9932766450886,272.8935008803915,276.19304795792937,26611000.0,279.32469635009767,265.1045037841797,51.364252271143094,4.245878591861526,5.640780405045134,-1.3949018131836075,287.5711372015066,271.07825549868875,16.49288170281784,-0.013962855088203718,-0.023158318549282075,-0.02633130486294366,1,0.012770573402141704,279.7863464355469,282.7627258300781,0
2023-04-25,269.6625671386719,275.71337175925413,269.6135944229344,273.6670652081368,45772200.0,279.2777038574219,265.35862854003904,44.202663426469655,3.151649025122822,5.142954129060671,-1.991305103937849,287.7305536891938,270.82485402565,16.905699663543828,-0.022535773399791847,-0.037362896187680295,-0.0261992568687186,1,0.012747468419469324,275.8797302246094,282.341796875,1
2023-04-26,289.1955261230469,293.3077404982874,286.6107287086126,290.49774028971405,64599200.0,280.263655090332,265.84284912109376,62.08767692000768,3.816615192099732,4.877686341668484,-1.0610711495687521,288.51121212100645,272.01609805965757,16.495114061348886,0.07243481804551055,0.03362987439298637,0.04190644944905619,1,0.027026521330363,269.6625671386719,282.42010498046875,1
2023-04-27,298.45770263671875,298.8199931125039,289.0779798089215,289.78292984563893,46462600.0,281.45423736572263,266.49571044921873,67.4204234009575,5.0329689742451365,4.908742868183815,0.12422610606132167,292.51070353756626,270.397771193879,22.11293234368725,0.032027385201425895,0.08183991043389582,0.05171839014700175,1,0.02789526916738304,289.1955261230469,280.1289978027344,1
2023-04-28,300.8369445800781,302.47201761342075,296.96950473874074,297.65488365834915,36469600.0,282.590478515625,267.2386486816406,68.64066985928757,6.118394013011766,5.150673097149405,0.967720915862361,296.37398999185496,268.8069670393951,27.567022952459865,0.00797178937698706,0.11560513486239654,0.07381000828737228,1,0.02715626751645092,298.45770263671875,279.7863464355469,0
2023-05-01,299.1723937988281,302.1488522384796,298.77096109153786,300.55292192498604,21294100.0,283.43543395996096,268.0886993408203,66.75684278760643,6.766288280059541,5.473796133731432,1.292492146328109,298.9950371148989,267.87583080502304,31.119206309875835,-0.005533066371131601,0.03449869301068054,0.058033349058217665,1,0.027448691709046534,300.8369445800781,275.8797302246094,0
2023-05-02,299.02557373046875,302.7167531753242,297.556930414214,301.32645423519284,26404400.0,284.32543182373047,269.0159027099609,66.5832635984282,7.1850769079907195,5.81605228858329,1.3690246194074298,301.25371284930753,267.3971507981534,33.85656205115413,-0.0004907540648890762,0.0019026853344148442,0.05909070863799548,1,0.02742030002913654,299.1723937988281,269.6625671386719,0
2023-05-03,298.0366516113281,302.1586351255935,297.7331344095427,300.2102447245278,22360800.0,285.1684326171875,270.02887481689453,65.35068850919808,7.352418063868697,6.123325443640372,1.2290926202283252,303.0385367967934,267.2983284375816,35.740208359211806,-0.0033071489732581227,-0.009308341343044702,0.055295449422552156,1,0.027527878536136956,299.02557373046875,289.1955261230469,1
2023-05-04,299.02557373046875,301.32645423519284,297.05758212520743,299.83820988509484,22519900.0,286.19990997314454,271.0843392944336,66.02794749792108,7.478625941210282,6.394385543154355,1.0842403980559272,304.7556588556768,267.6441610906123,37.11149776506454,0.003318122498672693,-0.0004907540648890762,0.06745669343750427,1,0.027123723508567867,298.0366516113281,298.45770263671875,1
2023-05-05,304.15606689453125,305.4484803627257,297.9094316778868,299.32913236517106,28197100.0,287.13250122070315,272.17857666015624,69.37260695816252,7.9015503602925605,6.695818506581996,1.2057318537105646,307.26269829691347,267.0023041444928,40.260394152420645,0.017157372528568304,0.017157372528568304,0.08710117834359132,1,0.02713713250497851,299.02557373046875,300.8369445800781,0
2023-05-08,302.1977844238281,303.7154001974436,299.6913026300948,303.6468563494258,21318600.0,288.0753677368164,273.34232849121094,66.67431112076582,7.986638977462803,6.953982600758158,1.0326563767046455,309.15107585269124,266.9996596209416,42.151416231749636,-0.006438413314248215,0.013961815736430072,0.09539683896961804,1,0.026536348770648907,304.15606689453125,299.1723937988281,0
2023-05-09,300.5823059082031,303.55876446980983,299.90672765113413,301.5614013671875,21340800.0,289.25860290527345,274.45536376953123,64.44732764008324,7.833417938643606,7.129869668335248,0.7035482703083584,310.3529349964536,268.1642708140933,42.1886641823603,-0.005345765584301332,0.005206016857733919,0.11466084854718095,1,0.02472856401706551,302.1977844238281,299.02557373046875,1
2023-05-10,305.7813415527344,306.4569199007131,301.23835354911984,302.1684764325444,30078000.0,290.6694793701172,275.6868707275391,68.13596164864386,8.038841131284642,7.311663960925127,0.7271771703595142,312.21605936770675,269.1228993725276,43.09315999517912,0.017296545878914937,0.005343554954525098,0.057351562978988024,1,0.012843895979101948,300.5823059082031,298.0366516113281,0
2023-05-11,303.6272888183594,304.6161848272032,299.85779507616377,303.6175181815788,31680200.0,291.6617935180664,276.9369790649414,65.12132639956235,7.936341236380542,7.436599416016211,0.49974182036433135,313.6710441140635,269.65254292206936,44.01850119199412,-0.007044421753913732,0.004730360274668222,0.017321001052980067,1,0.009420024913534879,305.7813415527344,299.02557373046875,0
2023-05-12,302.5111999511719,304.15607355783874,300.1907479204044,304.058158011807,19774700.0,292.77943115234376,278.06998931884766,63.552347480519295,7.676559685595862,7.484591469932142,0.1919682156637199,314.60801757612796,270.95084472855956,43.657172847568404,-0.0036758516388004647,0.006417190915947835,0.005565325008305644,1,0.00928553570367577,303.6272888183594,304.15606689453125,1
2023-05-15,302.9909362792969,303.4217407624871,301.16003216555265,302.6384761819386,16336500.0,293.7908416748047,279.13074188232423,63.95435592393047,7.423814534539872,7.472436082853688,-0.048621548313816376,315.5436224296823,272.03806091992715,43.505561509755125,0.0015858465015590184,-0.009125492285657621,0.0127636859537128,1,0.009033089162578141,302.5111999511719,302.1977844238281,1
2023-05-16,305.2232360839844,307.15205550564514,303.35316000473966,303.35316000473966,26730300.0,294.9349136352539,280.2052011108398,65.84229878407072,7.319268152353857,7.441802496753722,-0.12253434439986499,316.5652550793192,273.30457219118864,43.26068288813053,0.007367546475481879,0.0052562708438890215,0.020726195007996218,1,0.00919973461086138,302.9909362792969,300.5823059082031,1
2023-05-17,308.10809326171875,308.5300175402266,304.9092544308229,306.4301881447826,24315000.0,296.2193130493164,281.39062072753904,68.16302710832521,7.384079187299676,7.430257834862913,-0.046178647563237085,317.7751797386545,274.66344635997825,43.11173337867626,0.009451630271492872,0.018501441637368332,0.0337926278393601,1,0.009252426067193323,305.2232360839844,305.7813415527344,1
2023-05-18,312.543212890625,313.0534746659253,307.83329307901204,308.62809167291,27276000.0,297.84002380371095,282.6735543823242,71.38215545580081,7.704506729950026,7.485107613880336,0.21939911606968998,319.18628501240534,276.49376259501656,42.69252241738877,0.014394687208488577,0.031526608447860704,0.04520562904208525,1,0.009887136281531051,308.10809326171875,303.6272888183594,0
2023-05-19,312.3666687011719,312.76897905978745,310.4336325582829,310.796685091804,27546700.0,299.4690399169922,283.9799801635742,71.07408462980374,7.853670006315724,7.558820092367414,0.29484991394831006,320.0132781042097,278.9248017297747,41.088476374435004,-0.0005648632962472755,0.023403960684113656,0.026994700090883672,1,0.0089003504355597,312.543212890625,302.5111999511719,1
2023-05-22,315.1533203125,316.5368664420845,312.04281946483945,312.6217450177961,24115700.0,301.4327194213867,285.4151791381836,73.05112478427961,8.103332302875515,7.667722534469035,0.43560976840648014,319.99477205199736,282.87066679077606,37.1241052612213,0.008921091430513561,0.022866088898212622,0.04287104855309565,1,0.008462094064812388,312.3666687011719,302.9909362792969,0
2023-05-23,309.34442138671875,316.6644323894991,309.33459944590936,314.02490557674435,30797200.0,303.41681213378905,286.6298294067383,63.33354716490728,7.743203050512477,7.682818637677723,0.06038441283475393,315.2258676709688,291.6077565966093,23.61811107435949,-0.01843197755308834,-0.010234717542964789,0.02915046995877235,1,0.010798326095522124,315.1533203125,305.2232360839844,0
2023-05-24,307.9609375,310.56120702002494,306.74418444642515,308.8244300073926,23384900.0,304.3550827026367,287.6822814941406,61.24396534120869,7.262445485184799,7.598744007179139,-0.3362985219943404,314.3357242625583,294.3744411427151,19.961283119843188,-0.0044723091514530244,-0.014104357611172236,0.007127955996915292,1,0.009720790264218198,309.34442138671875,308.10809326171875,1
2023-05-25,319.804443359375,320.7660354537529,313.99551318959146,317.17470817825347,43301700.0,305.4224197387695,288.88054809570315,70.28298945557447,7.747801757710818,7.628555557285475,0.11924620042534251,317.0773372916674,293.76750218587165,23.30983510579574,0.03845781856465158,0.014758286672223564,0.053279646253052704,1,0.014922911150751303,307.9609375,312.543212890625,1
2023-05-26,326.64361572265625,327.1440256424356,317.80267115227514,317.940028599587,36630600.0,306.71275329589844,290.0048956298828,74.04720360050891,8.585347609806831,7.819913967789747,0.7654336420170846,321.3769878726278,292.04851871916907,29.32846915345874,0.021385482613810458,0.055922115092262636,0.07977362747355987,1,0.015345794861149526,319.804443359375,312.3666687011719,0
2023-05-30,324.9951171875,329.44011438601143,324.318062056043,328.9397044655436,29503100.0,308.003889465332,291.03302490234375,71.68999795907042,9.012201626623892,8.058371499556575,0.9538301270673166,324.24732527532126,291.76045365534276,32.4868716199785,-0.0050467802087885705,0.05531279332301686,0.07262323150128713,1,0.015781816615806483,326.64361572265625,315.1533203125,0
2023-05-31,322.22802734375,329.6363453938655,321.1878898831773,326.0548408394715,45950600.0,309.1640121459961,292.1468017578125,67.78907056213146,9.023191747687179,8.251335549182697,0.7718561985044818,325.9809339025586,292.34709038943356,33.63384351312504,-0.008514250514581101,0.007578331179256104,0.055712636684995376,1,0.016538071318321253,324.9951171875,309.34442138671875,1
2023-06-01,326.3394470214844,327.2716331746607,318.62694664026094,319.81423378408647,26773900.0,310.5791519165039,293.3124554443359,70.3690055360305,9.25695034392146,8.45245850813045,0.8044918357910102,328.15851075648396,292.9997930765239,35.15871767996009,0.012759348439136176,-0.000931194385963896,0.05917194049258301,1,0.016657246800897585,322.22802734375,307.9609375,1
2023-06-02,329.1065368652344,331.1671383819332,326.31000837435346,327.97812149381093,25873800.0,312.0832000732422,294.56262756347655,71.99478116017933,9.555338743390791,8.673034555182518,0.8823041882082734,330.57484625796997,293.59155388851445,36.98329236945551,0.008479176725355586,0.012650712150122478,0.05299530846125178,1,0.016425034211628147,326.3394470214844,319.804443359375,1
2023-06-05,329.63641357421875,332.20724701987933,328.3804327326386,328.92992247927083,21307100.0,313.3572174072266,295.7182421875,72.30811204094569,9.722495446331095,8.882926733412233,0.8395687129188616,332.9659825572189,293.74845225723425,39.21753029998467,0.00161004613895388,0.022991129268111532,0.05528677225663947,1,0.016353027967919383,329.1065368652344,326.64361572265625,0
2023-06-06,327.41876220703125,329.0770531433708,325.93711647697336,329.0377953258703,20396200.0,314.6182662963867,296.77252075195315,68.83684281811094,9.56575434445648,9.019492255621083,0.5462620888353964,334.43698252709487,294.79955006567855,39.637432461416324,-0.006727567938085821,0.0033073390158555593,0.03891896770235226,1,0.016735117117691708,329.63641357421875,324.9951171875,0
2023-06-07,317.31207275390625,328.2135893193703,316.4485803635837,325.42688293374783,40717100.0,315.4547546386719,297.7067138671875,55.71062422552132,8.52770840405526,8.921135485307918,-0.393427081252657,334.21727962569327,296.6922296516505,37.52504997404276,-0.0308677773533772,-0.03583782997345275,0.025756570399654732,1,0.01890453964956002,327.41876220703125,322.22802734375,1
2023-06-08,319.15679931640625,320.5109096534157,317.28263514872793,317.8615607379673,23277700.0,316.12352752685547,298.70031982421875,57.31071752823429,7.764400359962394,8.689788460238814,-0.9253881002764199,334.4065622311291,297.84049282258184,36.566069408547264,0.005813603455077754,-0.03179143391405992,0.03635481144879371,1,0.01874974694499265,317.31207275390625,326.3394470214844,1
2023-06-09,320.6581115722656,323.79804871469764,318.32276516845866,318.8918688562613,22529000.0,316.9750686645508,299.6205609130859,58.62095473003918,7.197646598135293,8.39136008781811,-1.1937134896828177,334.41783687610365,299.53230045299796,34.88553642310569,0.004703995838644115,-0.020648329952731248,0.0026693444403813604,1,0.014318999760603456,319.15679931640625,329.1065368652344,1
2023-06-12,325.6231384277344,325.8684474019989,319.05866788081994,322.4144778795906,24260300.0,318.1306655883789,300.57078125,62.698447791307935,7.067654806278142,8.126619031510117,-1.0589642252319749,334.6238662594045,301.6374649173533,32.98640134205118,0.015483864827632088,0.026192087813418308,-0.0031241305379999806,1,0.013451458705666412,320.6581115722656,329.63641357421875,1
2023-06-13,328.017333984375,330.6568607625825,324.1905202364905,328.19394924698327,22951300.0,319.3819854736328,301.4856622314453,64.51433319181322,7.0762562695262545,7.916546479113345,-0.8402902095870903,334.8567851246077,303.90718582265794,30.949599301949775,0.007352657947469421,0.027762324622088164,0.009299268318334164,1,0.01352944163688334,325.6231384277344,327.41876220703125,1
2023-06-14,331.01007080078125,332.67818358645866,326.56507396393835,328.06636349307234,26003800.0,320.6713272094727,302.4813513183594,66.69676906147282,7.241091050650255,7.781455393420727,-0.5403643427704727,335.4959099223187,305.8467444966267,29.64916542569199,0.009123715445320979,0.03228347843052348,0.027254126617802354,1,0.01329765106314211,328.017333984375,317.31207275390625,1
2023-06-15,341.5682373046875,343.2755782609129,330.8727715288356,331.1475163947217,38899100.0,322.3443344116211,303.6891833496094,73.00463421538414,8.129962454399163,7.851156805616415,0.2788056487827477,338.6029210991702,306.085747724072,32.517173375098196,0.03189681352704432,0.048967954040194384,0.04666549025009692,1,0.015997530176547935,331.01007080078125,319.15679931640625,0
2023-06-16,335.9064636230469,344.8749738863784,335.5336191446204,344.7277944942439,46552000.0,323.5124969482422,304.8393920898437,65.80659611686724,8.282071067297807,7.937339657952693,0.3447314093451137,340.1394960570502,306.88549783943415,33.25399821761607,-0.016575820182572087,0.024050953475061476,0.020661779685637205,1,0.017250549116626653,341.5682373046875,320.6581115722656,0
2023-06-20,331.706787109375,335.6611666254421,329.55787807274623,332.9431539372829,26375400.0,324.47950286865233,305.76344299316406,61.00201110371105,7.971844975830891,7.944240721528333,0.027604254302557862,340.64428181394567,308.314723923359,32.32955789058667,-0.012502517719887418,0.002104819067614061,0.006280779215825705,1,0.017868675975832832,335.9064636230469,325.6231384277344,0
2023-06-21,327.3009948730469,331.3927611325537,325.83896318569987,330.0582649391525,25117800.0,325.0868865966797,306.64265380859376,56.35363512835871,7.286483899836867,7.81268935719004,-0.5262054573531731,340.70805958688584,309.4657136064735,31.242345980412324,-0.013282188992037036,-0.041769816023361384,-0.0003596841341362289,1,0.01828952852713446,331.706787109375,328.017333984375,1
2023-06-22,333.33563232421875,333.7379426283081,327.0851645614221,327.85052734982696,23556800.0,326.2864471435547,307.77101440429686,60.76380970063924,7.147878820449648,7.679727249841962,-0.5318484293923138,340.50996930248647,312.06292498462295,28.447044317863515,0.018437577476697165,-0.007653414200785136,0.05049779364285234,1,0.015431858315413006,327.3009948730469,331.01007080078125,0
2023-06-23,328.733642578125,331.6184785385029,327.19312496325193,328.08602328651534,23146900.0,327.32508239746096,308.7944110107422,56.10783749762375,6.5907174956522,7.46192529900401,-0.87120780335181,338.81535751178205,315.83480728313987,22.980550228642187,-0.013805874019545694,-0.008963170627767858,0.030006702919164407,1,0.016531314550765248,333.33563232421875,341.5682373046875,0
2023-06-26,322.43408203125,329.8031423475633,322.3261305245052,327.4580044139379,21520600.0,327.45656433105466,309.5674725341797,50.41328415673874,5.576558152021448,7.0848518696074985,-1.5082937175860502,338.6561021257835,316.25702653632584,22.399075589457652,-0.01916311484723654,-0.014869838216301945,0.005538517177302582,1,0.017934659073754897,328.733642578125,335.9064636230469,1
2023-06-27,328.2921447753906,329.8424845224402,323.1210117477798,325.6329735815735,24354100.0,327.5389907836914,310.530146484375,54.98827510028914,5.185748193985546,6.705031134483109,-1.519282940497563,338.7376483899849,316.34033317739795,22.397315212586932,0.018168249172780815,-0.015130358292816948,0.008196611458705094,1,0.01819872758858157,322.43408203125,331.706787109375,1
2023-06-28,329.548095703125,331.6381330418555,327.54636600540425,328.3804225415333,20259500.0,327.76663970947266,311.4658538818359,55.92713229407945,4.920651028004784,6.3481551131874445,-1.4275040851826608,338.9342570914452,316.5990223275001,22.335234763945095,0.0038257111774442354,0.0024775472282441147,0.004666709835593474,1,0.018095058801859448,328.2921447753906,327.3009948730469,0
2023-06-29,328.7630615234375,329.8031691350396,326.37866558051627,328.4294449258427,16997000.0,328.09339141845703,312.3942791748047,55.15277423360635,4.594254213793988,5.997374933308754,-1.4031207195147655,338.9723590703788,317.2144237665353,21.75793530384351,-0.0023821535913067793,0.019628754666121573,-0.006788341127832664,1,0.017857968658413853,329.548095703125,333.33563232421875,1
2023-06-30,334.1500549316406,336.2989637756356,330.87273088226857,331.4123986059452,26832800.0,328.48392181396486,313.42887817382814,59.31561317659608,4.71590570857046,5.741081088361095,-1.0251753797906344,339.6402317596928,317.3276118682369,22.312619891455938,0.016385640720221417,0.017843589161287587,-0.021718009940220773,1,0.015204114745477148,328.7630615234375,328.733642578125,0
2023-07-03,331.6479187011719,334.5033188190337,330.25458046527325,332.8254137820231,12508700.0,328.6109909057617,314.4592565917969,56.68375878703199,4.557873582576519,5.50443958720418,-0.9465660046276607,339.8503552449415,317.3716265665819,22.47872867835963,-0.007488061706231397,0.006371825616430016,-0.012677770102851982,1,0.014497192379165661,334.1500549316406,322.43408203125,1
2023-07-05,331.804931640625,335.23925747739463,328.4491214492935,328.8023520189305,18172400.0,328.719416809082,315.49962829589845,56.81325363663915,4.394642908291701,5.282480251421685,-0.8878373431299842,340.03781948775315,317.4010141304109,22.63680535734227,0.00047343260909959994,0.009252469249714235,0.00029587736839897794,1,0.01394127228675939,331.6479187011719,328.2921447753906,1
2023-07-06,334.8663635253906,336.5540904646997,329.20464318433727,330.97085581956964,28161200.0,329.091796875,316.6793609619141,59.36410637395628,4.460891015733182,5.118162404283985,-0.6572713885508028,340.70085462532745,317.48273912467255,23.218115500654903,0.009226601514414678,0.002143673428084636,0.023114407749595056,1,0.013341735628546335,331.804931640625,329.548095703125,0
2023-07-07,330.8923645019531,335.3766196583141,330.6764914106529,332.952965838011,21214800.0,329.7708114624023,317.90395690917967,54.836270755201056,4.144944271651241,4.923518777757436,-0.778574506106195,340.0577938815983,319.48382904320636,20.57396483839193,-0.011867417741215358,-0.0022781816396668653,-0.007329752913691423,1,0.012712992655235242,334.8663635253906,328.7630615234375,0
2023-07-10,325.6034545898437,328.93968018640373,321.4430244792303,328.32149685592424,32791400.0,330.09314422607423,318.63211547851563,49.43243861980657,3.428264473223294,4.624467916850608,-1.1962034436273141,339.3855247361633,320.80076371598517,18.58476102017812,-0.015983777443973723,-0.01869012922779001,-0.009521958153514531,1,0.012979041697462938,330.8923645019531,334.1500549316406,1
2023-07-11,326.23150634765625,326.61417278371005,320.86414468674985,324.8479601120357,26698200.0,330.37181396484374,319.1875915527344,50.06177235355937,2.8777956605685517,4.275133465594196,-1.3973378050256446,338.8107824703057,321.9328454593818,16.877937010923915,0.001928885424768323,-0.025785979477988552,0.01177736637666671,1,0.011280517325977587,325.6034545898437,331.6479187011719,1
2023-07-12,330.87274169921875,335.23922327928665,329.37145204151966,330.2839941982709,29995300.0,330.634294128418,319.7883074951172,54.56215617922609,2.783962280857452,3.9768992286468476,-1.1929369477893959,338.7878705178783,322.4807177389577,16.307152778920567,0.014226815194901654,-5.9302676155503775e-05,0.007860672163184645,1,0.010675516689845647,326.23150634765625,331.804931640625,1
2023-07-13,336.23028564453125,337.2900072046909,332.6585727165139,333.18844846906484,20567200.0,331.0449417114258,320.52946533203124,59.139721844790756,3.106102457281281,3.8027398743737346,-0.6966374170924534,339.45324774294147,322.6366356799101,16.816612063031357,0.016192158706693327,0.03263734123482798,0.02027682765742922,1,0.01172516605528281,330.87274169921875,334.8663635253906,1
2023-07-14,338.7618713378906,344.8357239330472,337.849329140898,341.06778168374007,28352700.0,331.4325317382812,321.3241912841797,61.13230837852209,3.525044161274195,3.747200731753827,-0.222156570479632,340.48839522995513,322.3766682466073,18.111726983347808,0.007529320829938069,0.03840942627068378,0.03041342226258692,1,0.011725804489318332,336.23028564453125,330.8923645019531,1
2023-07-17,339.2427062988281,340.4790431987355,335.7789446898668,339.19362653573205,20363900.0,331.3162551879883,322.1483123779297,61.51617661096269,3.851460602468478,3.768052705896758,0.08340789657172021,339.89575648484157,322.73675389113504,17.159002593706532,0.0014193892572340605,0.02529662781111819,0.015240612090365646,1,0.010750922896097505,338.7618713378906,325.6034545898437,1
2023-07-18,352.7444152832031,359.8976319830937,335.74943556932044,339.3407319110578,64738600.0,332.1581527709961,323.2226892089844,70.36641561773035,5.140368096716486,4.042515784060704,1.0978523126557818,344.74353646238126,319.5727690796109,25.17076738277035,0.039799555697689115,0.04911553284682668,0.06361112309901173,1,0.015622217278094179,339.2427062988281,326.23150634765625,0
2023-07-19,348.417236328125,355.6587621887617,345.82678907790546,354.96209307208494,39732900.0,332.9936752319336,324.10791259765625,65.19188322584262,5.746428147397808,4.383298256728125,1.3631298906696827,347.4307907665513,318.5565596973159,28.874231069235407,-0.012267179202834488,0.028501923643596383,0.050066479136882336,1,0.01663631153322624,352.7444152832031,330.87274169921875,0
2023-07-20,340.361328125,351.25305376506816,338.88947411809744,346.93562133380993,33778400.0,333.6466918945313,324.8711834716797,56.81532667532365,5.513138607968415,4.609266326976183,0.9038722809922319,348.1759631016576,319.11742068740494,29.058542414252656,-0.023121439938000865,0.003297408626337539,0.016409425365270236,1,0.018739546647693967,348.417236328125,336.23028564453125,0
2023-07-21,337.3194885253906,343.7269583997206,333.45341629454475,342.59854299009623,69405400.0,333.8458847045898,325.6059271240234,53.99418144735035,5.024880241689118,4.69238910991877,0.3324911317703485,348.46161411214894,319.2301552970307,29.23145881511823,-0.00893708934668469,-0.04372833725922631,0.019423609345327053,1,0.01852400180499442,340.361328125,338.7618713378906,1
2023-07-24,338.6343078613281,340.4103723937978,335.8868593129291,339.3604427915747,26678100.0,334.34091796875,326.2629864501953,55.03353461169993,4.689963916084253,4.691904071151867,-0.0019401550676141355,348.90107283530836,319.7807631021916,29.120309733116756,0.0038978457535474575,-0.028078198914314623,0.04002062351549407,1,0.017402993121692936,337.3194885253906,339.2427062988281,1
2023-07-25,344.39410400390625,345.28703205120934,338.5949976384123,340.59669683188025,41637700.0,335.4389190673828,327.07832275390626,59.36447286550763,4.833589120604245,4.720241081042342,0.11334803956190243,349.5468758851063,321.3309622496593,28.21591363544701,0.017008897234762177,0.01184851375778262,0.055673953321033975,1,0.01784489737680061,338.6343078613281,352.7444152832031,0
2023-07-26,331.4320373535156,338.20258898250944,326.8594744910843,335.0331862626318,58383700.0,335.5959136962891,327.6567395019531,48.12982751633846,3.8570213386943806,4.54759713257275,-0.6905757938783692,349.44985176365384,321.7419756289243,27.70787613472953,-0.037637307084222305,-0.017453634824398323,0.0016903648557586859,1,0.022084198019147266,344.39410400390625,348.417236328125,0
2023-07-27,324.51434326171875,334.92524195448044,322.87566610660525,334.0912153820297,39635300.0,335.34422607421874,328.08720764160154,43.40835107850282,2.4961106265852777,4.137299831375255,-1.6411892047899777,349.7984031003087,320.8900490481288,28.908354052179902,-0.02087213459216153,-0.041696792887835676,-0.03484499428822663,1,0.022246804273683814,331.4320373535156,340.361328125,1
2023-07-28,332.0207824707031,333.630023699817,326.91837382253794,327.4089917663005,28484900.0,335.50711212158205,328.62315856933594,49.2285808049591,2.000228602412051,3.7098855855826147,-1.709656983170564,349.7325757749081,321.281648468256,28.450927306652147,0.023131301789426573,-0.03592779722228567,-0.019899195976703532,1,0.023598121770113643,324.51434326171875,337.3194885253906,0
2023-07-31,329.61676025390625,331.3633588709427,327.10476892592203,330.59799610493667,25446000.0,335.2804473876953,329.0533319091797,47.54219778226987,1.3971485650114914,3.2473381814683906,-1.8501896164568992,349.7279121039492,320.83298267144136,28.894929432507865,-0.007240577529236458,-0.005477071903200348,-0.028374806196843294,1,0.023627452717390453,332.0207824707031,338.6343078613281,1
2023-08-01,330.0289001464844,332.1876312426991,327.4384527759718,328.9004847782133,18311900.0,335.1994964599609,329.4030456542969,47.87188475623821,0.9416052956296994,2.7861916043006527,-1.8445863086709533,349.7452766477078,320.65371627221407,29.091560375493714,0.0012503608501601704,0.016993260850470815,-0.06439652664233242,1,0.018532169291039072,329.61676025390625,344.39410400390625,0
2023-08-02,321.3547058105469,327.36968570591614,320.23608269003284,327.36968570591614,27761300.0,334.676985168457,329.5828063964844,41.90284603905636,-0.11799089146074948,2.2053551051483726,-2.323345996609122,350.37789853787405,318.97607179903997,31.401826738834075,-0.026283135604449837,-0.0321247259909021,-0.07767276614321039,1,0.01952216762674068,330.0289001464844,331.4320373535156,0
2023-08-03,320.530517578125,323.6900983235589,319.83384848481404,319.88289830105487,18253700.0,333.96019287109374,329.6903503417969,41.37495612930863,-1.012561428189656,1.561771798480767,-2.574333226670423,350.8267530440558,317.09363269813167,33.733120345924135,-0.0025647305532465747,-0.02756608210329492,-0.058263994491148496,1,0.01880821778535508,321.3547058105469,324.51434326171875,1
2023-08-04,321.6295471191406,328.85145992528254,321.09967127439563,325.6526208611945,23741500.0,333.49705200195314,329.9360528564453,42.41670724643689,-1.6142247465351147,0.9265724894775909,-2.540797236012706,351.164805253598,315.8292987503083,35.33550650328971,0.0034287828482595373,-0.02545035608583268,-0.04651359301782232,1,0.01898651257685749,320.530517578125,332.0207824707031,1
2023-08-07,323.9157409667969,324.8969767831622,321.37434379580344,322.20840022870215,17741500.0,333.4126663208008,330.25514892578127,44.62121966533195,-1.8848432246675202,0.36428934664856866,-2.249132571316089,351.2457689504012,315.57956369120035,35.666205259200865,0.007108158650639629,0.007969496353851024,-0.04346448824836302,1,0.01917217116338704,321.6295471191406,329.61676025390625,0
2023-08-08,319.93194580078125,322.5812946473448,316.9391883531327,320.82487404247576,22327600.0,333.09768829345705,330.25769897460935,41.630367600871644,-2.3931821797563657,-0.1872049586324182,-2.2059772211239475,351.63561855017184,314.55975803674227,37.075860513429575,-0.012298862519385834,-0.0018674408348585692,-0.07102954992181731,1,0.01774542071600326,323.9157409667969,330.0289001464844,0
2023-08-09,316.1836242675781,320.9720298428681,315.0257432593688,320.34405449895314,22373300.0,332.363232421875,330.04849914550783,38.982777233999485,-3.0631921138306666,-0.762402389672068,-2.300789724158599,352.3062560491609,312.42020879458914,39.886047254571736,-0.011715996424868313,-0.016932284052699864,-0.04600766180510507,1,0.014378840261813408,319.93194580078125,321.3547058105469,1
2023-08-10,316.8704833984375,322.1004872075801,315.153320674243,319.90249855805087,20113700.0,331.39524230957034,329.88600646972657,39.73907335617692,-3.498428318249694,-1.3096075753875933,-2.1888207428621005,352.3473402070048,310.4431444121359,41.90419579486888,0.002172342519162651,-0.021750278474677587,-0.02355476736853057,1,0.01328741605887723,316.1836242675781,320.530517578125,0
2023-08-11,314.986572265625,316.3602966518782,313.22032953048887,314.25064527888804,24355500.0,330.206477355957,329.7411773681641,38.33555339427223,-3.949840724691228,-1.8376542052483202,-2.1121865194429077,352.0315364330353,308.38141827887875,43.65011815415653,-0.0059453664241855275,-0.015457579651128928,-0.051304650505066496,1,0.009837113950115488,316.8704833984375,321.6295471191406,1
2023-08-14,317.959716796875,317.9793307363842,314.0740007379562,315.3594474269808,18836100.0,329.1423278808594,329.5735827636719,41.82743389095176,-4.021325060866843,-2.2743883763720247,-1.7469366844948184,351.1757000565672,307.1089557051516,44.06674435141565,0.009438956428729162,0.005617281835550658,-0.03536544515531237,0,0.010819379102961782,314.986572265625,323.9157409667969,0
2023-08-15,315.820556640625,318.9899592196478,314.87857860821487,316.9391798843772,16966300.0,327.29613494873047,329.3078631591797,40.06931432485731,-4.202149495567198,-2.6599406002110597,-1.5422088953561386,347.19382295283134,307.3984469446296,39.79537600820174,-0.0067277709824372645,-0.0033134255565618886,-0.04305181606687458,0,0.010720514097905082,317.959716796875,319.93194580078125,0
2023-08-16,315.0536499023437,319.00658950947815,314.4636557810038,315.44696931378786,20698900.0,325.6279556274414,329.0162078857422,39.42944428199335,-4.357111063180298,-2.9993746928049076,-1.3577363703753904,343.67074372249766,307.5851675323851,36.08557619011253,-0.0024282989886372786,0.00021295395621545588,-0.019607790999388475,0,0.007450233594969648,315.820556640625,316.1836242675781,0
2023-08-17,311.5923767089844,316.49910131427634,310.9335434813975,315.1913076048041,21257200.0,324.18950805664065,328.6996801757812,36.58947250334561,-4.7049789727386155,-3.3404955487916492,-1.3644834239469663,341.8883983798281,306.4906177334532,35.39778064637494,-0.010986297712888615,-0.020025618817487878,-0.027885459820411906,0,0.007983894259834302,315.0536499023437,316.8704833984375,0
2023-08-18,311.19903564453125,313.0673251029197,306.35127777604174,309.24222157279775,24755000.0,322.8834854125977,328.5774194335938,36.269762537833664,-4.955284696505714,-3.6634533783344625,-1.2918313181712517,340.3677393389513,305.39923148624405,34.96850785270726,-0.0012623577913155604,-0.014633376133753817,-0.03243020290901821,0,0.007710684242446722,311.5923767089844,314.986572265625,1
2023-08-21,316.5088806152344,317.38401382248713,311.74964798242354,312.62478118967624,24040000.0,321.77721405029297,328.5244610595703,43.452803447683365,-4.671345312090523,-3.8650317650856745,-0.8063135470048484,337.88041949999206,305.6740086005939,32.20641089939818,0.01706253671289759,0.004618993347138778,-0.022866626763661135,0,0.009607752975559894,311.19903564453125,317.959716796875,1
2023-08-22,317.0792541503906,320.63884412186707,316.0959406772382,320.0685355111108,16084600.0,320.4114715576172,328.4528839111328,44.18060030053616,-4.350151092868487,-3.962055630642237,-0.3880954622262496,332.8195994881096,308.00334362712476,24.816255860984825,0.0018020775090024088,0.017609151736503348,-0.008916557686199256,0,0.008986874868619633,316.5088806152344,315.820556640625,1
2023-08-23,321.5434875488281,323.7067890708429,318.0625496482568,318.41655808292467,21166400.0,319.9170440673828,328.3712908935547,49.643541011297884,-3.692807646105564,-3.9082060337349027,0.21539838762933883,331.2726383942155,308.5614497405501,22.71118865366543,0.014079235206981178,0.03324062969177355,0.016951742183567653,0,0.009223239277943785,317.0792541503906,315.0536499023437,0
2023-08-24,314.6307678222656,327.4236838653866,314.6209250862832,327.29584833098056,23281400.0,319.42286529541013,328.1035595703125,42.678313387990485,-3.687153725591372,-3.8639955721061967,0.17684184651482449,330.7954016533389,308.05032893748137,22.745072715857532,-0.02149855305501336,-0.0059338391684873315,-0.007068236688223206,0,0.011778052497753743,321.5434875488281,311.5923767089844,1
2023-08-25,317.590576171875,319.93083688219207,313.4803033090538,316.1057633191369,21684100.0,318.70135498046875,327.83516967773437,46.16141033262856,-3.4045951021360565,-3.772115478112169,0.3675203759761123,328.5086088228796,308.8941011380579,19.61450768482166,0.00940724383090652,0.0016126000512219907,0.008267031472230624,0,0.012008953963585655,314.6307678222656,311.19903564453125,1
2023-08-28,318.2985534667969,320.70765324549666,316.3515821692069,320.2258392914253,14808500.0,318.1354446411133,327.3697760009766,46.99113787413807,-3.0879416374165203,-3.6352807099730393,0.547339072556519,326.5677898211881,309.70309946103845,16.864690360149666,0.002229213799274543,-0.010091742509754531,0.0010656591134730053,0,0.011649637577044283,317.590576171875,316.5088806152344,1
2023-08-29,322.9299621582031,323.4904580066464,316.5089267598385,316.5089267598385,19284600.0,317.7804977416992,327.11024597167966,52.18277856369681,-2.4352039943768204,-3.3952653668537955,0.9600613724769751,324.62937494186895,310.93162054152947,13.697754400339477,0.014550517559575926,0.026377567563976134,0.022510901738635125,0,0.012181350701581826,318.2985534667969,317.0792541503906,1
2023-08-30,323.3035583496094,324.3065270196642,321.0026090418334,323.18556556587794,15222100.0,317.87794036865233,326.9421813964844,52.58617785344781,-1.8662457004372754,-3.0894614335704915,1.223215733133216,324.97829146368,310.77758927362464,14.200702190055381,0.0011568954113438945,0.01798851290424497,0.02618572566870081,0,0.012079202965418454,322.9299621582031,321.5434875488281,0
2023-08-31,322.29083251953125,325.3882639482628,321.3271745159577,323.7068063169535,26411000.0,317.96595611572263,326.84197814941405,51.32222635054015,-1.4800001437621972,-2.7675691756088328,1.2875690318466355,325.23723446566544,310.69467776577983,14.542556699885608,-0.003132430200421754,0.012542561093199733,0.0343347803420071,0,0.011325586687727245,323.3035583496094,314.6307678222656,1
2023-09-01,323.17578125,326.45020162379865,321.32714728180537,325.78155572289427,14942000.0,318.04326782226565,326.6387811279297,52.398906342469466,-1.0899258044065618,-2.4320405013683786,1.3421146969618167,325.49924906019515,310.58728658433614,14.911962475859013,0.0027458079510067623,0.0007612148781550587,0.038485805653810656,0,0.011211045768080383,322.29083251953125,317.590576171875,1
2023-09-05,327.98419189453125,329.2625173948681,323.17580468951513,323.51012766421536,18553900.0,318.24669036865237,326.6237921142578,57.85375766927476,-0.38831428136580826,-2.023295257367865,1.6349809760020566,326.5106687934974,309.9827119438073,16.5279568496901,0.014878623100818222,0.014477519421114415,0.0362558903781498,0,0.01094292166648572,323.17578125,318.2985534667969,0
2023-09-06,327.3254089355469,328.87903109155945,324.67045043147994,327.817065694941,17535800.0,318.6163635253906,326.72161865234375,56.89183225674886,0.11325410356329257,-1.5959853851816335,1.709239488744926,327.7631288237966,309.46959822698466,18.293530596811934,-0.0020085814355230713,0.01562122129462229,0.03231417587571506,0,0.01107883861436004,327.98419189453125,322.9299621582031,0
2023-09-07,324.4049072265625,327.52199370609907,323.539586687025,325.76188443553343,18381000.0,319.02742767333984,326.6438739013672,52.70789387005168,0.2719556465537494,-1.222397178834557,1.4943528253883063,328.4351491863302,309.6197061603495,18.8154430259807,-0.008922318980618571,0.0038032737843423092,0.00889901300613305,0,0.010965747142058495,327.3254089355469,323.3035583496094,1
2023-09-08,328.6921081542969,330.55058459446576,323.9623738385832,324.58186598530614,19530100.0,319.61850891113284,326.62675415039064,57.63349311652938,0.73519418704592,-0.8308789056584616,1.5660730927043816,329.85855012130816,309.3784677009575,20.48008242035064,0.013215585930518081,0.0021583853041102774,0.04469156157027365,0,0.008225152053285284,324.4049072265625,322.29083251953125,1
2023-09-11,332.30096435546875,332.77296563529865,329.8328378843995,331.6126329067601,16583300.0,320.484228515625,326.69751220703125,61.28852031677774,1.3776380489261442,-0.38917551474154044,1.7668135636676845,331.87451077962504,309.0939462516249,22.780564528000127,0.010979442802678374,0.01520063913187264,0.04631871751645655,0,0.00834538877757568,328.6921081542969,323.17578125,0
2023-09-12,326.2339172363281,331.170170334902,325.9487779202192,330.2163550157564,17565500.0,320.89793853759767,326.539189453125,53.008919791080984,1.3812967112777983,-0.035081069537672704,1.416377780815471,332.49065428145366,309.3052227937417,23.18543148771198,-0.018257687367559283,0.0056380466787706585,0.02493056811946537,0,0.01105758996013225,332.30096435546875,327.98419189453125,1
2023-09-13,330.45233154296875,331.22915760826913,325.64394414491534,325.7815924302143,16544400.0,321.62952728271483,326.5152777099609,57.32563918704961,1.7049335941482582,0.3129218631995135,1.3920117309487448,333.68570800898937,309.5733465564403,24.112361452549067,0.012930642964338768,0.005355234716635016,0.02329412029311917,0,0.010872086036912379,326.2339172363281,327.3254089355469,1
2023-09-14,333.0482482910156,335.1721787492822,330.9537860249842,333.4907212996785,20267000.0,322.5292572021484,326.54014404296873,59.77451037595363,2.1461474897553785,0.6795669885106865,1.466580501244692,335.1602683739289,309.89824603036794,25.262022343560943,0.00785564664024574,0.0022488166322247594,0.0301409919245883,0,0.010995486047306586,330.45233154296875,324.4049072265625,0
2023-09-15,324.70977783203125,331.76996140047095,324.14928194769504,331.2979901364791,37679800.0,323.1851272583008,326.3370123291016,49.87407889706314,1.8021932404145105,0.9040922388914514,0.898101001523059,334.7976052091316,311.57264930747,23.224955901661588,-0.025036824249254908,-0.004671921966938775,0.007505473530195372,0,0.014102128919206527,333.0482482910156,328.6921081542969,0
2023-09-18,323.5691223144531,324.8867587399462,320.91416398907404,322.33013776149687,16834200.0,323.8036315917969,326.19054748535154,48.68613431202581,1.4211831377861017,1.0075104186703814,0.41367271911572034,334.03181157272275,313.575451610871,20.456359961851717,-0.0035128462259247373,-0.02082965853615293,0.0012171118235770884,0,0.014146863960523736,324.70977783203125,332.30096435546875,0
2023-09-19,323.166015625,323.8936881104096,319.0951128373312,320.7274170496226,16505900.0,324.13648834228513,326.1417987060547,48.248755647196,1.0743184708953777,1.0208720291153808,0.05344644177999691,333.81177250963856,314.4612041749317,19.35056833470685,-0.0012458132178057024,-0.029672075192482605,-0.014690269801419631,0,0.013174996980223747,323.5691223144531,326.2339172363281,0
2023-09-20,315.4174194335937,324.09025057389067,315.1617783626277,324.01159870782635,21436500.0,324.0533966064453,325.92551696777343,40.68299017955258,0.17219382520329418,0.8511363883329635,-0.6789425631296693,333.9945750281332,314.11221818475735,19.882356843375874,-0.02397713811713953,-0.028617427108229565,-0.036379667379558556,0,0.01499373149868496,323.166015625,330.45233154296875,0
2023-09-21,314.1981201171875,319.92101113625847,309.74371174856566,313.93263631012064,35560400.0,323.6861282348633,325.59202453613284,39.62990908033059,-0.6338273535018857,0.5541436399659937,-1.1879709934678795,334.4774604244133,312.8947960453133,21.582664379100038,-0.00386566892404272,-0.028961361115782402,-0.031463109472159245,0,0.014879013455642309,315.4174194335937,333.0482482910156,0
2023-09-22,311.7201538085937,316.0860671908524,310.87448877989465,315.9582316625795,21447900.0,323.5405975341797,325.10182189941406,37.5051503918733,-1.4557748502840013,0.1521599419159947,-1.607934792199996,334.881017810319,312.2001772580404,22.680840552278596,-0.007886636328917507,-0.035417900592889184,-0.05163480936918663,0,0.013763917042215745,314.1981201171875,324.70977783203125,1
2023-09-25,312.2413024902344,312.3691380159858,309.74367839544084,311.30714288538854,17836000.0,323.2731338500977,324.57141052246095,38.25494045626719,-2.041587668312559,-0.286589580129716,-1.7549980881828429,335.3881347830696,311.1581329171258,24.23000186594379,0.0016718478907227219,-0.010069567334178298,-0.06036594538370399,0,0.01283122093706324,311.7201538085937,323.5691223144531,0
2023-09-26,306.931396484375,310.6089782476986,304.84674729451007,309.8714933481013,26297600.0,322.70477600097655,323.92518432617186,33.80470963547225,-2.9008741140352754,-0.809446486910828,-2.0914276271244474,336.63109321175943,308.77845879019367,27.852634421565767,-0.01700577714578755,-0.023127839307575115,-0.059167731287639636,0,0.012705262273413065,312.2413024902344,323.166015625,1
2023-09-27,307.57061767578125,309.0554005566663,304.522340026209,307.08877368705123,19410100.0,321.93680877685546,323.02170837402343,34.78820022216466,-3.490053836993127,-1.345567956927288,-2.144485880065839,337.34400269097836,306.52961486273256,30.8143878282458,0.0020826191087910395,-0.01331173516409978,-0.06924361453389283,0,0.011293298358345178,306.931396484375,315.4174194335937,1
2023-09-28,308.4064636230469,310.2157568801088,304.28637761624543,305.80065881535404,19683600.0,321.1919540405273,322.2214929199219,36.1246003441367,-3.84521201916408,-1.8454967693746465,-1.9997152497894337,337.66626243608005,304.7176456449746,32.94861679110545,0.0027175741089375816,-0.012281651519524539,-0.07398863316175408,0,0.010635382815036797,307.57061767578125,314.1981201171875,1
2023-09-29,310.481201171875,314.1391281627372,309.7240606687745,312.4478279409763,24147300.0,320.60147247314455,321.6238903808594,39.442040973094095,-3.9141436449566527,-2.259226144491048,-1.6549175004656047,337.710262664343,303.4926822819461,34.21758038239693,0.006727282964354542,0.011565466186124418,-0.04381936618957172,0,0.009537687416752929,308.4064636230469,311.7201538085937,1
2023-10-02,316.43023681640625,316.51876142882526,309.9207069776333,311.0023577080208,20570000.0,320.26419525146486,321.2061053466797,47.811749840669194,-3.4489773328946285,-2.497176382171764,-0.9518009507228644,337.42257822756386,303.10581227536585,34.31676595219801,0.019160695147008244,0.028805154431117197,-0.02206293804236703,0,0.012124142226276504,310.481201171875,312.2413024902344,0
2023-10-03,308.1606140136719,316.02712155021527,306.0169679036218,315.47643841498,21033500.0,319.27301635742185,320.59663146972656,39.61529845741904,-3.7049112170197986,-2.738723349141371,-0.9661878678784275,336.8189569157584,301.7270757990853,35.09188111667311,-0.026134110589224213,-0.0007971610143537866,-0.04643248635630148,0,0.014278298707710713,316.43023681640625,306.931396484375,1
2023-10-04,313.6376342773437,314.69962955610083,308.7604082061058,308.78990640783,20720100.0,318.58862762451173,319.9815020751953,46.194338559265454,-3.4262947095654113,-2.8762376212261795,-0.5500570883392317,335.8909332314818,301.28632201754164,34.60461121394019,0.017773265026752583,0.010166261575757618,-0.0056426343207234275,0,0.014102249667914709,308.1606140136719,307.57061767578125,1
2023-10-05,314.03094482421875,314.6406243233155,309.64537557701226,313.7654610161512,16965600.0,318.0699295043945,319.6334802246094,46.64390673503929,-3.1375841292215227,-2.9285069228252483,-0.20907720639627447,335.265343462119,300.87451554667,34.390827915448995,0.0012540285472477652,-0.007582372709784901,-0.0005320696791769608,0,0.014058377917427617,313.6376342773437,308.4064636230469,1
2023-10-06,321.79913330078125,323.6969208452724,311.0219974867104,311.2678258217484,25673600.0,317.72528076171875,319.5791760253906,54.69543616522537,-2.255945885759388,-2.793994715412077,0.5380488296526886,334.32113525888474,301.12942626455276,33.191708994331975,0.02473701590431099,0.04425782746689455,0.032333422683912705,0,0.01570448807957751,314.03094482421875,310.481201171875,1
2023-10-09,324.3164367675781,324.7884080000268,317.78722130749577,319.3310305664322,19891200.0,317.32605438232423,319.42508911132813,56.96189584350852,-1.3386843542339193,-2.5029326431764454,1.164248288942526,332.8496949584513,301.80241380619714,31.047281152254186,0.007822592438258669,0.03404821782577083,0.03867244397534941,0,0.015754073370011442,321.79913330078125,316.43023681640625,0
2023-10-10,322.91033935546875,325.5751105768061,322.2023524248597,325.43743228080154,20557100.0,317.1598754882813,319.29096069335935,55.29779970453471,-0.7169438099394938,-2.145734876529055,1.4287910665895613,332.3664463918278,301.9533045847347,30.413141807093098,-0.004335572461648174,0.028275539966993835,0.05206030746322554,0,0.014329823644488234,324.3164367675781,308.1606140136719,1
2023-10-11,326.8730773925781,327.26639677950044,323.64781040646227,325.6832464860802,20063200.0,316.98091278076174,319.22784423828125,58.93856542935215,0.09446100476083075,-1.697695700271078,1.7921567050319087,331.63161476719995,302.33021079432353,29.301403972876415,0.012271945348727442,0.015767426219430947,0.06275781432784378,0,0.014446850137930069,322.91033935546875,313.6376342773437,0
2023-10-12,325.6340637207031,328.062848978579,323.23477666400214,325.0539124253683,19313100.0,316.6102035522461,319.31343139648436,57.36538277959085,0.6302618515159111,-1.2321041899136802,1.8623660414295913,329.9307484932411,303.2896586112511,26.641089881989956,-0.003790503891475061,0.004062781912189228,0.055860048765751236,0,0.014764235326521678,326.8730773925781,314.03094482421875,0
2023-10-13,322.2613220214844,328.2595099527844,320.91415741201166,326.8337234807313,21072400.0,316.48778076171874,319.3480474853516,53.202418991640634,0.7738157485912893,-0.8309202022126864,1.6047359508039758,329.5508345951234,303.4247269283141,26.126107666809276,-0.010357459722369677,-0.0020098995135300335,0.03794149470288932,0,0.015578726889873332,325.6340637207031,321.79913330078125,1
2023-10-16,327.0893249511719,330.53092123218164,325.0833575736201,325.52583051903275,22158000.0,316.6637908935547,319.4572430419922,57.911004137663596,1.2626081723309426,-0.41221452730396063,1.6748226996349032,330.19039155267376,303.1371902344356,27.053201318238166,0.014981639432875005,0.0006615642998766269,0.03368542855450962,0,0.01517284909475098,322.2613220214844,324.3164367675781,0
2023-10-17,326.51904296875,327.8956757176601,321.9466416917106,324.09025768703805,18338500.0,316.83144226074216,319.5093090820312,57.17917163811168,1.5856839225624526,-0.012634837330677995,1.5983187598931305,330.75357969969474,302.9093048217896,27.84427487790515,-0.0017435053330064898,0.0027177109112452857,0.05957422240294363,0,0.01138006494097946,327.0893249511719,322.91033935546875,0
2023-10-18,324.6015319824219,329.9900995519493,322.82173734889005,326.94182238673613,23153600.0,317.29064788818357,319.6027008056641,54.67715937528291,1.6677716376798912,0.32344645767143587,1.3443251800084552,331.5964997810783,302.98479599528883,28.611703785789473,-0.005872585466666469,0.007261839386302427,0.034957213378873364,0,0.01108267687875168,326.51904296875,326.8730773925781,1
2023-10-19,325.7913818359375,331.25860158595435,325.3882197669904,326.60751870152404,25052100.0,317.8703109741211,319.79485595703125,55.964788078517216,1.8079962274377976,0.6203564116247082,1.1876398158130894,332.5622513203064,303.17837062793575,29.383880692370667,0.0036655706652057862,-0.003968161038053197,0.03744993035097788,0,0.011054655343298279,324.6015319824219,325.6340637207031,0
2023-10-20,321.2190246582031,326.3814203790721,320.01938102368644,326.1847456816056,25027700.0,318.3452545166016,319.88182678222654,50.077093021849564,1.5325084106203803,0.8027868114238427,0.7297215991965377,332.82381506995586,303.8666939632473,28.95712110670854,-0.014034616729170946,-0.016231881186342112,-0.00180270417955386,0,0.009570935382877408,325.7913818359375,322.2613220214844,1
2023-10-23,323.82476806640625,327.1778702783257,318.9770403265237,320.0390055685396,24374700.0,318.92442779541017,320.0585906982422,53.104938691229485,1.50707146521421,0.9436437421819163,0.5634277230322938,333.30637191399376,304.5424836768266,28.76388823716718,0.008112045701451853,-0.0023929767406571933,-0.0015160153647230112,0,0.009598088953901778,321.2190246582031,327.0893249511719,1
2023-10-24,325.0145568847656,326.3026949587647,322.13345600220845,325.77169735313146,31153600.0,319.8285858154297,320.1996875,54.46300554818639,1.564879559420774,1.067890905629688,0.49698865379108614,333.3275370409474,306.32963458991196,26.99790245103543,0.0036741748491437853,-0.002384424495191384,0.006516414226614531,0,0.009540344679459125,323.82476806640625,326.51904296875,1
2023-10-25,334.9853820800781,340.42310386646625,331.9862582686526,339.2627712727239,55053800.0,321.1993240356445,320.5829840087891,63.898509106672456,2.387730878901948,1.3318589002841401,1.055871978617808,335.0051245968057,307.39352347448335,27.611601122322327,0.030678088055138053,0.04285660675460701,0.024817904099691424,1,0.01312505773757604,325.0145568847656,324.6015319824219,0
2023-10-26,322.4186096191406,335.929324644414,321.48444998869064,334.8575167574631,37828500.0,321.8999313354492,320.730283203125,49.87237207378635,2.0027267775784594,1.466032475743004,0.5366943018354553,334.3980353012506,309.4018273696478,24.99620793160284,-0.03751439057699957,-0.004342343717751884,-0.009874440237678583,1,0.018258530162927476,334.9853820800781,325.7913818359375,1
2023-10-27,324.306640625,331.1013408795519,322.9201649137948,324.91629022673243,29856500.0,322.5912033081055,320.9845684814453,51.591617882665545,1.8288744504838519,1.5386008706911736,0.2902735797926783,333.9653909797785,311.2170156364325,22.74837534334597,0.005855837564989308,-0.002178106317916817,0.006346770349869191,1,0.018038126934520577,322.4186096191406,321.2190246582031,1
2023-10-30,331.6814270019531,333.78573199598327,326.2928589871081,327.84651090030354,22828100.0,323.3537628173828,321.39421630859374,57.69508553999357,2.2601255353890224,1.6829058036307434,0.577219731758279,335.01485577251134,311.69266986225426,23.322185910257076,0.022740164563822995,-0.009862982849010327,0.014039290494933576,1,0.018864739299721513,324.306640625,323.82476806640625,1
2023-10-31,332.4681091308594,333.3432725394677,329.105193805489,333.1957815178894,20265300.0,324.5691375732422,321.71340087890627,58.299084501636564,2.6349991701945896,1.8733244769435127,0.761674693251077,334.5951264695796,314.54314867690476,20.051977792674847,0.0023718003628270257,0.031169105045114387,0.018219660660584225,1,0.018829616375427106,331.6814270019531,325.0145568847656,1
2023-11-01,340.2953186035156,341.6227978631735,333.98243257296474,334.12011087039247,28158800.0,325.90202178955076,322.17772216796874,63.83209041871523,3.523067882801797,2.2032731581151697,1.3197947246866275,336.8096857516867,314.99435782741483,21.815327924271855,0.023542737657209267,0.04930111189737718,0.04834785136486541,1,0.019744145364039692,332.4681091308594,334.9853820800781,1
2023-11-02,342.5077514648437,343.00922092358684,339.016970678104,341.4457561237559,24348100.0,327.325862121582,322.59700744628907,65.23616771940317,4.355189662154999,2.6336564589231357,1.7215332032318629,339.0661093886891,315.58561485447495,23.48049453421413,0.006501508367518394,0.03264073168265402,0.051310042440976034,1,0.019744665655419075,340.2953186035156,322.4186096191406,1
2023-11-03,346.9129638671875,348.4764586181646,341.5342382393827,343.7958771188286,23637700.0,328.58155364990233,323.2426513671875,67.90764016594251,5.308918089331996,3.168708785004908,2.1402093043270884,342.79944117591816,314.3636661238865,28.43577505203166,0.012861642936556894,0.04344733927741218,0.07998884635280956,1,0.018635231309449652,342.5077514648437,324.306640625,1
2023-11-06,350.5807189941406,351.57387511294206,347.4537896404017,347.5521269803011,23828300.0,329.89476776123047,323.9024542236328,69.97637284283384,6.288225179562858,3.792612063916498,2.4956131156463597,346.8772472992225,312.9122882232384,33.9649590759841,0.010572551357167725,0.030224924729595593,0.08262478218543046,1,0.018654834268160586,346.9129638671875,331.6814270019531,1
2023-11-07,354.51397705078125,356.41176470087066,351.6623742073379,353.4028281132475,25833900.0,331.4749496459961,324.6267626953125,72.05663565847308,7.297592058996429,4.493608062932484,2.8039839960639448,351.2203632218129,311.72953607017934,39.49082715163354,0.011219265189271077,0.035053879903707674,0.09076338133517714,1,0.01860718465631586,350.5807189941406,332.4681091308594,1
2023-11-08,357.139404296875,357.7982074064022,354.5336000325542,355.64474886828214,26767800.0,332.98826599121094,325.31095153808593,73.38237045331343,8.214678915118554,5.237822233369698,2.976856681748856,355.53196250920274,310.44456947321913,45.08739303598361,0.007405708705577219,0.02947840379237765,0.0661342954108397,1,0.01696086459929544,354.51397705078125,340.2953186035156,0
2023-11-09,354.6712951660156,358.7028859089797,354.3467849553374,356.2544152579837,24847300.0,334.44012756347655,325.93830627441406,70.01923486812865,8.642693485229756,5.91879648374171,2.723897001488046,358.585531623612,310.2947235033411,48.29080812027087,-0.006910772379537633,0.011668000977382187,0.10003357307747751,1,0.00903422053472133,357.139404296875,342.5077514648437,1
2023-11-10,363.5014953613281,363.924312941774,355.04499371068613,355.45796855398606,28042100.0,336.50213623046875,326.76251953125,74.51873702380684,9.583943736820686,6.651825934357506,2.93211780246318,363.05850979740495,309.94576266353255,53.1127471338724,0.024896856090874886,0.0253516614078646,0.12085739182149413,1,0.010097647012108161,354.6712951660156,346.9129638671875,0
2023-11-13,360.5613403320313,362.3214796716584,359.79435710159004,362.0756513284613,19986500.0,338.17573699951174,327.51023071289063,70.7132776991138,9.977629501549814,7.316986647795968,2.6606428537538456,366.31976080660615,310.0317131924173,56.28804761418883,-0.008088426228822665,0.009581513532211039,0.08707124059107518,1,0.010960684191260107,363.5014953613281,350.5807189941406,1
2023-11-14,364.0914001464844,365.74338927576326,361.22014215175847,364.8190723848794,27683900.0,340.0543548583984,328.2323748779297,72.52728760880615,10.45396779812819,7.944382877862413,2.5095849202657767,369.80528546467514,310.3034242521217,59.50186121255342,0.009790455657842756,0.026560099756760325,0.09511676502836575,1,0.010753638511078726,360.5613403320313,354.51397705078125,1
2023-11-15,364.2392578125,367.648419156017,361.71683864791095,365.8255911591098,26860100.0,342.03624114990237,328.97065185546876,72.60383055863205,10.71982869560668,8.499472041411266,2.220356654195413,372.6733157175285,311.3991665822762,61.27414913525229,0.0004061004076343355,0.0020295994943253515,0.0703622350940476,1,0.009763253943337534,364.0914001464844,357.139404296875,1
2023-11-16,370.6437683105469,370.8211167467286,364.7417458618893,365.51028582126,27182300.0,344.2788604736328,329.89542907714844,75.75487714149494,11.316862102927189,9.062950053714452,2.2539120492127367,376.36331159190667,312.1944093553589,64.16890223654775,0.01758325155973095,0.027963142052974677,0.0821470951398049,1,0.010329825194801015,364.2392578125,354.6712951660156,0
2023-11-17,364.4166259765625,368.8702128864744,361.6084886476014,368.12136824695096,40157000.0,346.4387405395508,330.60991943359375,67.61202653257791,11.158904134978116,9.482140869967186,1.6767632650109299,377.8315166239875,315.0459644551141,62.78555216887344,-0.016800882319885413,0.0008932532598882048,0.05045548576292491,1,0.012746445360873358,370.6437683105469,363.5014953613281,1
2023-11-20,371.8951110839844,373.304096039392,365.5497173582632,365.766486587499,52465100.0,348.8422576904297,331.40180236816406,71.56503776805604,11.50455520415727,9.886623736805204,1.6179314673520668,380.3021658524885,317.38234952837087,62.91981632411762,0.020521799979298594,0.02101874827404071,0.060797388261959684,1,0.0135895120970854,364.4166259765625,360.5613403320313,0
2023-11-21,367.58935546875,370.6930738149233,365.6679902657953,370.1511657162715,28423100.0,350.9709976196289,332.2289111328125,66.53022103303658,11.300779323761503,10.169454854196465,1.1313244695650386,381.4396463705275,320.50234886873034,60.93729750179716,-0.011577876360579609,-0.008240831501685197,0.0368825469922045,1,0.01449885085984727,371.8951110839844,364.0914001464844,1
2023-11-22,372.299072265625,374.2105744423134,369.4613770726341,372.446862625833,23345300.0,352.83668212890626,333.06584594726564,69.09168467783573,11.388045950281708,10.413173073413514,0.9748728768681936,383.7281828166095,321.94518144120303,61.78300137540646,0.012812440640097345,0.021630314665087358,0.04244748069341675,1,0.014750090364311548,367.58935546875,364.2392578125,0
2023-11-24,371.88525390625,372.41732930761407,369.6289174288519,371.786716969812,10176600.0,355.31001434326174,333.8425860595703,68.59494697844588,11.293627786263016,10.589264015983415,0.7043637702796008,383.89905273348296,326.7209759530405,57.17807678044244,-0.0011115213284220715,-2.6505263017950753e-05,0.048534964556905535,1,0.014371082974385618,372.299072265625,370.6437683105469,1
2023-11-27,373.0479431152344,375.0481498793526,370.673374141055,371.2448403099074,22179200.0,357.74707946777346,334.80934936523437,69.26358809262977,11.183701266608807,10.708151466108493,0.47554980050031403,383.52033998005953,331.9738189554874,51.546521024572144,0.003126473009541497,0.01484968910354767,0.026262471752466654,1,0.012526222123746095,371.88525390625,364.4166259765625,1
2023-11-28,377.0778503417969,377.3734310799554,372.6045380657408,372.79174922299154,20453100.0,360.01690063476565,335.87952392578126,71.52641718661911,11.291600994165549,10.824841371719904,0.46675962244564495,384.1520347287928,335.8817665407385,48.270268188054274,0.01080265231570432,0.012835858137090206,0.045807767395572574,1,0.01214271364168261,373.0479431152344,371.8951110839844,0
2023-11-29,373.2843933105469,378.654310364066,371.89510374186113,378.122265050378,28963400.0,362.05771484375,336.8818914794922,66.55900486015906,10.944846647232282,10.84884242682238,0.09600422040990253,383.25354219041276,340.8618874970872,42.39165469332556,-0.010060142826770369,0.0037622879358631955,0.025249135685061264,1,0.012796738807300537,377.0778503417969,367.58935546875,1
2023-11-30,373.3435363769531,374.50619409044,369.95407010737097,372.9296932561048,30554400.0,363.7101257324219,338.04041381835935,66.59795330934128,10.553163381887032,10.78970661783531,-0.23654323594827886,382.92196649383766,344.4982849710061,38.423681522831544,0.0001584396976304081,0.0007923733857109205,0.024995324828878784,1,0.012801631227064986,373.2843933105469,372.299072265625,0
2023-12-01,369.0081481933594,372.6045206628206,365.85514681042775,371.2250938337567,33040500.0,365.03514556884767,339.1366143798828,60.990306784187915,9.780182126507725,10.587801719569793,-0.8076195930620678,381.701812561895,348.36847857580034,33.33333398609466,-0.011612329560237611,-0.021400626266228184,-0.004412916814015011,1,0.012310815903450137,373.3435363769531,371.88525390625,0
2023-12-04,363.717041015625,364.0914332416113,357.568691355028,363.6776202294819,32063300.0,365.8753494262695,340.17655212402343,54.91316365173282,8.641032341003722,10.198447843856579,-1.557415502852857,380.3535677063644,351.3971311461746,28.956436560189786,-0.014338727216836045,-0.02563019634995156,-0.0019197394165613169,1,0.01196555743606879,369.0081481933594,373.0479431152344,1
2023-12-05,367.0473937988281,367.5991645775178,360.2487659355607,361.06658945811125,23065000.0,366.6986831665039,341.2726739501953,57.765706927586756,7.9157319351692195,9.741904662119108,-1.8261727269498884,379.3634723225067,354.03389401050106,25.32957831200565,0.009156438680749224,-0.016864206728271824,-0.013035173468740502,1,0.010195005575472335,363.717041015625,377.0778503417969,0
2023-12-06,363.3820495605469,368.683018285252,362.6233722417064,368.0524359835832,21182100.0,367.1420867919922,342.40168701171876,53.7361418674177,6.964876727143462,9.18649907512398,-2.2216223479805173,378.6363051793184,355.647868404666,22.988436774652428,-0.009986024421386186,-0.01524654309222584,-0.011445668503751838,1,0.010027123413231252,367.0473937988281,373.2843933105469,1
2023-12-07,365.5003967285156,365.9930512435457,360.9384111082578,362.8203549639822,23118900.0,367.56013641357424,343.56028259277343,55.66117968194376,6.309517842777211,8.611102828654627,-2.3015849858774153,378.14060389967364,356.97966892747485,21.16093497219879,0.005829531674804933,0.0049031403860289036,-0.018261328172901603,1,0.00915546039721921,363.3820495605469,373.3435363769531,1
2023-12-08,368.7322692871094,368.9588711566665,362.8204141424842,363.776165260302,20154400.0,368.26318511962893,344.7667987060547,58.49846708347992,5.981969885708338,8.085276240065369,-2.1033063543570307,377.0392614436905,359.48710879556734,17.552152648123183,0.008842322983836137,0.0045903485946141576,-0.008478380323021506,1,0.00976017602664331,365.5003967285156,369.0081481933594,0
2023-12-11,365.8453063964844,366.140917208106,360.72171642347627,363.0667572104508,27708800.0,368.38037567138673,345.8740808105469,55.106190587625605,5.426874362419824,7.55359586453626,-2.1267215021164363,376.9593657504796,359.80138559229385,17.15798015818575,-0.007829428371448288,0.0067786970735521646,-0.019307536341314435,1,0.009883563983994316,368.7322692871094,363.717041015625,1
2023-12-12,368.8800354003906,368.9194561848198,365.01761039602826,365.4018953884048,24838300.0,368.7963104248047,346.9230767822266,57.87175347145812,5.172212384514808,7.07731916853197,-1.9051067840171623,376.589225998716,361.00339485089336,15.58583114782266,0.008295115314715495,0.00924660739666816,-0.02174037783968341,1,0.00955160876373193,365.8453063964844,367.0473937988281,0
2023-12-13,368.8702087402344,372.0921891414662,365.32308952611504,370.4959629431741,30955500.0,369.0352508544922,348.1372686767578,57.859324329682856,4.9129644074598104,6.644448216317539,-1.7314838088577282,376.52357637313435,361.54692533585,14.976651037284341,-2.6639175919607183e-05,0.0003740910807499276,-0.011825258835935881,1,0.009147313875222086,368.8800354003906,363.3820495605469,0
2023-12-14,360.55419921875,368.2691873263225,358.78065463293524,367.8257861452431,43277500.0,368.8509979248047,349.07559997558593,48.38808775446158,3.990476322213283,6.113653837496688,-2.1231775152834054,376.9580664469409,360.74392940266847,16.214137044272434,-0.022544540937272206,-0.014462689790531669,-0.03425621689427116,1,0.011340589266309629,368.8702087402344,365.5003967285156,1
2023-12-15,365.2836608886719,366.92911028032063,360.89902327689896,361.4606566919279,78502300.0,368.58299255371094,350.100654296875,53.091039784213955,3.5995327268462347,5.6108296153665975,-2.011296888520363,376.7890650662803,360.3769200411416,16.41214502513867,0.013117200354814118,-0.009749442004404418,-0.010093238653190562,1,0.012031260596004602,360.55419921875,368.7322692871094,1
2023-12-18,367.1754150390625,367.5202792237652,363.2637368697555,364.02244408995057,21802900.0,368.72093200683594,351.0081799316406,54.86275264659546,3.4031267341898115,5.169289039131241,-1.76616230494143,376.7326764929978,360.70918752067405,16.023488972323776,0.005178863313481719,-0.004594552937630669,0.009508419000056945,1,0.011169964062786685,365.2836608886719,365.8453063964844,1
2023-12-19,367.7765197753906,367.7765197753906,364.4067490977682,366.0325032557898,20603700.0,368.51500244140624,351.87738159179685,55.43867739590099,3.258416699146892,4.787114571134372,-1.5286978719874798,376.4005412370557,360.6294636457568,15.771077591298877,0.0016371050775940699,0.02003116472444355,0.0019864627535324253,1,0.010807336159214805,367.1754150390625,368.8800354003906,0
2023-12-20,365.1753234863281,370.50585034240976,365.0866492587237,369.4909829785987,26316700.0,368.39430084228513,352.7226812744141,52.327205567027555,2.900404099354432,4.409772476778384,-1.509368377423952,376.4057160252957,360.38288565927456,16.02283036602114,-0.007072763347293343,-0.00029658430952039794,0.004934954624065568,1,0.010536585587630298,367.7765197753906,368.8702087402344,1
2023-12-21,368.0523986816406,368.909612855216,364.603816559464,367.0867848625013,17708000.0,368.1819671630859,353.5462677001953,55.31452820858803,2.8163671310592804,4.091091407634563,-1.2747242765752826,375.9907034445253,360.3732308816465,15.617472562878788,0.007878613395464695,0.0023884595935836916,0.006982213907200219,1,0.01066990565792281,365.1753234863281,360.55419921875,1
2023-12-22,369.07708740234375,369.6682789049535,367.2345641067885,368.19031518305366,17107500.0,368.04155883789065,354.4151281738281,56.36331851048072,2.8001723999319097,3.832907606094033,-1.032735206162123,375.6779772280824,360.4051404476989,15.2728367803835,0.0027840837999522083,0.0035362986950537856,0.000935144938361443,1,0.010325665419442548,368.0523986816406,365.2836608886719,1
2023-12-26,369.1559143066406,371.4024178719063,368.0129521321374,369.4909157953186,12673100.0,367.8469573974609,355.35302001953124,56.448001776610546,2.761861609791083,3.618698406833443,-0.85683679704236,375.1544185067142,360.53949628820766,14.614922218506536,0.0002135784284298392,0.01090049235065993,0.00904920154030453,1,0.009941890050712488,369.07708740234375,367.1754150390625,0
2023-12-27,368.5746154785156,369.55006195328735,367.3331162784424,368.200193175684,14905400.0,367.4217956542969,356.18272583007814,55.59123645929302,2.6540004106018955,3.4257588075871337,-0.7717583969852382,373.4000862275691,361.4435050810247,11.956581146544409,-0.0015746702290191372,0.0014188653538071971,-0.0008279654428667849,1,0.00961581355112695,369.1559143066406,367.7765197753906,1
2023-12-28,369.766845703125,370.92950337498513,368.6633041793762,369.8555199252922,14327000.0,367.2459182739258,357.0476818847656,57.031714664231856,2.6343554387204904,3.267478133813805,-0.6331226950933146,372.7087077131463,361.7831288347053,10.925578878441002,0.0032347051981904684,0.001868873263404014,0.0024307654607098605,1,0.009671497023171861,368.5746154785156,365.1753234863281,1
2023-12-29,370.5157165527344,371.6192581545602,367.9933271573456,370.4762957614539,18730800.0,367.10452728271486,357.96596557617187,57.95426784599618,2.64868191953758,3.1437188909585605,-0.49503697142098035,372.05066008101534,362.1583944844144,9.892265596600964,0.0020252514748460015,0.0036835445225027463,0.027628349234509075,1,0.005408872030366416,369.766845703125,368.0523986816406,0
2024-01-02,365.4216003417969,370.3777041729175,361.3818268052928,368.3676650837192,25258600.0,366.9251998901367,358.7585699462891,50.077741537859104,2.2233537162335892,2.9596458560135663,-0.7362921397799771,371.84224071841066,362.0081590618627,9.834081656547937,-0.013748718295496287,-0.008554618262641922,0.00037762283916409345,1,0.0062843269800801444,370.5157165527344,369.07708740234375,0
2024-01-03,365.1555786132813,367.7765045721429,363.0962860890148,363.58894066618615,23083500.0,366.9971267700195,359.6373010253906,49.69788452114526,1.8435608980797724,2.7364288644268076,-0.8928679663470351,371.7641438480876,362.23010969195144,9.534034156136158,-0.0007279857793484057,-0.012470742424392278,-0.005501012167621,1,0.006021369732293091,365.4216003417969,369.1559143066406,0
2024-01-04,362.53466796875,367.6188670282373,361.7759907127874,365.2245728986634,20901500.0,366.7714904785156,360.4114990234375,45.99605992351388,1.315917688303557,2.4523266292021573,-1.1364089408986002,371.9195976291281,361.6233833279031,10.29621430122495,-0.0071775177432165105,-0.021540377985149406,-0.014252818015250024,1,0.006306485851908355,365.1555786132813,368.5746154785156,0
2024-01-05,362.3474731445313,366.5941535649678,361.115836594074,363.5495516205476,21004600.0,366.71976165771486,361.1581573486328,45.734034306185364,0.872592877705813,2.1363798789028885,-1.2637870011970755,372.02155641775414,361.41796689767557,10.603589520078572,-0.0005163501335404552,-0.008412549215454646,-0.007743815531672138,1,0.005985767641372168,362.53466796875,369.766845703125,1
2024-01-08,369.18548583984375,369.6880031258094,363.5889371144665,363.8746551165755,23134000.0,366.9040161132813,361.84215942382815,55.66872019638683,1.0607970402230649,1.921263311166924,-0.8604662709438591,372.279127074215,361.52890515234753,10.750221921867478,0.018871423708217483,0.01103613764266309,0.0030786028355251904,1,0.008307744075761157,362.3474731445313,370.5157165527344,1
2024-01-09,370.2693176269531,370.46636140674497,365.73688972227416,366.5448504063893,20830000.0,366.9808685302734,362.7991735839844,57.012072057428576,1.2826211045261857,1.7935348698387765,-0.5109137653125908,372.50035596919577,361.4613810913511,11.03897487784468,0.002935737803028138,0.0213349241923253,0.0032303013795860203,1,0.008312841506624117,369.18548583984375,365.4216003417969,1
2024-01-10,377.1467895507813,378.5262464784704,370.7915632878579,370.8408167198824,25514200.0,367.54594268798826,363.8559765625,64.38674559523594,1.990428361313775,1.8329135681337763,0.15751479317999872,374.58858396386296,360.50330141211356,14.085282551749401,0.018574242035245492,0.04084288563631544,0.021646342194325596,1,0.010111559951933063,370.2693176269531,365.1555786132813,1
2024-01-11,378.9794921875,384.9406009736396,374.79192797943045,380.3293610152563,27850800.0,368.05091552734376,364.80193786621095,66.0577763395616,2.6684937630215586,2.000029607111333,0.6684641559102258,376.67460708173076,359.42722397295677,17.247383108773988,0.004859388141422727,0.026528687403233997,0.028230041549323293,1,0.010049936305555828,377.1467895507813,362.53466796875,1
2024-01-12,382.7630615234375,382.969968033559,378.9991732080841,379.82682931782017,21661200.0,368.7455581665039,365.8078369140625,69.26413829855653,3.4711545944284694,2.2942546045747605,1.176899989853709,379.4969832873418,357.994133045666,21.502850241675787,0.009983572762996884,0.0337423148549183,0.03514705542515517,1,0.010303318462357571,378.9794921875,362.3474731445313,1
2024-01-16,384.53662109375,388.24139340844187,381.925557656747,387.8768338056293,27202300.0,369.9446792602539,366.6926629638672,70.66312895736078,4.201943136388422,2.675792310937493,1.5261508254509293,382.03986168679614,357.84949683371167,24.190364853084475,0.004633570343108628,0.019594045999359322,0.03784159190726277,1,0.010294625746969259,382.7630615234375,369.18548583984375,0
2024-01-17,383.7483825683594,384.37896483224864,379.1568380014038,382.28028145481545,22234100.0,370.86791534423827,367.5174755859375,69.1565248622208,4.6637334434610125,3.073380537442197,1.5903529060188153,384.1587921029719,357.5770385855046,26.58175351746729,-0.0020498399428086067,0.012583505121432692,0.05015243272269765,1,0.008609569045332785,384.53662109375,370.2693176269531,1
2024-01-18,388.0837707519531,388.2020030573515,384.3888608619859,385.9653617622226,23392100.0,371.9133331298828,368.3408917236328,72.61492492924401,5.3182299386512,3.522350417683998,1.795879520967202,387.0403300364998,356.7863362232658,30.253993813234047,0.011297476108114823,0.01390079075901074,0.06279020089394272,1,0.008569879227877261,383.7483825683594,377.1467895507813,1
2024-01-19,392.8131713867188,392.8131713867188,387.7191103782191,389.9459184488016,29331100.0,373.16516571044923,369.1855407714844,75.80240144230142,6.147679608725639,4.047416255892326,2.100263352833313,390.6721842761596,355.65814714473885,35.014037131420764,0.012186545769749646,0.021523438442423437,0.08351891858402571,1,0.007323082891394851,388.0837707519531,378.9794921875,0
2024-01-22,390.6849670410156,394.73457348742886,387.8078508984798,394.1433819437023,27016900.0,374.4406478881836,369.9089605712891,71.75499251963274,6.557703025124113,4.549473609738683,2.008229415385429,393.1117338741804,355.7695619021868,37.342171971993594,-0.005417853831606867,0.018075866343021163,0.07820530291149907,1,0.008086452867980473,392.8131713867188,382.7630615234375,1
2024-01-23,393.0398254394531,393.5127846702432,388.1428376176736,389.9361075398463,20525900.0,375.69001922607424,370.6269689941406,73.44459012179234,6.992066736136508,5.037992235018248,1.9540745011182592,395.7745822650966,355.60545618705186,40.16912607804477,0.006027512182700034,0.012770579604236332,0.06461342743565379,1,0.007048440393515011,390.6849670410156,384.53662109375,1
2024-01-24,396.6460571289063,399.670963497878,394.56706921313554,395.641052600286,24867000.0,377.06846771240237,371.4664642333984,75.82914396593907,7.540375114736378,5.5384688109618745,2.0019063037745033,398.86007442247643,355.2768610023283,43.58321342014813,0.009175232269200917,0.009757528569259932,0.07123663302971206,1,0.006993189573812199,393.0398254394531,383.7483825683594,1
2024-01-25,398.9220886230469,401.03066452033335,396.6164689482388,398.3801806483036,21021200.0,378.55677642822263,372.1748760986328,77.21950203827006,8.065595016422833,6.043894052054067,2.0217009643687662,401.987703016252,355.12584984019327,46.86185317605873,0.0057381926612745104,0.021083794558101054,0.057736933405165836,1,0.005670787790456415,396.6460571289063,388.0837707519531,0
2024-01-26,397.9959106445313,400.20302354825617,396.517946945891,398.4294490683389,17803300.0,380.02784118652346,372.92356750488284,75.32082726913083,8.31129333408569,6.497373908460392,1.813919425625298,404.44094166663297,355.61474070641395,48.82620096021901,-0.0023217014172176587,0.012609626008094343,0.05017796173420108,1,0.006210131296025946,398.9220886230469,392.8131713867188,1
2024-01-29,403.7008972167969,403.9570872376775,398.390066056241,400.0946618418868,24510200.0,381.724543762207,373.71575744628905,78.7816547694062,8.864175066405778,6.970734140049469,1.893440926356309,407.71510718878596,355.7339803356281,51.98112685315789,0.01433428439761264,0.01778623526212897,0.05470181895302173,1,0.00673417343220987,397.9959106445313,390.6849670410156,0
2024-01-30,402.5875244140625,406.9819954850648,400.4789781421279,406.20362278573214,33477600.0,383.32813415527346,374.4827227783203,76.52621994313128,9.107512210695972,7.39808975417877,1.7094224565172027,410.29382735032516,356.36244096022176,53.9313863901034,-0.0027579151059862195,0.009188350045161942,0.04694196164976372,1,0.007211536435622703,403.7008972167969,393.0398254394531,0
2024-01-31,391.73919677734375,409.2186014629223,391.3746372046445,400.9814013717962,47871100.0,384.6440139770508,374.9046313476563,58.84783640321524,8.328977999895073,7.584267403322031,0.7447105965730421,410.53306291501013,358.7549650390915,51.77809787591866,-0.026946507228478356,-0.01572054812587187,0.020823056387894834,1,0.012284086129124818,402.5875244140625,396.6460571289063,1
2024-02-01,397.84814453125,402.00615052622754,395.8972215052368,395.9267795782407,30657700.0,386.27864227294924,375.57326171875,63.904597951589786,8.111421638469324,7.68969825035149,0.42172338811783394,411.1475949328814,361.40968961301706,49.73790531986435,0.015594425587640348,-0.014497745053075328,0.025160479554136916,1,0.01270816705771099,391.73919677734375,398.9220886230469,1
2024-02-02,405.1788635253906,406.58784851032016,397.63139120108593,397.8777185090492,28256700.0,388.4108520507813,376.23893676757814,68.85099352861377,8.43332034470859,7.83842266922291,0.5948976754856803,412.0533549170551,364.76834918450743,47.28500573254769,0.018425922289464935,0.006436709918171468,0.031479830717025425,1,0.013369228645789768,397.84814453125,397.9959106445313,0
2024-02-05,399.690673828125,405.1197371811599,398.0550569361032,403.87823795810993,25352300.0,390.27801208496095,376.88096313476564,62.00081933021568,8.15160966469017,7.9010600683163625,0.2505495963738076,411.125307527593,369.4307166423289,41.69459088526412,-0.013545103635253408,0.020297884705422264,0.02305107067547829,1,0.014173179339515504,405.1788635253906,403.7008972167969,0
2024-02-06,399.5330505371094,401.9766283777374,396.9909658238313,399.9173355897547,18382600.0,391.7953903198242,377.42564270019534,61.8106106211165,7.825426394569718,7.885933333567034,-0.06050693899731652,410.59837399560814,372.9924066440403,37.60596735156787,-0.0003943631946824455,0.004235048042877221,0.016520527125708506,1,0.014134601506544114,399.690673828125,402.5875244140625,1
2024-02-07,407.96722412109375,408.2135513980825,401.4149245670421,401.4543453507497,22340500.0,393.68028564453124,378.1472821044922,67.5476288654556,8.153502621037433,7.939447191061114,0.21405542997631866,410.97109690817086,376.3894743808916,34.58162252727925,0.02111007730811254,0.006881801709600843,0.0285422400871318,1,0.015289751870310418,399.5330505371094,391.73919677734375,1
2024-02-08,408.0263977050781,409.4551081404497,406.4696223258111,407.9672815558181,21225300.0,395.2242660522461,378.84685119628904,67.58442204403961,8.322345390684234,8.016026830985737,0.30631855969849653,411.8353328389254,378.6131992655668,33.22213357335863,0.00014504494598033268,0.020855437524013087,0.022822273676186944,1,0.015277653192992426,407.96722412109375,397.84814453125,1
2024-02-09,414.3717956542969,414.637848397784,408.99201553500313,409.1496686243005,22032800.0,396.99388122558594,379.59273010253906,71.3372175121244,8.865973660394388,8.186016196867467,0.6799574635269217,413.8446506659882,380.1431117851837,33.70153888080449,0.015551439771809061,0.03714021930661082,0.04114586248699337,1,0.015707935544291108,408.0263977050781,405.1788635253906,0
2024-02-12,409.1594848632813,414.5589597294503,408.6569675775543,414.381611300105,21202900.0,398.3137023925782,380.31023193359374,64.71003565901574,8.77505963583684,8.303824884661342,0.47123475117549773,414.62559546411103,382.00180932104536,32.62378614306567,-0.012578826179000191,0.0029224424701177476,0.013521366150328396,1,0.01607084566372773,414.3717956542969,399.690673828125,0
2024-02-13,400.350830078125,404.0457394739968,397.4638814201037,398.9910986093642,27824900.0,399.10441284179694,380.8503778076172,55.351533407205764,7.901145307400782,8.22328896920923,-0.32214366180844856,414.15251396910355,384.05631171449033,30.096202254613218,-0.02152865841078977,-0.018811448646763873,-0.005555796442507366,1,0.017638083787934324,409.1594848632813,399.5330505371094,1
2024-02-14,404.2204284667969,404.56593048272674,399.3637588352525,402.8187187448318,20401200.0,400.1280151367188,381.55462341308595,58.210708210671086,7.435098963620931,8.065650968091571,-0.6305520044706405,413.5566223216904,386.69940795174716,26.85721436994322,0.009665518585078914,-0.024498209805691284,0.03186107438859942,1,0.015142622368375571,400.350830078125,407.96722412109375,0
2024-02-15,401.32806396484375,403.8649984148582,399.0872869539498,402.88774815292464,21825500.0,400.79022979736334,382.3068438720703,55.357193994610924,6.754502534992298,7.803421281471716,-1.0489187464794183,413.03149757399353,388.54896202073314,24.48253555326039,-0.007155413972826263,-0.019140264831094878,0.008746853495305018,1,0.014785786376660006,404.2204284667969,408.0263977050781,0
2024-02-16,398.8602600097656,403.0358361421353,398.24824344009687,402.7100659519208,22296500.0,401.09258422851565,382.94310119628904,52.97125289076703,5.947435473012263,7.432224119779826,-1.484788646767563,412.81867601008787,389.3664924469434,23.452183563144445,-0.006149093912590886,-0.003723159679895005,-0.015594602987549555,1,0.013552912767497222,401.32806396484375,414.3717956542969,0
2024-02-20,397.6066284179688,399.284733568485,392.8881419655763,398.0508194321391,24307900.0,401.43866729736334,383.6275927734375,51.75100409708257,5.147336132536793,6.97524652233122,-1.827910389794427,412.29172276511025,390.5856118296164,21.706110935493825,-0.003143034585010085,-0.016361864920865443,-0.005214145704716566,1,0.012908553560122635,398.8602600097656,409.1594848632813,0
2024-02-21,397.0044555664063,397.1130556733913,392.1082927957616,395.020342155489,18518900.0,401.636898803711,384.25767395019534,51.141581958223675,4.413781992922452,6.462953616449467,-2.049171623527015,412.00299584597866,391.27080176144335,20.73219408453531,-0.0015144939961350135,-0.010773252076426432,-0.006328875589400651,1,0.012912898207592484,397.6066284179688,400.350830078125,1
2024-02-22,406.35260009765625,407.5174078202588,403.3122489001272,404.911396811642,27009900.0,402.1222259521485,385.01008056640626,59.178311305502085,4.534481510043179,6.077259195168209,-1.5427776851250306,412.41686852679953,391.82758337749743,20.5892851493021,0.02354669928807973,0.018784373473825555,-0.0039577297585999816,1,0.013381713065483544,397.0044555664063,404.2204284667969,0
2024-02-23,405.0594482421875,410.50840209542025,403.7070832004783,410.32087486596646,16295900.0,402.4290939331055,385.7943634033203,57.762852082042365,4.474214242849143,5.756650204704396,-1.2824359618552528,412.6897115110133,392.1684763551977,20.52123515581559,-0.003182339316047167,0.0187442041745447,-0.007271464492439872,1,0.013410310488005533,406.35260009765625,401.32806396484375,0
2024-02-26,402.2955017089844,406.8560435321,402.11779517864807,406.16503956653713,16193500.0,402.6440734863281,386.46267272949217,54.748645805717,4.155522338634171,5.436424631490351,-1.2809022928561804,412.70232158474494,392.5858253879113,20.116496196833623,-0.006823557739975339,0.013327422572699588,-0.02914361950297295,1,0.012220850817695375,405.0594482421875,398.8602600097656,0
2024-02-27,402.2362365722656,403.0654231742532,398.6529454575257,402.7396530048111,14835800.0,402.5708404541016,387.1299932861328,54.68275435654634,3.8537508661505058,5.1198898784223825,-1.2661390122718768,412.6185662371585,392.52311467104465,20.095451566113866,-0.0001473174233044272,-0.010130028759263165,-0.016920659417999473,1,0.011748503313949533,402.2955017089844,397.6066284179688,1
2024-02-28,402.47314453125,404.0327986128576,400.104035614636,402.9272164600946,13183100.0,402.56512145996095,387.9683721923828,54.91633665083678,3.592301477130434,4.814372198163992,-1.2220707210335586,412.6129329535995,392.5173099663224,20.095622987277125,0.0005889771667595411,-0.006384997861822783,0.005301136637360981,1,0.00944502681998639,402.2362365722656,397.0044555664063,1
2024-02-29,408.3169555664063,408.8697466169625,400.6963016553344,403.3812996686875,31947300.0,403.3940093994141,388.8290380859375,60.3459088327724,3.8126972637267613,4.614037211276546,-0.8013399475497849,412.41547740733193,394.3725413914962,18.04293601583572,0.014519753962621396,0.014967738470458514,0.010134389088516604,1,0.010068660111585312,402.47314453125,406.35260009765625,1
2024-03-01,410.1530456542969,410.51827940686405,405.5925039738578,405.9774695070198,17823400.0,404.0092544555664,389.6885906982422,61.898547680804406,4.0883912087981,4.508908010780857,-0.42051680198275676,413.111911754025,394.9065971571078,18.20531459691722,0.004496727512438348,0.019681988747448198,0.021989445747372827,1,0.009679769766353121,408.3169555664063,405.0594482421875,0
2024-03-04,409.58050537109375,411.97922704270553,407.0139581345592,408.1195402980253,17596000.0,404.2293365478516,390.52467041015626,61.09523151226856,4.212126656461066,4.449551739916899,-0.23742508345583246,413.6420298744884,394.81664322121475,18.825386653273654,-0.0013959186437096927,0.01765921760598843,0.02687719594091842,1,0.009333706252910218,410.1530456542969,402.2955017089844,0
2024-03-05,397.4683837890625,408.9191120836045,395.4842705013913,408.632835591906,26919200.0,404.11822204589845,391.17053161621095,47.15344736101214,3.2948598108331453,4.218613354100149,-0.9237535432670034,413.79146423845026,394.44497985334664,19.346484385103622,-0.029572016790831546,-0.026568996534309886,-0.0003476919624211261,1,0.01382938682832456,409.58050537109375,402.2362365722656,0
2024-03-06,396.9156494140625,399.9461499534846,393.263281415692,397.7843298406592,22344100.0,403.9873519897461,391.7477966308594,46.63049515043695,2.4945624196906806,3.8738031672182553,-1.3792407475275748,413.9710265427225,394.00367743676975,19.967349105952735,-0.001390637337568279,-0.03227428488094586,-0.0002236905684525059,1,0.013827883712829961,397.4683837890625,402.47314453125,1
2024-03-07,403.8748779296875,404.50662623949256,397.0636484772568,400.8937223940283,18718500.0,403.7827346801758,392.4437524414063,53.60689410650081,2.3942728646894693,3.5778971067124985,-1.1836242420230292,413.5980766636579,393.9673926966937,19.63068396696417,0.017533268153821613,-0.013930417504213866,-0.0060974684728811734,1,0.012784607872858995,396.9156494140625,408.3169555664063,0
2024-03-08,400.992431640625,405.1383946723733,399.1267392388824,402.7100302645635,18002200.0,403.4310363769531,393.08048278808593,50.653429318147104,2.0584745308494234,3.2740125915398837,-1.2155380606904602,413.1161587047024,393.7459140492038,19.370244655498595,-0.0071369784222239385,0.008866234385658034,-0.010040542491261184,1,0.012935787325590052,403.8748779296875,410.1530456542969,0
2024-03-11,399.3143310546875,400.4594069444738,396.09630359488256,398.5641317733387,16120800.0,402.6781631469727,393.69527709960937,48.96215849706435,1.638060695135323,2.946822212258972,-1.3087615171236489,411.1033475325456,394.25297876139973,16.850368771145895,-0.004184868475127335,0.006043303266489941,-0.007410400170105302,1,0.01282874307325261,400.992431640625,409.58050537109375,1
2024-03-12,409.9358825683594,410.2221590785799,401.5551475222323,402.3744532413176,22457000.0,402.71698303222655,394.49865783691405,58.424461309073166,2.137312532117903,2.7849202762307583,-0.6476077441128552,411.2674857074377,394.1664803570154,17.10100535042227,0.026599474868877815,0.01500713456043945,0.01914209933373434,1,0.015466605691158437,399.3143310546875,397.4683837890625,0
2024-03-13,409.7581787109375,412.7985296378199,406.1551557542081,412.7195723945268,17115900.0,403.1873504638672,395.28350708007815,58.229950141682586,2.4899316119866057,2.725922543381928,-0.23599093139532235,412.18857622886935,394.186124698865,18.00245153000435,-0.00043349183367047406,0.021860130961694813,0.018100671507342847,1,0.015480386132474745,409.9358825683594,396.9156494140625,1
2024-03-14,419.7479553222656,422.31450262164736,412.6109854719372,414.8320308055619,34157300.0,403.96372680664064,396.3700341796875,65.23667061401835,3.534730089573884,2.88768405262032,0.6470460369535642,415.50704959486933,392.42040401841194,23.086645576457386,0.024379688143761014,0.05117177791642957,0.02799540797908473,1,0.016643543677461455,409.7581787109375,403.8748779296875,0
2024-03-15,411.0612182617188,417.16168230340674,407.4779269181007,413.8942801973478,45079900.0,404.45038452148435,397.28814697265625,56.38017696261938,3.6200634892402945,3.034159939944315,0.5859035492959794,416.3241577775065,392.5766112654622,23.747546512044323,-0.020695126564410526,0.0027451505008755372,0.002214228608184987,1,0.018206401924653722,419.7479553222656,400.992431640625,1
2024-03-18,411.94964599609375,415.31576738207366,408.45519271968817,408.9191456409196,20106000.0,405.10485382080077,398.2764465332031,57.02280287066729,3.716537584721152,3.1706354688996825,0.5459021158214696,417.1161425610669,393.09356508053463,24.022577480532277,0.00216130273279469,0.005348196568157437,0.005784310029241846,1,0.018202808512881506,411.0612182617188,399.3143310546875,1
2024-03-19,415.9869689941406,416.2436327500346,410.2023644083986,412.4530223739616,19837900.0,406.02387084960935,399.3492364501953,59.91304030703714,4.071834649859852,3.3508753050917166,0.7209593447681355,418.4066046873333,393.6411370118854,24.765467675447894,0.009800525470254007,-0.008960106369636622,0.04659134150128019,1,0.014875157454854612,411.94964599609375,409.9358825683594,1
2024-03-20,419.7578430175781,420.4784295685996,415.24664585974097,416.5693981535872,17860100.0,407.16154022216796,400.36068359375,62.45287435613883,4.604609085671655,3.6016220612077046,1.00298702446395,420.18495601000234,394.1381244343336,26.04683157566876,0.009064884971169862,0.021156519684915276,0.05754923908199605,1,0.014769429592176805,415.9869689941406,409.7581787109375,1
2024-03-21,423.8445129394531,425.275865210535,421.6629614511562,424.2985848505113,21296200.0,408.0361358642578,401.4321875,65.03816104777033,5.295552935580702,3.9404082360823045,1.355144699498397,422.93858960672213,393.13368212179347,29.804907484928663,0.009735779783163867,0.0288745652750777,0.04944510317683637,1,0.01427330044304987,419.7578430175781,419.7479553222656,0
2024-03-22,423.22265625,424.3282384659813,420.58703259669744,424.1703239707177,17648500.0,408.9442962646484,402.35370483398435,64.31250160654491,5.726935726686065,4.2977137342030565,1.4292219924830087,425.16582679479177,392.72276573450506,32.44306106028671,-0.0014671811725022188,0.017394023840110462,0.055438015421942044,1,0.013846986185857715,423.8445129394531,411.0612182617188,0
2024-03-25,417.4183654785156,421.9098313818377,416.18445123994246,419.7677430087365,18060500.0,409.700439453125,403.1224822998047,57.827064163470574,5.536629125676484,4.545496812497742,0.991132313178742,426.0213376714845,393.3795412347655,32.641796436719005,-0.013714508629839917,-0.005573398038841493,0.04533780286825895,1,0.014876887906455789,423.22265625,411.94964599609375,0
2024-03-26,416.2239074707031,420.5080537064762,415.92778013004056,420.1329389917325,16725600.0,410.3998229980469,403.79169921875,56.56296128855401,5.229148624254606,4.682227174849115,0.5469214494054908,426.57954584327405,394.2201001528197,32.35944569045432,-0.002861536785625618,-0.0179797195341741,0.015339044884159936,1,0.012795172900399193,417.4183654785156,415.9869689941406,0
2024-03-27,416.0067138671875,418.9878695106981,413.6178731212386,418.9779885582823,16705000.0,411.0765014648438,404.42110107421877,56.32186577099052,4.911327674720553,4.728047274823403,0.18328039989714995,427.0036121601065,395.14939076958103,31.85422139052548,-0.0005218191449776199,-0.017049990770224732,0.015249323822912553,1,0.012796760741204725,416.2239074707031,419.7578430175781,0
2024-03-28,415.3058776855469,416.4410726444904,413.7264615959985,415.5427795552794,21871200.0,411.42594757080076,405.0522509765625,55.49980742817359,4.550445951339668,4.692527010126657,-0.14208105878698873,427.40214582650015,395.44974931510137,31.952396511398774,-0.001684675170565586,-0.0050608405563254966,-0.01058272608691635,1,0.009984090075262271,416.0067138671875,423.8445129394531,1
2024-04-01,419.1063537597656,422.3836369877504,416.7865891217385,418.494337158426,16316000.0,411.87361297607424,405.6727026367187,58.99498136311182,4.519018807017744,4.657825369504875,-0.1388065624871304,428.1803896481449,395.5668363040036,32.61355334414134,0.009151028864311739,0.00692522999598566,0.01957162374029786,1,0.007632482377021442,415.3058776855469,423.22265625,0
2024-04-02,416.0166015625,416.9445073589808,412.4629229935154,414.7037001138204,17912000.0,412.1954177856445,406.1367712402344,55.19912781103231,4.1964216519179445,4.565544625987489,-0.3691229740695441,428.56239473555144,395.8284408357376,32.733953899813855,-0.007372238978358925,2.376811475124363e-05,0.009872457971343396,1,0.008181116839445772,419.1063537597656,417.4183654785156,0
2024-04-03,415.0393676757813,417.8132042224073,413.6968534411064,414.3286319338608,16502300.0,413.07396697998047,406.62385925292966,54.01534751561626,3.817896144544136,4.416014929698818,-0.5981187851546821,428.00819089217407,398.13974306778687,29.868447824387204,-0.0023490261759947506,-0.0006417198120354239,-0.0022779591405245325,1,0.0076135707793754115,416.0166015625,416.2239074707031,0
2024-04-04,412.50238037109375,423.1535341879721,412.19637211672654,419.5208685678325,19370900.0,413.85330352783205,407.0131103515625,50.95991932039287,3.2754410344664393,4.187900150652343,-0.9124591161859037,426.83208155114175,400.87452550452235,25.957556046619402,-0.006112642564233495,-0.01575727337328159,-0.01728487690504099,1,0.007053171801569698,415.0393676757813,416.0067138671875,1
2024-04-05,420.0440673828125,421.0213477789878,412.9367406484567,414.6049948261761,16554800.0,414.6617630004883,407.48107055664065,58.47889535651288,3.414729686657097,4.033266057853294,-0.6185363711961971,427.05472745782134,402.26879854315524,24.7859289146661,0.01828277210166429,0.009681021875535434,-0.008966603177858135,1,0.008877503088476256,412.50238037109375,415.3058776855469,0
2024-04-08,419.1260986328125,421.7814843891978,417.8526907492084,419.69865168894506,14272400.0,415.56844635009764,407.8851507568359,57.32674571507694,3.411716397784687,3.908956125839573,-0.4972397280548857,426.38108727714894,404.75580542304635,21.62528185410258,-0.0021854105825601655,0.009846610406903933,-0.009679438368175752,1,0.00888581798350052,420.0440673828125,419.1063537597656,1
2024-04-09,420.7943420410156,422.2355453474912,416.1943064293957,420.9522866687586,12496900.0,416.64244689941404,408.34111938476565,58.91109348262627,3.503554846213831,3.8278758699144246,-0.3243210237005938,424.6998682887165,408.58502551011156,16.114842778604952,0.003980289973936069,0.020101609262138886,0.008087752819955218,1,0.007747525764884203,419.1260986328125,416.0166015625,0
2024-04-10,417.8132019042969,418.5732821571219,414.29901690120346,416.75696418781513,16216600.0,417.03631286621095,408.6233654785156,54.98258610374468,3.2977697467980533,3.7218546452911507,-0.4240848984930974,424.4915157659691,409.5811099664528,14.910405799516298,-0.007084553756733225,-0.00531102722725163,0.0038183641186100292,1,0.008079255434520684,420.7943420410156,415.0393676757813,1
2024-04-11,422.4230651855469,423.8445365841043,416.92473693729744,420.3402327247268,17966400.0,417.66955718994143,409.0200762939453,59.48212011412899,3.4666990645998794,3.670823529152897,-0.20412446455301758,424.6827753910212,410.65633898886165,14.026436402159561,0.01103331168148669,0.007866287886841405,0.015423672514111919,1,0.008731138828207368,417.8132019042969,412.50238037109375,0
2024-04-12,416.4706726074219,419.70846193552615,414.3680782034512,418.5929987916464,19253800.0,417.50569305419924,409.5147058105469,52.223689179914665,3.08470981659309,3.553600786640936,-0.46889097004784563,424.46998345632767,410.5414026520708,13.928580804256853,-0.014091069045934934,-0.010275017987699808,0.0028046675582014124,1,0.010029275415243465,422.4230651855469,420.0440673828125,0
2024-04-15,408.3169555664063,421.3273372828282,408.109636328808,421.1101672183344,20273500.0,417.3684799194336,409.72408203125,44.25685760009438,2.099838136773485,3.2628482566674455,-1.1630101198939604,424.91873549666406,409.8182243422031,15.100511154460946,-0.019578130171728825,-0.022728449686627572,-0.025743819191879513,1,0.011259518338260374,416.4706726074219,419.1260986328125,1
2024-04-16,409.244873046875,413.0157217686464,408.4058355582689,409.23502221897127,16765600.0,417.23324127197264,409.8054022216797,45.27992252495679,1.3783071537411615,2.8859400360821885,-1.507632882341027,425.24941534821755,409.21706719572774,16.032348152489817,0.002272542121552368,-0.031196668043880216,-0.016277543949427375,1,0.011213318335914981,408.3169555664063,420.7943420410156,0
2024-04-17,406.5401306152344,413.4895430541291,405.0495527869367,411.88051429574114,15855500.0,416.76089935302736,409.94239135742185,42.81335907034193,0.5815349684568218,2.4250590225571154,-1.8435240541002935,426.030446453746,407.49135225230873,18.53909420143725,-0.006609105232042389,-0.023844516902030044,-0.020478146707245237,1,0.011326002778508691,409.244873046875,417.8132019042969,0
2024-04-18,399.0675659179688,406.5895318440509,398.7517067920222,405.34573674704745,21029900.0,415.72638549804685,409.9330816650391,36.84217650936832,-0.6454459499205427,1.810958028061584,-2.4564039779821267,427.6619668886197,403.790804107474,23.8711627811457,-0.018380878379600563,-0.022652475049944942,-0.03256905921618869,1,0.012430463085312284,406.5401306152344,422.4230651855469,0
2024-04-19,393.9838562011719,400.2620271980646,392.6512228651696,398.8306747029404,30565800.0,414.2333526611328,409.6534143066406,33.42656449268259,-2.004938373921732,1.047778747664921,-3.052717121586653,428.8931013744187,399.57360394784695,29.31949742657173,-0.012738969916292087,-0.03729067326386548,-0.06204161230990635,1,0.010119619636670737,399.0675659179688,416.4706726074219,1
2024-04-22,395.8001403808594,397.6658329165628,390.6571949667306,394.93146005470254,20286900.0,412.86222686767576,409.40888916015626,35.719491843017366,-2.902330698917126,0.2577568583485116,-3.1600875572656375,428.96140187020666,396.76305186514486,32.1983500050618,0.004610047216655699,-0.02641803213405214,-0.055653795666846584,1,0.010644043250895257,393.9838562011719,408.3169555664063,1
2024-04-23,402.32513427734375,402.9470318520377,397.8731622187036,399.0379699896353,15734500.0,412.10756530761716,409.1679559326172,43.277781431451494,-3.051828526485508,-0.4041602186182924,-2.6476683078672156,428.68947604565955,395.5256545695748,33.16382147608476,0.01648557751951696,0.008162949429081356,-0.04389129301047412,1,0.01247878366706973,395.8001403808594,409.244873046875,1
2024-04-24,403.7958679199219,407.161988774001,401.54521009115024,404.2894334975021,15065300.0,411.4861633300781,409.06068359375,44.851815212628516,-3.0168542999418264,-0.9266990348829993,-2.090155265058827,428.33381035231395,394.6385163078423,33.695294044471666,0.0036555847926822427,0.024904603486443078,-0.03354928451395789,1,0.012683346106321096,402.32513427734375,406.5401306152344,0
2024-04-25,393.9048767089844,394.74394432686086,383.0365516126927,388.9593393273181,40586500.0,410.38107147216795,408.9317645263672,37.346035446249275,-3.744097674320699,-1.4901787627705394,-2.2539189115501594,428.73022814344506,392.03191480089083,36.69831334255423,-0.024495028297067734,-0.004788436077994507,-0.06751096430786996,1,0.013178015592205165,403.7958679199219,399.0675659179688,1
2024-04-26,401.0911560058594,407.6851851851852,400.5383649444101,406.8658795449544,29694700.0,409.6703353881836,408.86917907714843,44.599986534836674,-3.6979430217406275,-1.931731614564557,-1.7662114071760704,428.3004381804156,391.04023259595164,37.26020558446396,0.018243692124137345,-0.0030671170313553153,-0.03692821034738192,1,0.015048206103016017,393.9048767089844,393.9838562011719,0
2024-04-29,397.0735473632813,401.0911788014965,394.05292813266897,400.0349411285761,19582100.0,408.5686950683594,408.7840887451172,41.693660624510144,-3.9401331654605087,-2.3334119247437473,-1.6067212407167615,427.4407487361291,389.69664140058967,37.74410733553941,-0.010016697158287347,-0.016647819085592208,-0.027535981667791476,0,0.014204030177919446,401.0911560058594,395.8001403808594,0
2024-04-30,384.3197937011719,396.9847044226994,384.16187921211525,396.32331323474864,28781400.0,406.98385467529295,408.4932794189453,34.09759923072548,-5.102374930133465,-2.8872045258216907,-2.215170404311774,428.25860766157285,385.70910168901304,42.549505972559814,-0.03211937372005558,-0.0243334966753761,-0.060905049732530636,0,0.01679440166494295,397.0735473632813,402.32513427734375,1
2024-05-01,389.8576354980469,396.55038446355206,385.287212788776,387.5576027140766,23562500.0,405.7247680664062,408.3382995605469,39.27128156330774,-5.5130513268629215,-3.412373886029937,-2.1006774408329845,427.90487485139994,383.5446612814125,44.36021356998742,0.014409462868261613,-0.028007400162292306,-0.041035297282807415,0,0.01800062713260381,384.3197937011719,403.7958679199219,1
2024-05-02,392.7202758789063,394.78337648708447,389.5713249177781,392.5425994915655,17709400.0,404.73566284179685,408.2526159667969,41.8141665327872,-5.543620765977039,-3.8386232620193574,-1.7049975039576815,427.37810038974527,382.09322529384843,45.28487509589684,0.007342783929837227,-0.010963388302450139,-0.01590530171115745,0,0.0175551976320603,389.8576354980469,393.9048767089844,1
2024-05-03,401.4267883300781,401.9104729912864,396.68854036623503,397.1031487364524,17446700.0,403.80479888916017,408.1540997314453,48.83185929130533,-4.809859410021716,-4.032870491619829,-0.7769889184018863,425.35785499515254,382.2517427831678,43.10611221198474,0.022169755385526457,0.04451239543026975,0.018891464743433062,0,0.018508595505161145,392.7202758789063,401.0911560058594,1
2024-05-06,408.21826171875,408.603227237703,401.1405174679132,403.4997755931437,16996600.0,403.25940704345703,408.21727600097654,53.53912719763011,-3.6383919871994976,-3.953974790735763,0.31558280353626555,423.7604241916203,382.75838989529376,41.00203429632654,0.01691833625982997,0.04709572046023225,0.03137472696685073,0,0.01909916934569026,401.4267883300781,397.0735473632813,0
2024-05-07,404.072265625,409.33369158039415,403.8254828348744,409.3238106288364,20018200.0,402.4233032226563,408.25281127929685,50.48570224705263,-3.009847204863547,-3.7651492735613203,0.7553020686977732,421.2947839396973,383.55182250561523,37.742961434082076,-0.010156321954568726,0.028906044437578382,0.004342585632375329,0,0.01890642356912511,408.21826171875,384.3197937011719,1
2024-05-08,405.25689697265625,406.92515129872777,401.47616718048914,402.917400584872,11792300.0,401.79548797607424,408.3132244873047,51.33964788767308,-2.3885968296606848,-3.4898387847811936,1.1012419551205088,419.36797302913556,384.2230029230129,35.14497010612263,0.00293173139666969,0.009541238287836373,0.0036182367597286103,0,0.01889478683308596,404.072265625,389.8576354980469,1
2024-05-09,407.0139770507813,407.40882353824776,403.8354131206633,405.28649730886616,14689700.0,401.02503356933596,408.4040411376953,52.644212759092106,-1.7344757963645634,-3.138766187097868,1.4042903907333044,416.0837509219736,385.9663162166983,30.117434705275286,0.0043357191234765224,-0.0029500999364854286,0.03327986302510766,0,0.016728685210228602,405.25689697265625,392.7202758789063,1
2024-05-10,409.40283203125,410.0346105329173,406.50066355453686,407.62600771381045,13402300.0,400.67164154052733,408.4257586669922,54.43286167041436,-1.0116577713075685,-2.713344503939808,1.7016867326322394,414.54929887010746,386.7939842109472,27.755314659160263,0.005869220997712032,0.013192111559562125,0.020722660923665925,0,0.015948652049765612,407.0139770507813,401.4267883300781,0
2024-05-13,408.39593505859375,412.96635748889184,405.53326050690544,412.630736484542,15440200.0,400.6755905151367,408.39061645507815,53.5153526015745,-0.514140754949949,-2.2735037541418364,1.7593629991918873,414.5619898806827,386.78919114959075,27.77279873109194,-0.0024594284501172625,0.007745798058926834,0.02851458569954457,0,0.015479246175492409,409.40283203125,408.21826171875,1
2024-05-14,411.1994018554688,412.117426712038,406.25386452353786,406.71781742817865,15109300.0,400.77331695556643,408.4229943847656,55.75170777029871,0.1051493100946459,-1.7977731412945401,1.902922451389186,414.92455315296024,386.6220807581726,28.302472394787628,0.006864580560707267,0.010283245885104542,0.06994073319886618,0,0.009380619029062039,408.39593505859375,404.072265625,1
2024-05-15,418.3887634277344,419.1106798585564,412.64318866360406,413.2662078851203,22239500.0,401.3657485961914,408.8414019775391,60.94125125609017,1.1626601211212346,-1.2056864888113852,2.36834660993262,417.3113795916983,385.4201176006845,31.891261991013835,0.01748388139628787,0.02194887453977956,0.07318345296287121,0,0.009701783607640475,411.1994018554688,405.25689697265625,0
2024-05-16,416.3219909667969,420.7028934078779,415.68910307462113,417.1230071526788,17530100.0,402.2284698486328,409.2295288085937,58.80603644183203,1.8130738067098378,-0.6019344297071406,2.4150082364169783,419.4030878779334,385.05385181933224,34.34923605860115,-0.004939837399085656,0.01940777375040703,0.060098030423995974,0,0.010422579660752246,418.3887634277344,407.0139770507813,0
2024-05-17,415.5505981445313,418.2305707168696,413.3947777718773,417.8547794230839,15352200.0,403.30680694580076,409.4630432128906,57.989367221781954,2.2404597590931985,-0.033455591947072816,2.273915351040271,420.9764801317756,385.63713375982593,35.33934637194966,-0.0018528755122307894,0.010581718430105802,0.03518402414848243,0,0.00891596382830878,416.3219909667969,409.40283203125,1
2024-05-20,420.6237487792969,422.03788543513167,415.3330645205205,415.55062632751,16272100.0,404.54798736572263,409.85566955566406,61.751432294222376,2.9544697751686613,0.5641294814760741,2.3903402936925873,423.3830748746636,385.7128998567817,37.67017501788189,0.012208262140441128,0.005341886654058214,0.030389348600709853,0,0.008226033177699574,415.5505981445313,408.39593505859375,1
2024-05-21,424.28271484375,428.1691308622737,420.1391721073256,422.0971980999781,21453300.0,405.64586639404297,410.3550372314453,64.23882398689791,3.7720934934728803,1.2057222838754353,2.566371209597445,426.3060417704056,384.9856910176803,41.32035075272529,0.008698905078640795,0.019121555069590457,0.05001691761123328,0,0.006926365545289653,420.6237487792969,411.1994018554688,1
2024-05-22,425.7462768554688,427.6153345538536,422.3938817074082,425.3210520448661,18073700.0,406.74338684082034,410.6712451171875,65.21331857791036,4.486446441871465,1.8618671154746413,2.624579326396823,429.1519888349295,384.33478484671116,44.81720398821835,0.0034494971407397212,0.024535348418368574,0.050558991187742874,0,0.0069118208902965465,424.28271484375,418.3887634277344,0
2024-05-23,422.2653198242188,428.792143449846,420.7028525285379,428.1691242148773,17211700.0,408.16140899658205,410.9213879394531,60.95856334428698,4.717313901037073,2.4329564725871275,2.2843574284499457,430.72959253493184,385.59322545823227,45.13636707669957,-0.008176130292812167,0.003902706515468868,0.037471299840729166,0,0.008073398823146933,425.7462768554688,416.3219909667969,1
2024-05-24,425.3902893066406,426.2803038610864,419.704046646492,422.4532201515353,11855300.0,409.3763656616211,411.03423461914065,63.275057485447526,5.0937197163481756,2.9651091213393377,2.128610595008838,432.88780111984124,385.86493020340095,47.0228709164403,0.007400488118992854,0.0026104633164198976,0.039050675824759074,0,0.00813310652367751,422.2653198242188,415.5505981445313,1
2024-05-28,425.5485229492188,426.0429788375184,421.8697699331016,424.86617140902985,15718000.0,410.800114440918,411.3239807128906,63.39349829625555,5.343199096226613,3.4407271163167925,1.9024719799098202,434.60589570535916,386.9943331764768,47.61156252888236,0.00037197286011414477,-0.00046448769372831045,0.04199989867226295,0,0.007935241170410712,425.3902893066406,420.6237487792969,0
2024-05-29,424.4112548828125,426.1616177574726,420.9698312429892,420.9698312429892,15517100.0,412.8046875,411.573212890625,61.84957517768113,5.38704675213063,3.82999104347956,1.5570557086510695,433.9577752307182,391.6515997692818,42.306175461436396,-0.0026724756521878668,0.0050819590381872,0.03213003950814963,1,0.008143237363028168,425.5485229492188,424.28271484375,0
2024-05-30,410.0720520019531,419.5952468817441,409.64679700979286,419.5952468817441,28394500.0,413.81540832519534,411.45491455078127,46.479147444200684,4.216141446435472,3.907221124070743,0.3089203223647292,432.2422071365596,395.38860951383106,36.85359762272856,-0.033786104199377776,-0.036009842466444786,-0.019877951208930433,1,0.01289962107175333,424.4112548828125,425.7462768554688,1
2024-05-31,410.5269775390625,412.1290098934204,400.0247386123212,412.1290098934204,47995300.0,414.70574340820315,411.2702972412109,46.929756898851,3.2870086549459074,3.783178630245776,-0.4961699752998685,430.50251399639933,398.90897282000697,31.593541176392364,0.001109379522180154,-0.03529925402172962,-0.013919546777428238,1,0.012884613385447836,410.0720520019531,422.2653198242188,0
2024-06-03,408.9347839355469,411.81252080542527,404.38581394057536,410.9225062489826,17484700.0,415.0811431884766,410.9721026611328,45.48631833151863,2.3945842299377773,3.505459750184176,-1.110875520246399,429.92597144917454,400.2363149277786,29.689656521395932,-0.0038784140644304577,-0.03646574111598189,-0.015920598450644974,1,0.01290973242426193,410.5269775390625,425.3902893066406,1
2024-06-04,411.4565124511719,411.82240496411936,405.1373519842431,407.85685925302585,14348900.0,415.24305572509763,410.7367797851563,48.203612220663345,1.8692661235004948,3.1782210248474403,-1.3089549013469455,429.8537307469581,400.6323807032372,29.221350043720918,0.006166578668989953,0.0033761394917304344,-0.021794385967814356,1,0.012323548697150737,408.9347839355469,425.5485229492188,1
2024-06-05,419.3085021972656,419.3777030871155,411.6839704862112,413.1772369623433,16988000.0,416.00486755371094,410.77458251953124,55.621346870179806,2.0627594828348492,2.9551287164449223,-0.892369233610073,429.77071864462,402.2390164628019,27.531702181818105,0.019083401303620295,0.021390858917103905,-0.011723816390484365,1,0.01369842637034456,411.4565124511719,424.4112548828125,1
2024-06-06,419.8128051757813,420.5940539083252,415.9164904670929,419.3084807052153,14861300.0,416.7326629638672,410.8463604736328,56.05661991368749,2.2310789109945404,2.810318755354846,-0.5792398443603055,429.6623271159392,403.8029988117952,25.859328304144015,0.0012027015332936042,0.026600870524012388,-0.013936637857438705,1,0.013633913229763027,419.3085021972656,410.0720520019531,0
2024-06-07,419.1502685546875,421.55331696325794,418.3096874966925,421.474217298841,13621700.0,417.3394775390625,410.9092315673828,55.28937786480011,2.284675781961255,2.7051901606761275,-0.4205143787148726,429.5042509259287,405.1747041521963,24.32954677373243,-0.0015781715396137042,0.018698831761542856,-0.00737700001228625,1,0.013423159494086234,419.8128051757813,410.5269775390625,1
2024-06-10,423.1256713867188,423.3333344068636,419.1898218829819,419.9908379970184,13982900.0,418.02561950683594,411.06562744140626,58.922388044855275,2.617757593029296,2.687703647146761,-0.06994605411746502,429.86607928757263,406.18515972609924,23.680919561473388,0.009484433460437147,0.009103486262382887,-0.005323623921018483,1,0.01357745929567825,419.1502685546875,408.9347839355469,1
2024-06-11,427.8823547363281,428.0208168757502,420.53474723054455,420.76220781136936,14551100.0,418.9999404907227,411.2411474609375,62.81573319772692,3.22833765417073,2.795830448551555,0.4325072056191748,430.71677298346555,407.2831079979798,23.433664985485734,0.01124177442134422,0.019221780424653723,0.005484290653707147,1,0.014076482046648615,423.1256713867188,411.4565124511719,1
2024-06-12,436.1694946289063,438.4835449299555,428.4460948487385,430.4931497924657,22366200.0,420.24844512939455,411.64420532226563,68.42982839909304,4.331004557844267,3.1028652704100974,1.2281392874341694,433.5840420636394,406.9128481951497,26.671193868489695,0.019367800052621842,0.04060411587687729,0.027704825474857975,1,0.01518268497442462,427.8823547363281,419.3085021972656,1
2024-06-13,436.6836853027344,438.47364353190966,434.4981985450977,435.9617989605403,15960600.0,421.1631912231445,412.0770916748047,68.74514170163779,5.186579256266043,3.519608067581287,1.666971188684756,436.25699275335194,406.0693896929371,30.187603060414858,0.0011788781199968401,0.032042522666094975,0.06489501825560762,1,0.008256745155720778,436.1694946289063,419.8128051757813,1
2024-06-14,437.6626892089844,438.2263761607837,431.877549319742,433.42024926631433,13582000.0,422.23022613525393,412.5802978515625,69.37236718562716,5.875892174829914,3.9908648890310126,1.8850272857989019,438.75378003237864,405.7066722381292,33.04710779424943,0.002241906302433261,0.02285753166587834,0.0660997039283242,1,0.008184512379555982,436.6836853027344,419.1502685546875,1
2024-06-17,443.39837646484375,445.9398870196781,435.8332072728674,437.68246749988464,20790000.0,423.6226150512695,413.0473840332031,72.81451114499754,6.806538120897699,4.55399953540435,2.2525385854933484,442.22281605754216,405.0224140449969,37.20040201254528,0.013105268960042826,0.016573561253034885,0.08427650051585922,1,0.00753960741985421,437.6626892089844,423.1256713867188,0
2024-06-18,441.390869140625,445.1487519174416,439.9569652032749,444.7234969265718,17112500.0,424.6609710693359,413.49267944335935,69.85533029929113,7.297966262228044,5.10279288076909,2.1951733814589547,444.7357880170959,404.58615412157593,40.14963389551997,-0.004527547755642125,0.010779390200088113,0.07275217619263108,1,0.008543674282795672,443.39837646484375,427.8823547363281,0
2024-06-20,440.7580261230469,441.5788096843686,436.37712366644695,441.3513490930651,19877400.0,425.48473663330077,413.891953125,68.90466912293716,7.549337399905255,5.5921017845963235,1.9572356153089316,446.746870519498,404.22260274710356,42.52426777239441,-0.0014337474148712337,0.007072425843877461,0.0511545170521972,1,0.007769299058438513,441.390869140625,436.1694946289063,1
2024-06-21,444.7927551269531,445.58387250760194,441.5590243550793,442.4193728058131,34187100.0,426.437060546875,414.4315441894531,71.56190310830783,7.9821069878568665,6.070102825248433,1.9120041626084339,449.3061857820429,403.56793531170706,45.738250470335856,0.009154068138919946,0.003144753648460785,0.059502591734219124,1,0.007741101958660711,440.7580261230469,436.6836853027344,0
2024-06-24,442.7061462402344,447.729804763038,441.4601077502006,444.812502964026,15913700.0,427.45910186767577,414.8372058105469,68.31076705833763,8.06375416707948,6.468833093614643,1.5949210734648371,451.297611907195,403.62059182815653,47.67702007903847,-0.004691193511286329,0.002979846642886308,0.05619912344747435,1,0.008124904603267287,444.7927551269531,437.6626892089844,1
2024-06-25,445.9497985839844,446.41458834788966,441.7963568563546,443.2797245906232,16413400.0,428.487077331543,415.4267883300781,70.55056173533389,8.294581013925324,6.833982677676779,1.4605983362485446,453.61818957544034,403.35596508764564,50.2622244877947,0.007326874431939467,0.011779189834850712,0.05394172166974309,1,0.008035860023344369,442.7061462402344,443.39837646484375,1
2024-06-26,447.1463317871094,448.5703670936918,443.2203510089548,444.0213670965085,16507000.0,429.5669677734375,416.2033758544922,71.35486979329444,8.47635306097493,7.16245675433641,1.3138963066385196,455.9263054765234,403.2076300703516,52.71867540617177,0.0026831118814816257,0.005291400619788611,0.04502166737549196,1,0.007784116906259078,445.9497985839844,441.390869140625,1
2024-06-27,447.8287048339844,451.11189918090986,446.76066321308457,447.1661206636861,14806300.0,430.7378402709961,416.97505249023436,71.82742627200082,8.57660475900127,7.445286355269382,1.1313184037318882,458.13697981103945,403.3387007309528,54.79827908008667,0.001526062048072152,0.011571013046135281,0.026730916188895115,1,0.005765517035468874,447.1463317871094,440.7580261230469,0
2024-06-28,441.994140625,450.3306598473802,441.4601198033777,448.0462760060759,28362300.0,432.3339447021484,417.6841326904297,62.35529890624372,8.09197512957013,7.574624110129532,0.5173510194405981,458.419353433658,406.24853597063884,52.17081746301915,-0.013028562363253005,-0.00887018667021422,0.012160874108644748,1,0.007621749662318613,447.8287048339844,444.7927551269531,1
2024-07-01,451.6657104492188,452.2985983264936,440.718449260987,443.6851847474979,17662800.0,434.39088134765626,418.7360955810547,69.52865084873878,8.391584549702031,7.738016198044033,0.6535683516579986,459.75146622350087,409.03029647181165,50.72116975168922,0.021881669767257028,0.0101071580841261,0.03199500799472532,1,0.010052607065233901,441.994140625,442.7061462402344,1
2024-07-02,454.1874084472656,454.4939686896818,448.085809387268,448.17483800659534,13979800.0,436.6535125732422,419.9401666259766,71.07623372182626,8.731851775578832,7.936783313550993,0.7950684620278388,460.5587250371189,412.7483001093655,47.81042492775339,0.005583107018548805,0.014198963899910044,0.02433259243852315,1,0.009494997055166323,451.6657104492188,445.9497985839844,1
2024-07-03,455.660888671875,455.90811662700247,452.8029492037819,453.1095094538045,9932800.0,438.86373138427734,421.1373815917969,71.97199111059214,9.016477206641127,8.15272209216902,0.8637551144721076,461.16165102654713,416.56581174200755,44.59583928453958,0.0032442119644988665,0.030920654349737786,0.0323296663545245,1,0.009173270076752437,454.1874084472656,447.1463317871094,1
2024-07-05,462.3755493164063,463.1567980049815,453.8808014849039,454.51368927600026,16000300.0,441.0170837402344,422.3383898925781,75.66980896386632,9.672364906819041,8.456650655099025,1.2157142517200157,463.66060894460355,418.37355853586524,45.28705040873831,0.014736091710883192,0.02371187057024038,0.04904623832607058,1,0.009672464430252605,455.660888671875,447.8287048339844,0
2024-07-08,461.0702209472656,462.5140538822785,459.30995917726233,461.37678118625774,12962300.0,443.07995452880857,423.483876953125,73.63593760304055,9.971881897091748,8.75969690349757,1.2121849935941782,465.1300988956944,421.02981016192274,44.10028873377166,-0.002823091253571941,0.0151541244252682,0.036595618145053965,1,0.009819553341305604,462.3755493164063,441.994140625,0
2024-07-09,454.4444885253906,462.1480888962693,452.92155606573874,461.8217613159388,17207200.0,444.84466552734375,424.6946691894531,64.20284843729748,9.564358070664753,8.920629136931007,0.6437289337337457,464.4675246308227,425.2218064238648,39.24571820695792,-0.014370332588954593,-0.0026695294169966077,0.02651497474079889,1,0.011122956633755577,461.0702209472656,451.6657104492188,1
2024-07-10,461.0801696777344,461.2878327248943,453.7720963093215,456.1059440677891,18196100.0,446.74239044189454,425.89444946289063,68.54838465824668,9.665419574127782,9.069587224370363,0.5958323497574192,464.88147910966194,428.60330177412715,36.27817733553479,0.014601741950651892,-0.0028015746952603227,0.033928417821452506,1,0.01168466727671469,454.4444885253906,454.1874084472656,0
2024-07-11,449.658203125,459.6264206924659,446.5431068421736,457.84639154158754,23111200.0,447.8311828613281,426.946142578125,55.9566238625139,8.72329755612003,9.000329290720297,-0.277031734600266,463.79504408987196,431.86732163278424,31.927722457087725,-0.024772192134651094,-0.02475114918248178,0.005617559978299269,1,0.014707325858850541,461.0801696777344,455.660888671875,0
2024-07-12,448.52093505859375,451.2997748037469,445.65309687289607,449.2922850558392,16324300.0,448.4487548828125,428.23016540527345,54.875746735107136,7.795034732655608,8.75927037910736,-0.9642356464517512,463.48921503701024,433.4082947286148,30.080920308395434,-0.002529183407536051,-0.013034712965752981,0.0015457477761859906,1,0.01473660582302358,449.658203125,462.3755493164063,1
2024-07-15,448.9263916015625,452.1898186441624,446.4244459584992,448.2737061930426,14429400.0,449.0608901977539,429.41154052734373,55.207940902267985,7.011275096814586,8.409671322648805,-1.3983962258342189,463.09936796412944,435.02241243137837,28.07695553275107,0.0009039857702868304,-0.026359359771786717,0.015684033654292273,1,0.013980694929820663,448.52093505859375,461.0702209472656,0
2024-07-16,444.5356140136719,449.26261113120097,441.70734079913353,449.18351146737297,17175700.0,449.40453643798827,430.4478472900391,50.842846498996444,5.967056371160822,7.921148332351208,-1.954091961190386,462.6226420055678,436.18643087040874,26.436211135159056,-0.00978061809248143,-0.011392184276251438,-0.015786224791019543,1,0.012382552354090033,448.9263916015625,454.4444885253906,0
2024-07-17,438.6021728515625,439.9174425124237,434.310299044026,437.6824920740607,21778000.0,449.1647262573242,431.19135498046876,45.59632110497506,4.6076127028460405,7.2584412064501755,-2.650828503604135,462.97094584817324,435.3585066664752,27.61243918169805,-0.013347504620691453,-0.022114379579039056,-0.03431454792854016,1,0.012620633821246433,444.5356140136719,461.0801696777344,0
2024-07-18,435.487060546875,439.7196016105417,429.5832562189407,439.4130413837652,20794800.0,448.8695358276367,431.7367309570312,43.08271765119157,3.2415141155833567,6.4550557882768125,-3.213541672693456,463.55259704779155,434.18647460748184,29.36612244030971,-0.007102364049942245,-0.029936602761851838,-0.04427377601751403,1,0.012436939136865515,438.6021728515625,449.658203125,0
2024-07-19,432.26318359375,436.2485267618823,427.209859235563,428.2976681537138,20940400.0,448.4447937011719,432.30054931640626,40.588905513840466,1.877093253340945,5.53946328128964,-3.662370027948695,464.4718187608794,432.41776864146436,32.054050119415024,-0.007402922486552277,-0.02760730531602451,-0.06512534187237107,1,0.010455037823824594,435.487060546875,448.52093505859375,1
2024-07-22,438.0285339355469,439.6701309158007,434.0432211452645,436.8912915602017,15808800.0,448.10658264160156,432.95598205566404,46.54770694358199,1.2466251605782759,4.680895657147367,-3.4342704965690913,464.70297386779015,431.510191415413,33.19278245237717,0.01333759283838365,-0.0013078797861080238,-0.049974355238947665,1,0.012215236769597005,432.26318359375,448.9263916015625,1
2024-07-23,439.91741943359375,443.418175649145,438.1868237868677,438.97794115369385,13107100.0,447.9671463012695,433.61405090332033,48.3746255033506,0.8891424477385499,3.922545015265604,-3.033402567527054,464.78802522911167,431.14626737342735,33.64175785568432,0.004312243042880803,0.010173342191051926,-0.03196665260246678,1,0.012058397117005955,438.0285339355469,444.5356140136719,0
2024-07-24,424.1442565917969,436.5847836899896,422.8487845737653,435.5662057633114,26805800.0,446.87686920166016,433.90887939453125,37.00169662698382,-0.6593272827235523,3.0061705556677727,-3.665497838391325,466.6475350414554,427.1062033618649,39.541331679590485,-0.03585482671294371,-0.018782369885063988,-0.08010735554242843,1,0.014164594266330604,439.91741943359375,438.6021728515625,0
2024-07-25,413.7607116699219,425.034300714976,412.8805958173141,424.0453888657749,29943800.0,445.2075881958008,434.0161749267578,31.71555739134004,-2.6933190905830315,1.8662726264176122,-4.559591717000644,469.6831819038019,420.7319944877997,48.9511874160022,-0.024481163567583786,-0.055402377666099345,-0.07983284015636882,1,0.014127064514173013,424.1442565917969,435.487060546875,1
2024-07-26,420.5544738769531,424.16402577751,412.6431801625324,413.5628909930186,23583800.0,443.84387664794923,434.2032763671875,37.96058069388406,-3.714256780047833,0.7501667451245231,-4.464423525172356,470.52340080513034,417.1643524907681,53.35904831436221,0.01641954399104706,-0.04401495531041022,-0.06235263283304082,1,0.016103880084286128,413.7607116699219,432.26318359375,1
2024-07-29,421.9983520507813,427.35823721785147,419.9908622622184,426.7945502371275,15125800.0,442.8440872192383,434.2754681396484,39.232583187667345,-4.356627858724266,-0.2711921756452349,-4.085435683079032,471.1735732357677,414.5146012027089,56.65897203305883,0.003433272651976571,-0.0050593742757686355,-0.05998319558517007,1,0.016248801781330157,420.5544738769531,438.0285339355469,0
2024-07-30,418.2305908203125,424.2925947905347,412.732213459478,422.97735537825565,32687600.0,441.17233123779295,434.31364013671873,37.09523224090917,-5.110824011585407,-1.2391185428332694,-3.871705468752138,471.121977970741,411.2226845048449,59.89929346589611,-0.008928379014180199,0.010803053611229574,-0.05917416369827766,1,0.01622926468284678,421.9983520507813,439.91741943359375,0
2024-07-31,413.7112426757813,417.1032027846935,407.6393099563061,415.8373969334193,42891400.0,439.1485229492188,434.27685302734375,34.6563603262007,-6.003993225367026,-2.192093479340021,-3.811899746027005,470.7324107643881,407.56463513404947,63.16777563033861,-0.010805876575568085,-0.016271925817567312,-0.056750585647930896,1,0.016120276989683734,418.2305908203125,424.1442565917969,0
2024-08-01,412.4849853515625,422.72022849108816,408.5095707902921,416.1242037023935,30296400.0,436.98972778320314,434.11407775878905,34.0031094055023,-6.733169196781887,-3.1003086228283943,-3.6328605739534927,469.64792103296094,404.33153453344534,65.3163864995156,-0.0029640415771340356,-0.02254361101882696,-0.05281919321879969,1,0.016133596982633704,413.7112426757813,413.7607116699219,0
2024-08-02,403.9605712890625,410.3983967606497,399.8565933572946,407.9162184867556,29437900.0,434.06897888183596,433.7076348876953,29.798216347487354,-7.907739877984,-4.061794873859515,-3.8459450041244843,467.56123975683414,400.5767180068378,66.98452174999636,-0.02066599843685124,-0.03411998032774444,-0.06547541724322947,1,0.0168553020507631,412.4849853515625,420.5544738769531,0
2024-08-05,390.7684631347656,396.5931676964823,381.3045706583986,384.85479031825656,40709200.0,430.55389099121095,433.00807861328127,24.706327974988582,-9.790232772966874,-5.207482453680988,-4.5827503192858865,466.62994517097025,394.47783681145165,72.15210835951859,-0.03265692023407152,-0.05545602143327677,-0.1078926762513952,0,0.017078247423708774,403.9605712890625,421.9983520507813,1
2024-08-06,395.1790466308594,401.17188015725634,394.0813689724325,395.5647367351895,24946500.0,427.5906188964844,432.4663531494141,29.070312292212137,-10.801709346008977,-6.3263278321465855,-4.475381513862391,465.04033921249174,390.140898580477,74.89944063201472,0.011286948441826095,-0.04195531797588514,-0.10169720685381434,0,0.017905416197975157,390.7684631347656,418.2305908203125,0
2024-08-07,394.0120849609375,405.5329003345715,393.062738170502,404.1088952385133,20650900.0,424.23721466064455,431.8387890625,28.598025308878277,-11.564171303160947,-7.3738965263494585,-4.1902747768114885,461.09767935952664,387.37674996176247,73.72092939776417,-0.0029529948003845785,-0.024627369687043377,-0.07104227196894253,0,0.015608769615510299,395.1790466308594,413.7112426757813,1
2024-08-08,398.2248840332031,401.3597174512935,395.5053766591639,397.9776560901087,20203000.0,421.66554870605466,431.29231628417966,32.839979157853435,-11.693692610798337,-8.237855743239235,-3.4558368675591016,458.2486449763655,385.08245243574385,73.16619254062164,0.010692055480184814,0.019081429546851547,-0.037547856039827354,0,0.01524866077608725,394.0120849609375,412.4849853515625,1
2024-08-09,401.5179748535156,403.52546468375385,397.7996868528818,399.55004994709526,19276700.0,419.3154006958008,430.83445068359373,36.038800337305744,-11.39921126090752,-8.870126846772893,-2.529084414134628,454.71558065639283,383.9152207352088,70.80035992118405,0.008269425021762089,0.01604064860396681,-0.04526523959654094,0,0.014237241621859752,398.2248840332031,403.9605712890625,1
2024-08-12,402.2991943359375,404.22758435718055,399.75768384658,402.5464222781896,16762900.0,416.98404083251955,430.67899353027343,36.80774840683245,-10.976267210276717,-9.291354919473658,-1.6849122908030587,450.36037803847876,383.60770362656035,66.7526744119184,0.0019456650295839317,0.02103262740233358,-0.04668065081086692,0,0.01415231782475496,401.5179748535156,390.7684631347656,1
2024-08-13,409.4194030761719,410.3489826258754,405.02863206499177,405.0483994374045,19414300.0,415.22823028564454,430.65684204101564,43.4774513316607,-9.951821263008526,-9.423448188180632,-0.5283730748278934,446.2326705241894,384.22379004709967,62.00888047708975,0.017698789459390962,0.028111048535167216,-0.021067774422857122,0,0.015685619366726595,402.2991943359375,395.1790466308594,1
2024-08-14,412.2377624511719,413.0882423005823,407.87668792866015,410.200606537794,18267000.0,413.910009765625,430.7229016113281,45.910999486994,-8.810955214430749,-9.300949593430657,0.48999437899990816,443.01060829051335,384.8094112407366,58.20119704977674,0.006883795330226761,0.02669815118879071,-0.0035616151378418115,0,0.015581238443563423,409.4194030761719,394.0120849609375,1
2024-08-15,417.1119995117188,417.19124174906176,413.7733647214418,415.8934346982465,20752100.0,412.9912567138672,430.83601135253906,49.926341063621344,-7.427876519525,-8.926334978649527,1.4984584591245262,440.4212608955979,385.56125253213645,54.860008363461475,0.011823849012678078,0.036820369974223555,0.011217412328869747,0,0.015991004232070966,412.2377624511719,398.2248840332031,0
2024-08-16,414.5757751464844,417.4190624715108,413.41664970781534,416.6859584876603,22775600.0,412.1068862915039,430.7413568115234,47.93241717658884,-6.461939582343746,-8.43345589938837,1.9715163170446246,438.09721895258986,386.1165536304179,51.980665322171944,-0.006080439709726382,0.012594351981293883,0.02627782167835857,0,0.014352979068779506,417.1119995117188,401.5179748535156,1
2024-08-19,417.6072998046875,417.8252537249248,412.584473256664,415.06120860773046,15234000.0,411.08582458496096,430.6972467041016,50.4782670431763,-5.389680019711534,-7.824700723453004,2.43502070374147,434.3880062477679,387.783642922154,46.60436332561392,0.007312353591166776,0.013025340816882558,0.06868219726489522,0,0.007197205084688384,414.5757751464844,402.2991943359375,1
2024-08-20,420.8468933105469,421.8970267669262,417.7163261753405,417.7757654099591,16387600.0,410.1322982788086,430.73117919921873,53.11642152573654,-4.229740652284818,-7.105708709219367,2.875968056934549,429.9352864576249,390.3293100999923,39.605976357632585,0.007757511679931106,0.008954174905541512,0.06495244851294979,0,0.007031242144884804,417.6072998046875,409.4194030761719,0
2024-08-21,420.1930236816406,422.4319718612453,417.7955305792916,420.1335542188186,16067300.0,409.93473663330076,430.6725262451172,52.50840062493514,-3.3249146151278524,-6.3495498904010645,3.024635275273212,429.2473973088392,390.6220759577623,38.62532135107688,-0.001553699550358223,0.01354938921158988,0.06644704495116871,0,0.00683710645862455,420.8468933105469,412.2377624511719,0
2024-08-22,411.6829528808594,422.8183759816575,410.7516979364214,420.4109661556474,19361900.0,409.83084869384766,430.3485382080078,45.24864547033919,-3.2569806086982,-5.731036034060492,2.474055425362292,429.08232465196863,390.5793727357267,38.502951916241955,-0.020252765565258235,-0.014186406527373685,0.03379514788567084,0,0.010653854928710937,420.1930236816406,417.1119995117188,1
2024-08-23,412.9114379882813,415.3584538355035,408.255163223579,413.0996723021897,18493800.0,409.4486968994141,429.8833770751953,46.40070174460349,-3.0686405596647433,-5.198556939181342,2.129916379516599,428.1284705933538,390.7689232054743,37.3595473878795,0.0029840562958103334,-0.018855919928129072,0.02837597280401294,0,0.010514556819158699,411.6829528808594,414.5757751464844,0
2024-08-26,409.6421203613281,413.396859709793,407.51213395459416,412.4953243921623,13152800.0,408.8308853149414,429.34254577636716,43.76166999152739,-3.14691069593772,-4.788227690532618,1.6413169945948978,426.6049083340737,391.0568622958091,35.5480460382646,-0.007917721153188229,-0.025109658479971375,0.01825240052372301,0,0.011057617852671621,412.9114379882813,417.6072998046875,1
2024-08-27,409.9888916015625,410.5040417108967,406.43230298651787,409.01800038370646,13492900.0,408.4188003540039,428.78906982421876,44.12467346463447,-3.1447085590851884,-4.459523864243132,1.3148153051579436,425.6766664219438,391.160934286064,34.51573213587983,0.0008465224228615398,-0.004114965818823091,0.001390966136709082,0,0.009559091317400294,409.6421203613281,420.8468933105469,0
2024-08-28,406.7790222167969,411.13807041057737,403.5196300124752,411.019191950483,14882700.0,408.0721893310547,428.05668273925784,41.45715847648299,-3.363204060232306,-4.240259903440967,0.8770558432086615,425.1686559173413,390.97572274476806,34.19293317257325,-0.007829161839548182,-0.01485164906392944,-0.013241727788151358,0,0.009544951663330059,409.9888916015625,420.1930236816406,1
2024-08-29,409.2755432128906,418.12243430135214,406.7790049560858,411.07861373737535,17045200.0,407.9117172241211,427.4143762207031,44.278654881704206,-3.2969102103289174,-4.051589964818557,0.75467975448964,424.8993957858571,390.9240386623851,33.97535712347201,0.006137290419964581,-0.0008948717190364608,-0.018787415149891906,0,0.008818553887023439,406.7790222167969,411.6829528808594,1
2024-08-30,413.2582092285156,413.604928025177,408.2948214180594,411.7325316355679,24308300.0,408.37659912109376,426.8643798828125,48.539566193817926,-2.8896934069037457,-3.8192106532355954,0.9295172463318497,425.4151274235886,391.3380708185989,34.07705660498971,0.009731013938336863,0.007974161480770903,-0.003178106384781443,0,0.00937744836049421,409.2755432128906,412.9114379882813,0
2024-09-03,405.62982177734375,415.97267128987687,403.2422452090673,414.0210025733613,20313600.0,409.11966705322266,426.0811212158203,41.92636609723414,-3.14625025608683,-3.684618573805843,0.5383683177190126,424.2061680882708,394.03316601817454,30.17300207009623,-0.01845913107307129,-0.0028251221835148277,-0.02868119889893095,0,0.010530000783637531,413.2582092285156,409.6421203613281,0
2024-09-04,405.0948486328125,407.4130694116055,400.60700515715166,402.1326826766194,15135800.0,409.61545715332034,425.3288952636719,41.49935317102535,-3.3540775510949743,-3.618510369263669,0.2644328181686948,423.43540416112256,395.7955101455181,27.639894015604455,-0.001318870348800183,-0.010214865386919736,-0.03742939517462662,0,0.009884968513937737,405.62982177734375,409.9888916015625,0
2024-09-05,404.589599609375,409.25576060406553,402.35062114910426,403.8267457621573,14195500.0,410.1443328857422,424.5016912841797,41.073874633458004,-3.5189868632862726,-3.59860566806819,0.07961880478191752,422.23692984390976,398.0517359275746,24.18519391633515,-0.0012472363574671519,-0.020976255100469743,-0.037133943670820124,0,0.00989305165888741,405.0948486328125,406.7790222167969,0
2024-09-06,397.9618835449219,406.8285787467922,397.070234552708,405.2533785520499,19609500.0,410.1311828613281,423.51800231933595,35.877488037930405,-4.13679359606158,-3.7062432536668686,-0.430550342394711,422.2760571586927,397.9863085639635,24.28974859472919,-0.016381330787672455,-0.01890378325445441,-0.03332921424100932,0,0.009228145125797055,404.589599609375,409.2755432128906,1
2024-09-09,401.9444580078125,404.84718480089737,398.40767240518096,403.4503023301037,15295100.0,410.15250701904296,422.6003173828125,40.7298841906262,-4.255989015343687,-3.8161924060022323,-0.4397966093414545,422.2381669161377,398.06684712194823,24.171319794189458,0.010007426910876749,-0.007776920974513768,-0.026560126389088,0,0.009998510759828147,397.9618835449219,413.2582092285156,1
2024-09-10,410.3455810546875,412.4557344655397,403.90606826316616,404.4014154009755,19594300.0,410.5548263549805,421.96734619140625,49.424391271356136,-3.6306993826619873,-3.7790938013341835,0.14839441867219616,422.09121587912927,399.0184368308317,23.072779048297548,0.020901203834266413,0.014226716284525986,0.0017172567428829222,0,0.012216531005085124,401.9444580078125,405.62982177734375,1
2024-09-11,419.1033020019531,420.0444433948456,405.7685356918772,411.6334589269,19266900.0,411.03902130126954,421.31609802246095,56.575628309880315,-2.400802992230183,-3.503435639513383,1.1026326472832002,423.1430683204201,398.93497428211896,24.20809403830117,0.021342305977211096,0.05312422955864515,0.0222308715848043,0,0.013929085119510172,410.3455810546875,405.0948486328125,1
2024-09-12,423.02642822265625,423.39298024346107,415.8438951907728,419.37076416429335,17395700.0,411.5784545898438,420.69287841796876,59.34857601764809,-1.096893438049733,-3.0221271992206535,1.9252337611709205,424.7616328872578,398.39527629242974,26.366356594828062,0.009360761897993397,0.052449958681689335,0.039941602488046124,0,0.013598530517518293,419.1033020019531,404.589599609375,1
2024-09-13,426.5830078125,427.8114589338371,421.5007417784194,421.8672937914901,15874600.0,412.0520050048828,420.11132080078124,61.73420969915964,0.22090408237033898,-2.3735209429024553,2.5944250252727943,426.60544066938814,397.49856934037746,29.106871329010687,0.008407464291975142,0.03957012700387419,0.04228804991312818,0,0.013656863600204084,423.02642822265625,397.9618835449219,1
2024-09-16,427.3260498046875,429.4956726087264,424.2350886136153,426.59294574191983,13834700.0,412.689518737793,419.4103308105469,62.23287305147872,1.310123106778633,-1.6367921329662376,2.946915239744871,428.6758316449665,396.7032058306195,31.972625814346998,0.0017418462024489934,0.01961985926490284,0.034041285235287155,0,0.013532701398173069,426.5830078125,401.9444580078125,1
2024-09-17,431.1006164550781,437.73828032551546,428.24741204788825,436.1333604048688,18874200.0,413.3641845703125,418.8109387207031,64.74615752562731,2.449674689388587,-0.8194987684952728,3.26917345788386,431.16020362319307,395.5681655174319,35.59203810576116,0.00883298982618963,0.019086722941508816,0.06279320037695757,0,0.011172790152850023,427.3260498046875,410.3455810546875,0
2024-09-18,426.8009643554688,431.9723892702998,426.40469272360485,430.95197545729616,18898000.0,413.6618881225586,418.2580682373047,59.8595022510286,2.971577047425967,-0.061283605311024836,3.032860652736992,432.13497689220213,395.18879935291505,36.94617753928708,-0.009973662610286094,0.0005109358295505295,0.05358279868508342,0,0.012112586560847946,431.1006164550781,419.1033020019531,1
2024-09-19,434.607666015625,437.3915144590669,432.834314830216,437.12403789377305,21706600.0,414.3826202392578,417.7286181640625,65.02150024538405,3.969367607981326,0.7448466373474454,3.2245209706338804,434.83723256816484,393.92800791035074,40.90922465781409,0.018291199674174585,0.01703995395147473,0.07419386567334407,0,0.012508640831184418,426.8009643554688,423.02642822265625,0
2024-09-20,431.2194519042969,435.1525090726311,430.1792350917016,433.1513176803596,55167100.0,415.3594451904297,417.35984313964843,61.33486285059862,4.435592504287968,1.4829958107355499,2.952596693552418,437.034605095702,393.68428528515744,43.35031981054453,-0.007796029330063181,0.0002756559482468557,0.08356973301846615,0,0.010897071260491541,434.607666015625,426.5830078125,0
2024-09-23,429.4758605957031,432.3983904018878,426.38489946949306,430.23868426031646,15128900.0,416.18766632080076,416.97894165039065,59.466320117213584,4.611230452511791,2.108642739090798,2.5025877134209926,438.67599317902756,393.69933946257396,44.9766537164536,-0.004043396699508595,0.006267315361561554,0.06849553971796651,0,0.011513862624665444,431.2194519042969,427.3260498046875,0
2024-09-24,425.1762390136719,429.31733347364775,422.1348005929618,428.9705844602765,17015800.0,416.964372253418,416.5039385986328,55.015396840858656,4.353299140986508,2.55757401946994,1.7957251215165675,439.56750942260066,394.3612350842353,45.20627433836535,-0.010011323048674914,-0.021701013901614052,0.03614187320079343,1,0.011428798382042426,429.4758605957031,431.1006164550781,1
2024-09-25,428.0888366699219,429.089447440904,424.58180113051,425.8300552065777,13396400.0,417.86936950683594,416.1750030517578,57.34450153169044,4.333949930563676,2.9128492016886876,1.4211007288749888,440.7308000268196,395.00793898685225,45.72286103996737,0.00685033026070947,-0.007259911909237804,0.021439904255220688,1,0.00972266190260719,425.1762390136719,426.8009643554688,0
2024-09-26,427.29632568359375,431.2491859843343,425.1366195194631,431.0411486615554,14492000.0,418.8952346801758,415.9488861083984,56.487489597063956,4.20618030034791,3.171515421420532,1.0346648789273778,441.51402660091117,396.27644275944044,45.23758384147072,-0.0018512769276887164,-0.005074871749686349,0.010093689604399936,1,0.009443249962037964,428.0888366699219,434.607666015625,0
2024-09-27,424.0369262695313,427.8313020370733,423.49205654568107,427.5043560158928,14896100.0,419.6333038330078,415.7198834228516,52.98054818426713,3.7981331405061383,3.2968389652376535,0.5012941752684847,441.90908595958945,397.35752170642616,44.55156425316329,-0.007627960312665993,-0.0026796246817167857,-0.005968548902181792,1,0.009415528807940832,427.29632568359375,431.2194519042969,1
2024-09-30,426.2956848144531,426.4145935098266,421.41156986331913,424.225137648764,16807300.0,420.28517761230466,415.6005334472656,55.06264376927668,3.6153403705326923,3.3605392462966615,0.25480112423603085,442.53961109149117,398.03074413311816,44.508866958373005,0.0053267968070451754,-0.0041887377148573934,-0.002411191619854036,1,0.009579673041476017,424.0369262695313,429.4758605957031,0
2024-10-01,416.7751770019531,424.4926938702289,414.9126669274289,424.4629742513201,19092900.0,420.84244537353516,415.17546630859374,45.84729444843019,2.671455493111523,3.222722495659634,-0.5512670025481108,442.13858939013545,399.54630135693486,42.59228803320059,-0.02233310857144577,-0.024622605085145022,-0.03322992105862077,1,0.011240125063655015,426.2956848144531,425.1762390136719,0
2024-10-02,413.2482299804688,418.8852817628172,412.8321251605145,418.6474946227358,16582300.0,421.25011444091797,414.64208251953124,42.97769445630088,1.6201487128697636,2.90220773910166,-1.2820590262318965,441.61670557854706,400.8835233032889,40.73318227525817,-0.00846246901472203,-0.025442822595607817,-0.03175422622455082,1,0.011150483559020296,416.7751770019531,428.0888366699219,0
2024-10-03,412.663818359375,415.6457876881329,410.4347561510362,413.7436715344948,13686400.0,421.653825378418,414.4124737548828,42.50298090334927,0.7313923458937097,2.46804466046007,-1.7366523145663604,440.9767767490729,402.3308740077631,38.64590274130978,-0.0014141902582895938,-0.03197749107174619,-0.05049116564699774,1,0.008318904984239593,413.2482299804688,427.29632568359375,0
2024-10-04,412.1882019042969,415.8438657034381,411.1083489185887,414.3479078757133,19169700.0,422.3651412963867,414.38102355957034,42.095463161737996,-0.01120261434607528,1.9721952054988412,-1.9833978198449165,439.00877528402555,405.72150730874785,33.2872679752777,-0.001152551868901508,-0.011005874031779883,-0.04413356103477384,1,0.008348117788789975,412.663818359375,424.0369262695313,0
2024-10-07,405.7288818359375,413.2284134108737,405.19389854116383,412.1287574404014,20919800.0,422.55436248779296,414.08451171875,36.91838792461254,-1.1081535132708495,1.356125461744903,-2.4642789750157528,438.3283758721541,406.78034910343183,31.548026768722252,-0.01567080289663192,-0.018195717728510807,-0.055292930147057495,1,0.009061097806254447,412.1882019042969,426.2956848144531,1
2024-10-08,410.8507690429688,411.791940593935,404.37165096667,407.0762266898708,19229300.0,422.57962188720705,413.86156005859374,42.91366469552658,-1.5463758533117584,0.7756251987335707,-2.322001052045329,438.27678396157734,406.88245981283677,31.394324148740566,0.012623915713997347,-0.004393526245199619,-0.03369301634525823,1,0.010551020200353624,405.7288818359375,416.7751770019531,1
2024-10-09,413.5751953125,416.46803570058375,410.4445979894132,411.9900785341084,14974300.0,422.3032165527344,413.7684521484375,45.86110857443656,-1.6547567779588235,0.2895488033950919,-1.9443055813539154,438.42445338966115,406.18197971580764,32.24247367385351,0.0066311821099360735,0.0033649517424207964,-0.03390333994766748,1,0.010527632633315442,410.8507690429688,413.2482299804688,0
2024-10-10,411.9702453613281,413.4662031795296,409.3052757201966,411.3659364512592,13848400.0,421.75040740966796,413.73363220214844,44.406548970548016,-1.8488431762464188,-0.13812959253321022,-1.7107135837132086,438.4812572703964,405.01955754893953,33.46169972145685,-0.003880672654846151,0.015383089064668676,-0.03586756871299279,1,0.01051416145977754,413.5751953125,412.663818359375,1
2024-10-11,412.44580078125,413.2482606337857,409.4043624478393,412.2674830881502,14144900.0,421.04354705810545,413.7328485107422,44.96355725504947,-1.9418996864067708,-0.49888361130792236,-1.4430160750988485,438.08957493579646,403.99751918041443,34.092055755382034,0.0011543440946926165,0.0038822654317931526,-0.02733517948602815,1,0.010506739924465247,411.9702453613281,412.1882019042969,1
2024-10-14,415.2395629882813,420.0939583051494,413.63461305961806,413.8822865985765,16653100.0,420.43922271728513,413.95842834472654,48.24427880085188,-1.76981307601244,-0.7530695042488259,-1.0167435717636142,437.4082979082253,403.470147526345,33.93815038188029,0.006773646868847738,0.004024341146774191,-0.02593533601210163,1,0.010638957836414267,412.44580078125,405.7288818359375,0
2024-10-15,414.8432922363281,418.5485092157335,411.3956956650851,418.2512828065511,18900200.0,419.62635650634763,414.43992492675784,47.80895190271878,-1.6464299161611393,-0.9317415866312887,-0.7146883295298506,436.0225856835497,403.23012732914555,32.792458354404175,-0.0009543183917770648,0.006973918401510071,-0.004635316286161539,1,0.00806324175068641,415.2395629882813,410.8507690429688,0
2024-10-16,412.2476501464844,412.48540707078536,406.660150790306,411.3065088320687,15508900.0,418.89869079589846,414.7812969970703,44.947956822324784,-1.7380592320924393,-1.093005115723519,-0.6450541163689203,435.2483820357342,402.5489995560627,32.6993824796715,-0.006256921923098235,-0.0004804282996463405,-0.0024212561879133343,1,0.007846525950069778,414.8432922363281,413.5751953125,1
2024-10-17,412.8421020507813,418.5683135090887,411.722612729939,418.429601804324,14820000.0,417.81041259765624,415.1578973388672,45.74866618432669,-1.7426209746349741,-1.22292828750581,-0.519692687129164,432.6615768229142,402.9592483723983,29.702328450515893,0.00144197766581744,-0.005773681390681129,0.0004320313133221454,1,0.00784999221176546,412.2476501464844,411.9702453613281,1
2024-10-18,414.2686767578125,415.7448013928108,412.3863638860618,413.2581795909367,17145300.0,416.962873840332,415.47877319335936,47.714056860087716,-1.6125352296314759,-1.3008496759309431,-0.31168555370053275,430.5360865252992,403.3896611553648,27.146425369934377,0.0034554971499871634,-0.0013851386517979014,0.00504739059464554,1,0.007905243795754021,412.8421020507813,412.44580078125,1
2024-10-21,414.8829040527344,415.0612217475957,409.89971357797583,412.2476539277434,14206100.0,416.2332260131836,415.74607177734373,48.5778465311624,-1.4432415400238483,-1.3293280487495243,-0.11391349127432404,428.54796702305254,403.91848500331463,24.629482019737907,0.001482678583688779,0.006392404918047712,0.022561919120410057,1,0.005491327246633106,414.2686767578125,415.2395629882813,1
2024-10-22,423.5317077636719,426.57311612841215,414.1498320229674,414.595626294547,25482200.0,416.15099945068357,416.17072204589846,58.87923677191654,-0.6042237773216925,-1.184307194463958,0.5800834171422655,428.2457864342103,404.05621246715685,24.189573967053434,0.020846372859553153,0.02589272184157143,0.03086507237224345,0,0.007475034740628264,414.8829040527344,414.8432922363281,0
2024-10-23,420.6487731933594,427.06845240983137,418.5980288953916,426.8504984713963,19654400.0,415.7789962768555,416.3953094482422,54.92910544619699,-0.16996562380705882,-0.9814388803325783,0.8114732565255195,426.7914405543531,404.7665519993579,22.024888554995186,-0.00680689194567019,0.015400866137114999,0.017103486768626386,0,0.00795599978040996,423.5317077636719,412.2476501464844,1
2024-10-24,420.777587890625,422.0159557272698,418.4692533123088,421.3719802653427,13581600.0,415.453059387207,416.56610595703125,55.07413653590336,0.18247786974046676,-0.7486555303179694,0.9311334000584361,425.41882066432174,405.4872981100923,19.931522554229446,0.0003062286293806782,0.014208066373208261,0.02137858893564548,0,0.007735293869531444,420.6487731933594,412.8421020507813,1
2024-10-25,424.1657104492188,428.4950392124222,422.6004269353124,422.78866124967664,16899100.0,415.4594985961914,416.7071801757813,58.82694502391455,0.7268068751172336,-0.4535630492309288,1.1803699243481625,425.4475782691702,405.4714189232126,19.976159345957626,0.00805205090788852,0.0014969426702302613,0.028415635813891393,0,0.007941992098724605,420.777587890625,414.2686767578125,0
2024-10-28,422.6202392578125,427.9204593260478,422.3329294716153,427.6430661566951,14882400.0,415.2757263183594,416.8680694580078,56.50817469713524,1.021707318475535,-0.1585089756896361,1.180216294165171,424.57074119551817,405.9807114412006,18.590029754317584,-0.0036435552269643567,0.004686727241557609,0.017774501582691116,0,0.008050285766676723,424.1657104492188,414.8829040527344,1
2024-10-29,427.9303588867188,429.1390069836367,421.8375655534697,424.0171048212191,17644100.0,415.83348541259767,417.07453063964846,62.04408426559774,1.664710572774709,0.20613493400323293,1.458575638771476,426.6377065948631,405.0292642303322,21.6084423645309,0.01256475467959528,0.016998935309152197,0.0315470128005233,0,0.008650555036812618,422.6202392578125,423.5317077636719,1
2024-10-30,428.50494384765625,434.4193891926441,428.07895261488494,433.3692558016521,29749100.0,416.59632110595703,417.2276916503906,62.59883906481063,2.19535282789559,0.6039785127817044,1.5913743151138857,428.64538682988245,404.5472553820316,24.098131447850847,0.0013427067021658523,0.010230042861885114,0.03943574619623713,0,0.008045547286720158,427.9303588867188,420.6487731933594,0
2024-10-31,402.5685729980469,412.2872801691042,402.51902015050615,411.4947067107268,53971000.0,416.0915588378906,416.87520263671877,36.59690723322041,0.5170816742135003,0.5865991450680637,-0.06951747085456339,429.5237393330984,402.6593783426828,26.86436099041555,-0.06052758835573757,-0.047446062438891934,-0.024884886986334398,0,0.021969537875214485,428.50494384765625,420.777587890625,1
2024-11-01,406.5511474609375,411.6334132123408,403.7078601300334,405.2038179490663,24230400.0,415.80970611572263,416.77256652832034,40.67200812687393,-0.4859975537024184,0.3720798053139673,-0.8580773590163857,429.78333698983545,401.8360752416098,27.94726174822563,0.009892909506649339,-0.04995955762848969,-0.018629285123062278,0,0.022249218691214687,402.5685729980469,424.1657104492188,0
2024-11-04,404.658935546875,406.6007179042562,401.79584509345045,405.9864621175824,19672300.0,415.7562088012695,416.6075164794922,39.37703289365931,-1.4172930837759736,0.014205227495979078,-1.4314983112719526,429.8910680216218,401.62134958091724,28.269718440704537,-0.004654302234491481,-0.05564931897088932,-0.02464302193700385,0,0.022237873997119764,406.5511474609375,422.6202392578125,1
2024-11-05,407.6310729980469,411.0390638487428,404.2825213873615,404.5698312031398,17626000.0,415.59522399902346,416.5672955322266,42.47519950242293,-1.8936955048652067,-0.3673749189762581,-1.5263205858889486,430.0202536098305,401.17019438821643,28.85005922161406,0.007344796296553158,0.012575497293040305,-0.03754296189436057,0,0.02105746631827799,404.658935546875,427.9303588867188,1
2024-11-06,416.2698669433594,416.5373737173725,406.6997576825849,408.5821007827268,26681800.0,415.7299575805664,416.6929150390625,50.40833982484838,-1.5562301296837404,-0.6051459611177545,-0.9510841685659859,430.1273112319244,401.3326039292084,28.794707302716006,0.0211926776871445,0.023905281151261892,-0.010409887129249173,0,0.022404039540095066,407.6310729980469,428.50494384765625,1
2024-11-07,421.4710083007813,422.8778073076485,415.97266781837374,417.3596335925896,19901800.0,416.2049957275391,416.9867547607422,54.478717689329855,-0.8591935009046665,-0.6559554690751369,-0.2032380318295296,430.7014088245115,401.7085826305667,28.99282619394478,0.012494638143311976,0.04154627830270363,0.0016479499624313387,0,0.022799736993648706,416.2698669433594,402.5685729980469,0
2024-11-08,418.6079406738281,422.5310812867246,417.8550033981939,421.3620693729889,16891400.0,416.51310272216796,417.17340270996095,51.95094973138055,-0.5316836622632195,-0.6311011077127535,0.09941744544953401,430.93859379012315,402.08761165421276,28.850982135910385,-0.006793035749946497,0.026928437017935236,-0.0131028266511799,0,0.022729754647065968,421.4710083007813,406.5511474609375,0
2024-11-11,414.1200866699219,420.8567950462537,412.1287816798458,418.58809689323664,24503300.0,416.45712890625,417.1906402587891,48.17743701937031,-0.6270340093684013,-0.6302876880438831,0.0032536786754818747,430.9106123878846,402.00364542461534,28.90696696326927,-0.01072090031708961,-0.005164390805472374,-0.02011298039776377,0,0.022927813768018605,418.6079406738281,404.658935546875,1
2024-11-12,419.0933532714844,420.4902356783672,413.3176195666668,414.35783635110096,19401200.0,416.6696319580078,417.45991088867186,52.31129506116158,-0.29786519048718674,-0.5638031885325439,0.2659379980453571,431.1469105899605,402.1923533260551,28.95455726390537,0.012009237807212303,-0.005641325221591775,-0.020650569495055948,0,0.022889820620923915,414.1200866699219,407.6310729980469,1
2024-11-13,421.2431945800781,425.3347363138495,414.31822142109314,417.7163255743709,21502200.0,417.1194091796875,417.7828778076172,54.01881648710919,0.13492239525328387,-0.42405807177537835,0.5589804670286622,431.57814732566476,402.6606710337103,28.917476291954472,0.005129743270352316,0.006295279305997159,-0.01694671058488384,0,0.022979514578375167,419.0933532714844,416.2698669433594,1
2024-11-14,422.9174499511719,424.1855372830497,416.0915525882571,421.04502345240303,30246900.0,417.62317657470703,418.1494348144531,55.35936033250692,0.6060222439377299,-0.2180420086327567,0.8240642525704865,432.1526076208065,403.09374552860754,29.05886209219898,0.003974557672706824,0.021243507775709602,0.050547604353665454,0,0.00987384363744489,421.2431945800781,421.4710083007813,0
2024-11-15,411.1380920410156,418.86549468955633,409.7907624442804,415.91324532993855,28247600.0,417.4666473388672,418.412958984375,45.343268449435115,0.02854745171009654,-0.16872411656418604,0.19727156827428258,432.20323756164885,402.7300571160855,29.473180445563344,-0.027852617364254484,-0.018982074443245622,0.011282576887865936,0,0.014100187412826187,422.9174499511719,418.6079406738281,1
2024-11-18,411.8910217285156,414.5064386408341,408.26507740364855,411.0092893966713,24727000.0,417.3170532226562,418.61189025878906,46.01561454229884,-0.3641526235589936,-0.20780981796314757,-0.156342805595846,432.21537366864607,402.4187327766664,29.796640891979678,0.0018313304023040988,-0.022201362471589214,0.017872053589689907,0,0.013948695960022092,411.1380920410156,414.1200866699219,1
2024-11-19,413.9021606445313,414.0507587358417,407.7202079437107,409.2656885605185,18133500.0,416.83557586669923,418.68302185058593,47.860578013901744,-0.5072410012123214,-0.26769605461298235,-0.23954494659933906,431.52028159699546,402.150870136403,29.36941146059246,0.004882696659849195,-0.021316900751391143,0.015384223779511652,0,0.013862610452288975,411.8910217285156,419.0933532714844,0
2024-11-20,411.62353515625,413.40680290697327,406.7592228682752,412.9906980283946,19191700.0,416.3843139648437,418.5334265136719,45.94468839120453,-0.7953374499920756,-0.37322433368880104,-0.4221131163032745,431.12714313946947,401.641484790218,29.48565834925148,-0.005505227333756912,0.0011807300871211623,-0.011161825911702561,0,0.012136598236233555,413.9021606445313,421.2431945800781,0
2024-11-21,409.8466491699219,416.7060525660529,407.2855552080167,416.4281041493026,20780200.0,415.83776702880857,418.2698309326172,44.4503830517645,-1.153736256919899,-0.5293267183350207,-0.6244095385848784,430.6985946940431,400.97693936357405,29.721655330469048,-0.004316774514979138,-0.004963382183021281,-0.0275804477696453,0,0.01117764978890925,411.62353515625,422.9174499511719,1
2024-11-22,413.9463806152344,414.3434454251094,408.04987579157546,408.3576032912864,24814600.0,415.32680053710936,418.01709838867185,48.603888908504956,-1.0943409475429462,-0.6423295641766058,-0.4520113833663404,429.70193156481207,400.95166950940666,28.750262055405415,0.010003086407113004,0.00010683677184530893,-0.01113586152018542,0,0.011747698727530188,409.8466491699219,411.1380920410156,1
2024-11-25,415.7232971191406,417.99650611752486,411.812146489521,415.3162958278843,27691100.0,414.9819534301758,417.78504333496096,50.33714114905643,-0.8935867139868492,-0.6925809941386545,-0.2010057198481947,428.96627701726294,400.99762984308865,27.968647174174293,0.004292624811129686,0.009959979478176395,0.0038713660622229362,0,0.011327191174762427,413.9463806152344,411.8910217285156,1
2024-11-26,424.8559265136719,425.8982558025869,415.78287220202776,416.5174436728799,23458900.0,414.82823181152344,417.6601495361328,58.14894633418993,0.002411531399957312,-0.5535824890309321,0.5559940204308894,428.2979613174011,401.3585023056458,26.939459011755275,0.02196804811714448,0.03662169100113144,0.013750094572496208,0,0.012799054767211047,415.7232971191406,413.9021606445313,0
2024-11-27,419.89251708984375,424.10148899734514,418.929618998767,421.9969878965425,18332400.0,414.3976104736328,417.5219805908203,53.24684258757918,0.30843548435876755,-0.3811788943529922,0.6896143787117597,426.580006817009,402.21521413025664,24.364792686752367,-0.011682570758886235,0.014364508914830543,-0.0032064078603829538,0,0.013352859058506361,424.8559265136719,411.62353515625,1
2024-11-29,420.3591003417969,421.76871536801127,414.7405434642979,417.0137828520631,16271900.0,415.2871368408203,417.23700927734376,53.64247748735905,0.5819032227660159,-0.1885624709291906,0.7704656936952066,426.4391948932742,404.13507878836646,22.304116104907735,0.0011111968729209387,0.011151174963686783,-0.006049288365070682,0,0.013282947227010485,419.89251708984375,409.8466491699219,1
2024-12-02,427.8240356445313,429.829232706476,418.22483367708463,418.48293944626425,20207200.0,416.35078125,417.1691009521484,59.54144023435261,1.3850206120750954,0.1261541456716666,1.2588664664034288,428.0132983592007,404.68826414079933,23.325034218401356,0.01775847197471081,0.006986154471741557,0.04058476683754009,0,0.010368466073152866,420.3591003417969,413.9463806152344,1
2024-12-03,428.04241943359375,429.3031085678167,424.6077345204632,426.6923626928357,18302000.0,417.51995544433595,417.14043212890624,59.70299035514969,2.0158808562501918,0.5040994877873717,1.51178136846282,428.9456047313425,406.0943061573294,22.85129857401307,0.0005104523609418266,0.019409496506950452,0.03921279380477438,1,0.01040798690451878,427.8240356445313,415.7232971191406,1
2024-12-04,434.2168884277344,436.45041220115866,429.4619560010729,429.8590208353051,26009400.0,418.8492462158203,417.3212451171875,64.07120006891627,2.9797218122589584,0.9992239526816891,1.9804978595772693,431.48557957689366,406.21291285474695,25.27266672214671,0.014424899761829701,0.03296654711333624,0.04908098994112242,1,0.010932094373113044,428.04241943359375,424.8559265136719,1
2024-12-05,439.3788146972656,441.4038848394375,432.9760643904688,434.7132496378652,21697800.0,420.00469360351565,417.5470446777344,67.26588565579482,4.1126885108351985,1.6219168643123911,2.4907716465228074,435.4091956425262,404.6001915645051,30.809004078021076,0.011887898437626943,0.02700825126696449,0.06742879638910804,1,0.0104744240404083,434.2168884277344,419.89251708984375,1
2024-12-06,440.3218383789063,442.8333105145372,438.5350012201072,439.0611189309198,18821000.0,420.9472351074219,417.8075549316407,67.82868006695563,5.0286991978751985,2.3032733310249527,2.725425866850246,438.72003465420374,403.17443556064,35.54559909356374,0.002146265705346817,0.028687387949916987,0.07435754146265916,1,0.009910487578388506,439.3788146972656,420.3591003417969,1
2024-12-09,442.7538757324219,445.0469576507044,437.2743084708553,439.35893665859504,19144400.0,422.15453186035154,418.1818939208985,69.29487713164706,5.883072952983355,3.0192332554166335,2.8638396975667213,442.25561634133726,402.0534473793658,40.20216896197144,0.005523317586221488,0.01966065238871595,0.06959233481972205,1,0.009872991494219713,440.3218383789063,427.8240356445313,0
2024-12-10,440.0835876464844,446.32753597079886,438.3662754088612,441.1358533918597,18469500.0,423.4527069091797,418.4576519775391,65.75162143847291,6.272396099526247,3.6698658242385562,2.602530275287691,444.63506536745757,402.27034845090185,42.36471691655572,-0.006031089127159439,0.001604021235535269,0.05859736679698857,1,0.010671108578459333,442.7538757324219,428.04241943359375,1
2024-12-11,445.7021484375,447.0522052493872,440.7983204027772,440.7983204027772,19200200.0,424.7831466674805,419.03619140625005,69.3077814644085,6.954145338983892,4.326721727187623,2.627423611796269,447.95249639702274,401.6137969379382,46.33869945908452,0.012767030965783244,0.01221903977872607,0.049066567329989486,1,0.009444668660230348,440.0835876464844,434.2168884277344,1
2024-12-12,446.2679748535156,452.8196506561494,445.8212579806136,445.8212579806136,20834800.0,426.03438568115234,419.696586303711,69.64956335070863,7.454166988964914,4.952210779543082,2.5019562094218326,450.9416072623118,401.1271640999929,49.81444316231887,0.0012695169139282925,0.00793691329134183,0.06281478399870699,1,0.007643095087685338,445.7021484375,439.3788146972656,0
2024-12-13,443.9947204589844,448.124261247401,442.3170935669994,445.15616611270633,20177800.0,427.08824920654297,420.3232043457032,66.44806977940002,7.579631840081845,5.477694991650835,2.10193684843101,453.1362595138539,401.04023889923207,52.09602061462181,-0.005093922312658483,0.008887249882269632,0.05622721168155809,1,0.008318481173455562,446.2679748535156,440.3218383789063,1
2024-12-16,448.2831115722656,448.8687875090904,442.01932060586137,443.99473862109255,23598800.0,428.9455001831055,421.04510253906255,69.31363751282203,7.933646819764817,5.968885357273632,1.964761462491185,455.47217075499196,402.418829611219,53.05334114377297,0.009658653393103567,0.005790780106880167,0.04782124009678901,1,0.00732955597143243,443.9947204589844,442.7538757324219,1
2024-12-17,451.1321105957031,451.95604970720296,446.277934423515,447.70739213787743,22733500.0,430.90755462646484,421.9531671142579,71.08074461108698,8.347867631132374,6.44468181204538,1.9031858190869935,457.89910349500946,403.91600575792023,53.983097737089224,0.006355356581347005,0.010899585039200188,0.05394253025824591,1,0.007189494253745071,448.2831115722656,440.0835876464844,0
2024-12-18,434.1871032714844,449.3353370303597,433.8197872534811,448.0150896587636,24444500.0,431.9218017578125,422.4198937988282,51.92728530910517,7.225528735187652,6.600851196673835,0.6246775385138168,457.78187376691756,406.0617297487074,51.720144018210135,-0.03756107562780997,-0.02208949056277354,-6.859511235923765e-05,1,0.014711280636454823,451.1321105957031,445.7021484375,0
2024-12-19,433.8297119140625,439.9346705847199,433.1249195902441,438.3860965890634,22963700.0,433.0321105957031,422.82498413085943,51.61140113190839,6.2353513296794745,6.527751223274963,-0.2923998935954888,457.15961109371057,408.90461009769564,48.25500099601493,-0.0008231275289592999,-0.032241677826118975,-0.01262942726773586,1,0.014115941286784518,434.1871032714844,446.2679748535156,0
2024-12-20,433.4029235839844,440.4906238895222,425.49128413888167,429.9384591402834,64263700.0,434.2099243164063,423.2536376953126,51.21076813409528,5.354467383595022,6.293094455338975,-0.9386270717439533,455.86867949272755,412.551169140085,43.31751035264256,-0.0009837692494484296,-0.039299324067861185,-0.015713312835889948,1,0.014068640370565516,433.8297119140625,443.9947204589844,0
2024-12-23,432.0627746582031,434.44519400818086,429.6604823749245,433.54185407205193,19152500.0,435.11574401855466,423.64597717285164,49.900879194529516,4.496390105448427,5.933753585360866,-1.437363479912439,454.7274611315896,415.5040269055197,39.22343422606991,-0.003092154789125612,-0.004892657099381803,-0.02414682662355716,1,0.013853457215024477,433.4029235839844,448.2831115722656,1
2024-12-24,436.1128845214844,436.3809267682004,431.0105391906017,431.4671622449362,7164500.0,436.1352233886719,424.0634436035157,53.75099672680301,4.095952111886447,5.566193290665982,-1.4702411787795349,453.61228131798396,418.6581654593598,34.954115858624164,0.009373892176860688,0.005262831347692787,-0.009022611241275458,1,0.014249908070847412,432.0627746582031,451.1321105957031,0
2024-12-26,434.9018249511719,437.7111185947039,433.4326819773249,435.8647231164583,8194200.0,436.63751831054685,424.46461425781257,52.45292999082847,3.6389323835507525,5.180741109242937,-1.5418087256921842,453.34973240242033,419.9253042186734,33.424428183746954,-0.0027769405887682064,0.0034584477529420177,-0.024232154868875644,1,0.013428073750450412,436.1128845214844,434.1871032714844,0
2024-12-27,427.3773193359375,432.0329778888151,423.2279358558446,431.4175228637617,18117700.0,437.0117584228516,424.76720764160166,45.15624687838557,2.639153716732835,4.672423630740917,-2.0332699140080814,452.4975299903126,421.52598685539056,30.971543134922058,-0.017301618856345735,-0.010844385577934101,-0.0423302961046641,1,0.014134807686247359,434.9018249511719,433.8297119140625,0
2024-12-30,421.7190551757813,424.4191384588072,418.8105181563676,422.9400590771193,13158700.0,437.07975616455076,424.94474670410165,40.58427588559005,1.3744040166581613,4.012819707924366,-2.6384156912662045,452.28178815227426,421.87772417682726,30.404063975447002,-0.01323950500917559,-0.033004824797818966,-0.05017101388092038,1,0.014422262655776848,427.3773193359375,433.4029235839844,0
2024-12-31,418.4134521484375,423.6051649635355,417.5796069111211,422.979773462022,13246500.0,436.6092269897461,425.02764221191416,38.15388274779618,0.1041457022627128,3.2310849067920353,-3.1269392045293225,453.4249545801256,419.7934993993666,33.63145518075896,-0.007838400913532273,-0.037912861838612866,-0.06663123961789708,1,0.013471017726158583,421.7190551757813,432.0627746582031,0
2025-01-02,415.5148315429688,422.9500047735069,411.81216477472935,422.4139505741353,16896500.0,435.9828475952148,425.0402807617188,36.11171148033607,-1.123486765603218,2.3601705723129847,-3.4836573379162026,454.8379783378654,417.1277168525642,37.7102614853012,-0.006927646782351471,-0.027756474797026476,-0.07895088426692354,1,0.012661504293691436,418.4134521484375,436.1128845214844,1
2025-01-03,420.2499084472656,420.9249216883709,416.4678106508815,417.99651176266025,16662900.0,435.2844985961914,424.9746447753907,41.60982315302553,-1.6947768746641714,1.5491810829175536,-3.243957957581725,455.3455689194586,415.2234282729242,40.122140646534376,0.01139568685602299,-0.0034837096177769977,-0.03209951359495866,1,0.008925254540648875,415.5148315429688,434.9018249511719,1
2025-01-06,424.7169189453125,431.1395412307604,422.3642789786701,424.8658144569793,20573600.0,434.55140380859376,425.05600769042974,46.30449114630448,-1.7667124260824494,0.886002381117553,-2.6527148072000024,455.02770459054875,414.07510302663877,40.95260156390998,0.010629414565612949,0.015065162853891145,-0.021005460710711188,1,0.00994383028984025,420.2499084472656,427.3773193359375,0
2025-01-07,419.277099609375,427.4964663093925,417.7185890028598,425.8585548495616,18139100.0,433.49916687011716,425.02599792480476,41.88772823140205,-2.2368844156605974,0.261425021761923,-2.4983094374225203,454.8264117494332,412.17192199080114,42.65448975863205,-0.012808106042599077,0.009054473585059286,-0.032592821150806306,1,0.010487659520428988,424.7169189453125,421.7190551757813,1
2025-01-08,421.4510498046875,423.84340560662326,418.4531754229048,420.3590987735397,15054600.0,432.4340255737305,424.97170471191413,44.17926241228359,-2.4063406948702664,-0.2721281215645149,-2.1342125733057515,453.9332062082684,410.93484493919254,42.99836126907587,0.0051849962646133285,0.002858159712300301,-0.024560608957599706,1,0.010823500581170915,419.277099609375,418.4134521484375,0
2025-01-10,415.8821411132813,421.5999414060332,411.98089654314987,421.5205405563737,20201100.0,431.2239532470703,424.83694274902354,39.844799221894306,-2.9559263283818495,-0.8088877629279819,-2.1470385654538675,453.5722749664058,408.8756315277348,44.696643438671,-0.013213654809940523,-0.02080156791015142,-0.04638877714058098,1,0.010436218581713907,421.4510498046875,415.5148315429688,0
2025-01-13,414.135009765625,415.4354144937977,409.2708974707551,412.1992770786573,17604800.0,429.6455963134766,424.56103576660166,38.56640112784307,-3.4921998942979258,-1.3455501892019708,-2.146649705095955,452.13927124443427,407.1519213825189,44.98734986191539,-0.004201025182229201,-0.01226418005786789,-0.0477505818419558,1,0.010416918003355681,415.8821411132813,420.2499084472656,0
2025-01-14,412.6261596679688,416.6663329915462,407.7123952362894,414.7504731982745,16935900.0,427.96350555419923,424.2434600830079,37.44892301226113,-3.992924207073088,-1.8750249927761944,-2.1178992142968935,450.2641612775233,405.66284983087513,44.6013114466482,-0.003643377309515805,-0.020939300402284866,-0.03451554165506299,1,0.0094509018780899,414.135009765625,424.7169189453125,1
2025-01-15,423.188232421875,425.01475491103537,415.20709891745935,416.06081709812753,19637800.0,426.9231811523438,424.65585327148443,48.66267381857773,-3.497167660279672,-2.1994535262768897,-1.2977141340027822,448.04546376286714,405.8008985418204,42.24456522104674,0.025597196170027647,0.01756769667732283,0.003483781982489109,1,0.012482020504020912,412.6261596679688,419.277099609375,0
2025-01-16,421.4708557128906,426.34490420898106,421.2822749228641,425.56071106349873,15300000.0,425.582568359375,424.95424743652353,47.181556465282135,-3.2058993606849526,-2.4007426931585023,-0.8051566675264503,444.3883679187368,406.7767688000132,37.611599118723575,-0.004058186351628801,0.017713658044552272,0.007307134961254791,1,0.012259464943750128,423.188232421875,421.4510498046875,1
2025-01-17,425.8883056640625,431.29840862027794,425.0346177976779,430.91124996405387,26197500.0,424.320378112793,425.37883483886725,51.288474063639796,-2.5887740659155156,-2.438348967709905,-0.15042509820561056,439.04275813625844,409.5979980893275,29.444760046930924,0.010481033009269503,0.03214082695766418,0.024965352217568126,0,0.012276923389544985,421.4708557128906,415.8821411132813,0
2025-01-21,425.3621826171875,427.74460185190514,422.4834247796493,427.04974598441896,26085700.0,423.87913208007814,425.73345703125005,50.782019221488085,-2.117739573001643,-2.3742270887682526,0.2564875157666098,437.90469087691156,409.8535732832447,28.051117593666845,-0.0012353545281189593,0.005137076196261692,0.012164843030687766,0,0.011908402362845611,425.8883056640625,414.135009765625,1
2025-01-22,442.9325866699219,443.9947282693763,432.8072669314077,434.3558409675422,27803800.0,424.3342758178711,426.2667114257813,63.68052970693181,-0.32293399659170063,-1.9639684703329423,1.6410344737412417,440.1042376069869,408.56431402875535,31.539923578231537,0.04130692565245542,0.05092103206218157,0.042888961828607686,0,0.017311955246061835,425.3621826171875,412.6261596679688,1
2025-01-23,443.4388427734375,443.4785583455101,438.2670028193458,438.76334144088526,18389300.0,424.83607177734376,426.7060681152345,63.97349161047898,1.1273179703528626,-1.3457111821957815,2.4730291525486443,442.27835715917314,407.3937863955144,34.88457076365876,0.0011429642314686461,0.04120924870667553,0.057627147265073786,0,0.016309524353179734,442.9325866699219,423.188232421875,0
2025-01-24,440.8082580566406,443.3792885037775,438.1677329312852,441.9002090925553,15549500.0,425.2733459472656,427.1500744628907,61.2105930871163,2.04086112407947,-0.6683967209407312,2.709257845020201,443.8218117745227,406.72488012000855,37.09693165451415,-0.005932237916606908,0.036312761384700076,0.04592990873061953,0,0.016724876735354288,443.4388427734375,421.4708557128906,0
2025-01-27,431.3778076171875,432.01313557520695,420.39880005578783,420.90507512895306,35647800.0,425.0365921020508,427.495228881836,52.46309916247614,1.9810557408139857,-0.13850622858978784,2.1195619694037737,443.1411535760976,406.932030628004,36.209122948093636,-0.021393543036213658,-0.026086992469003256,0.037259754560331926,0,0.017856029428408304,440.8082580566406,425.8883056640625,1
2025-01-28,443.92529296875,445.0966448918235,428.2211310848717,431.4175531471292,23491700.0,425.4877655029297,427.99186767578135,60.542753491119406,2.912562539909345,0.4717075251100388,2.440855014799306,444.95191091622104,406.0236200896383,38.928290826582725,0.029086997824184335,0.001096995004474799,0.07193374745106551,0,0.01924611930652712,431.3778076171875,425.3621826171875,0
2025-01-29,439.0909118652344,443.60761150041753,437.1750520555274,443.41900040059096,23581400.0,426.07344512939454,428.34882202148447,56.55436961528174,3.223535328208925,1.0220730857298161,2.201462242479109,446.4149276128228,405.7319626459663,40.6829649668565,-0.010890078083151566,-0.003895902946504215,0.06413735914989283,0,0.019824788172196687,443.92529296875,442.9325866699219,0
2025-01-30,411.9510803222656,419.7634446369454,410.1344944692085,415.7033987332922,54586300.0,425.5850463867188,428.12949462890634,40.44574211804963,1.265438724979333,1.0707462135797194,0.19469251139961363,446.7727284560658,404.39736431737174,42.37536413869407,-0.061809139769439136,-0.04503413701838255,-0.026553555223641223,0,0.028005982996377812,439.0909118652344,443.4388427734375,1
2025-01-31,412.02056884765625,417.6093459595821,411.8716733363647,415.91187654265417,34161900.0,425.26540222167966,428.14714416503915,40.49247847608608,-0.27756025529731687,0.8010849198043123,-1.078645175101629,447.0603979615414,403.4704064818179,43.589991479723494,0.0001686814981436413,-0.07186957946849781,-0.022422159770098093,0,0.028008900203687036,411.9510803222656,440.8082580566406,0
2025-02-03,407.9109497070313,412.3680608742421,405.6674894234756,408.5859629677824,25679100.0,424.8852081298828,428.06754272460944,38.564919639026485,-1.8111323763582732,0.2786414605717953,-2.0897738369300685,447.593451739096,402.1769645206696,45.41648721842637,-0.009974305778274073,-0.07101026533606059,-0.04221143365042668,0,0.02774936844465126,412.02056884765625,431.3778076171875,1
2025-02-04,409.3502807617188,410.8889485554991,406.7395349510832,409.66794472749183,20532100.0,424.3402267456055,427.9765051269532,39.648509878983944,-2.8771908785095093,-0.35252500724446567,-2.524665871265044,447.97168675161925,400.70876673959174,47.26292001202751,0.0035285423343531797,-0.006313369923710899,-0.037642984049381045,0,0.027841943941614627,407.9109497070313,443.92529296875,1
2025-02-05,410.2635803222656,410.7996042139957,407.39472859021873,409.3304613037809,16316700.0,423.6175598144531,427.94930603027353,40.36724810210808,-3.606777593273762,-1.003375524450325,-2.6034020688234367,448.02982983477654,399.20528979412967,48.824540040646866,0.0022310954785407233,-0.004264322362120376,-0.0737561591330862,0,0.0232161161838734,409.3502807617188,439.0909118652344,1
2025-02-06,412.7750854492188,415.1376622891217,410.9684054782215,410.9684054782215,16309800.0,423.29245910644534,428.00787475585946,42.398763209434705,-3.9369402503460265,-1.5900884696294653,-2.346851780716561,448.0972992949563,398.48761891793436,49.60968037702196,0.006121686758011391,0.011924503977353451,-0.0691499128322538,0,0.02347128070839819,410.2635803222656,411.9510803222656,0
2025-02-07,406.7494812011719,415.58430218979566,405.1115698860282,413.4302096384315,22886800.0,422.55738067626953,427.8639367675782,38.968698415030296,-4.631424263561996,-2.1983556284159715,-2.4330686351460247,448.3871038945908,396.7276574579483,51.6594464366425,-0.014597790565506918,-0.006353481804647565,-0.07726438022196136,0,0.023591801887813145,412.7750854492188,412.02056884765625,1
2025-02-10,409.2013854980469,412.4176498447071,407.91091729068654,410.6804647918203,20817900.0,422.2233428955078,427.73349853515634,41.05828093913058,-4.927162401076657,-2.7441169829481087,-2.1830454181285486,448.55759878730515,395.8890870037105,52.66851178359468,0.006028045296171625,-0.0025890546350333388,-0.05140835186130022,0,0.02342317161919594,406.7494812011719,407.9109497070313,0
2025-02-11,408.4271240234375,409.4694230026259,406.3027801992032,406.64031711794166,18140600.0,421.9379486083984,427.4049224853516,40.58572952065402,-5.1644805193139405,-3.228189690221275,-1.9362908290926653,448.7362720307214,395.1396251860754,53.59664684464599,-0.0018921281844317406,-0.010533488039980554,-0.07996428567500291,0,0.020245469014744492,409.2013854980469,409.3502807617188,0
2025-02-12,406.044677734375,407.7421472112012,401.4088620252343,404.2280615502093,19121700.0,421.60887451171874,427.12796569824224,39.094699658025036,-5.481611734504099,-3.67887409907784,-1.8027376354262592,449.011325284666,394.2064237387715,54.804901545894495,-0.00583322249901741,-0.0017327704136598232,-0.07526057414962373,0,0.020231422392842854,408.4271240234375,410.2635803222656,1
2025-02-13,407.5337219238281,407.99034497113007,403.3843080439108,404.01963601763975,23891700.0,420.8261489868164,426.8714581298829,40.56439997382916,-5.548823700129731,-4.052864019288219,-1.495959680841512,448.889769230243,392.7625287433898,56.127240486853225,0.0036671929743337106,-0.0040754103806099895,-0.010723016905264227,0,0.007021961861351488,406.044677734375,412.7750854492188,0
2025-02-14,405.4391479492188,405.91564391864586,402.9078331667541,404.8038502840872,22758500.0,420.0245635986328,426.42376037597654,39.133862581481566,-5.705336711627126,-4.383358557756,-1.3219781538711262,448.8735749415323,391.17555225573335,57.698022685798946,-0.0051396335123423675,-0.007315812046917891,-0.015973525100565822,0,0.007119130803879075,407.5337219238281,406.7494812011719,1
2025-02-18,406.6402893066406,407.5932509047889,403.52326846051176,405.01228421128855,21423100.0,419.0621627807617,425.9957177734375,40.431209255811495,-5.667125239568634,-4.640111894118527,-1.027013345450107,448.34546279268767,389.7788627688357,58.56660002385195,0.002962568768944518,0.0014668621580979924,-0.003115043617493707,0,0.006580519076240091,405.4391479492188,409.2013854980469,1
2025-02-19,411.7327270507813,412.447455873821,404.6648699641124,404.89319663470326,24114200.0,418.3806900024414,425.54603454589846,45.71423308229909,-5.166370502787174,-4.7453636158522565,-0.4210068869349177,447.6801800088256,389.0811999960572,58.59898001276838,0.012523200179755278,0.010303454416314528,0.005820067558349296,0,0.0076831566179035036,406.6402893066406,408.4271240234375,1
2025-02-20,413.91107177734375,417.07410775463984,410.3402184035009,413.0755545581438,23508700.0,416.9296142578125,425.0366796875,47.84504408999404,-4.541394186633909,-4.704569730008587,0.16317554337467843,444.01233943068047,389.8468890849445,54.16545034573596,0.005290676653677329,0.020895672928915143,0.008890605040332789,0,0.007814804161939179,411.7327270507813,406.044677734375,0
2025-02-21,406.03326416015625,415.8207899827264,405.71499358869687,415.1145844657973,27524800.0,415.05933532714846,424.350908203125,41.50081287051583,-4.62841569544463,-4.6893389230957965,0.0609232276511662,439.60888683968244,390.5097838146145,49.09910302506796,-0.019032609065903983,-0.0014927816117763504,-0.01633291719078811,0,0.00975856613994003,413.91107177734375,407.5337219238281,0
2025-02-24,401.845703125,407.1870631835248,397.1906661264377,406.3316636333371,26443700.0,413.11120758056643,423.5327447509766,38.57285833676139,-4.977899915175499,-4.747051121511737,-0.2308487936637622,435.2430462625965,390.97936889853634,44.263677364060186,-0.010313344754691145,-0.02401320875462465,-0.012056015564397393,0,0.009202843738281228,406.03326416015625,405.4391479492188,0
2025-02-25,395.77825927734375,399.77684273234365,394.5846762878954,398.9612079589026,29387400.0,411.3312301635742,422.6466381835937,34.74759153003312,-5.6789967485078705,-4.933440246910964,-0.7455565015969068,433.02218424642285,389.6402760807256,43.38190816569727,-0.015098939220880236,-0.043808474178130274,-0.03280322769280353,0,0.009773170051838934,401.845703125,406.6402893066406,1
2025-02-26,397.5985107421875,401.4478696916858,392.1477210913464,395.8876811696496,19619000.0,409.01489105224607,421.6845654296875,36.77336231548249,-6.018365982572618,-5.150425394043295,-0.867940588529323,425.57625307417305,392.4535290303191,33.122724043853964,0.004599169919457857,-0.02077355271720238,-0.026512963131774314,0,0.01008663089921876,395.77825927734375,411.7327270507813,0
2025-02-27,390.4368896484375,403.5764407452776,390.0788238664077,399.1302751559888,21127400.0,406.5821899414062,420.56794372558596,32.498503688581735,-6.786965600984445,-5.477733435431525,-1.3092321655529195,418.3602031391368,394.80417674367567,23.556026395461117,-0.018012192954097284,-0.0283910301586916,-0.03843859787308368,0,0.011190258957746661,397.5985107421875,413.91107177734375,1
2025-02-28,394.87310791015625,395.5097097881717,384.50868780557136,390.5662102627109,32845700.0,405.7282913208008,419.58551147460935,37.3564325125411,-6.95791409480546,-5.773769567306313,-1.1841445274991473,418.2766197787029,393.17996286289866,25.09665691580426,0.01136219035479269,-0.002287016393574093,-0.031066420599270672,0,0.012000283679981376,390.4368896484375,406.03326416015625,0
2025-03-03,386.41845703125,396.6933916892978,384.10089457458224,396.6933916892978,23007700.0,404.4481857299805,418.34821838378906,32.54871393783938,-7.687000715976183,-6.156415797040287,-1.5305849189358955,419.19814351147204,389.6982279484889,29.49991556298312,-0.021411057652550802,-0.02811895268437492,-0.0469137995533454,0,0.013338245819883283,394.87310791015625,401.845703125,1
2025-03-04,386.5377807617188,390.4866125450391,378.9683745181786,381.3555708063787,29342900.0,403.37952728271483,417.0563317871094,32.68039733254301,-8.161102577813551,-6.55735315319494,-1.603749424618611,419.9551571471093,386.8038974183204,33.15125972878889,0.00030879407620831856,-0.009986527887335561,-0.04943560457129925,0,0.013194185767037604,386.41845703125,395.77825927734375,1
2025-03-05,398.8816223144531,399.52818059067016,386.73673843465946,387.2639110911412,23433100.0,402.85609436035156,416.35022216796875,44.70645798015869,-7.454851974444523,-6.736852917444857,-0.7179990569996662,419.30516204529476,386.40702667540836,32.898135369886404,0.0319343726980823,0.010151398826604652,-0.031212249821334193,0,0.01694876821700246,386.5377807617188,397.5985107421875,0
2025-03-06,394.7736511230469,400.00558222724027,390.5860785359009,392.1775528184261,23304600.0,402.08159790039065,415.56910095214846,42.01639547000448,-7.144267557165676,-6.818335845389021,-0.32593171177665514,418.52128940356465,385.64190639721664,32.87938300634801,-0.010298722632470114,0.021622140298337644,-0.04623558527226712,0,0.01681407152224777,398.8816223144531,390.4368896484375,0
2025-03-07,391.2127380371094,392.6947831487431,383.4841811851977,390.2280267594304,22034100.0,401.0034805297852,414.7252972412109,39.78181806133484,-7.103577475757959,-6.87538417146281,-0.22819330429514917,417.32433823440545,384.6826228251649,32.64171540924053,-0.009020138694179503,0.012094438132743468,-0.03650076836365079,0,0.01614364016593539,394.7736511230469,394.87310791015625,0
2025-03-10,378.13287353515625,384.3395902213564,375.20854809150063,383.7825787420743,32840100.0,399.57265014648436,413.64669921875,32.86723054743683,-8.034153326938906,-7.107138002558029,-0.9270153243808767,418.4456711550243,380.69962913794444,37.746042017079844,-0.03343414779278586,-0.052017309443601945,-0.05900978760115683,0,0.01867064272570986,391.2127380371094,386.41845703125,1
2025-03-11,378.42132568359375,383.9417190881288,374.900193646485,376.9790454259089,30380200.0,398.03364715576174,412.4928680419922,33.143213568813806,-8.648669240359936,-7.415444250118411,-1.233224990241525,418.4701340745005,377.597160237023,40.8729738374775,0.0007628327728841366,-0.04142202852934651,-0.04385519716379127,0,0.018475730540719586,378.13287353515625,386.5377807617188,1
2025-03-12,381.2262573242188,383.1658713736677,376.9293161680348,380.9079867475423,24253600.0,396.6736038208008,411.41935668945314,35.90265407531989,-8.807812013271132,-7.693917802748956,-1.1138942105221759,417.7720379901413,375.57516965146027,42.19686833868104,0.007412192311197385,-0.02552698248783325,-0.041177853979903034,0,0.018647251847339143,378.42132568359375,398.8816223144531,0
2025-03-13,376.7502746582031,383.2653663209318,375.4373363609022,381.11688044146297,20473000.0,395.20888366699216,410.4068157958984,33.524762515948,-9.189181042176983,-7.992970450634562,-1.196210591542421,417.5334599811713,372.88430735281304,44.64915262835825,-0.011741013584510296,-0.003656383704561894,-0.03505461536321086,0,0.01822582266933187,381.2262573242188,394.7736511230469,1
2025-03-14,386.4880676269531,388.1491759928466,377.4863373507309,377.7548866940246,19952800.0,394.15660095214844,409.7021960449219,42.45441084655038,-8.60645043150862,-8.115666446809374,-0.4907839846992452,416.0378191730148,372.2753827312821,43.76243644173269,0.025846810536725773,0.02131682702814741,-0.02123477166520782,0,0.020017936371421744,376.7502746582031,391.2127380371094,1
2025-03-17,386.6273193359375,390.61591588488574,383.5140048019888,384.6379840789578,22474300.0,393.21600952148435,409.06647338867185,42.57321009107089,-8.040707504125692,-8.100674658272638,0.0599671541469462,414.68989377316177,371.74212526980693,42.94776850335484,0.0003603001506342629,0.014167602330511286,0.0005405080965648068,0,0.01881570102744242,386.4880676269531,378.13287353515625,0
2025-03-18,381.4749450683594,385.3044217812384,379.0678662350177,385.0060336134189,19486900.0,391.95774230957034,408.3856756591797,39.33729110668889,-7.916845237588291,-8.063908774135768,0.14706353654747772,413.08410074391907,370.8313838752216,42.25271686869746,-0.013326461969701775,0.012540589159337978,-0.013097906454014652,0,0.019295925792656,386.6273193359375,378.42132568359375,1
2025-03-19,385.75201416015625,387.6020814133235,381.9523764633006,383.4742167490776,19185500.0,390.65870666503906,407.6957177734375,43.19701257687633,-7.388390995940199,-7.928805218496654,0.5404142225564552,409.86977780496727,371.44763552511085,38.422142279856416,0.011211926620843915,-0.0019044662137081003,-0.032916051830400694,0,0.016214800599168598,381.4749450683594,381.2262573242188,0
2025-03-20,384.7772521972656,389.700869489674,381.2362375881449,383.6831116484138,18470500.0,389.20201568603517,406.89692443847656,42.53281801560447,-6.967920496008446,-7.736628273999013,0.7687077779905671,405.30671265860326,373.0973187134671,32.209393945136185,-0.002526913475780157,-0.004785143330920061,-0.025321849361890303,0,0.016023076584478747,385.75201416015625,376.7502746582031,1
2025-03-21,389.1736755371094,389.6510965833373,380.7587653391681,381.1765391094654,39675900.0,388.3590362548828,406.29485595703125,46.52643452659148,-6.20837370688912,-7.430977360577034,1.2226036536879148,402.4962489535071,374.2218235562585,28.274425397248592,0.011425892031657447,0.020181483917300014,-0.0052121577386025075,0,0.016391172735376033,384.7772521972656,386.4880676269531,1
2025-03-24,390.9839782714844,393.2916146921325,387.7314257194749,393.2916146921325,21004500.0,387.81595001220705,405.6855145263672,48.125037583335164,-5.398124879544753,-7.024406864370579,1.6262819848258259,400.60973911798834,375.02216090642577,25.587578211562573,0.0046516577255040215,0.013563024739401408,0.033985685021731715,0,0.011582130553694048,389.1736755371094,386.6273193359375,1
2025-03-25,393.0528564453125,394.2464393645113,390.5463049956332,391.8194783223531,15775000.0,387.67967987060547,405.2289288330078,49.965959900380845,-4.536758737365062,-6.526877238969476,1.9901185016044138,400.18616320959103,375.1731965316199,25.01296667797112,0.005291465351021651,0.021507519482477644,0.038664657007075,0,0.011555729359768657,390.9839782714844,381.4749450683594,0
2025-03-26,387.8905334472656,393.2020549018058,386.4980048485776,392.89371036762657,16108400.0,387.19428100585935,404.70403930664065,45.61595836093684,-4.222007511998811,-6.065903293575343,1.8438957815765322,398.84768943219893,375.54087257951977,23.306816852679162,-0.013133915485906478,-0.003297093741175705,0.017481157173754536,0,0.01263064540644498,393.0528564453125,385.75201416015625,1
2025-03-27,388.497314453125,390.1484665522675,385.3342783094565,388.0497321808232,13766800.0,387.09730224609376,404.2214624023438,46.20874490926651,-3.8788893205806403,-5.628500498976402,1.749611178395762,398.67318171604563,375.5214227761419,23.151758939903743,0.001564309911012307,-0.006360014620938603,0.031179910367893138,0,0.011712449098722148,387.8905334472656,384.7772521972656,0
2025-03-28,376.7801208496094,387.0550554138024,374.9200970667492,386.0106360930753,21632000.0,386.1926528930664,403.2933001708984,37.669923824049214,-4.5005655626778776,-5.402913511716697,0.9023479490388198,398.0215851924609,374.36372059367187,23.657864598789047,-0.030160294981728564,-0.04140088369505901,-0.02511836092884001,0,0.012969505855717524,388.497314453125,389.1736755371094,0
2025-03-31,373.3883056640625,375.0593400396717,365.281739990126,370.5534967757106,35184700.0,385.54114532470703,402.3316491699219,35.618110365357225,-5.20691749863613,-5.363714309100584,0.1567968104644537,398.6180660244572,372.46422462495684,26.15384139950038,-0.009002107589696107,-0.037387423854660096,-0.034242312971090705,0,0.013080407919482855,376.7801208496094,390.9839782714844,1
2025-04-01,380.1520385742188,380.80852287787553,371.2398247656492,372.65223585591366,19689500.0,385.2218582153321,401.416923828125,42.36033937750619,-5.16143200265202,-5.323257847810872,0.16182584515885168,398.49619118650133,371.9475252441628,26.548665942338516,0.01811447441592251,-0.02148091008210329,-0.0034678725595032045,0,0.014163279153432767,373.3883056640625,393.0528564453125,0
2025-04-02,380.1023254394531,383.0266205201498,374.6117403662579,375.95454781806535,16092600.0,384.2828933715821,400.5117266845703,42.32525540585861,-5.070941200279378,-5.272794518304574,0.20185331802519535,396.1406076554652,372.42517908769895,23.715428567766253,-0.00013077171689557243,0.008817356346594085,-0.01464590854568415,0,0.013585183905320182,380.1520385742188,387.8905334472656,0
2025-04-03,371.1204528808594,375.4671762502354,367.3805229509676,372.7915176951189,30198000.0,383.1002334594727,399.0754840087891,36.45115882546612,-5.658757998533076,-5.349987214350275,-0.30877078418280135,395.25134116460555,370.94912575433983,24.302215410265717,-0.02363014366778582,-0.00607371133161172,-0.03549274089988241,0,0.01531080082535879,380.1023254394531,388.497314453125,0
2025-04-04,357.92120361328125,372.5925514540549,357.5631378295283,362.1883363320907,49209900.0,381.4356567382813,397.3651312255859,29.88685421679355,-7.107742519951387,-5.701538275470497,-1.4062042444808895,397.25337839828813,365.61793507827446,31.635443320013678,-0.03556594406241331,-0.05847879980945392,-0.08030469142265528,0,0.017302267618523465,371.1204528808594,376.7801208496094,0
2025-04-07,355.9517822265625,369.021730877009,342.9514979578054,349.00902084094025,50425000.0,380.3266021728516,395.6680017089844,29.046344059564717,-8.31909172832269,-6.225048966040936,-2.0940427622817532,399.63940122025747,361.01380312544575,38.62559809481172,-0.005502388142521575,-0.06353695201672105,-0.08960008080074533,0,0.01675349098627727,357.92120361328125,373.3883056640625,0
2025-04-08,352.6694030761719,371.6576072152968,348.38238740402795,366.2963637047226,35868900.0,379.03900604248054,394.09383361816407,27.650611284901785,-9.43519224570099,-6.867077621972948,-2.5681146237280412,401.8120319402452,356.26598014471585,45.546051795529365,-0.009221415130607258,-0.04971714617574807,-0.10274306039742365,0,0.015967327217467298,355.9517822265625,380.1520385742188,1
2025-04-09,388.4077453613281,391.1331552543464,351.21713920354574,351.6547953803853,50199700.0,379.39808044433596,392.9834826660156,53.72397981818984,-7.351184522942731,-6.9638990021669045,-0.38728552077582634,402.5215060661378,356.2746548225341,46.246851243603714,0.10133666820378306,0.08517668537175105,0.0013333965886352939,0,0.038762729983007144,352.6694030761719,380.1023254394531,0
2025-04-10,379.3165283203125,381.8529187789652,365.838762955237,380.02273387837465,38024400.0,379.5263931274414,391.7879949951172,48.89658205405638,-6.359866048008655,-6.843092411335254,0.4832263633265992,402.61808234590245,356.43470390898034,46.18337843692211,-0.023406374228089222,0.06564019976974977,-0.02363153049265221,0,0.03950382132492646,388.4077453613281,371.1204528808594,1
2025-04-11,386.378662109375,387.9701060709541,376.8696417711553,378.61031016462425,23839200.0,379.5209228515625,391.2765466308594,52.46944526093785,-4.9473538232432475,-6.4639446937168525,1.516590870473605,402.60606367718975,356.4357820259352,46.17028165125453,0.018618049206384546,0.09558316865362548,0.025475179630288558,0,0.038602692751788986,379.3165283203125,357.92120361328125,0
2025-04-14,385.7420654296875,392.5455886279536,382.1612557582716,391.1232211496066,19251200.0,379.47666015625,390.7509765625,52.11573438440909,-3.835087241840938,-5.9381732033416705,2.1030859615007325,402.5104665935521,356.44285371894784,46.067612874604265,-0.0016475979191296064,-0.006863096741700603,0.03308555618434306,0,0.03841481697080634,386.378662109375,355.9517822265625,0
2025-04-15,383.6731567382813,389.80031299588615,382.11152127039287,386.4383315419063,17199900.0,379.5865707397461,390.266220703125,50.914453228713,-3.084989761802092,-5.3675365150337555,2.2825467532316637,402.6783746069248,356.49476687256737,46.18360773435745,-0.0053634510643830735,0.011485469502899859,0.00926239453369404,0,0.03816594756892247,385.7420654296875,352.6694030761719,0
2025-04-16,369.6284484863281,379.5751254610235,366.0377126687907,378.6401657518634,21967800.0,378.7803924560547,389.4717840576172,43.57202618685291,-3.58252555951384,-5.0105343239297735,1.4280087644159334,402.07979187725465,355.48099303485475,46.5987988423999,-0.03660591835861382,-0.04335180812419004,-0.027555414034933112,0,0.04004117872157429,383.6731567382813,388.4077453613281,0
2025-04-17,365.81884765625,372.32398224080106,364.9336092793292,371.757014425277,21120200.0,377.8324722290039,388.58288940429685,41.8107091995571,-4.235406087647334,-4.855508676673286,0.6201025890259517,401.61640936585155,354.0485350921562,47.56787427369534,-0.010306568246245318,-0.05164906697755289,-0.014285402982926798,0,0.039462615567315416,369.6284484863281,379.3165283203125,0
2025-04-21,357.2050476074219,362.5364820854384,353.7734623702264,360.88533011613976,20807300.0,376.23404083251955,387.47148864746094,38.06404553133474,-5.385796179537124,-4.961566177246054,-0.4242300022910701,401.0297921786898,351.43828948634933,49.59150269234044,-0.023546627255581654,-0.06898608533334105,-0.002000876166680432,0,0.03845512333291639,365.81884765625,386.378662109375,1
2025-04-22,364.864013671875,365.80892977570767,357.94110461161955,361.44235434917846,19485000.0,374.92804260253905,386.633779296875,42.95854008264201,-5.614750711579404,-5.092203084112724,-0.5225476274666798,399.2251644886871,350.630920716391,48.59424377229607,0.021441371323706937,-0.012889794695089218,0.02503774918491586,0,0.03893379487290374,357.2050476074219,385.7420654296875,1
2025-04-23,372.3936462402344,378.3616523034824,371.0309260243866,374.05472426245655,20545500.0,373.8950820922852,385.89762451171873,47.362548974213695,-5.129490829958968,-5.099660633281973,-0.029830196676995158,396.7350680796839,351.05509610488645,45.67997197479747,0.02063681888653135,0.017972826239293527,0.05592842189318681,0,0.03902613713164332,364.864013671875,383.6731567382813,1
2025-04-24,385.2347412109375,386.3786332106823,373.18933139938025,373.696621578229,22232300.0,373.7622924804688,385.43377685546875,53.8995120832695,-3.666484875699325,-4.813025481765443,1.146540606066118,396.3041972278513,351.2203877330862,45.08380949476509,0.03448258341770738,0.07846947794063941,-0.008169260753126406,0,0.02356562096309745,372.3936462402344,369.6284484863281,1
2025-04-25,389.7605285644531,390.068873110604,382.54918803088736,384.93638434344297,18973200.0,373.82545318603513,385.1080938720703,55.97471299485499,-2.1174403662331542,-4.273908458658985,2.156468092425831,396.53857823729135,351.1123281347789,45.42625010251243,0.011748128788409362,0.06823505185405243,0.02753373360867961,0,0.022372311141102656,385.2347412109375,365.81884765625,0
2025-04-28,389.0741882324219,390.6457497092271,384.5783015368256,389.86991018310994,16579400.0,374.4401565551758,384.7389031982422,55.56620979642443,-0.9344219267138669,-3.6060111522699616,2.6715892255560947,398.08615792048954,350.79415518986207,47.29200273062747,-0.0017609282667979675,0.04479276744004035,0.006976384535137381,0,0.021704278735780277,389.7605285644531,357.2050476074219,1
2025-04-29,391.9388427734375,392.99318803647833,388.2983555925269,389.2134328165618,14974000.0,375.36768341064453,384.4688970947266,56.97750101118164,0.2316125055456837,-2.8384864207068325,3.0700989262525162,400.2013638086759,350.53400301261314,49.66736079606278,0.007362746303037682,0.017402640118662438,0.016064562045747577,0,0.02177332573472541,389.0741882324219,364.864013671875,1
2025-04-30,393.15234375,394.54487238441686,382.39003252749313,388.21877036685504,36461100.0,376.01769866943357,384.19913818359373,57.59197552829186,1.239336283873115,-2.022921879790843,3.262258163663958,401.97347684262536,350.0619204962418,51.91155634638358,0.0030961487970304624,0.008702305484958872,0.024706411812345896,0,0.021627551249445973,391.9388427734375,372.3936462402344,1
2025-05-01,423.1316223144531,434.65981700987567,422.6342884776108,428.8111662318345,58938100.0,378.1691635131836,384.4271160888672,69.26936000665894,4.406249371363799,-0.7370876295599147,5.143337000923713,411.2719540565207,345.0663729698465,66.20558108667421,0.07625359238228668,0.08753455025314172,0.14474852800758908,0,0.02751043356899564,393.15234375,385.2347412109375,1
2025-05-02,432.95892333984375,437.0967443095362,427.69712309519423,429.43779144193553,30757400.0,381.26108703613284,384.8080731201172,71.9919267573967,7.621179657077221,0.9345658277675125,6.686613829309708,421.85667139608455,340.6655026761811,81.19116871990343,0.023225163299393836,0.10465939092981946,0.18353367004939947,0,0.026240865820179787,423.1316223144531,389.7605285644531,1
2025-05-05,433.8442077636719,437.1564377240829,429.80582912695047,430.5617862640975,20136100.0,385.05723724365237,385.3642919921875,72.2306016027042,10.123769610952138,2.772406584404438,7.3513630265477,430.1616198398557,339.95285464744904,90.20876519240664,0.002044730749510837,0.10350151705962429,0.21455228773944568,0,0.022843292472097477,432.95892333984375,389.0741882324219,0
2025-05-06,430.99945068359375,435.3958951923776,428.8708776295015,429.8953841273505,15104200.0,388.8096206665039,385.9473669433594,70.16155779216311,11.742185453201728,4.566362358163897,7.175823095037831,436.0409206356789,341.57832069732893,94.46259993834997,-0.006557093604503628,0.018594281198141216,0.18126050948722727,1,0.024296604260445963,433.8442077636719,391.9388427734375,1
2025-05-07,431.0392456054688,435.7837995157977,428.8111693588705,431.5266230555768,23295300.0,392.7281127929688,386.6525866699219,70.17442855775074,12.879535517641386,6.228996990059395,6.6505385275819915,440.3182646481514,345.13796093778615,95.18030371036525,9.23317229568621e-05,-0.004433856495130173,0.15748281410634402,1,0.024822806474687365,430.99945068359375,393.15234375,1
2025-05-08,435.8335266113281,441.3041985489404,433.3369011589759,435.5947857400273,23491300.0,395.0994018554687,387.4172869873047,71.75512475375825,14.006296183779227,7.784456828803362,6.221839354975865,446.18964291449237,344.0091607964451,102.18048211804728,0.011122609030936204,0.004585329968816554,0.1313453330853278,1,0.02386624977502401,431.0392456054688,423.1316223144531,1
2025-05-09,436.39056396484375,438.3898253685505,433.5557549942416,437.6537809958818,15324200.0,397.95310363769534,388.3363604736328,71.94119388911659,14.773905996745725,9.182346662391836,5.591559334353889,451.51438135102853,344.39182592436214,107.1225554266664,0.0012780966114440684,0.012508399425334105,0.11963765436211848,1,0.0241389321316365,435.8335266113281,432.95892333984375,1
2025-05-12,446.8644104003906,446.9738092745622,437.43494989219903,443.5621064267163,22821900.0,400.9773910522461,389.3761865234375,75.24358830757008,16.042466608637824,10.554370651641035,5.488095956996789,458.2826688138098,343.67211329068243,114.61055552312735,0.024001083663190093,0.03671397664194731,0.14853265499444168,1,0.023926474814165193,436.39056396484375,433.8442077636719,0
2025-05-13,446.74505615234375,448.2668964878236,442.9851831830833,445.392292323668,23618800.0,404.0275405883789,390.58271850585936,75.13506605784278,16.844011859038005,11.812298893120431,5.031712965917574,464.18727807896926,343.8678030977885,120.31947498118075,-0.00026709275849456926,0.02503600314059007,0.13983358472736862,1,0.024287376886658878,446.8644104003906,430.99945068359375,1
2025-05-14,450.5247497558594,451.47962216221697,445.75035736922496,445.75035736922496,19902800.0,407.3701202392578,391.8624578857422,76.30076656807533,17.581562620640057,12.966151638624357,4.6154109820157,470.01228306699176,344.72795741152385,125.28432565546791,0.008460515794105783,0.03238884375179629,0.14592919746738597,1,0.02409225538022688,446.74505615234375,431.0392456054688,1
2025-05-15,451.5412292480469,454.5904977674882,448.85068389062144,449.1894881249397,21992300.0,411.46575927734375,392.91565002441405,76.61823725730639,18.040142776592347,13.980949866217955,4.059192910374392,474.41235683501367,348.51916171967383,125.89319511533984,0.0022562123229374897,0.010465856619608305,0.06714129938622504,1,0.010185255846953354,450.5247497558594,435.8335266113281,1
2025-05-16,452.67718505859375,452.7668658429008,447.1566318207505,450.4649678139624,23849800.0,415.8086761474609,394.073720703125,76.989215349863,18.28446110843231,14.841652114660826,3.442808993771484,477.53208055130256,354.0852717436193,123.44680880768328,0.0025157299864699834,0.013278555239852663,0.04554303111861824,1,0.008364140198421683,451.5412292480469,436.39056396484375,1
2025-05-19,457.2610473632813,457.9785240250479,449.2193361148497,449.299072638698,21336500.0,420.8114761352539,395.3946868896484,78.473442614405,18.6331729071602,15.599956273160704,3.0332166339994977,478.8325876430473,362.79036462746046,116.04222301558684,0.010126117365720999,0.014952114420067497,0.05397522700675372,1,0.00849057649491469,452.67718505859375,446.8644104003906,0
2025-05-20,456.56353759765625,456.73292449884485,452.727030722745,453.9925667897047,15441800.0,425.39645233154295,396.96330017089844,77.6526589192205,18.638394501416713,16.207643918811907,2.430750582604805,479.3592137718334,371.43369089125247,107.92552288058096,-0.0015254082315717676,0.011122590860579873,0.05931350231077137,1,0.007833291171168773,457.2610473632813,446.74505615234375,0
2025-05-21,450.9831848144531,456.1749087494066,450.2258398312579,452.9761723192189,19216900.0,429.32592926025393,398.41453735351564,71.2333885803574,17.984925790548346,16.563100293159195,1.4218254973891504,478.51223987254167,380.1396186479662,98.37262122457548,-0.012222510830728561,-0.0037421816253482287,0.04626942769670461,1,0.009600116894898814,456.56353759765625,450.5247497558594,1
2025-05-22,453.26513671875,458.63625267798704,452.3085112248664,453.3548479183862,18025600.0,432.72744903564455,399.8553149414063,72.24384627090468,17.45002851040391,16.740485936608138,0.7095425737957726,478.5403551053004,386.9145429659887,91.62581213931173,0.005059948976225748,-0.008738795197126614,0.03999602839863026,1,0.009328230579287099,450.9831848144531,451.5412292480469,0
2025-05-23,448.6015319824219,452.0992346430256,447.3359959159527,448.402251486361,16883500.0,435.669499206543,401.29234008789064,67.05954800213433,16.46006327194658,16.684401403675828,-0.22433813172924744,477.44707425152944,393.8919241615565,83.55515008997293,-0.010288911188026995,-0.01743898704028979,0.02798174164591205,1,0.010359073161355188,453.26513671875,452.67718505859375,1
2025-05-27,459.07470703125,459.3338051370196,454.5207233060155,454.8794768686639,20974300.0,439.1695251464844,402.74407287597654,71.93098990861932,16.332337367968307,16.613988596534323,-0.281651228566016,476.2060098612487,402.1330404317201,74.0729694295286,0.02334627570830161,0.01794195989840719,0.027324388218607387,1,0.010211264699164843,448.6015319824219,457.2610473632813,0
2025-05-28,455.75634765625,460.8982588383752,455.3278626603832,459.60282918231184,17086300.0,442.360400390625,404.1266534423828,68.4756265219971,15.781431283735003,16.44747713397446,-0.6660458502394562,473.0173983754516,411.7034024057984,61.313995969653206,-0.007228364630365247,0.005496145049968426,0.020170993231614753,1,0.010666634652125652,459.07470703125,456.56353759765625,1
2025-05-29,457.0717468261719,460.1010963469304,453.71356774793736,459.9316790284528,13974800.0,445.5563705444336,405.6385894775391,69.10909806157159,15.274896464529036,16.212961000085375,-0.9380645355563395,466.95713687803647,424.15560421083075,42.80153266720572,0.002886189466556832,0.01888137743604923,0.014531936533698442,1,0.010437595518269017,455.75634765625,450.9831848144531,1
2025-05-30,458.7458190917969,460.0611980570071,453.942742633105,458.1080789456966,34770500.0,447.33708038330076,407.09846557617186,69.9370656450742,14.837510032328908,15.937870806534082,-1.1003607742051749,466.81854679385685,427.85561397274466,38.96293282111219,0.0036626028129052024,-0.0007164148545233395,0.0159555526208488,1,0.010458483104643305,457.0717468261719,453.26513671875,1
2025-06-02,460.3502197265625,460.4897130383124,455.2880448481698,455.5371682861151,16626500.0,448.7066452026367,408.6099249267578,70.74632274355648,14.453726296685204,15.641041904564307,-1.1873156078791034,467.7997534212674,429.61353698400603,38.18621643726135,0.0034973629578618493,0.010079666677023091,0.01695034545859775,1,0.010472284949527932,458.7458190917969,448.6015319824219,1
2025-06-03,461.3466796875,462.5125906723409,459.2440622117471,459.8519391693096,15743800.0,450.08176879882814,410.05338500976563,71.26371214198889,14.06781588761828,15.326396701175103,-1.2585808135568222,468.64944519786667,431.5140923997896,37.135352798077065,0.0021645693175282865,0.009352870508869904,0.008935010641684338,1,0.010057586352089852,460.3502197265625,459.07470703125,1
2025-06-04,462.2435302734375,464.0571561158632,461.3965045417047,462.3730793208357,14162700.0,451.6439727783203,411.4785760498047,71.74803026327716,13.676691073835912,14.996455575707266,-1.3197645018713544,468.7247045327888,434.5632410238518,34.161463508937004,0.0019439840480590664,0.007624508030536825,0.012440749661412287,1,0.010023056440140928,461.3466796875,455.75634765625,1
2025-06-05,466.0401611328125,468.00325491639626,462.4029652503908,463.3296970825432,20131700.0,453.3940185546875,412.9383221435547,73.76389925251196,13.517259666362918,14.700616393838397,-1.1833567274754788,468.7576069325588,438.03043017681614,30.727176755742676,0.008213486205267406,0.012360027566902687,0.03338700161194308,1,0.008994201513764453,462.2435302734375,457.0717468261719,1
2025-06-06,468.7307434082031,471.6803564462113,467.1363472974557,468.4417517005521,15285600.0,455.03887939453125,414.55512634277346,75.11882958195994,13.45293951818752,14.451081018708223,-0.9981415005207026,469.55047577476427,440.52728301429823,29.02319276046603,0.005773284149697799,0.01600545543257148,0.03412044173838469,1,0.009012294634957646,466.0401611328125,458.7458190917969,1
2025-06-09,471.0924072265625,471.77001565920176,466.9768832876908,468.05311353771793,16469900.0,456.7739715576172,416.2070281982422,76.27692702254166,13.43763122215637,14.248391059397852,-0.8107598372414824,470.2103203080375,443.33762280719685,26.872697500840673,0.005038423127929237,0.019143322455785317,0.050135529285312286,1,0.0076222555025004576,468.7307434082031,460.3502197265625,0
2025-06-10,469.2688598632813,471.1422426072514,465.3227226358238,469.5379022335538,15375900.0,457.8941940307617,418.05680297851563,73.43469677495409,13.127033978654765,14.024119643249236,-0.8970856645944707,471.57266033638285,444.21572772514054,27.356932611242314,-0.003870891008447508,0.006927940979637448,0.022205869057685623,1,0.004559436634069378,471.0924072265625,461.3466796875,1
2025-06-11,470.9628601074219,473.8028733097887,468.01324719222674,468.37197033665615,16399200.0,459.10508422851564,420.0082940673828,74.38939689823152,12.869226653749877,13.793141045349365,-0.9239143915994887,472.9084451130323,445.30172334399896,27.606721769033356,0.0036098714170680335,0.004762044586597236,0.033365443025362485,1,0.0031317068559177518,469.2688598632813,462.2435302734375,1
2025-06-12,477.1909484863281,478.7355320169793,471.8597009390277,473.3544415367432,18950600.0,460.4383941650391,421.949072265625,77.5796206187438,13.017410567269906,13.637994949733475,-0.6205843824635693,475.7392823555577,445.1375059745205,30.60177638103721,0.01322416034564955,0.012945530783799342,0.04401760073743466,1,0.004423000034963432,470.9628601074219,466.0401611328125,0
2025-06-13,473.2946472167969,477.4998519181197,471.1023792861798,474.7395752703882,16814500.0,461.52606506347655,423.8129187011719,71.57296428070738,12.674346460153231,13.445265251817428,-0.7709187916641973,477.2298801184133,445.8222500085398,31.40763010987348,-0.008165077904118911,0.008578850415705164,0.031714355792501925,1,0.005940973064606733,477.1909484863281,468.7307434082031,1
2025-06-16,477.46002197265625,479.00457509504827,473.3345233196989,473.5437784887318,15626100.0,462.7652069091797,425.9397100830078,73.89955149914914,12.593407650655706,13.274893731585085,-0.6814860809293783,479.36597732242035,446.16443649593907,33.20154082648128,0.00880080681316353,0.013795486683923386,0.03716692533840127,1,0.0062068947263860565,473.2946472167969,471.0924072265625,0
2025-06-17,476.3638610839844,477.06138843382047,472.4177241014044,473.7331030955977,15414100.0,463.72034759521483,428.3085632324219,72.22431510342274,12.299036402515355,13.079722265771139,-0.7806858632557834,481.1232763143843,446.31741887604534,34.80585743833899,-0.00229581711185578,-0.001733242017618597,0.032550752086601076,1,0.00648154751164763,477.46002197265625,469.2688598632813,1
2025-06-18,478.5561218261719,479.313466764918,472.7963894918646,476.3239856832242,17526500.0,464.8199768066406,430.7606500244141,73.51731616315257,12.10312489804977,12.884402792226865,-0.7812778941770944,483.0353890702203,446.604564543061,36.4308245271593,0.004602071906124383,0.011116700009845992,0.0352900375762637,1,0.006477577457564001,476.3638610839844,470.9628601074219,0
2025-06-20,475.7261047363281,481.76485435953526,475.1979642712812,480.53918652379775,37576200.0,466.0571228027344,433.2217840576172,69.04871842683204,11.585949280283785,12.62471208983825,-1.0387628095544645,483.697317978137,448.4169276273318,35.28039035080519,-0.005913657689811558,-0.0036315443315323437,0.020783495525303675,1,0.006862754429226347,478.5561218261719,477.1909484863281,1
2025-06-23,484.29595947265625,486.0398235242553,470.853268600571,476.5332646937197,24864000.0,467.60866394042966,435.13954833984377,74.16898108674383,11.732356233589883,12.446240918588577,-0.7138846849986944,485.92126662924227,449.29606125161706,36.62520537762521,0.018014262095366718,0.01665134372414845,0.0332071584451159,1,0.008492774845097209,475.7261047363281,473.2946472167969,1
2025-06-24,488.3915100097656,490.1254297173699,485.0931183138473,487.23560408546166,22305600.0,469.59816284179686,437.3210479736328,76.19569574530223,12.04007105485448,12.365006945841758,-0.3249358909872786,487.8642548928806,451.33207079071315,36.532184102167435,0.00845671011083593,0.02055221474560165,0.03672125153756389,1,0.008637874686493607,484.29595947265625,477.46002197265625,1
2025-06-25,490.5439758300781,492.8259550719198,487.674099325436,490.3148017263918,17495100.0,471.17162628173827,439.4043542480469,77.20784624789665,12.315656053706618,12.35513676741473,-0.03948071370811235,490.9034219917096,451.43983057176695,39.463591419942645,0.004407254786778392,0.03114790411167956,0.04533673078796485,1,0.008224184947772334,488.3915100097656,476.3638610839844,1
2025-06-26,495.705810546875,496.29373818928514,491.0820651135433,491.2514824256969,21578900.0,473.16909942626955,441.60362915039065,79.46301386245338,12.802991160657712,12.444707646063328,0.35828351459438323,494.2935696581689,452.0446291943702,42.248940463798704,0.010522674767460494,0.02355966604933646,0.05253694619106386,1,0.00843139119426221,490.5439758300781,478.5561218261719,0
2025-06-27,494.20111083984375,497.54931522943417,491.30131038962224,495.80545117387857,34539200.0,475.02556762695315,443.8141882324219,77.06912323612842,12.918870357159165,12.539540188282496,0.3793301688766686,496.6843186189097,453.3668166349966,43.317501983913075,-0.00303546917348263,0.01189537637532223,0.035646448046579016,1,0.008270874662388199,495.705810546875,475.7261047363281,1
2025-06-30,495.66595458984375,499.0042146991214,493.5932305818623,495.2972567719388,28369000.0,476.87157440185547,446.3349383544922,77.77119504688802,12.979288940091578,12.627489938644313,0.35179900144726517,498.9548169808254,454.78833182288554,44.16648515793986,0.002964064057870308,0.010441426278038346,0.04726718864158097,1,0.007200441921620365,494.20111083984375,484.29595947265625,0
2025-07-01,490.32470703125,496.30366915943387,489.2584818970934,494.729222512998,19945400.0,478.3702987670898,448.8250555419922,69.42458272976154,12.452630885691065,12.592518128053664,-0.1398872423625992,499.82469755515416,456.9158999790255,42.90879757612868,-0.010775901611022598,-0.010855437642920518,0.026944004663348453,1,0.008492555108031735,495.66595458984375,488.3915100097656,0
2025-07-02,489.36810302734375,491.76965656989233,486.9864988221965,488.2719538404123,16319600.0,479.77136993408203,451.46831665039065,68.01665326252038,11.821786439502205,12.438371790343373,-0.6165853508411683,500.23276881327325,459.3099710548908,40.922797758382444,-0.0019509602314314867,-0.009779435348266974,0.027298968300760063,1,0.00847071091993084,490.32470703125,490.5439758300781,1
2025-07-03,497.0909423828125,498.3764278450543,491.7098821739863,492.07857999859937,13984800.0,481.5137405395508,454.11285522460935,72.81063312512094,11.80888083691866,12.312473599658432,-0.5035927627397712,501.64018851512947,461.3872925639721,40.25289595115737,0.015781247914797625,0.0028748954407165073,0.03873071456261323,1,0.009428853621899977,489.36810302734375,495.705810546875,0
2025-07-07,495.974853515625,497.0012408266234,493.4935938943106,495.6360493014733,13981600.0,483.0104751586914,456.5844793701172,71.15082196963924,11.575162739085613,12.16501142754387,-0.5898486884582574,502.76019606312883,463.260754254254,39.49944180887485,-0.0022452408041021554,0.011523275093732632,0.04256387988319399,1,0.009071497436984004,497.0909423828125,494.20111083984375,0
2025-07-08,494.8786926269531,496.4531696907806,492.3774837277821,495.4965138505155,11846600.0,484.31787261962893,458.7773583984375,69.47566016037466,11.17269654893397,11.96654845182189,-0.7938519028879192,503.568926947154,465.06681829210385,38.502108655050165,-0.0022101138412601307,0.011260622761311234,0.021851789070923333,1,0.007821214490749556,495.974853515625,495.66595458984375,1
2025-07-09,501.74456787109375,505.003091421344,497.9877670451218,498.54580110123976,18659500.0,485.8504806518555,461.0170391845703,73.65893551640808,11.27775500576729,11.82878976261097,-0.5510347568436806,505.521853194319,466.17910810939196,39.34274508492706,0.013873855040504202,0.009361718533783758,0.027340888585596357,1,0.008464523192555336,494.8786926269531,490.32470703125,0
2025-07-10,499.7216796875,502.67129257213526,496.0047471787155,501.2861517097084,16492100.0,487.3731216430664,463.22998901367185,70.58941589855482,11.070174340426718,11.677066678174121,-0.6068923377474036,506.3778883686541,468.36835491747865,38.00953345117546,-0.004031709186562593,0.007554468024570937,0.018709237723063987,1,0.008696565779447489,501.74456787109375,489.36810302734375,1
2025-07-11,501.5552062988281,503.2592019766087,496.0545417226508,496.72220586888017,16459500.0,488.9027389526367,465.4223162841797,71.7389790783489,10.927648314178327,11.527183005374964,-0.5995346911966362,507.29266038101827,470.5128175242551,36.77984285676314,0.003669095590318916,0.01349121263725106,0.011800135539060896,1,0.008196251899648777,499.7216796875,497.0909423828125,0
2025-07-14,501.2562561035156,502.2029372942231,499.273243347857,499.7615155353931,12058800.0,490.1060043334961,467.58439453125,71.24997753003078,10.667603140549431,11.355267032409857,-0.6876638918604261,508.42229461971453,471.7897140472777,36.63258057243684,-0.0005960464402684496,-0.000973227811214894,0.014275858772721861,1,0.008091692922814102,501.5552062988281,495.974853515625,1
2025-07-15,504.0464477539063,506.51773265302506,501.027073076573,501.2562471634966,14927200.0,491.6435943603516,469.20269104003904,73.09343521427927,10.564875308357955,11.197188687599477,-0.6323133792415216,509.20413548005433,474.08305324064884,35.121082239405496,0.005566397658714584,0.008654353497552503,0.01690754244155679,1,0.008187157110638279,501.2562561035156,494.8786926269531,0
2025-07-16,503.84716796875,504.9433171823036,500.1302657221866,503.40870828332856,15154400.0,492.96295166015625,470.6204559326172,72.734719298167,10.348096137216999,11.027370177522982,-0.6792740403059838,510.02051556319657,475.90538775711593,34.115127806080636,-0.0003953599634405336,0.004569709657357812,0.02757858362751886,1,0.00700051853256495,504.0464477539063,501.74456787109375,1
2025-07-17,509.9058532714844,511.5699807689203,503.84715436950415,503.9069415603956,17503100.0,494.6400512695312,472.1416888427734,76.5092951255598,10.543641812043063,10.930624504427,-0.38698269238393657,511.43339088136185,477.8467116577006,33.586679223661235,0.012024847390052606,0.01725583883023396,0.041967897206804716,1,0.0073451823417656015,503.84716796875,499.7216796875,0
2025-07-18,508.2615966796875,512.8355294984256,505.6507880659733,512.6760564474737,21209700.0,496.12532501220704,473.68693176269534,73.5340513520369,10.445525882580569,10.833604780057714,-0.3880788974771452,512.2052144881939,480.0454355362203,32.15977895197358,-0.0032246278038339238,0.008362620041395763,0.022472053591096053,1,0.006397070800229676,509.9058532714844,501.5552062988281,1
2025-07-21,508.2716064453125,510.2945179788428,503.777409841716,504.9333462563434,14066800.0,497.7526000976562,475.2315789794922,73.54079700683462,10.25041559570019,10.716966943186211,-0.46655134748602123,511.69001527059027,483.8151849247222,27.874830345868077,1.969412147295735e-05,0.008781310599401682,0.024793097558322374,1,0.006259108267014176,508.2615966796875,501.2562561035156,0
2025-07-22,503.4983825683594,509.4076135762761,503.4983825683594,509.1784090675831,13868600.0,498.7127212524414,476.58487609863283,65.02908588833705,9.599967561997687,10.493567066948508,-0.8935995049508207,511.39935906682376,486.026083438059,25.37327562876476,-0.009391088969804007,-0.012565987744630802,0.01741778352923329,1,0.007197279997619566,508.2716064453125,504.0464477539063,1
2025-07-23,504.0962524414063,505.0130400065775,498.94439715180334,504.9731717444639,16396600.0,499.4979583740234,477.9389898681641,65.56667084343941,9.028649262650447,10.200583506088897,-1.17193424343845,511.4551901186288,487.54072662941803,23.91446348921079,0.0011874315663085167,-0.00819527634094741,0.004687015507294445,1,0.005806890996669494,503.4983825683594,503.84716796875,1
2025-07-24,509.0887451171875,511.8689408564409,505.5212803694045,506.98612743645725,16107000.0,500.4251968383789,479.1834765625,69.74863703905618,8.876406144561543,9.935748033783428,-1.0593418892218853,512.3372992433364,488.5130944334214,23.82420480991499,0.00990384802823252,0.0016076811325145268,0.018744564845666112,1,0.006257737057838601,504.0962524414063,509.9058532714844,1
2025-07-25,511.9088439941406,516.4727417364818,508.5705533229623,510.6731406114392,19125700.0,501.2353485107422,480.48675231933595,71.8298755436468,8.880936875336488,9.72478580209404,-0.843848926757552,513.9315333622313,488.539163659253,25.39236970297833,0.005539503483432906,0.016704048547046435,0.02064306693517559,1,0.006344622511592614,509.0887451171875,508.2615966796875,0
2025-07-28,510.7030334472656,513.1942677567645,508.3313735189307,512.2775105607909,14308000.0,502.0604446411133,481.69031799316406,69.62422499810121,8.687089320206155,9.517246505716464,-0.8301571855103091,514.9639824108525,489.156906871374,25.80707553947849,-0.002355518098626219,0.01310618949032416,0.018846203371472914,1,0.006450089851942339,511.9088439941406,508.2716064453125,1
2025-07-29,510.7727966308594,515.8050777848653,509.7663282358281,513.7224399565682,16469200.0,502.81578674316404,482.8749493408203,69.68222937300936,8.4417814404311,9.302153492659391,-0.8603720522282909,515.9009781841042,489.7305953022238,26.17038288188047,0.0001366022502800046,0.0033079723915017123,0.013344700487279537,1,0.006333475063123552,510.7030334472656,503.4983825683594,1
2025-07-30,511.4404296875,514.1409495778635,507.6537656967309,513.3636552782116,26380400.0,503.87157287597654,484.05021423339844,70.26737354313663,8.206644497086586,9.083051693544832,-0.8764071964582456,516.1367665688083,491.60637918314484,24.53038738566346,0.0013071037867413704,-0.0009150346045710966,0.015070565444204265,1,0.006304323841038738,510.7727966308594,504.0962524414063,1
2025-07-31,531.62939453125,553.5024436401114,530.0350289229713,553.2831833968122,51617300.0,505.98463745117186,485.53758117675784,81.7426679594301,9.5394130959952,9.174323974034905,0.3650891219602954,521.6244588633892,490.3448160389545,31.279642824434745,0.03947471430071703,0.04097559582274379,0.04260304352340816,1,0.013386751706956017,511.4404296875,509.0887451171875,0
2025-08-01,522.2722778320312,533.9212911566675,519.0336734352546,533.1241083924594,28977600.0,507.2437042236328,486.8517559814453,68.53934645373887,9.728457098097124,9.28515059884735,0.4433064992497737,523.8419240287035,490.6454844185621,33.1964396101414,-0.017600826431858896,0.022513887342913153,0.027565885842784743,1,0.014959381824710212,531.62939453125,511.9088439941406,1
2025-08-04,533.7619018554688,536.3627358241171,526.2782244119826,526.4177481275262,25349000.0,509.133056640625,488.5073303222656,74.07639404868854,10.682254091948607,9.564571297467602,1.1176827944810057,528.5358361411867,489.7302771400633,38.805559001123356,0.021999299045952325,0.04364432468040813,0.05015093325481468,1,0.01607498775739694,522.2722778320312,510.7030334472656,0
2025-08-05,525.8995361328125,535.41603854948,525.3913146279989,535.2964641743647,19171600.0,510.684098815918,489.9600183105469,65.57169354654458,10.680598583991241,9.787776754772331,0.8928218292189101,530.2399294874799,491.128268144356,39.1116613431239,-0.014730099123457463,-0.010777918710626722,0.04449101395357857,1,0.01668393988638305,533.7619018554688,510.7727966308594,0
2025-08-06,523.0994262695312,529.8357336828143,522.1926437275052,529.0385508551038,21355700.0,511.75184173583983,491.4499761962891,62.80610501622774,10.334214723033767,9.89706434842462,0.4371503746091481,531.5688859638782,491.93479750780153,39.634088456076654,-0.0053244197244816105,0.001583749459062922,0.037697510616454766,1,0.01695192776077022,525.8995361328125,511.4404296875,0
2025-08-07,519.0137939453125,526.2383731099006,515.735290819572,524.9528573399085,16079100.0,512.7164474487305,492.6487579345703,58.90243325050023,9.61914313974711,9.841480106689119,-0.22233696694200944,531.9673075699649,493.4655873274961,38.501720242468764,-0.007810431667561457,-0.027630499402240494,0.01949571449637988,1,0.017171413648787607,523.0994262695312,531.62939453125,1
2025-08-08,520.2095947265625,522.8204035830947,517.5888112007746,520.7676288144971,15531000.0,513.6491668701171,493.93782287597656,59.69210354659072,9.044673521263405,9.682118789603976,-0.6374452683405707,532.4489153725681,494.84941836766615,37.599497004901934,0.002303986512882439,-0.010819445569567931,0.0162152907296067,1,0.01712907209400796,519.0137939453125,522.2722778320312,0
2025-08-11,519.9405517578125,525.7401525514866,517.8976909591346,520.4686618064882,20194400.0,514.583381652832,495.19519897460935,59.415487826859696,8.470055167152054,9.439706065113592,-0.9696508979615377,532.6703651498575,496.49639815580656,36.17396699405094,-0.0005171818656889426,-0.006038765009256819,0.018087846959109033,1,0.017090053961384424,520.2095947265625,533.7619018554688,1
2025-08-12,527.3843383789062,529.1182277589118,520.8672912006765,521.9135974657331,18667000.0,515.750276184082,496.5679693603516,64.33935291492901,8.51713709689966,9.255192271470806,-0.7380551745711461,533.9782739911899,497.5222783769742,36.45599561421568,0.014316610997022305,0.01612778799184622,0.032522369745646706,1,0.01750843544219834,519.9405517578125,525.8995361328125,0
2025-08-13,518.7546997070312,530.8321983067945,517.5489204522431,530.244240271181,19619200.0,516.4956527709961,497.7360589599609,55.87579602139843,7.76855903274145,8.957865623724935,-1.1893065909834846,533.9170784914852,499.074227050507,34.84285144097822,-0.016363092424020564,-0.0027967477614402325,0.014301313691607032,1,0.018594592072803676,527.3843383789062,523.0994262695312,1
2025-08-14,520.6480102539062,524.1058750288076,518.3162490497452,520.7277467800332,20269100.0,517.0327606201172,498.9220855712891,57.20586572112321,7.244568980143185,8.615206295008585,-1.3706373148653999,534.2697980051377,499.7957232350967,34.47407477004094,0.003649722205782968,0.0013606526625054016,-0.020656089355304164,1,0.013129240018442203,518.7546997070312,519.0137939453125,0
2025-08-15,518.3461303710938,524.255330935539,517.2599862571353,520.9370505811125,25213300.0,517.5369873046875,500.0441375732422,55.03380220158191,6.567850526855864,8.205735141378042,-1.6378846145221786,534.3017361623782,500.7722384469968,33.52949771538141,-0.004421182521546441,-0.01713780131506082,-0.007517434157591207,1,0.01200324030235186,520.6480102539062,520.2095947265625,0
2025-08-18,515.286865234375,520.9868407954262,512.2177084457264,519.7611730136332,23760600.0,517.8877502441406,501.0290716552734,52.197200781049716,5.718766764492557,7.708341466000946,-1.9895747015083893,534.14837197503,501.62712851325125,32.521243461778795,-0.0059019735220721126,-0.006684921552739143,-0.03461287993180229,1,0.009013756129966941,518.3461303710938,519.9405517578125,0
2025-08-19,507.9826049804688,513.3536904476517,506.7668813962475,513.1942782099028,21481000.0,518.1119613647461,501.81410888671877,46.0890424314527,4.405683035668403,7.047809779934438,-2.6421267442660348,533.6817505953614,502.54217213413074,31.139578461230712,-0.014175133788019045,-0.0243262338931457,-0.03406911381610134,1,0.008938184868787053,515.286865234375,527.3843383789062,0
2025-08-20,503.9468078613281,509.2082935133009,502.6712971096552,508.0822507382742,27723000.0,518.1044891357421,502.47119689941405,43.08874255076292,3.004762588645008,6.239200341676552,-3.2344377530315445,533.7012967827987,502.5076814886856,31.193615294113158,-0.007944754563585565,-0.027779357587673803,-0.036613724745961695,1,0.009037930733920412,507.9826049804688,518.7546997070312,0
2025-08-21,503.2980041503906,506.68168580920974,501.7808546744913,502.7490438063696,18443300.0,517.8149520874024,503.15177978515624,42.60853141382519,1.8211766137382597,5.355595596088894,-3.5344189823506342,534.262284802846,501.36761937195877,32.894665430887244,-0.0012874448271453787,-0.023266382073471426,-0.030280100410159494,1,0.00894209394918747,503.9468078613281,520.6480102539062,1
2025-08-22,506.2824401855469,509.77590173606455,501.471437254012,503.3079962424447,24324200.0,517.5336318969727,503.85817138671877,45.611226977762975,1.1111861847640512,4.506713713823926,-3.3955275290598745,534.5577774804009,500.50948631354447,34.048291166856416,0.005929759328559658,-0.00334689569731883,-0.026772198518053347,1,0.009250765602090389,503.2980041503906,518.3461303710938,0
2025-08-25,503.3179931640625,507.2406441544574,503.1782400793436,505.6835608535286,21638600.0,517.1643798828125,504.3807122802734,43.19380993890728,0.3057826824605172,3.6665275075512445,-3.3607448250907273,535.0630280587671,499.26573170685776,35.79729635190938,-0.005855322614779834,-0.0012477798994982026,-0.03197011377080039,1,0.009266645050613117,506.2824401855469,515.286865234375,0
2025-08-26,501.1021423339844,504.0366525259624,497.5787379824689,503.4177851675948,30835700.0,516.6808471679688,504.9368621826172,41.42639517749336,-0.5054791896349684,2.8321261681140024,-3.337605357748971,535.7296008989343,497.63209343700316,38.09750746193117,-0.004402486817823403,-0.004362945607370383,-0.049834995338900456,1,0.006929907232705528,503.3179931640625,507.9826049804688,1
2025-08-27,505.7933349609375,506.3423257667597,498.96611661319633,501.0621996360583,17277900.0,516.3984924316406,505.5035284423828,46.42455543843831,-0.7610965814099586,2.11348161820921,-2.874578199619169,535.9113423324675,496.8856425308138,39.02569980165367,0.00936174929347322,-0.0009660718717207084,-0.024985537005088765,1,0.007048618490717328,501.1021423339844,503.9468078613281,1
2025-08-28,508.68792724609375,510.1352001425548,504.5556467937143,506.1426727693108,18015600.0,515.2514190673828,506.150009765625,49.29937351956226,-0.7217855057065776,1.5464281934260526,-2.2682136991326303,533.7171356628137,496.78570247195194,36.93143319086175,0.005722875500879798,0.0106690683722106,-0.02297153311309086,1,0.007276549252751794,505.7933349609375,503.2980041503906,0
2025-08-29,505.7434387207031,508.64800611235046,503.5475364264987,507.7097597194238,20961600.0,514.4249771118164,506.6937561035156,46.562301814111386,-0.9176487275574914,1.0536128092293437,-1.9712615367868351,533.0387491813091,495.81120504232365,37.22754413898542,-0.005788398677616269,0.009262176300226965,-0.02431327430064567,1,0.007333509362937931,508.68792724609375,506.2824401855469,0
2025-09-02,504.1763610839844,505.0547219959289,495.8818877505013,499.53505401941584,18128000.0,512.9457000732422,507.26276123046875,45.126348571909624,-1.1856543256398027,0.6057593822555145,-1.7914137078953172,529.7963072675383,496.09509287894605,33.701214388592234,-0.0030985624661443723,-0.003196906256342835,-0.021561784124532468,1,0.007239189347726794,505.7434387207031,503.3179931640625,1
2025-09-03,504.4059448242188,506.8413890153064,501.3816064871684,502.8488615493355,16345100.0,511.8710205078125,507.6649609375,45.39205191105972,-1.3638041189261685,0.21184668201917795,-1.5756508009453465,528.0063335929079,495.7357074227171,32.27062617019084,0.00045536395189338386,-0.008417700111454374,-0.007040910694939062,1,0.0058929530929295645,504.1763610839844,501.1021423339844,1
2025-09-04,507.0210571289063,507.2007135584804,502.2100541109688,503.3578996917829,15509500.0,511.0671020507813,508.0375518798828,48.4537617482848,-1.2792252931336066,-0.08636771301137894,-1.1928575801222276,526.4700952202018,495.66410888136085,30.80598633884091,0.0051845390236209266,0.002526218454627749,0.006100344757862031,1,0.005549794180571111,504.4059448242188,505.7933349609375,0
2025-09-05,494.0752868652344,511.0135863020471,491.4501951138555,508.1190099054552,31994800.0,509.82017669677737,508.1081781005859,37.3036003047274,-2.231092783496365,-0.5153127271083762,-1.7157800563879888,526.4378564827767,493.202496910778,33.23535957199874,-0.025533003179354252,-0.02003480329191276,-0.018324565583614727,1,0.009993695160691148,507.0210571289063,508.68792724609375,1
2025-09-08,497.2693176269531,500.2637132839748,494.10522614671714,497.1794589519428,16771000.0,508.67316284179685,508.1394482421875,40.91618523641058,-2.696637875768886,-0.9515777568404782,-1.7450601189284076,525.430296535079,491.9160291485147,33.51426738656431,0.006464664083856375,-0.014148578680516444,-0.01780255810430742,1,0.010040998623090434,494.0752868652344,505.7434387207031,1
2025-09-09,497.4789123535156,501.3117351050236,496.7702472499717,500.4932596555404,14410500.0,507.55008087158205,508.20500427246094,41.15579532596374,-3.0139304584700426,-1.364048297166391,-1.6498821613036516,524.1460959164405,490.9540658267236,33.192030089716866,0.0004214913712405899,-0.018820016725586752,-0.01160117637329039,0,0.00995156273549885,497.2693176269531,504.1763610839844,1
2025-09-10,499.4352416992188,502.2899147028095,495.7920664455459,502.04038173392,21611800.0,506.15262603759766,508.28039001464845,43.46059971644376,-3.072114266815447,-1.7056614910962025,-1.3664527757192446,520.369051893007,491.9362001821883,28.43285171081874,0.003932486980097405,0.010848457667234968,-0.003326468785389003,0,0.009995152998190066,497.4789123535156,504.4059448242188,1
2025-09-11,500.0740661621094,502.2300346920423,496.9499084839274,501.3117399538871,18881600.0,505.2185943603516,508.47537719726563,44.228782819748034,-3.031729666435922,-1.9708751261641466,-1.0608545402717753,518.4187621351931,492.01842658551004,26.400335549683064,0.0012790936833313449,0.005640300810315413,-0.011307521083230188,0,0.009439504003784812,499.4352416992188,507.0210571289063,1
2025-09-12,508.9474487304688,511.5924921682234,502.9087629314118,505.70352006176233,23624900.0,504.63356628417966,508.8669641113281,53.64907385051167,-2.2576915020935076,-2.028238401350019,-0.22945310074348857,515.9491702850175,493.3179622833418,22.63120800167576,0.017744136656514753,0.02305331159203683,0.0005101781868110944,0,0.011034991887966935,500.0740661621094,494.0752868652344,1
2025-09-15,514.397216796875,514.5069966795595,506.0528491324495,507.8395136770829,17143800.0,504.4361206054688,509.21308959960936,58.30698303337285,-1.190783333825948,-1.8607473878452048,0.6699640540192568,514.8929770269215,493.9792641840161,20.913712842905397,0.010707919019930623,0.029957788014220554,0.017111004144832576,0,0.011286064852569293,508.9474487304688,497.2693176269531,0
2025-09-16,508.0890502929688,516.2637221986186,507.64986983793983,515.9144004162443,19711900.0,504.07622985839845,509.45537353515624,51.81605549205974,-0.8445320019185942,-1.6575043106598828,0.8129723087412886,513.4543324425881,494.69812727420884,18.756205168379267,-0.01226322051893447,0.016027594056959638,0.007760556644448968,0,0.012068998766444764,514.397216796875,497.4789123535156,1
2025-09-17,509.0671997070313,510.3348466625888,504.9848440594251,509.6660849144807,15816600.0,504.1304595947266,509.7391436767578,52.69543427894064,-0.48559915896714756,-1.4231232803213358,0.9375241213541883,513.6102827634097,494.65063642604343,18.95964633736628,0.0019251535011401977,0.00023529143698675092,0.009241078402509428,0,0.012072752081303692,508.0890502929688,499.4352416992188,0
2025-09-18,507.5001525878906,512.1115168727503,506.71161989545686,510.5344514878828,18913700.0,504.30812683105466,509.85425537109376,51.086848277401984,-0.3238566828657099,-1.2032699608302106,0.8794132779645008,513.900050793631,494.71620286847843,19.18384792515252,-0.00307827163101948,-0.0134080511786826,0.0009449222122988044,0,0.012036198383282189,509.0671997070313,500.0740661621094,1
2025-09-19,516.96240234375,518.3298380532008,509.35664280609984,509.6061757592278,52474100.0,504.99134674072263,510.1990698242187,59.18814699024729,0.5613786471154754,-0.8503402392410735,1.4117188863565489,516.0348930782096,493.94780040323565,22.087092674973974,0.018644821499281594,0.017464167050371904,0.04632313351215722,0,0.009370265394895473,507.5001525878906,508.9474487304688,0
2025-09-22,513.4889526367188,516.772784556969,511.5824866494396,514.6268375894382,20009300.0,505.35167236328124,510.43774475097655,55.550911036217535,0.9714573062593104,-0.4859807301409968,1.4574380364003072,516.9942259589154,493.70911876764706,23.285107191268366,-0.00671896000808514,0.008685990635877161,0.03261740556841164,0,0.009982725760538044,516.96240234375,514.397216796875,0
2025-09-23,508.2787170410156,513.6287198501773,506.3622903955001,512.8401566617626,19799600.0,505.5997085571289,510.57819396972656,50.53436739027591,0.8660419369140868,-0.2155761967299801,1.081618133644067,517.2697263079897,493.9296908062681,23.34003550172156,-0.010146733574206479,0.001534116687758269,0.02170907031296543,0,0.010839212003465581,513.4889526367188,508.0890502929688,1
2025-09-24,509.1969604492188,511.5225942719762,505.9730140478167,509.4265417419943,13533700.0,506.00444946289065,510.6812042236328,51.36789807301289,0.8468323104528395,-0.003094495293416183,0.8499268057462557,517.5835892129297,494.4253097128516,23.15827950007815,0.00180657457693445,-0.015021289477387567,0.019545514483094717,0,0.010822349352063325,508.2787170410156,509.0671997070313,0
2025-09-25,506.0827941894531,509.0572380888419,504.09652154158834,507.3504106819217,15786500.0,506.01892242431643,510.72591674804687,48.389790219191845,0.5737080033528628,0.1122660044358396,0.46144199891702314,517.597694086161,494.44015076247183,23.157543323689197,-0.006115838274090124,-0.01442320893027138,0.012015676144653042,0,0.011124750648766769,509.1969604492188,507.5001525878906,1
2025-09-26,510.5045166015625,512.9798945996346,505.67356201643696,509.1071380786861,16213100.0,506.10975189208983,510.7378900146484,52.59250571503325,0.7059137329060263,0.23099555012987696,0.4749181827761494,517.7988214403955,494.4206823437842,23.378139096611278,0.008737152226625744,0.004379092584290145,0.0030593883022258517,0,0.009942831446635263,506.0827941894531,516.96240234375,1
2025-09-29,513.6386108398438,515.8844074376258,507.9293260645142,510.5444265624633,17617800.0,506.5045104980469,510.8454302978516,55.36683081796158,1.0514623350922534,0.3950889071223523,0.6563734279699012,518.6420932813011,494.3669277147927,24.27516556650835,0.006139209617859853,0.008722853307502998,-0.0014747473980419867,0,0.009509521213880968,510.5045166015625,513.4889526367188,1
2025-09-30,516.982421875,517.1919905812645,508.70790002171145,512.2811987663596,19728200.0,507.14481353759766,511.0196466064453,58.1788645681875,1.57695158080503,0.631461441858888,0.9454901389461421,520.0504027653833,494.2392243098121,25.811178455571223,0.006510046099705846,0.02153724214830066,0.01750356866951419,0,0.008657991902143402,513.6386108398438,508.2787170410156,1
2025-10-01,518.7391357421875,519.5376290534263,510.7340986553811,513.8382741479315,22632300.0,507.8614730834961,511.3244616699219,59.61829743768636,2.1108254398621398,0.9273342414595385,1.1834911984026013,521.6413573648815,494.0815888021107,27.55976856277084,0.0033980146961596347,0.016130355115059558,0.018999330620244947,0,0.00867343269312382,516.982421875,509.1969604492188,0
2025-10-02,514.7765502929688,520.625588764222,509.7260051791023,516.6730253227585,21222900.0,508.2492477416992,511.53806762695314,55.01822700669293,2.188944006537895,1.1796561944752098,1.0092878120626851,522.3455640276459,494.15293145575254,28.19263257189334,-0.007638878920421699,0.0022154476495923614,0.01433772515727072,0,0.009075875030652636,518.7391357421875,506.0827941894531,1
2025-10-03,516.3834838867188,519.5176324904353,514.0378984273964,516.1339509263171,15112300.0,509.3646575927734,511.68396240234375,56.484558880567725,2.3533912157533337,1.4144031987308345,0.9389880170224991,522.2790876009865,496.45022758456037,25.82886001642612,0.003121613820278757,-0.001158526794990511,-0.0011198463455109886,0,0.006869718392570663,514.7765502929688,510.5045166015625,1
2025-10-06,527.5825805664062,530.0380069481532,517.2319577376861,517.6411650074094,21388600.0,510.8803207397461,511.99743713378905,65.03832994707108,3.3487875824271782,1.8012800754701033,1.547507506957075,524.8342684626512,496.92637301684107,27.907895445810084,0.02168755785021248,0.017047961518395827,0.02744679872335709,0,0.009276059264296031,516.3834838867188,513.6386108398438,0
2025-10-07,523.0010986328125,528.8102332144322,520.4658657072805,527.3030443984364,14615200.0,512.1564300537109,512.2433984375,59.854851931956915,3.7250193669427745,2.1860279337646373,1.5389914331781371,525.6346324237795,498.6782276836422,26.956404740137316,-0.008683914333705078,0.015976928893056686,0.02896517422075906,0,0.009059080959015746,527.5825805664062,516.982421875,1
2025-10-08,523.8695068359375,525.9656203925812,522.1128458539913,522.3024933531,13363400.0,513.3781433105469,512.5053326416015,60.49750855834522,4.046612224382898,2.5581447918882896,1.4884674324946081,526.4458559226298,500.310430698464,26.135425224165772,0.0016604328468814433,0.014497022431610107,0.02881507064334099,1,0.009061151619409886,523.0010986328125,518.7391357421875,0
2025-10-09,521.4241333007812,523.3505205733983,516.4334737589328,521.3642478231245,18343600.0,514.4456466674804,512.7050067138672,57.696580375656865,4.057384668582813,2.8579927672271945,1.1993919013556185,526.4354238327998,502.4558695021612,23.979554330638564,-0.004667905849160436,-0.01167295413547087,0.03031389189173872,1,0.008911739356892406,523.8695068359375,514.7765502929688,0
2025-10-10,510.0054626464844,522.6019127014883,508.6779606337136,518.6692706129455,24133800.0,514.4985473632812,512.2725280761719,46.800506084856025,3.1086955094953055,2.908133315680817,0.2005621938144886,526.3998318845712,502.5972628419912,23.80256904257999,-0.021899006825811917,-0.024848200166883494,-0.0009775701073133636,1,0.011592974684936133,521.4241333007812,516.3834838867188,1
2025-10-13,513.0896606445312,515.4452371680482,510.7240930552238,515.4452371680482,14284200.0,514.4331695556641,512.0888757324219,49.57072502176406,2.576026686584555,2.841711989861565,-0.2656853032770097,526.3503174949278,502.5160216164004,23.834295878527428,0.006047382281049618,-0.020577349990294813,-0.0010687479167793557,1,0.011587573831430885,510.0054626464844,527.5825805664062,0
2025-10-14,512.610595703125,514.3174231454748,505.05473007895694,509.2768388871209,14684300.0,514.6592468261719,511.665849609375,49.14266749133191,2.0911211270226886,2.6915938172937897,-0.6004726902711011,526.2535883996752,503.06490525266844,23.18868314700677,-0.0009336866012938927,-0.01690281871278898,-0.0084564309866072,1,0.011356374626898511,513.0896606445312,523.0010986328125,0
2025-10-15,512.4708251953125,516.2238106749688,509.0472402819912,513.9979961583023,14694700.0,514.8294281005859,511.397275390625,49.00969411403565,1.6762291395402826,2.4885208817430886,-0.812291742202806,526.1879733203211,503.4708828808507,22.71709043947044,-0.00027266410211590486,0.004833992436149792,-0.012083743282462422,1,0.01126489050541405,512.610595703125,523.8695068359375,0
2025-10-16,510.65423583984375,515.884437136842,507.1807563967364,511.6224554411716,15559600.0,514.9871322631836,511.14837158203125,47.221273871751535,1.1871558772355684,2.2282478808415846,-1.0410920036060163,526.0170849952583,503.9571795311089,22.05990546414938,-0.003544766386996634,-0.0047465871785998814,-0.008007968604589522,1,0.011075988783105048,512.4708251953125,521.4241333007812,1
2025-10-17,512.62060546875,514.5170195527368,506.3622988729776,508.0890780500653,19867800.0,514.7700424194336,511.0205078125,49.374787003760204,0.9473113728669205,1.972060579246652,-1.0247492063797314,525.8068488735797,503.73323596528746,22.07361290829226,0.0038506870028647278,1.9527036134059372e-05,-0.007286984451257639,1,0.011106651294606617,510.65423583984375,510.0054626464844,1
2025-10-20,515.8245239257812,517.730989827423,512.4708156147512,513.6486038577511,14665600.0,514.8868209838868,510.93280639648435,52.75718979389119,1.0041866794312,1.7784857992835617,-0.7742991198523617,525.9163584092274,503.8572835585461,22.059074850681327,0.006250077392229603,0.006544174937550107,-0.022286665772781378,1,0.00839472243352619,512.62060546875,513.0896606445312,1
2025-10-21,516.6929321289062,517.7210372272165,512.0815676283437,516.533257830336,15586200.0,515.3075317382812,510.86785400390625,53.660908193511844,1.1065781104139205,1.6441042615096335,-0.537526151095713,525.9311707386998,504.68389273786266,21.247278000837184,0.0016835341532732695,0.011825411139752884,-0.012061478494780564,1,0.008144087942248029,515.8245239257812,512.610595703125,1
2025-10-22,519.5675659179688,524.2488070435115,516.7428964573043,520.1764726871388,18962700.0,515.8260620117187,510.7115185546875,56.6191823962104,1.4035042562040871,1.5959842604485242,-0.192480004244437,526.2158634044313,505.43626061900613,20.77960278542514,0.005563524504231809,0.0135518556513472,-0.008211855933267787,1,0.00838543312209935,516.6929321289062,512.4708251953125,1
2025-10-23,519.5875244140625,522.9712060783663,517.6411550810741,521.4839993377199,14023500.0,516.5012985229492,510.7281750488281,56.63987958488742,1.6217364811559491,1.601134704590009,0.02060177656594009,525.9864269830805,507.016170062818,18.9702569202625,3.8413668217440744e-05,0.007295117455141886,-0.003522293598289039,1,0.008275090148628012,519.5675659179688,510.65423583984375,1
2025-10-24,522.6318359375,524.3685757173844,519.7372899447384,521.8133604589415,15532400.0,517.1076644897461,510.7678515625,59.79112017394991,2.0170858788579835,1.6843249394436042,0.33276093941437934,526.5321730858558,507.6831558936364,18.849017192219378,0.005859092800333476,0.011494068215959441,0.02475732951073839,1,0.0035254964108123506,519.5875244140625,512.62060546875,1
2025-10-27,530.527099609375,533.5813808592218,528.0217787333662,530.7866236569336,18734700.0,517.9520889282227,511.01147094726565,66.57560489363621,2.9336674277614065,1.9341934371071647,0.9994739906542418,528.8872859035757,507.0168919528696,21.870393950706102,0.015106740785724382,0.021093567825087423,0.03398516926445039,1,0.0052792201717050385,522.6318359375,515.8245239257812,1
2025-10-28,541.057373046875,552.6855732732587,539.7598137450263,548.9725518014023,29986700.0,519.1558364868164,511.5268811035156,73.09594597361526,4.45837658014716,2.439030065715164,2.019346514431996,534.0005419454103,504.3111310282225,29.689410917187786,0.019848700368470196,0.0413209471436482,0.055493931616319436,1,0.007157577670353521,530.527099609375,516.6929321289062,0
2025-10-29,540.538330078125,545.2495444281135,535.7273269044096,543.9220119141725,36023000.0,520.2457962036133,512.1779956054687,72.3467863728107,5.56073643046193,3.063371338664517,2.4973650917974126,537.7678026512154,502.7237897560111,35.04401289520433,-0.0009593122552365996,0.03426215723828663,0.05476898098953331,1,0.007221461014888718,541.057373046875,519.5675659179688,0
2025-10-30,524.77783203125,533.9705877450752,521.1446173319796,529.4889853080866,41023100.0,520.7458602905274,512.5946160888672,54.186475737810106,5.103790754684724,3.471455221868559,1.6323355328161648,538.1856364693695,503.3060841116854,34.87955235768408,-0.029157040620222285,-0.01083689708284108,0.027657845955547655,1,0.01298021213193785,540.538330078125,519.5875244140625,0
2025-10-31,516.8426513671875,528.3311587204174,514.137692119172,527.8919782690999,34006400.0,520.7688186645507,512.8655090332031,47.69493411109928,4.054616160806631,3.5880874096561737,0.46652875115045767,538.1867584744853,503.3508788546162,34.83587961986905,-0.015121028709135675,-0.04475444358761127,0.008236200132019311,1,0.014145121656603551,524.77783203125,522.6318359375,0
2025-11-03,516.0641479492188,523.9793263365088,513.628703759196,518.8389228578652,22374700.0,520.1928970336915,513.0611431884765,47.09878482127082,3.1243039851291314,3.4953307247507652,-0.3710267396216338,537.4323633647539,502.953430702629,34.47893266212486,-0.0015062677507543532,-0.04527742209395025,0.00046454562030850965,1,0.014032049580106858,516.8426513671875,530.527099609375,0
2025-11-04,513.3692016601562,514.5868933466259,506.8913048594995,510.80399534425794,20958700.0,519.7113021850586,513.2621673583984,45.001838523295696,2.144840850241394,3.225232749848891,-1.080391899607497,537.1470938061125,502.27551056400466,34.87158324210782,-0.005222114924611443,-0.021739924354149176,-0.006432699698552868,1,0.014117075719796795,516.0641479492188,541.057373046875,0
2025-11-05,506.2125549316406,513.8682396575209,505.6336213981725,512.3410686781482,23024300.0,518.8284545898438,513.3643756103515,39.91905091225215,0.7821119787498674,2.7366085956290864,-1.954496616879219,537.100680842983,500.5562283367045,36.5444525062785,-0.013940545528193238,-0.0205673746302234,-0.025704089058624313,1,0.01451943071794688,513.3692016601562,540.538330078125,0
2025-11-06,496.1713562011719,504.755296332589,494.8837575663175,504.7153625290288,27406500.0,517.5658157348632,513.1719360351562,34.09960403852227,-1.0954733546640227,1.9701922055704646,-3.0656655602344873,538.2737498814213,496.8578815883052,41.41586829311609,-0.019835933804179806,-0.03854712990061138,-0.04506684073929024,1,0.015462157373846815,506.2125549316406,524.77783203125,0
2025-11-07,495.8918762207031,498.4470913363115,492.328538182722,496.02163823572937,24019800.0,516.8601364135742,512.9160150146485,33.9512473739894,-2.5763266672660166,1.0608884310031683,-3.637215098269185,539.4288480836873,494.2914247434611,45.13742334022618,-0.0005632731050992934,-0.03404435907517278,-0.05116404680711917,1,0.015113864082471234,496.1713562011719,516.8426513671875,1
2025-11-10,505.0547180175781,505.9031361854127,497.8681564860657,499.10586069795033,26101500.0,516.4583892822266,512.902240600586,42.746071924230314,-2.9762405817502895,0.2534626284524768,-3.229703210202766,539.5610174144202,493.35576115003283,46.2052562643874,0.018477499302281375,-0.002287254440417552,-0.04801334674619273,1,0.015643763011445433,495.8918762207031,516.0641479492188,1
2025-11-11,507.7297058105469,508.64800052182136,501.411544557113,503.85694933091565,17980000.0,516.2143447875976,512.9733074951172,45.04662994415753,-3.0422568380268444,-0.4056812648433874,-2.636575573183457,539.5760672347391,492.8526223404562,46.72344489428286,0.005296431648967648,0.023295076317724206,-0.06159728874712289,1,0.013645547653847219,505.0547180175781,513.3692016601562,1
2025-11-12,510.1851501464844,510.7141588310794,498.1875853040364,508.4084461357136,26574900.0,516.1000610351563,513.0888916015625,47.14604526909769,-2.863433481097104,-0.8972317080941308,-1.9662017730029733,539.556089735887,492.64403233442556,46.912057401461425,0.004836125024470617,0.028823367776688258,-0.05615361250561757,1,0.014013475377975888,507.7297058105469,506.2125549316406,0
2025-11-13,502.3497924804688,512.54071024479,500.3535287599438,509.3566671737073,25273100.0,515.6848388671875,512.9954663085938,41.67474667872351,-3.3157407676168305,-1.3809335199986708,-1.9348072476181597,539.7966247667852,491.57305296758994,48.22357179919521,-0.015357870890138403,-0.00535570788790285,-0.04273816114520179,1,0.011975295171732875,510.1851501464844,496.1713562011719,1
2025-11-14,509.2268981933594,510.644258818196,496.51070821491913,497.2992409027003,28505700.0,515.515153503418,513.2984985351562,47.44016350285623,-3.0837253281908943,-1.7214918816371156,-1.3622334465537786,539.7582172756114,491.2720897312246,48.48612754438682,0.01368987469654015,0.0029487980822835436,-0.014735148412543753,1,0.012533688930734093,502.3497924804688,495.8918762207031,0
2025-11-17,506.54193115234375,511.16328656765256,503.9667643395777,507.5001596757347,19092800.0,515.0510238647461,513.4839508056641,45.547152030092015,-3.0809900860072617,-1.993391522511145,-1.0875985634961167,539.6060452990143,490.4960024304778,49.11004286853654,-0.005272633968357532,-0.007140974199454031,-0.018451614658207216,1,0.012593264091515467,509.2268981933594,505.0547180175781,0
2025-11-18,492.8675537109375,502.0403882023454,485.87063942574486,494.44458869198826,33815100.0,513.8597549438476,513.3917236328125,37.36874271270952,-4.134569619952686,-2.421627141999453,-1.7129424779532325,540.2255412612168,487.4939686264785,52.73157263473831,-0.026995548838964045,-0.018875769257732822,-0.03993548479908726,1,0.014920074679485801,506.54193115234375,507.7297058105469,0
2025-11-19,486.2099914550781,494.264922953439,481.9279972054541,489.1844353923468,23245300.0,512.1918762207031,513.1272186279297,34.15335502060613,-5.443993655619977,-3.026100444723558,-2.417893210896419,541.0087718440418,483.3749805973643,57.633791246677504,-0.013507811998847874,-0.04519970728164768,-0.03951415918410728,0,0.01488852673993358,492.8675537109375,510.1851501464844,0
2025-11-20,478.4299926757813,493.5700073242188,475.5,492.7099914550781,26802500.0,510.1339996337891,512.6943371582031,30.81636266755757,-7.028482547376029,-3.8265768652540526,-3.2019056821219767,542.2355242523907,478.0324750151874,64.20304923720335,-0.016001314074220563,-0.05549775200763729,-0.035756525046555465,0,0.01447684067654775,486.2099914550781,502.3497924804688,0
2025-11-21,472.1199951171875,478.9200134277344,468.2699890136719,478.5,31769200.0,507.60840759277346,511.9577880859375,28.39326191128673,-8.69315618465248,-4.799892729133738,-3.893263455518742,543.1438426911492,472.0729724943978,71.0708701967514,-0.013188967362399273,-0.042095606492121185,-0.04793762963952175,0,0.014736631712297225,478.4299926757813,509.2268981933594,1
2025-11-24,474.0,476.8999938964844,468.0199890136719,475.0,34421000.0,504.7820526123047,511.14984375,30.155389955156437,-9.748348460417787,-5.789583875390548,-3.9587645850272395,541.5470596320564,468.017045592553,73.53001403950338,0.003982048848293118,-0.025112588531011726,-0.0614878287633327,0,0.012774606852543646,472.1199951171875,506.54193115234375,1
2025-11-25,476.989990234375,479.1499938964844,464.8900146484375,474.0700073242188,28019800.0,501.5786834716797,510.5278625488281,32.980155854730626,-10.225456025749224,-6.676758305462283,-3.548697720286941,536.2473929584132,466.90997398494625,69.33741897346698,0.006307996275052741,-0.0030098498494055548,-0.06054346480889583,0,0.012879786322094064,474.0,492.8675537109375,1
2025-11-26,485.5,488.30999755859375,481.2000122070313,486.30999755859375,25709100.0,498.82676696777344,510.0565185546875,40.371878526724274,-9.803867658015974,-7.302180175973022,-2.5016874820429527,529.1543326365554,468.49920129899147,60.655131337563944,0.01784106572434263,0.028340263113599606,-0.048384689635511346,0,0.014647656538229364,476.989990234375,486.2099914550781,1
2025-11-28,492.010009765625,492.6300048828125,486.6499938964844,487.6000061035156,14386700.0,497.18837585449216,509.7467156982422,45.33848950749064,-8.842521375405738,-7.610248415859566,-1.2322729595461723,525.1816968042973,469.19505490468697,55.98664189961033,0.013408876963182381,0.037995801193301704,-0.02058283464951527,0,0.01517022459142889,485.5,478.4299926757813,0
2025-12-01,486.739990234375,489.8599853515625,484.6499938964844,488.4400024414063,23964000.0,495.68324279785156,509.1422674560547,42.269131089541546,-8.408960787529793,-7.769990890193611,-0.6389698973361817,522.5000278205489,468.86645777515423,53.63357004539466,-0.010711203891482723,0.02044068051660619,-0.04415891626849189,0,0.014308814015769998,492.010009765625,472.1199951171875,1
2025-12-02,490.0,493.5,486.3200073242188,486.7200012207031,19562700.0,494.3800354003906,508.6724884033203,44.760410069539,-7.713390194215037,-7.758670750997897,0.045280556782859804,519.5937251671111,469.1663456336701,50.427379533440956,0.00669764110414528,0.009268795056642576,-0.032656588003903475,0,0.014723661948373752,486.739990234375,474.0,0
2025-12-03,477.7300109863281,484.239990234375,475.2000122070313,476.3200073242188,34615100.0,492.5980758666992,508.06151428222654,38.09675888998494,-8.059328138501087,-7.8188022284985355,-0.2405259100025514,517.2223648530461,467.97378688035235,49.24857797269374,-0.025040793905452774,-0.029023797272131335,-0.030713206034023943,0,0.014381899856984843,490.0,476.989990234375,1
2025-12-04,480.8399963378906,481.3200073242188,476.489990234375,479.760009765625,22318200.0,491.3294479370117,507.494375,40.51406336249095,-7.990427945569138,-7.853127371912656,-0.13730057365648207,515.6296047181189,467.0292911559045,48.60031356221441,0.006509922508618482,-0.012121448853305461,-0.011044600505054958,0,0.01415138602538509,477.7300109863281,485.5,1
2025-12-05,483.1600036621094,483.3999938964844,478.8800964355469,482.5,18994673.0,490.6788803100586,507.0359191894531,42.323456298000586,-7.660315495664065,-7.814564996662938,0.1542495009988727,515.121953264617,466.2358073555002,48.886145909116806,0.004824905045104577,-0.013959176199776824,0.009886526887400882,0,0.013202203441148452,480.8399963378906,492.010009765625,0
