Date,Close,High,Low,Open,Volume
,GOOG,GOOG,GOOG,GOOG,GOOG
2015-12-07,37.90311813354492,38.17525788959384,37.49789405006138,38.1275837994011,36246000
2015-12-08,37.85942077636719,37.98009689013331,37.45369655047918,37.63694420105254,36590000
2015-12-09,37.32508087158203,37.95178892588908,36.59959578970842,37.70051010949274,54000000
2015-12-10,37.21830368041992,37.5356320775501,36.93871900595957,37.3866538684455,39768000
2015-12-11,36.692405700683594,37.032080281076546,36.587127153781886,36.80612562673731,44488000
2015-12-14,37.13438034057617,37.182054430521696,35.962400189352365,36.83741277767224,48250000
2015-12-15,36.917362213134766,37.646374535200536,36.89799781148999,37.39410309729879,53324000
2015-12-16,37.64686965942383,37.77102005910935,36.72045867983688,37.245119905656324,39866000
2015-12-17,37.21681594848633,37.8748115856098,37.19546244234924,37.86189945840696,31068000
2015-12-18,36.71425247192383,37.45021715865734,36.65664802043581,37.07180622724002,62974000
2015-12-21,37.13438034057617,37.24512229202001,36.748520661459736,37.0529369457205,30514000
2015-12-22,37.24512481689453,37.48597692714539,37.02314457011953,37.3270645461441,27308000
2015-12-23,37.26051330566406,37.45418762414581,36.94715933672257,37.41744034892075,31318000
2015-12-24,37.16566467285156,37.31216503514641,37.077272673153146,37.22277658898761,10544000
2015-12-28,37.86637496948242,37.890213911553715,37.221291378423615,37.390134133424404,30306000
2015-12-29,38.56608200073242,38.73393206818432,38.06103523441473,38.073947360952495,35300000
2015-12-30,38.287986755371094,38.615745665532714,38.084382047446105,38.566086257900025,25866000
2015-12-31,37.68610763549805,38.21349684909033,37.65929072107538,38.21349684909033,30018000
2016-01-04,36.83989715576172,36.95014278654776,36.314394750440954,36.89750540430463,65456000
2016-01-05,36.87664794921875,37.34444359447443,36.68098449921965,37.06882951957203,39014000
2016-01-06,36.928287506103516,37.105079067909166,36.19828255641287,36.251916377271826,38940000
2016-01-07,36.07264709472656,36.6740309632769,35.70863723789701,36.26731409214426,59274000
2016-01-08,35.48069381713867,36.41231814592291,35.40769559458199,36.32392236399163,49018000
2016-01-11,35.55816650390625,35.6984570767674,34.93791076790848,35.58697252166209,41812000
2016-01-12,36.05675506591797,36.18984317904914,35.622077096170685,35.838745468808035,40490000
2016-01-13,34.7899169921875,36.48730067399635,34.69307984447598,36.29412270731662,50034000
2016-01-14,35.49311065673828,35.85091069545426,34.22081907821444,35.029285688350384,44516000
2016-01-15,34.48649978637695,35.09682512494133,34.03558693428019,34.37923213772879,72162000
2016-01-19,34.85100173950195,35.25771854346982,34.43485090004316,34.925989060962365,45362000
2016-01-20,34.685142517089844,35.10228608047107,33.434200578260224,34.196485922293355,68900000
2016-01-21,35.08937454223633,35.71509368659016,34.48699800948257,34.87037606216693,48244000
2016-01-22,36.01603698730469,36.15905926894793,35.76132934132652,35.93409725684565,40236000
2016-01-25,35.34164810180664,36.23602887991339,35.259212049387784,35.93310158259301,34234000
2016-01-26,35.40968322753906,35.66990351351016,35.08391343561902,35.449908596284224,26634000
2016-01-27,34.76161575317383,35.66766588978333,34.483520068924214,35.44096486434633,43884000
2016-01-28,36.29959487915039,36.43516843419715,35.3754191696017,35.86556476022544,53528000
2016-01-29,36.89501190185547,36.996319801946974,36.09300144524637,36.32789377038842,69486000
2016-02-01,37.344444274902344,37.63545591645704,36.91091425778331,37.26796795071141,102784000
2016-02-02,37.97264099121094,39.22507185088541,37.97264099121094,38.95839550836461,126962000
2016-02-03,36.10045623779297,38.46179568312572,35.78014984554739,38.24925327184372,123420000
2016-02-04,35.159889221191406,36.102932850322375,34.85447652580864,35.89485742769831,103374000
2016-02-05,33.94620132446289,34.960261839095836,33.776362129511845,34.95430210381001,102114000
2016-02-08,33.90498352050781,33.96904404490879,32.92767028007529,33.16554442036339,84948000
2016-02-09,33.675048828125,34.75714411366565,33.21122388414213,33.38751911509488,72178000
2016-02-10,33.9735107421875,34.82716600316446,33.87468447537826,34.10957682560723,52760000
2016-02-11,33.9233512878418,34.23323096703008,33.216094083652536,33.52060886504612,60480000
2016-02-12,33.888092041015625,34.451735916505086,33.69938479742999,34.278422443487614,42828000
2016-02-16,34.3151741027832,34.66279753961071,34.01969550754933,34.41350026198089,50400000
2016-02-17,35.17926025390625,35.24630253977301,34.33404627818995,34.66726481448244,49852000
2016-02-18,34.630516052246094,35.37541852050044,34.56496275580985,35.258716830705666,37664000
2016-02-19,34.80730056762695,34.91510999263549,34.46662960438437,34.51529634359487,31786000
2016-02-22,35.08292007446289,35.41961288290493,34.88676031185089,35.132083150131244,38996000
2016-02-23,34.556026458740234,35.17926018533857,34.44329918394477,34.83412217917136,40186000
2016-02-24,34.74026107788086,34.762110911083134,33.80764412066914,34.21187550683479,39272000
2016-02-25,35.04766082763672,35.05908396921508,34.29456701286693,34.762612715978996,32844000
2016-02-26,35.01389694213867,35.429055224049776,34.8048250257298,35.18820310331997,44870000
2016-02-29,34.65137481689453,35.302914447635,34.64690406823332,34.778006878338296,49622000
2016-03-01,35.69622039794922,35.69622039794922,34.75069122072443,34.941883910568976,43028000
2016-03-02,35.69820785522461,35.75531597961434,35.358033175444106,35.70565657628546,32580000
2016-03-03,35.3788948059082,35.72800723715649,35.061070038069886,35.689767180629865,39160000
2016-03-04,35.302913665771484,35.5810131701899,35.061068901176505,35.50652216384979,39442000
2016-03-07,34.521759033203125,35.16391384406222,34.11156786682855,35.10477114691072,59702000
2016-03-08,34.46266555786133,34.95032570063209,34.03409506940914,34.1954928755336,41526000
2016-03-09,35.022335052490234,35.044184888113556,34.464154536935126,34.68613477264433,28430000
2016-03-10,35.39875411987305,35.578523656695694,34.92896943034372,35.165350761535024,56670000
2016-03-11,36.09400177001953,36.09896884751806,35.61254760827479,35.755319829004655,39416000
2016-03-14,36.27625274658203,36.52504988005354,36.01106539581116,36.09350144481709,34366000
2016-03-15,36.168983459472656,36.365635747979944,35.992191900318694,36.09896321163235,34420000
2016-03-16,36.55434799194336,36.62287925567765,35.97928097114957,36.07165117293208,32488000
2016-03-17,36.638275146484375,36.90097707641073,36.549879358851335,36.57222552298745,37216000
2016-03-18,36.629337310791016,36.84783945175366,36.34279644243667,36.840887059239805,59614000
2016-03-21,36.85231018066406,36.872671029356034,36.42652444622926,36.57471080909499,36730000
2016-03-22,36.7857666015625,36.996823823445865,36.62238726141863,36.62238726141863,25394000
2016-03-23,36.65217971801758,37.032575990034935,36.55732786723966,36.86571857009246,28642000
2016-03-24,36.51511764526367,36.636634859103424,36.30157879048792,36.35173452511863,31898000
2016-03-28,36.427215576171875,36.698362656352266,36.37606718751755,36.58910969818663,26026000
2016-03-29,36.98540115356445,37.10855891290879,36.190342913012806,36.479861776616374,38076000
2016-03-30,37.27144241333008,37.63644491036666,37.18255029822002,37.25008890720271,35648000
2016-03-31,36.99433898925781,37.2873321260001,36.79520125497996,37.207877837081895,34376000
2016-04-01,37.24065017700195,37.26200368261049,36.599537313615926,36.67899539019902,31534000
2016-04-04,37.01122283935547,37.384170393621275,36.86919322624263,37.248100515387904,22684000
2016-04-05,36.63926696777344,36.887567778114835,36.51859465317728,36.649201121898116,22646000
2016-04-06,37.03108596801758,37.05839920840653,36.528028289298945,36.538458772138554,21074000
2016-04-07,36.76242446899414,37.09613930096968,36.563783064297894,37.01519602587516,29064000
2016-04-08,36.70631790161133,37.01917563244637,36.527540972914,36.94568106069053,25816000
2016-04-11,36.554847717285156,36.99682288217193,36.5523660729952,36.898496725510846,24402000
2016-04-12,36.90196990966797,36.93872097666553,36.302075044404184,36.649202132890416,27060000
2016-04-13,37.330535888671875,37.46263513375988,36.96012302814086,37.203407509457655,34142000
2016-04-14,37.40403366088867,37.608138471402825,37.37945212331529,37.44425902840048,22706000
2016-04-15,37.69206237792969,37.79138118289664,37.3789054195968,37.44276891912083,36186000
2016-04-18,38.06998062133789,38.141489864642146,37.607644606612276,37.764567878794935,31176000
2016-04-19,37.44028091430664,38.23335367943724,37.21184464755962,38.21398549083142,40610000
2016-04-20,37.377716064453125,37.64896168383691,37.24562059959929,37.64240711179627,30584000
2016-04-21,37.69901657104492,37.76406974731523,37.222775793477915,37.512294632423504,61210000
2016-04-22,35.694236755371094,36.55584093338616,35.43799087624664,36.068176984725795,119038000
2016-04-25,35.911746978759766,35.95047957082353,35.536314006032484,35.56164193109815,39184000
2016-04-26,35.16635513305664,36.041663389319204,34.91239006522675,36.02448131561288,54892000
2016-04-27,35.05213165283203,35.20806606044988,34.38296288107857,35.12413722701813,61972000
2016-04-28,34.316165924072266,35.4657999565338,34.24316769414452,35.172306683936974,57346000
2016-04-29,34.41499328613281,34.64392592663481,34.21585553317397,34.300276907059605,49754000
2016-05-02,34.673221588134766,34.793897692387354,34.31517148357974,34.64441936074699,32906000
2016-05-03,34.382713317871094,34.65484930585407,34.36483411189992,34.60667888315487,30876000
2016-05-04,34.5485725402832,34.749695578469805,34.21634671236012,34.2898450511775,33870000
2016-05-05,34.833126068115234,34.87732585493973,34.549566969408005,34.647893119559654,33670000
2016-05-06,35.31433868408203,35.35108596595431,34.6681108889213,34.68166710858715,36586000
2016-05-09,35.40272903442383,35.69125520474056,35.25871411367338,35.358032919612505,30206000
2016-05-10,35.91323471069336,35.92912481002241,35.542768827909754,35.59392100507749,31392000
2016-05-11,35.521419525146484,35.977795810581085,35.3977654399883,35.92466210067336,33842000
2016-05-12,35.423091888427734,35.71807413882659,35.20905670482791,35.609317501688,27214000
2016-05-13,35.299930572509766,35.58954789562333,35.22196527541749,35.35455704998457,26290000
2016-05-16,35.58100891113281,35.6798313863781,35.04269296098135,35.21551010484376,26342000
2016-05-17,35.07149887084961,35.83080246022976,34.96622032129292,35.556181050667114,40024000
2016-05-18,35.09135818481445,35.338169986599134,34.793397996801126,34.944361511562654,35336000
2016-05-19,34.77800369262695,35.06007380838088,34.60320122475581,34.87931160576405,33404000
2016-05-20,35.24580383300781,35.48615959939167,34.787938582043004,34.8425650648016,36568000
2016-05-23,34.97267532348633,35.33211212539648,34.969693561655774,35.08639524895548,26614000
2016-05-24,35.759788513183594,35.80348818409172,35.10278173041036,35.10278173041036,38590000
2016-05-25,36.01702880859375,36.12826709547614,35.74066834804282,35.79305945945323,32584000
2016-05-26,35.95991897583008,36.16898708270369,35.76922261376411,35.8978437712666,31526000
2016-05-27,36.38400650024414,36.447373660640906,35.953950916249134,35.9544472449793,39500000
2016-05-31,36.535980224609375,36.73511799481119,36.31449628681528,36.33833522993,42590000
2016-06-01,36.4580078125,36.60996778458501,36.284694334813345,36.47687967399784,25072000
2016-06-02,36.271785736083984,36.401895886402365,35.9624023560223,36.3760716301323,26836000
2016-06-03,35.87152099609375,36.22658932589706,35.783125213061595,36.21566630320272,24526000
2016-06-06,35.583988189697266,35.999146413246066,35.48764735494879,35.999146413246066,31306000
2016-06-07,35.58895492553711,35.853642159760845,35.58398784856902,35.747370960769395,26724000
2016-06-08,36.166507720947266,36.180908835903104,35.78412231499281,35.95197619446886,31674000
2016-06-09,36.18140411376953,36.22907820590988,35.87132360443545,35.89784499400729,19778000
2016-06-10,35.72602081298828,36.0478162018959,35.57803145783332,35.728998786187255,24328000
2016-06-13,35.67387390136719,36.02546794570818,35.58200381238799,35.58200381238799,25178000
2016-06-14,35.66940689086914,35.877978665493,35.41365356657423,35.58051477504307,26122000
2016-06-15,35.701683044433594,35.90330242444706,35.621732426054486,35.70565746385733,24290000
2016-06-16,35.27659606933594,35.58895741348882,34.924005566575815,35.50254693878969,39650000
2016-06-17,34.35092544555664,35.200117541018976,34.188637286611396,35.19167237348176,68048000
2016-06-20,34.44975280761719,34.88527189207179,34.434855364902305,34.70103159595297,41650000
2016-06-21,34.56049346923828,34.89967170345711,34.36532636840184,34.68265476820298,29312000
2016-06-22,34.63597869873047,34.804821435888634,34.41856393279643,34.7154329901079,23686000
2016-06-23,34.854976654052734,34.85895107350913,34.116530276808035,34.63548185675295,43428000
2016-06-24,33.53153610229492,34.23571683448406,33.44363664578579,33.529050669386734,88980000
2016-06-27,33.18589782714844,33.38652833551927,32.938790481405825,33.32196770057878,52580000
2016-06-28,33.770896911621094,33.78529802580185,33.421291962945624,33.71776320331512,43476000
2016-06-29,33.9730110168457,34.137830056445466,33.83892647334344,33.917888213132386,38652000
2016-06-30,34.36979293823242,34.380719748497704,33.95016402084618,34.04054510922287,31954000
2016-07-01,34.72288513183594,34.794398168766655,34.371291048967926,34.374769139982625,26894000
2016-07-05,34.511329650878906,34.61015212683431,34.20989135737403,34.566452458940674,29252000
2016-07-06,34.65137481689453,34.84554549328299,34.22032265932284,34.264522450748,28238000
2016-07-07,34.53169250488281,34.672725670496796,34.17687042791862,34.66676593566145,26084000
2016-07-08,35.04170227050781,35.04567290118185,34.58507595422363,34.737282200471874,31504000
2016-07-11,35.51148986816406,35.58200645605262,35.12165574173871,35.16188111319866,22236000
2016-07-12,35.7870979309082,35.901314173186485,35.552205594527706,35.711614278187774,26738000
2016-07-13,35.6053466796875,35.95396279061349,35.59889061529423,35.93509092632777,18718000
2016-07-14,35.802494049072266,35.865065579787355,35.65748646838449,35.83377792004499,19004000
2016-07-15,35.747867584228516,36.04036438985294,35.70838860449242,36.039868061029,25586000
2016-07-18,36.439632415771484,36.556334098169636,35.81441343883297,35.88989709633633,25910000
2016-07-19,36.59754943847656,36.59903842483518,36.202255764802906,36.24645175939142,24550000
2016-07-20,36.807613372802734,36.85429101056888,36.60450123944191,36.615924378878994,25794000
2016-07-21,36.68048095703125,36.83244091499842,36.541482378744085,36.7663950890464,20526000
2016-07-22,36.88459396362305,36.90942177419454,36.5776922179001,36.84089050033263,25196000
2016-07-25,36.737091064453125,36.878127994147356,36.624363817463404,36.781787173508945,20648000
2016-07-26,36.67005157470703,36.83243821380213,36.46396148526284,36.7008391115546,23734000
2016-07-27,36.836421966552734,36.970006417602576,36.599540491467984,36.66310847376177,30250000
2016-07-28,37.042015075683594,37.17808116846874,36.713759841845935,37.098130546411205,70604000
2016-07-29,38.17824172973633,38.66292775638557,38.07793024551826,38.37291253992702,76830000
2016-08-01,38.381343841552734,38.756276669775595,37.795850155515176,37.795850155515176,54010000
2016-08-02,38.29146194458008,38.52833961218786,38.13155692128572,38.1732712751886,35690000
2016-08-03,38.396244049072266,38.3977330355425,38.08040463397948,38.09828383793119,25748000
2016-08-04,38.31827926635742,38.44044056765508,38.17848503089609,38.34857048007434,22806000
2016-08-05,38.84516906738281,38.88589076089111,38.354527218887185,38.42603645253769,36024000
2016-08-08,38.82232666015625,38.865529997714276,38.640120950562014,38.834242339944026,22158000
2016-08-09,38.94647979736328,39.17888671796986,38.76323216328399,38.78955274621309,26378000
2016-08-10,38.96733856201172,39.073211946110796,38.87288453017698,38.9211534577973,15728000
2016-08-11,38.97578048706055,39.219114232730306,38.88241761962895,38.98322920864851,19502000
2016-08-12,38.89482879638672,38.9035202334631,38.75478830065121,38.80941477831785,14810000
2016-08-15,38.856101989746094,39.106884464527504,38.74039295407925,38.92115517057123,18764000
2016-08-16,38.592899322509766,38.7835956909438,38.40935615171548,38.749826384501525,20560000
2016-08-17,38.73045349121094,38.77514960472398,38.413621432516805,38.60183613379572,18484000
2016-08-18,38.610774993896484,38.87695500140873,38.58594339800672,38.73542172462235,14388000
2016-08-19,38.507484436035156,38.59091314817575,38.39376450892798,38.486627258000006,17230000
2016-08-22,38.3450927734375,38.463783562882355,38.240806886519835,38.40071570189665,19028000
2016-08-23,38.341617584228516,38.55813440318424,38.32696641200772,38.510460314729556,18564000
2016-08-24,38.22044372558594,38.461792131784854,38.09281902483069,38.267125154649484,21440000
2016-08-25,38.20902633666992,38.33218408450474,37.89988925062162,38.089342890649064,18538000
2016-08-26,38.215484619140625,38.54026176536381,38.032236973240195,38.188667705654225,23334000
2016-08-29,38.3450927734375,38.486129726771196,38.07022510680344,38.175753710193725,16952000
2016-08-30,38.19313430786133,38.460109977701684,38.081399695227226,38.2050537779148,22600000
2016-08-31,38.09183120727539,38.19313533915566,38.008898821056256,38.089842103032844,24972000
2016-09-01,38.17774200439453,38.28898029245286,37.955265428277876,38.20108461654465,18502000
2016-09-02,38.310829162597656,38.43299045948683,38.15936552193957,38.387801804957256,21454000
2016-09-06,38.7389030456543,38.8342474403258,38.28798638412304,38.40965515209784,28856000
2016-09-07,38.75231170654297,38.870502384367306,38.546221566448246,38.734928830125014,17874000
2016-09-08,38.50251388549805,38.752307459305534,38.41610720804843,38.66490433547473,25406000
2016-09-09,37.7248420715332,38.39947422077342,37.7248420715332,38.243293549789996,37710000
2016-09-12,38.189659118652344,38.252726980667774,37.44376400901771,37.49987947845845,26220000
2016-09-13,37.72633361816406,38.05061445210175,37.53315559643277,37.964203972143615,27900000
2016-09-14,37.86537551879883,38.12311035389436,37.69752545170092,37.722353258339275,21748000
2016-09-15,38.32572937011719,38.427033497894534,37.73973928399693,37.88524320063846,26102000
2016-09-16,38.18270492553711,38.225908265477585,37.97314050049215,38.225908265477585,40986000
2016-09-19,38.024784088134766,38.436964322487626,37.96226181377783,38.35849890605736,23456000
2016-09-20,38.308345794677734,38.403693974537724,38.16532352488775,38.18866613539865,19572000
2016-09-21,38.547210693359375,38.59389212333494,38.15395156619898,38.37041912729172,23356000
2016-09-22,39.092979431152344,39.224082238481486,38.657460322910715,38.734929302521124,29724000
2016-09-23,39.07758331298828,39.178391109572736,38.94101710755788,39.06218575274777,28238000
2016-09-26,38.447391510009766,38.870994889858615,38.39077971535209,38.870994889858615,30664000
2016-09-27,38.88440704345703,39.03239260749352,38.452263735936675,38.51145947705923,23064000
2016-09-28,38.81239700317383,38.824812801961805,38.48513821888617,38.62816049183323,22196000
2016-09-29,38.48712158203125,39.02295590797525,38.448487497863084,38.806435299753005,26294000
2016-09-30,38.600337982177734,38.78160026622037,38.44142564616335,38.552667691265476,31706000
2016-10-03,38.365455627441406,38.539515506871794,38.21349564302239,38.449384458967536,25576000
2016-10-04,38.55763626098633,38.67086363652972,38.3818411464527,38.537771742666976,24028000
2016-10-05,38.55962371826172,38.837719385317655,38.518902025761484,38.700656866905994,29224000
2016-10-06,38.57899475097656,38.75876430791211,38.513445241944744,38.68526974827976,21414000
2016-10-07,38.490596771240234,38.71804038523257,38.27556516570085,38.71804038523257,18664000
2016-10-10,39.029911041259766,39.200742888214016,38.52983129942713,38.621208852374465,23498000
2016-10-11,38.88738250732422,39.3447514154135,38.7637284316488,39.065663064082095,27450000
2016-10-12,39.03984451293945,39.13867079541276,38.83723244777211,38.921653825860986,18748000
2016-10-13,38.645042419433594,38.79551341066446,38.387307567375906,38.79551341066446,27306000
2016-10-14,38.66192626953125,38.931084270033956,38.53628687179374,38.81686801346163,17050000
2016-10-17,38.73294448852539,39.02544132289396,38.61077938797773,38.72499943779197,21860000
2016-10-18,39.49274444580078,39.80808756353253,39.01129028397833,39.12476394614826,41138000
2016-10-19,39.8026237487793,39.95656905074867,39.63030291238997,39.64072960738455,35336000
2016-10-20,39.577659606933594,39.925283022934174,39.53097817448552,39.89201004673427,35150000
2016-10-21,39.696842193603516,39.70329825718603,39.43016963770261,39.47982904226599,25324000
2016-10-24,40.37916946411133,40.48196635458242,39.96748936220922,39.971459992506055,33950000
2016-10-25,40.10902404785156,40.556462613116445,39.98338465055827,40.556462613116445,31528000
2016-10-26,39.68194580078125,40.074757876962856,39.54538338181204,40.0429776758111,32954000
2016-10-27,39.49720764160156,39.90143901552924,39.306014976523464,39.777784951954864,54984000
2016-10-28,39.49820327758789,40.49736622585623,39.40980749443379,40.14279043560896,85398000
2016-10-31,38.960384368896484,39.572194892595306,38.93356745728675,39.503167298272366,48546000
2016-11-01,38.9141960144043,39.206196467219065,38.51343893776641,38.878441398169535,48128000
2016-11-02,38.17376708984375,38.81686526490256,37.9130504870776,38.645537103405665,37448000
2016-11-03,37.847496032714844,38.23584111643439,37.6935507508907,38.10175656426476,38864000
2016-11-04,37.842041015625,38.2562066137455,37.272982924481084,37.27790074787388,42696000
2016-11-07,38.860069274902344,38.99266105825379,38.364956643270624,38.46179380725164,31702000
2016-11-08,39.256858825683594,39.51126715133957,38.744363278734966,38.903771986271295,27338000
2016-11-09,38.99862289428711,39.292464730602525,38.321259038748636,38.731950326735145,52142000
2016-11-10,37.86885070800781,39.28962794349983,37.35338102573526,39.28962794349983,94904000
2016-11-11,37.44475555419922,37.78045949195309,37.26399335262778,37.5698986168256,48636000
2016-11-14,36.55385208129883,37.634954753938246,36.12975236739363,37.52321636090569,73088000
2016-11-15,37.6667366027832,37.961021716782845,37.09465131203383,37.09465131203383,47680000
2016-11-16,37.96419906616211,38.057561927211914,37.270448826804646,37.5033520730693,29452000
2016-11-17,38.299407958984375,38.37240618576779,37.95178454560374,38.085372778237584,26080000
2016-11-18,37.7685432434082,38.486628822647226,37.74172632930566,38.306362934531286,30942000
2016-11-21,38.1985969543457,38.22342855166827,37.77151924403222,37.871338173397554,26612000
2016-11-22,38.15241622924805,38.58396090583992,38.08934457727638,38.368933060822805,31862000
2016-11-23,37.79088592529297,38.15305820555196,37.50583784016691,38.125597203079785,29568000
2016-11-25,37.82515335083008,37.99002545902776,37.76754889423854,37.95327818038521,11748000
2016-11-28,38.15092086791992,38.71158678356653,37.73179201859136,37.741722383738974,43764000
2016-11-29,38.2800407409668,38.66043702235786,38.15092325335685,38.314306375461484,32332000
2016-11-30,37.64439010620117,38.38681090151255,37.484981408493404,38.24180331755643,47858000
2016-12-01,37.141822814941406,37.73426885458663,36.60077521727526,37.61458921539783,60358000
2016-12-02,37.269954681396484,37.44376449803374,36.90246673905505,36.976461414126994,29050000
2016-12-05,37.86686706542969,37.935398333068584,37.389137296087796,37.62800407514363,27884000
2016-12-06,37.69752883911133,38.18022569636298,37.60962937844165,37.97661720427727,33814000
2016-12-07,38.297420501708984,38.30586188024104,37.53314991037729,37.79138107582144,35220000
2016-12-08,38.5571403503418,38.64454347414097,38.100764119155826,38.36148071536686,29762000
2016-12-09,39.19626998901367,39.203222381436674,38.686309163209344,38.73492665616408,36438000
2016-12-12,39.195274353027344,39.29360049714261,38.951194249135774,38.98520982103262,42082000
2016-12-13,39.534454345703125,39.945641932323774,39.397391816829575,39.42520138565786,42904000
2016-12-14,39.58262252807617,39.926767817285494,39.43066256573201,39.599008955650184,34084000
2016-12-15,39.621360778808594,39.877110301670584,39.376534278589055,39.596032854297725,32530000
2016-12-16,39.271263122558594,39.770645777122034,39.2459351932856,39.748000297202104,48876000
2016-12-19,39.440101623535156,39.61192612562435,39.04629688390096,39.24245665482477,24642000
2016-12-20,39.550350189208984,39.66109215178799,39.39392323621711,39.567236737746896,19020000
2016-12-21,39.45798110961914,39.56306264253778,39.08751518970622,39.52154530207546,24226000
2016-12-22,39.294097900390625,39.39639846642992,39.161009793162656,39.34872437945268,19444000
2016-12-23,39.22705841064453,39.367599037520414,39.09645193817822,39.27622148753949,12468000
2016-12-27,39.30850601196289,39.621863829148445,39.11518022358089,39.26530266533725,15782000
2016-12-28,38.985713958740234,39.441593942336766,38.893843859323255,39.41527714464004,23076000
2016-12-29,38.87348175048828,39.02941615989755,38.681296389133344,38.900298664981534,14886000
2016-12-30,38.32870864868164,38.87298439748577,38.25868839102511,38.871495410890944,35400000
2017-01-03,39.03984451293945,39.21315801797928,38.52636006227842,38.67583462508078,33146000
2017-01-04,39.07758331298828,39.29807455702289,38.891854031356885,39.15008521081367,21460000
2017-01-05,39.43115997314453,39.45400246436908,38.98421778085654,39.036858944079945,26704000
2017-01-06,40.033538818359375,40.12044561798142,39.34097823664731,39.49274119617562,32804000
2017-01-09,40.05836868286133,40.223039973673075,39.868664991654,40.04595288505653,25492000
2017-01-10,39.965999603271484,40.18152755376016,39.90243541480071,40.11845969411395,23536000
2017-01-11,40.12094497680664,40.132864447216406,39.79616782391554,39.97643371159074,21318000
2017-01-12,40.043968200683594,40.09511659037095,39.686910764200164,40.082700792370545,27062000
2017-01-13,40.119449615478516,40.285511378049776,40.06035239045943,40.09958509754192,21984000
2017-01-17,39.95706558227539,40.08270498433531,39.746508478144705,40.07972701111318,27242000
2017-01-18,40.029563903808594,40.036266236709395,39.77728869962549,40.01665177801666,25888000
2017-01-19,39.83614730834961,40.19891449599214,39.81752550186526,39.9823976343114,18386000
2017-01-20,39.97742462158203,40.07128381660806,39.81205618476368,40.07128381660806,33400000
2017-01-23,40.687068939208984,40.76453791623262,39.913860577982106,40.08816672347774,39272000
2017-01-24,40.91352081298828,41.01432861444819,40.61312440051975,40.83555550542103,29480000
2017-01-25,41.499507904052734,41.504474981067396,40.972611285994205,41.19906225936507,29890000
2017-01-26,41.324703216552734,41.61521850699497,41.069450006604846,41.60578068143234,59478000
2017-01-27,40.88570785522461,41.81137246969029,40.74318191989864,41.45183338843416,59316000
2017-01-30,39.843345642089844,40.51474978535619,39.71820256892715,40.45615266850683,64932000
2017-01-31,39.568721771240234,39.79020567427056,39.257353094261234,39.57219607311643,43212000
2017-02-01,39.514339447021484,39.78722175996038,39.290620203235854,39.712234439932516,40594000
2017-02-02,39.655128479003906,39.86221126827818,39.33084767445946,39.420236119623816,30642000
2017-02-03,39.8021240234375,40.02608956435997,39.746504884825995,39.87661502372638,29268000
2017-02-06,39.794677734375,39.81106416415677,39.49224675530675,39.713234336782186,23690000
2017-02-07,40.07426071166992,40.24956329826968,39.81652586207225,39.9262751548176,24824000
2017-02-08,40.14427947998047,40.31610396961254,39.88654463991716,40.07574821565411,23106000
2017-02-09,40.202884674072266,40.257511159842615,39.953591186021384,40.200399240956344,19794000
2017-02-10,40.406982421875,40.48544784205403,40.21380442193931,40.30915259983527,22700000
2017-02-13,40.68359375,40.7689585215192,40.49736813863291,40.52269227572555,24266000
2017-02-14,40.74367904663086,40.870314884677214,40.52269147704823,40.671673478713465,21094000
2017-02-15,40.67068099975586,40.87031506425499,40.64535307428137,40.689549072884205,26272000
2017-02-16,40.92791748046875,40.93983694936543,40.670678974194104,40.71785294343522,25752000
2017-02-17,41.12208557128906,41.12208557128906,40.803514483910234,40.871303143869824,32220000
2017-02-21,41.30037307739258,41.389265197238984,41.13599729444414,41.15139106662622,25246000
2017-02-22,41.25567626953125,41.37933035132166,41.150397721542454,41.15139037924473,19658000
2017-02-23,41.28398132324219,41.34009678727979,40.86435237617926,41.22389144007181,29456000
2017-02-24,41.15039825439453,41.16827745957653,40.92990700099938,41.105209595736824,27844000
2017-02-27,41.18217468261719,41.2427608910433,40.91996912071753,40.947282357947465,22030000
2017-02-28,40.8807373046875,41.14542451617604,40.73125898982144,40.999920620297,45216000
2017-03-01,41.47815704345703,41.52856283813075,41.08186686759317,41.16082862096021,29930000
2017-03-02,41.24922561645508,41.4419035150586,41.20005874810038,41.40913065451548,18850000
2017-03-03,41.172245025634766,41.28547240581915,41.006929640672915,41.24574336755201,17928000
2017-03-06,41.107688903808594,41.162315385195306,40.84051623159699,41.06647087835388,22180000
2017-03-07,41.31278991699219,41.38728092425163,41.04512089299215,41.08882056634195,20752000
2017-03-08,41.4846076965332,41.62266287593509,41.306823481201555,41.39223749855806,19796000
2017-03-09,41.64898681640625,41.81385893391926,41.42700656792362,41.515898690846,25230000
2017-03-10,41.87593078613281,41.958366838282195,41.68970517554147,41.877423561413025,34080000
2017-03-13,41.98965072631836,42.14583137878618,41.8759270238179,41.91317441585155,24472000
2017-03-14,41.993629455566406,42.074080200656226,41.754270113389026,41.89530329297005,15598000
2017-03-15,42.07209014892578,42.14310305961011,41.75277642649261,42.09145833968597,27630000
2017-03-16,42.150550842285156,42.253347739782065,42.01895171809019,42.16296664035007,19552000
2017-03-17,42.3164176940918,42.379981885256946,42.0676205467328,42.29109355665675,34246000
2017-03-20,42.131675720214844,42.22206060142159,41.970281724170036,42.21163011944799,24630000
2017-03-21,41.24077606201172,42.38494659413062,41.16926682454289,42.280660710834574,49270000
2017-03-22,41.197574615478516,41.49354952162154,41.07789495578951,41.31278731560145,28030000
2017-03-23,40.60115432739258,40.84895879314071,40.33681188300382,40.77098970666979,69742000
2017-03-24,40.44472885131836,40.817180091363106,40.1696111109964,40.725309997891785,39620000
2017-03-27,40.696998596191406,40.802280930814625,39.8954843494107,40.073268582527874,37886000
2017-03-28,40.767024993896484,41.018800126573,40.42471720211797,40.74169706645991,32410000
2017-03-29,41.28795623779297,41.35524478986371,40.83952501898727,40.969635163506496,35726000
2017-03-30,41.292423248291016,41.40067975866689,41.16827284994304,41.391742051461605,21106000
2017-03-31,41.19608688354492,41.29938011709778,41.08832290152005,41.1667883259737,28038000
2017-04-03,41.64253616333008,41.756752429718965,41.17920366704653,41.17920366704653,33430000
2017-04-04,41.444881439208984,41.47517265259384,41.17006303234588,41.28547274478066,20908000
2017-04-05,41.28795623779297,41.83620638637659,41.25369060350649,41.49156472812415,31106000
2017-04-06,41.1126594543457,41.53526643878369,41.0421428669225,41.337121344808885,25088000
2017-04-07,40.953250885009766,41.14270454122991,40.7468121727774,41.116630225932994,21146000
2017-04-10,40.95622634887695,41.18565530355066,40.90855225860102,40.98900299633599,19578000
2017-04-11,40.8876953125,41.090159593720344,40.573348658727596,40.955233923170944,21594000
2017-04-12,40.93586730957031,41.05207267295659,40.771987853800695,40.817180301861455,18010000
2017-04-13,40.89812469482422,41.03816520085013,40.79284236211906,40.827604324209524,22448000
2017-04-17,41.57400131225586,41.6028035408238,40.94331510180109,40.970132014956036,17900000
2017-04-18,41.556617736816406,41.66139995463693,41.352516707239054,41.42750025051667,16734000
2017-04-19,41.625648498535156,41.82478625480294,41.53030031028868,41.7041101384619,19084000
2017-04-20,41.796478271484375,41.972769735289475,41.68076923850333,41.78604778792849,19180000
2017-04-21,41.872955322265625,41.907220957908365,41.744334159196214,41.85756154986221,26472000
2017-04-24,42.84479904174805,42.87906467252108,42.20418253931587,42.27072848567783,27450000
2017-04-25,43.31856155395508,43.45264232607399,42.84728406427388,42.95604069949029,33440000
2017-04-26,43.290252685546875,43.50478798702769,43.09250921184515,43.414403094541704,24744000
2017-04-27,43.41539764404297,43.472505768829805,43.223212304043464,43.3831173267084,40536000
2017-04-28,44.9901237487793,45.53092140380154,44.980689711627015,45.22352713220469,65526000
2017-05-01,45.31837463378906,45.47281624804314,44.766150101679706,44.7904853686707,42320000
2017-05-02,45.51055908203125,45.72559071305878,45.163583542087615,45.171877159219484,31744000
2017-05-03,46.03696060180664,46.0895979822705,45.317037485932474,45.4320986395571,29990000
2017-05-04,46.26638412475586,46.47843397456853,45.915286435318315,45.98878477430695,28442000
2017-05-05,46.041419982910156,46.42727961410406,45.94557548608355,46.359741012671826,38226000
2017-05-08,46.397491455078125,46.52784787029026,45.948563905172,45.991270918840286,26596000
2017-05-09,46.291717529296875,46.556404784722126,46.16061472373326,46.52909154236429,31636000
2017-05-10,46.12336730957031,46.28327234401138,45.94359775444273,46.28227968629254,23478000
2017-05-11,46.213748931884766,46.309593445601436,45.83782338753241,45.95154331792755,16700000
2017-05-12,46.29419708251953,46.354783299583715,46.07718392880792,46.25993144890509,21012000
2017-05-15,46.535545349121094,46.593646133035826,46.15117465931676,46.33044787695571,22162000
2017-05-16,46.82953643798828,46.834996055354104,46.56037843848414,46.68055442961985,19390000
2017-05-17,45.668479919433594,46.647429866643996,45.59498536069503,46.46552723443464,47242000
2017-05-18,46.19586944580078,46.34137335458567,45.62527316231934,45.73700776741191,31938000
2017-05-19,46.38309097290039,46.569066531939164,46.23361263425482,46.256955245574495,27860000
2017-05-22,46.77292251586914,46.7740667244071,46.432255261926,46.432255261926,22408000
2017-05-23,47.11855697631836,47.250004552254595,46.80842723260877,47.07386086017955,25416000
2017-05-24,47.42346954345703,47.42992560701854,47.15232245141288,47.32513960354392,20496000
2017-05-25,48.14752197265625,48.300921702953445,47.44880075003032,47.54117096897533,33210000
2017-05-26,48.24335479736328,48.41766091969617,47.92354098846354,48.15545534863653,25040000
2017-05-30,48.46235656738281,48.47825045586144,48.14502816940238,48.185749865080176,29334000
2017-05-31,47.91510009765625,48.63070391434178,47.68268940633594,48.41964672724828,48962000
2017-06-01,48.018890380859375,48.24484501261346,47.674248757684914,48.118209182911784,28210000
2017-06-02,48.44845199584961,48.462356780348514,47.971714903557256,48.14353939451364,35020000
2017-06-05,48.849708557128906,49.010113706720915,48.423627287365626,48.49563285856803,25042000
2017-06-06,48.49662399291992,49.076654330212975,48.425611081651645,48.82388655689689,36292000
2017-06-07,48.71364212036133,48.864609443161925,48.46534130052848,48.66696068723815,29078000
2017-06-08,48.8363037109375,48.89390816768896,48.52791300048353,48.783662542685406,29638000
2017-06-09,47.16870880126953,48.890424117837284,46.46353546578647,48.890424117837284,66188000
2017-06-12,46.82456970214844,47.145126155887894,45.45062155702196,46.6587049340819,75270000
2017-06-13,47.34599304199219,47.67275924736612,46.88365709007128,47.27200216444717,40266000
2017-06-14,47.21489334106445,47.73086314629241,46.79228639740928,47.66978060208835,29794000
2017-06-15,46.79526901245117,46.84636814957453,45.907840637582325,46.38110344001082,42662000
2017-06-16,46.66962432861328,46.78185905021697,46.263157549317235,46.68055114011465,61894000
2017-06-19,47.543148040771484,47.67325817771824,47.12997513799296,47.17516758182106,30666000
2017-06-20,47.20843505859375,47.75419967884957,47.17764373161372,47.55059122408069,22520000
2017-06-21,47.64643859863281,47.67871891384544,47.21489018744169,47.35791244318833,24044000
2017-06-22,47.52924728393555,47.709513168166374,47.40311155561396,47.60920169564918,18828000
2017-06-23,47.951358795166016,47.971719645106866,47.385729534183646,47.51633601337251,30558000
2017-06-26,47.289878845214844,48.33473054230335,47.21638429449207,48.16538770081943,31968000
2017-06-27,46.051353454589844,47.09223066098071,46.02751451854566,46.80271185967484,51598000
2017-06-28,46.70488739013672,46.81711832533279,45.48870748080585,46.134291100136075,54428000
2017-06-29,45.577598571777344,46.246520997266416,45.22153379485336,46.17997504825767,65984000
2017-06-30,45.127681732177734,45.98779690089738,45.1068245540642,45.98779690089738,41804000
2017-07-03,44.62958908081055,45.38640719362754,44.43541463395933,45.29900785431118,34196000
2017-07-05,45.275665283203125,45.414713131116784,44.619654965087086,44.78154909427921,36278000
2017-07-06,45.026371002197266,45.436266622110274,44.679247717506776,44.8987462972256,28490000
2017-07-07,45.617332458496094,45.76382903888058,45.13364292665403,45.13364292665403,32756000
2017-07-10,46.12436294555664,46.20282837565042,45.666993977684555,45.77525429634702,23856000
2017-07-11,46.188419342041016,46.254961501021576,45.7866658002782,46.16110610261206,22264000
2017-07-12,46.87075424194336,46.99341187675181,46.40593280286138,46.61500091141655,30642000
2017-07-13,47.03611755371094,47.398138261268436,46.83002744070751,46.992910427160865,25894000
2017-07-14,47.4746208190918,47.52030959562875,47.07808436987258,47.27647572950478,21076000
2017-07-17,47.34699249267578,47.71050220672332,47.13946263581184,47.52477293035039,23310000
2017-07-18,47.94192123413086,48.07302403255265,47.2069491635749,47.32613628124541,23080000
2017-07-19,48.21455764770508,48.32132897615127,47.873890389721346,48.063093987888415,24490000
2017-07-20,48.07848358154297,48.463346778240926,47.74873940222601,48.41865445427706,32490000
2017-07-21,48.31536102294922,48.33075479299607,47.68120059059123,47.785486468154446,34220000
2017-07-24,48.683841705322266,48.974853317089625,48.208597378198625,48.28060294631745,64966000
2017-07-25,47.2119140625,47.658856261219995,46.94871582013421,47.36635567523618,93220000
2017-07-26,47.06789779663086,47.42545154537502,46.79372349675515,47.40956144638132,41766000
2017-07-27,46.387062072753906,47.265552790751535,45.68735204157309,47.265552790751535,64260000
2017-07-28,46.756534576416016,46.87075462171569,46.05980252976666,46.154158054632916,36928000
2017-07-31,46.208778381347656,46.85882890779824,45.98729071297458,46.77440754878271,39402000
2017-08-01,46.22517013549805,46.55377014048566,46.14720483049822,46.30214278280957,25554000
2017-08-02,46.20331954956055,46.313068842652505,45.5224776270755,46.114923762729724,36488000
2017-08-03,45.86860656738281,46.29518792552726,45.798586316387016,46.20083240738434,24050000
2017-08-04,46.0826416015625,46.19919552044825,45.837818888219864,46.02255550464058,21646000
2017-08-07,46.152164459228516,46.26836980863224,46.01013864566691,46.13726701754564,20644000
2017-08-08,46.024539947509766,46.47267181730712,45.96593904937776,46.039437389253806,21232000
2017-08-09,45.83135986328125,45.98431248173098,45.550778760682455,45.71763616262762,23842000
2017-08-10,45.053688049316406,45.650604966120795,44.9985652353183,45.56568347646835,36480000
2017-08-11,45.40876007080078,45.57710648548658,44.97125186213058,45.089938869229975,24136000
2017-08-14,45.819942474365234,45.91916277841966,45.5974659105163,45.81299008174496,21290000
2017-08-15,45.7975959777832,46.012623818605746,45.67841264641,45.89741111797543,17668000
2017-08-16,46.03298568725586,46.31803378893454,45.85842948149338,45.950053303423275,20134000
2017-08-17,45.23941421508789,46.0280163154667,45.23941421508789,45.97438628053448,25544000
2017-08-18,45.224021911621094,45.45270447986538,45.04941645488731,45.20614270688362,26854000
2017-08-21,45.02488327026367,45.33973003525255,44.86298913948178,45.19074803172797,18868000
2017-08-22,45.92025375366211,45.97835453382191,45.263993412414074,45.325822341754,23334000
2017-08-23,46.03496551513672,46.180469416139545,45.655561933673276,45.78319042052832,21804000
2017-08-24,45.75091552734375,46.225667336426845,45.46388211044637,46.11740702604226,25406000
2017-08-25,45.48324203491211,45.96320714408384,45.46387763399187,45.860660308766455,21068000
2017-08-28,45.37995147705078,45.64985585462256,45.28361064051838,45.48870811196751,21730000
2017-08-29,45.75141143798828,45.85271935472772,44.94244845692927,44.947415534188906,23712000
2017-08-30,46.162593841552734,46.224619785596026,45.66996288753133,45.68982740555826,26024000
2017-08-31,46.64727783203125,46.77887695407523,46.27135232709874,46.27135232709874,31652000
2017-09-01,46.548458099365234,46.80371130872334,46.43970146261315,46.736669027332354,18948000
2017-09-05,46.10697937011719,46.531571645984286,45.78468387872006,46.33690465390773,26528000
2017-09-06,46.075191497802734,46.229386837933944,45.651095586515034,46.19139684639884,30554000
2017-09-07,46.479427337646484,46.50226982914029,45.86711671643292,46.26985912865714,24254000
2017-09-08,46.0101432800293,46.53107640644349,45.92969254031499,46.506248597394425,20230000
2017-09-11,46.13825988769531,46.600099525839425,46.030996033822795,46.39500585419847,25340000
2017-09-12,46.286746978759766,46.35676723040893,45.87908673219874,46.312571232601044,22688000
2017-09-13,46.43672180175781,46.54398565931495,46.176997853490384,46.21672689203879,22052000
2017-09-14,45.94111251831055,46.321508777230385,45.88598970906537,46.246025120031156,27952000
2017-09-15,45.70174789428711,46.009642247423336,45.5065845887509,45.91876482227936,50108000
2017-09-18,45.43904113769531,45.79063512070761,45.220535246594274,45.68783823769066,26138000
2017-09-19,45.7772331237793,45.807524336946194,45.31737878785614,45.55922353067906,18734000
2017-09-20,46.262413024902344,46.37663306637203,45.78666857446864,45.83533532182918,33396000
2017-09-21,46.30562210083008,46.508234148939,45.87755172209644,46.33293534306164,25812000
2017-09-22,46.1109504699707,46.41884485050869,46.009150013308236,46.07221787596049,21054000
2017-09-25,45.73552322387695,46.0051775620199,45.1758536976335,45.95799979803187,37136000
2017-09-26,45.9286994934082,46.22467440545895,45.74396286420554,45.87208769428299,33338000
2017-09-27,46.903526306152344,47.17218797097169,46.07172084567055,46.07172084567055,44788000
2017-09-28,47.15232467651367,47.211421909016345,46.70786787130428,46.748093241062,20406000
2017-09-29,47.62955856323242,47.663127061955755,47.25214027877135,47.27647175719136,31620000
2017-10-02,47.33954620361328,47.7998931044617,47.06988808838909,47.672764721532324,25668000
2017-10-03,47.56400680541992,47.574437288486024,47.13444745976578,47.37579588032299,17766000
2017-10-04,47.260581970214844,47.69312306655933,47.21141889546128,47.524772876701135,19048000
2017-10-05,48.16836929321289,48.215547050836626,47.43438992478544,47.44978748397134,24276000
2017-10-06,48.61183547973633,48.640141377770526,47.840612474201336,48.006477231816284,23478000
2017-10-09,48.517982482910156,48.936372579690655,48.4737864793337,48.66696450199574,17828000
2017-10-10,48.299476623535156,48.74492608249262,47.975692141706766,48.6669607767078,19368000
2017-10-11,49.126319885253906,49.19882178651549,48.28209480452601,48.35509682341753,33866000
2017-10-12,49.05579376220703,49.36815886197005,48.9152569358924,49.03692569019757,25248000
2017-10-13,49.147674560546875,49.52161479460159,49.11390525341363,49.26288347912733,23396000
2017-10-16,49.26287841796875,49.35758250350469,48.86559940144442,49.26784549494657,18210000
2017-10-17,49.27181625366211,49.48336597870306,49.09353571222286,49.17795707072566,25804000
2017-10-18,49.303104400634766,49.49727505754901,49.01333929612928,49.25145968123735,21152000
2017-10-19,48.8879508972168,49.10794582946417,48.587008893110905,48.964923549305624,26272000
2017-10-20,49.07417297363281,49.21322082396731,48.894403425876106,49.135751848605196,23664000
2017-10-23,48.0933837890625,49.139724508517396,47.97767476461677,49.139724508517396,29568000
2017-10-24,48.197174072265625,48.28109910956792,47.72341494448853,48.17035716043205,24244000
2017-10-25,48.33572006225586,48.47278257871932,47.69957433852291,48.089404595639266,24226000
2017-10-26,48.2974853515625,49.0443768830731,48.27960993625574,48.66695859231798,40842000
2017-10-27,50.61711502075195,52.06321644327847,50.06737589801771,50.11653897414333,103354000
2017-10-30,50.50984191894531,50.90017230156612,50.0326085342165,50.355400314771764,41702000
2017-10-31,50.486507415771484,50.8520062354526,50.177620392249494,50.41599083498486,26614000
2017-11-01,50.92649459838867,51.13357737060361,50.50189857164349,50.51481069795317,27468000
2017-11-02,50.93046951293945,51.055116249792526,50.30624317099283,50.7407695990364,20980000
2017-11-03,51.27312469482422,51.281566073694215,50.66875909767566,50.75814754097896,21528000
2017-11-06,50.94636154174805,51.39181479868578,50.90166921178141,51.09981430101464,22504000
2017-11-07,51.315330505371094,51.34711449128504,50.908117366493435,51.0143885574459,22246000
2017-11-08,51.639122009277344,51.82147550210758,51.0729964409067,51.175793344448564,21774000
2017-11-09,51.2125358581543,51.348109397045064,50.63677550162925,51.348109397045064,24904000
2017-11-10,51.05412673950195,51.1877111924913,50.91557520903036,50.97417611476484,14400000
2017-11-13,50.938907623291016,51.22842644712833,50.78099170917024,50.82320239053347,17716000
2017-11-14,50.951324462890625,50.99154982984127,50.36285276704677,50.7819854051663,19184000
2017-11-15,50.69855880737305,50.85647473129203,50.42592272365695,50.61413365063871,17080000
2017-11-16,51.27412033081055,51.44395951958307,50.77851133883399,50.77851133883399,22594000
2017-11-17,50.60817337036133,51.36946602666553,50.541631207647846,51.34910517815319,27942000
2017-11-20,50.572914123535156,50.78297866830331,50.52921445433098,50.666276985380925,19070000
2017-11-21,51.3729362487793,51.403727577904526,50.78521096910752,50.81773755462986,21940000
2017-11-22,51.44593811035156,51.63196289986532,51.22097613755846,51.39826402480091,14926000
2017-11-24,51.676856994628906,51.80438697552622,51.398264985557006,51.44146832400537,10740000
2017-11-27,52.35223388671875,52.41430908410449,51.569095257590824,51.64656422493373,26158000
2017-11-28,52.014549255371094,52.757716433265045,51.646568786414825,52.39594196908772,28488000
2017-11-29,50.735801696777344,51.849180931288444,50.437345151314396,51.77965700703368,49188000
2017-11-30,50.723384857177734,51.07497889066422,50.40506379863794,50.77105894551231,34480000
2017-12-01,50.16520309448242,50.77701738857253,49.7604753659101,50.44479155391781,38192000
2017-12-04,49.594608306884766,50.459690504278086,49.44016668950825,50.2888586693815,38128000
2017-12-05,49.91591262817383,50.68365756747001,49.07814743481184,49.45854370819862,41346000
2017-12-06,50.572914123535156,50.90017668005054,49.71677342206753,49.73465262607087,25440000
2017-12-07,51.19615173339844,51.36052750539634,50.55756976112326,50.67471851922342,29164000
2017-12-08,51.50006866455078,51.748369458896505,51.27520519799166,51.521918497939936,25816000
2017-12-11,51.70119857788086,51.83527935760136,51.25177468654611,51.42310286363393,23856000
2017-12-12,51.6703987121582,52.15855890684014,51.33320960869891,51.62818803312812,25590000
2017-12-13,51.676856994628906,51.977548896112395,51.56611505132387,51.950485715674205,25654000
2017-12-14,52.1009635925293,52.565284932035546,51.801014250160094,51.89487344906006,31174000
2017-12-15,52.84785079956055,53.01818631873,52.11834209057698,52.372106323926594,65518000
2017-12-18,53.49094772338867,53.55799000591776,52.73909286767121,52.94170870181027,31092000
2017-12-19,53.170143127441406,53.47604839449477,52.81606744218992,53.39460500063077,26774000
2017-12-20,52.88559341430664,53.30422596299768,52.71525789871695,53.22477167015922,25372000
2017-12-21,52.820037841796875,53.103100614980534,52.728861098925485,52.88559113517567,19914000
2017-12-22,52.64573287963867,52.84834492150523,52.611963574532616,52.694895956386816,15102000
2017-12-26,52.47788619995117,52.64573628990056,52.15310525528409,52.543932039145744,15212000
2017-12-27,52.11188507080078,52.558827309118435,52.046335563191455,52.51016056007261,25438000
2017-12-28,52.050804138183594,52.37905556891696,51.883446602248384,52.22262863361503,16742000
2017-12-29,51.964393615722656,52.12827306089524,51.88990261439242,51.98028371589961,17750000
2018-01-02,52.8880729675293,52.98441380384693,51.90629286000406,52.060734479904,24752000
2018-01-03,53.756134033203125,53.945337618341206,52.799181717935475,52.853808200584375,28604000
2018-01-04,53.95079803466797,54.30686280983609,53.83171321839722,54.03025611003402,20092000
2018-01-05,54.736915588378906,54.83723083493956,54.22889087011104,54.328213459097235,25582000
2018-01-08,54.97081756591797,55.18584539163745,54.70662666681977,54.7369178791859,20952000
2018-01-09,54.93705368041992,55.15108886962921,54.68731312366994,55.09298808320769,18050000
2018-01-10,54.75579833984375,54.85462083092971,54.43300649177986,54.48216957287986,20856000
2018-01-11,54.900306701660156,54.95021237906043,54.60582077077541,54.93903929656321,19566000
2018-01-12,55.73160934448242,55.83242092274711,54.68328335136789,54.745854879293375,34410000
2018-01-16,55.706783294677734,56.60811263801479,55.51171849196348,56.24062850846902,31506000
2018-01-17,56.21431350708008,56.245104840653894,55.470900006749574,55.92827274039836,24052000
2018-01-18,56.105552673339844,56.24062989033983,55.49523113023211,56.186003408944515,23964000
2018-01-19,56.488929748535156,56.506312623581415,56.031560845536276,56.206859638613906,35564000
2018-01-22,57.3977165222168,57.59983224401274,56.36975124793285,56.48794192654838,32360000
2018-01-23,58.10090255737305,58.18318706020457,57.54371470214178,57.598341185327385,26662000
2018-01-24,57.816349029541016,58.592039005136186,57.65793299087824,58.46639961314115,28332000
2018-01-25,58.12076950073242,58.397376230112876,57.74285485105797,58.22803336742315,29610000
2018-01-26,58.39240646362305,58.39240646362305,57.51193046149692,58.35466652766521,40376000
2018-01-29,58.379493713378906,58.94115230855167,58.200716823597794,58.424189830209066,27578000
2018-01-30,57.789039611816406,58.426178110431614,57.78059444359821,57.99462963560469,31126000
2018-01-31,58.09941101074219,58.25137098376658,57.562584028148855,58.1306948817221,30774000
2018-02-01,57.98816680908203,58.30102823997457,57.48262750486018,57.73539905135586,48242000
2018-02-02,55.21713638305664,55.7718387966346,54.987605133735364,55.7187013008152,97158000
2018-02-05,52.43119812011719,55.122777897330806,52.243979861490146,54.15936957572796,75966000
2018-02-06,53.66277313232422,53.71789594583136,50.80915119580008,51.009929479955936,68960000
2018-02-07,52.072654724121094,53.72137198913794,52.056760834929456,53.70945251943666,47384000
2018-02-08,49.73564910888672,52.57124410115747,49.692942094047645,52.411835394420486,57182000
2018-02-09,51.53632354736328,51.84372159099324,49.29068941563271,50.516799710766655,70118000
2018-02-12,52.2395133972168,52.714265204821956,51.69265372159088,52.043853743983924,41154000
2018-02-13,52.247459411621094,52.55882810219594,51.84953248317332,51.894872692952944,25302000
2018-02-14,53.12147903442383,53.22179050649651,51.981779158529335,52.091028338813956,31116000
2018-02-15,54.10573959350586,54.20302382937582,52.855294089493604,53.58678803875473,36868000
2018-02-16,54.36794662475586,54.85809217760934,54.04579890721773,54.05061822222012,33590000
2018-02-20,54.74834442138672,55.31893693633709,54.05607935429449,54.157883597803604,28462000
2018-02-21,55.18932342529297,56.31313308607461,54.940526297037756,54.94747868911214,30258000
2018-02-22,54.95542526245117,55.75942112133274,54.75479854434672,55.430177040671076,26344000
2018-02-23,55.95657730102539,55.98090878121196,54.86027779162268,55.25388551719448,25220000
2018-02-26,56.7988166809082,56.80924716502189,55.951863644139,56.006736401646634,31182000
2018-02-27,55.534461975097656,56.813209590333905,55.52006086198838,56.67416174736875,35482000
2018-02-28,54.86106872558594,55.993319775245205,54.787074056126805,55.76985056920124,37652000
2018-03-01,53.11253356933594,55.12873475872801,52.98743977156734,55.01700016170242,50318000
2018-03-02,53.579341888427734,53.732245268704624,52.04956169802064,52.29612346619665,45432000
2018-03-05,54.175758361816406,54.48215993613759,53.086710681876056,53.391623269802764,24044000
2018-03-06,54.380855560302734,54.718048485848506,54.11840369458124,54.587442016833315,30656000
2018-03-07,55.10490417480469,55.23302900747795,53.90521669832355,54.08935470562029,25850000
2018-03-08,55.91734313964844,55.99680121956863,55.26182913538599,55.386972201367485,27102000
2018-03-09,57.60776901245117,57.645512733274806,56.23819328122338,56.41393913889506,42560000
2018-03-12,57.82925796508789,58.45249543196276,57.477663922141424,57.79698143568713,43446000
2018-03-13,56.52170944213867,58.43809574392449,56.28135367284526,58.10239179307025,38144000
2018-03-14,57.0838623046875,57.535771628609325,56.68409782151433,56.87131988833076,25828000
2018-03-15,57.08832931518555,57.659421937863144,56.34144156735542,57.10720117704432,27908000
2018-03-16,56.400535583496094,57.401187558269925,56.21331731579902,57.31478087568807,61840000
2018-03-19,54.617244720458984,55.71820823303676,54.08041769116771,55.619882074589974,56118000
2018-03-20,54.512454986572266,54.88440606151624,53.8047962052916,54.57651550051874,36638000
2018-03-21,54.17327880859375,54.939038451876556,53.888727036817016,54.26564901784914,37578000
2018-03-22,52.09748458862305,53.77699325186029,51.940064987171965,53.726341186785326,53340000
2018-03-23,50.7313346862793,52.80663345011149,50.71395559832001,51.99568512074473,43134000
2018-03-26,52.30257797241211,52.42275774489176,50.07730475395165,51.94452787661624,53302000
2018-03-27,49.91343307495117,52.88008160333813,49.50721252981443,52.788757093046144,61906000
2018-03-28,49.88661575317383,50.86342882991546,48.698745460671574,49.560845951307876,67386000
2018-03-29,51.23885726928711,51.7955487579482,49.80417526715805,50.23770901257453,54536000
2018-04-02,49.98146438598633,51.3883368540401,49.18193548169573,50.79340529965234,53608000
2018-04-03,50.32610321044922,50.702525031699146,49.36567289041611,50.35093101657945,45502000
2018-04-04,50.90861892700195,51.08630464932609,49.3125428509459,49.332903699420676,49694000
2018-04-05,51.04121017456055,51.78511994615038,50.65987050626826,51.71261804955385,27260000
2018-04-06,50.009769439697266,51.22048212741883,49.81063171022314,50.65336394061128,34928000
2018-04-09,50.42741394042969,51.62670738697837,50.35937899870158,50.49445622443475,35032000
2018-04-10,51.23141860961914,51.46184025306581,50.223317762788234,50.97318360338671,39490000
2018-04-11,50.65188217163086,51.217708468634854,50.44827366503199,51.05015768733002,29678000
2018-04-12,51.27461624145508,51.680836781622816,50.72463082821065,50.903653993785746,27140000
2018-04-13,51.11371612548828,51.96538608874161,50.80135100759755,51.69026836576851,24460000
2018-04-16,51.5462532043457,51.80746614132314,50.9880764996685,51.49758645777638,24224000
2018-04-17,53.342960357666016,53.52769698062618,52.05676017815766,52.21120558717647,46406000
2018-04-18,53.23966598510742,53.50534587873895,52.94890443644345,53.50534587873895,26882000
2018-04-19,54.01536178588867,54.33641458253585,53.04599739060233,53.10658361250024,34954000
2018-04-20,53.28337097167969,54.24628308361266,53.11502455336005,53.73229854263541,37794000
2018-04-23,53.009742736816406,53.76805364341214,52.674535118665,53.52670521919866,46826000
2018-04-24,50.65237045288086,52.49078751174178,50.18606006610717,52.24248671218052,95206000
2018-04-25,50.71196365356445,51.273622252221834,50.42045949537755,50.927491611331256,47822000
2018-04-26,51.648555755615234,52.04285682034747,50.563482387137995,51.1256335327743,41590000
2018-04-27,51.15244674682617,52.118336712992715,50.930962856257345,51.9445269097178,32396000
2018-04-30,50.520774841308594,51.49758789043829,50.49693590180427,51.15046459125742,33426000
2018-05-01,51.51298141479492,51.570585866134046,50.06786895558887,50.33851591539938,28558000
2018-05-02,50.870880126953125,51.66588906132989,50.79589279498349,51.05561296507841,32062000
2018-05-03,50.838104248046875,51.13382910206482,49.97252567420491,50.60370821178082,36302000
2018-05-04,52.05427551269531,52.06917295438441,50.499417551091646,50.499417551091646,38774000
2018-05-07,52.38104248046875,52.723202495259606,51.99915721398557,52.10493209016548,29322000
2018-05-08,52.337345123291016,52.667089353920694,52.00139488740154,52.56727041950382,24354000
2018-05-09,53.77003860473633,53.90312672017447,52.45925687394358,52.545417287106645,40656000
2018-05-10,54.50550842285156,54.64803057868303,53.913062268580596,53.932426671336124,28860000
2018-05-11,54.53976821899414,54.69222831243921,54.174769510688535,54.308353953399426,25074000
2018-05-14,54.6361083984375,55.160023257487815,54.58198203489954,54.62617803312649,30362000
2018-05-15,53.5947380065918,54.13206135422336,53.30869724523134,54.12957970993695,29898000
2018-05-16,53.72087478637695,54.0933260039402,53.44724604915736,53.49939088667489,21946000
2018-05-17,53.562950134277344,53.97413390664841,53.310178597632,53.6275069754084,20876000
2018-05-18,52.95560836791992,53.133392587263245,52.67353826848486,52.73213537734949,31304000
2018-05-21,53.61212158203125,54.0302616002795,53.31763564871697,53.33799649844075,20464000
2018-05-22,53.122962951660156,53.96023176732551,52.97199564032962,53.809764573575045,21800000
2018-05-23,53.617584228515625,53.67171438405742,52.72469240404421,52.894531592290306,21214000
2018-05-24,53.595237731933594,53.65631649109144,52.94518332936868,53.583318261906264,15336000
2018-05-25,53.41745376586914,53.7601063263529,53.32384462808707,53.58431119202052,17988000
2018-05-29,52.655662536621094,53.30372781109111,52.40239843488871,52.882609843771405,37302000
2018-05-30,53.02711868286133,53.097138933150774,52.48234666250976,52.79024102102777,22770000
2018-05-31,53.88077926635742,54.4866338469949,53.015200735965834,53.015200735965834,61766000
2018-06-01,55.59455108642578,55.619382683488816,54.551688418864316,54.593899102855666,48432000
2018-06-04,56.577327728271484,56.706445213382665,55.71895162592636,55.73509178516148,37792000
2018-06-05,56.595703125,56.89753546827716,56.27440029390383,56.6617489595322,33560000
2018-06-06,56.45764923095703,56.76156919336508,55.9045835518841,56.72035116615059,33964000
2018-06-07,55.81106948852539,56.405004591435265,55.44656332985396,56.18153538180646,30400000
2018-06-08,55.66259002685547,55.95061990290676,55.22955255502781,55.52900557275249,25816000
2018-06-11,56.11548614501953,56.476514215651655,55.54985693605794,55.54985693605794,21586000
2018-06-12,56.57881546020508,56.60215428149233,56.15248415089527,56.16912063860182,18240000
2018-06-13,56.353851318359375,56.93537440070571,56.283831068402755,56.66820173871819,30128000
2018-06-14,57.2144660949707,57.38082718665807,56.64436990817077,56.80377860733619,26868000
2018-06-15,57.221412658691406,57.27902089712634,56.785647348359696,57.052569940005824,42450000
2018-06-18,58.27421569824219,58.31642638249536,56.79086685941903,56.79384483247558,28274000
2018-06-19,58.00605392456055,58.165462634583854,57.308329191874044,57.53130209660337,32420000
2018-06-20,58.094444274902344,58.911155253696585,58.06067497083531,58.36608390514915,32970000
2018-06-21,57.48958206176758,58.46465981906434,57.22002625620092,58.34324111806928,24762000
2018-06-22,57.38132858276367,57.729796924061695,56.973122703278264,57.56308725083389,26220000
2018-06-25,55.85824966430664,56.8067568129822,55.26083644504233,56.791363041356945,43146000
2018-06-26,55.54290771484375,56.275394380758144,55.453470013515066,56.01666686451935,31264000
2018-06-27,54.82382583618164,56.20715866247022,54.805946632406226,55.68592626132702,25878000
2018-06-28,55.33234405517578,55.73409761350508,54.428032932661665,54.72996756524977,21448000
2018-06-29,55.40336227416992,56.02793718273445,55.37108195569077,55.61938277163557,26302000
2018-07-02,55.98984909057617,56.016666003236985,54.318285530261,54.57652050244744,24346000
2018-07-03,54.76970291137695,56.405011864918684,54.62717695749545,56.405011864918684,13580000
2018-07-05,55.8314323425293,55.99183369885461,55.04729718783454,55.1491014311372,21334000
2018-07-06,56.62102508544922,56.65876880839074,55.655979998330174,55.79716470940152,19922000
2018-07-09,57.310306549072266,57.341097878788005,56.782421083591224,57.03369985428242,18180000
2018-07-10,57.25021743774414,57.585425034895565,57.0888234324606,57.45581122859597,15968000
2018-07-11,57.302860260009766,57.818830067313776,56.662243719679154,56.840524276005084,22400000
2018-07-12,58.77180862426758,58.81799372695928,57.40391878787665,57.600324820562044,25038000
2018-07-13,59.03699493408203,59.36460226703109,58.598990431457835,58.84729123837079,24438000
2018-07-16,58.790679931640625,59.14525194104461,58.563236299685386,59.06530132350502,21114000
2018-07-17,59.53260040283203,59.7431612764593,58.1321839963052,58.21263473117882,32208000
2018-07-18,59.38759231567383,59.815662662829155,59.112474598224125,59.421361619329176,27872000
2018-07-19,58.94462585449219,59.592194795613395,58.76386365167626,59.14525257689235,25534000
2018-07-20,58.84282684326172,59.436265684304495,58.80856120696755,58.94463109439221,24948000
2018-07-23,59.86532974243164,59.91449282026018,58.64865344050142,58.649149769354345,52384000
2018-07-24,61.979854583740234,62.86976459960588,61.358109898458814,62.700425537872,66364000
2018-07-25,62.755550384521484,62.86281424697385,61.53539979571826,61.53539979571826,42556000
2018-07-26,62.9854736328125,63.05703212614065,62.02653602168558,62.12486217294581,48112000
2018-07-27,61.50410842895508,63.26158224813694,61.13165722273762,63.11806365589738,42612000
2018-07-30,60.572486877441406,61.32613001607943,60.161799389540505,60.983178154112075,36998000
2018-07-31,60.44932556152344,60.96221508369372,59.87028791185487,60.58589175979802,32894000
2018-08-01,60.585899353027344,61.254325526361335,60.09923184388879,60.982685870968595,31344000
2018-08-02,60.890804290771484,61.07603723366422,59.830062482187294,59.8851852902492,30626000
2018-08-03,60.7696418762207,61.08200322430772,60.34007871912728,61.06313136128772,21792000
2018-08-06,60.8222770690918,60.8877318560435,60.37667606491397,60.83370021001906,21634000
2018-08-07,61.68885040283203,62.13330721379069,61.38840473666652,61.429622764664536,29880000
2018-08-08,61.85719299316406,62.397994401078556,61.47967619255029,61.60193979042473,27406000
2018-08-09,62.03050994873047,62.35041850459936,61.877057199549995,62.070235198722,16972000
2018-08-10,61.45991516113281,61.86141867043205,61.18131934293752,61.7275841673323,22174000
2018-08-13,61.33079528808594,62.03909819011221,61.262809606110416,61.42862510832055,19946000
2018-08-14,61.68288803100586,61.87010630000391,60.83916310403284,61.339735364931016,26962000
2018-08-15,60.306312561035156,61.34222286914161,60.064464012678954,61.04525529643301,36576000
2018-08-16,59.91448974609375,60.88335771621795,59.7188263137549,60.820289856203765,26864000
2018-08-17,59.63986587524414,60.04012664218229,59.00818706615897,59.693003367731244,27792000
2018-08-20,59.978057861328125,60.13845922479993,59.32532479017626,59.841491649443654,17416000
2018-08-21,59.67264938354492,60.44933206894477,59.609778534935565,59.989481482141365,24112000
2018-08-22,59.956207275390625,60.1801728290644,59.542538014030804,59.59219742079416,17748000
2018-08-23,59.859371185302734,60.648965996753866,59.802759384796495,59.946770530375545,19852000
2018-08-24,60.617679595947266,60.66733900153541,59.90798618343914,60.03020053043364,18932000
2018-08-27,61.66898727416992,61.73205513974052,60.86926127820025,60.96282116480366,23126000
2018-08-28,61.13910675048828,61.70498601828036,61.01694545084099,61.6426607576285,26080000
2018-08-29,62.04043960571289,62.107978213081914,61.397788501599045,61.45196790726364,25978000
2018-08-30,61.53490447998047,62.255721739399256,61.21062366551087,61.788664920577844,26628000
2018-08-31,60.495513916015625,61.51205599487815,60.1526113098396,61.32930847478208,36328000
2018-09-04,59.44321060180664,60.23727987199287,59.21974139506892,59.80424245406728,36620000
2018-09-05,58.9207878112793,59.54302879634427,57.70510427829342,59.284297514390566,41226000
2018-09-06,58.17390060424805,58.91185066503176,57.20850690343771,58.91185066503176,37770000
2018-09-07,57.84564971923828,58.36360486638052,57.467485024073696,57.539740653672176,28026000
2018-09-10,57.83621597290039,58.3278543594178,57.61125774784629,58.21115266260741,22308000
2018-09-11,58.467891693115234,58.53344120114919,57.419069254412804,57.68673827028372,24186000
2018-09-12,57.74583053588867,58.529965704628005,57.524346629614776,58.23746888557414,25910000
2018-09-13,58.36708068847656,58.52996748563474,57.7473250683904,58.13914071148943,28624000
2018-09-14,58.22803497314453,58.620104478248024,58.019463180408145,58.55430490832154,18880000
2018-09-17,57.409629821777344,58.461926463578735,57.30931457057218,58.10933978108433,26130000
2018-09-18,57.66637420654297,58.40432424507568,57.46127673699693,57.46127673699693,24072000
2018-09-19,58.156517028808594,58.26179556719146,57.336627306778375,57.85309342257574,23828000
2018-09-20,58.940155029296875,59.09012968926177,58.26924726764407,58.598495143695246,24508000
2018-09-21,57.90822219848633,59.20534546172257,57.905736765431406,59.19491497818568,88112000
2018-09-24,58.269744873046875,58.49967394511351,56.955738890581756,57.46525265154408,25420000
2018-09-25,58.82991027832031,58.94065601840704,58.003071898502036,58.40779965058158,19554000
2018-09-26,58.62332534790039,59.305652445234394,58.339019864831485,58.85473960715712,29246000
2018-09-27,59.326011657714844,59.696477540364384,58.77925432978321,58.93319961249763,25216000
2018-09-28,59.26791763305664,59.36425847512857,58.82246437349704,59.188459549843934,27612000
2018-10-01,59.359291076660156,60.083832703729946,59.11049392225879,59.586734723786854,27152000
2018-10-02,59.59766387939453,60.08681682804497,58.928245039586145,59.14327289613585,33758000
2018-10-03,59.73869323730469,59.910517737761836,59.28579505840794,59.84049748257566,25124000
2018-10-04,58.012508392333984,59.46854403910731,57.3860959062914,59.36028372739779,44190000
2018-10-05,57.47418975830078,58.27620032720415,56.86684617901979,57.97824010795789,23686000
2018-10-08,57.058040618896484,58.00307348601481,55.9850799373282,57.114652418200826,38648000
2018-10-09,56.55398941040039,57.32520865974794,56.49201271389319,56.917995469633155,26174000
2018-10-10,53.69356155395508,56.22374743186782,53.68909080569668,56.16961727901381,53514000
2018-10-11,53.59920883178711,54.94400618936249,53.05046613088281,53.28237673697221,58980000
2018-10-12,55.12675476074219,55.37108115365448,53.95089871193376,55.02346153187485,42026000
2018-10-15,54.24131393432617,55.293909981209,54.07991991515867,55.06865245701574,27448000
2018-10-16,55.68294906616211,55.828949314941056,54.750331984608124,54.85412154773386,38570000
2018-10-17,55.40534591674805,56.065826976524896,54.734934491691924,55.94018758582437,29344000
2018-10-18,54.02876663208008,55.71075688521833,53.488465326188,55.71075688521833,41890000
2018-10-19,54.450382232666016,55.14065817068047,54.01784113717514,54.29692948530633,25352000
2018-10-22,54.68378448486328,55.23352361808213,54.17923779794611,54.77814000822821,30284000
2018-10-23,54.809425354003906,55.01799712327059,53.13637287414337,53.67717048776406,36974000
2018-10-24,52.178428649902344,54.93009842185369,52.08059882740994,54.83723567644148,39648000
2018-10-25,54.40618133544922,55.17144458626176,53.114025269926714,53.225263543851405,50916000
2018-10-26,53.20937728881836,54.950460995090985,51.353077092271256,51.499081126115954,83752000
2018-10-29,50.657344818115234,54.47919085049269,49.45308425147086,53.75564185274782,77614000
2018-10-30,51.45835876464844,51.52192295512571,49.697406772134414,50.08028847905828,64254000
2018-10-31,53.472572326660156,54.225916117482505,52.49078846198879,52.63033642364346,50596000
2018-11-01,53.136375427246094,53.83037576380471,52.761938882223546,53.4244052874649,29640000
2018-11-02,52.53002166748047,53.78071346584297,52.37210196057646,53.32160551728607,36780000
2018-11-05,51.651039123535156,52.56379162621848,50.71494401087702,52.391470803807444,48828000
2018-11-06,52.431697845458984,52.85554752266318,51.55072551469225,51.62074576931289,24666000
2018-11-07,54.29792785644531,54.400724764732935,52.93276960775486,53.08671870013473,41168000
2018-11-08,53.75216293334961,54.29197172947581,53.24587717428315,54.19811252998653,29764000
2018-11-09,52.94518280029297,53.41248588325865,52.297613837237265,53.33452057754619,26864000
2018-11-12,51.57853698730469,52.745053785624485,51.19962968345924,52.708802834868614,29436000
2018-11-13,51.450416564941406,52.47117939612699,51.20707902403573,51.80995568121496,30274000
2018-11-14,51.82832336425781,52.36981811650264,51.19962628892773,52.14317012513652,31318000
2018-11-15,52.8736686706543,53.22824066310302,51.238359984639246,51.88046548223224,36722000
2018-11-16,52.71376419067383,52.98738912581441,52.092515862787685,52.61047096709673,33162000
2018-11-19,50.65336227416992,52.679001345641865,50.467633006373234,52.50072079860747,37172000
2018-11-20,50.93940734863281,51.23637870194227,49.46251457617415,49.660163329562614,48982000
2018-11-21,51.52788543701172,52.07166485886432,51.322291623103176,51.4856747507233,30686000
2018-11-23,50.84604263305664,51.526884487958974,50.77249504214198,51.14996255644476,13830000
2018-11-26,52.07463836669922,52.108903999412384,51.344137056822184,51.56462829536438,38856000
2018-11-27,51.865570068359375,52.51959506032867,51.57158048851522,51.69622722074401,36064000
2018-11-28,53.942359924316406,53.97265113884249,51.43600913951251,52.081592780282605,49508000
2018-11-29,54.0451545715332,54.340383079328184,53.43433291913466,53.43830733848577,29378000
2018-11-30,54.34956741333008,54.40617920569787,53.52769240010628,54.08338741916605,51604000
2018-12-03,54.945491790771484,55.85029924314678,54.80818298898292,55.775315702510554,39824000
2018-12-04,52.183895111083984,54.84568026645201,52.142180754215396,54.78111962693876,46904000
2018-12-06,53.073307037353516,53.195968459467444,51.188208414608795,51.3615219001124,55384000
2018-12-07,51.47672653198242,53.39758340434202,51.07547311143295,52.640265216831104,42024000
2018-12-10,51.62422180175781,52.06619693605015,50.81674784847902,51.40074880172383,36154000
2018-12-11,52.230079650878906,52.66956937982034,51.63862615068184,52.46546834619843,27894000
2018-12-12,52.82251739501953,53.714912808924005,52.77832139819867,53.03705268211636,30476000
2018-12-13,52.734127044677734,53.621055291757514,52.33833322112314,53.04052863664331,26596000
2018-12-14,51.750850677490234,52.76888544144721,51.685797506654794,52.142173726397544,33732000
2018-12-17,50.481048583984375,52.29960513955605,50.05248186582283,51.522918656570035,47708000
2018-12-18,51.085906982421875,52.117346498997726,50.72487511472432,50.95579684107859,43850000
2018-12-19,50.80284118652344,52.73908805382493,50.059924106697544,51.3481095275268,49586000
2018-12-20,50.12746810913086,51.35953440869282,49.47940280411201,50.56050556645086,53470000
2018-12-21,48.64411544799805,50.852998446616745,48.35360395984508,50.419961022898505,91920000
2018-12-24,48.479244232177734,49.83595719257549,48.17582061163347,48.36403153470467,31806000
2018-12-26,51.619747161865234,51.646564071398316,48.81593659453135,49.11439311212945,47466000
2018-12-27,51.83925247192383,51.839748800774636,49.511182215145226,50.5118342211436,42196000
2018-12-28,51.501564025878906,52.41928366320624,51.303915265777775,52.12430140401568,28296000
2018-12-31,51.42856216430664,52.277254205164695,50.831649040079604,52.19084751824311,29866000
2019-01-02,51.93708419799805,52.25838704840341,50.44032682387078,50.48303383922111,30652000
2019-01-03,50.457706451416016,52.48979795071456,50.35888018130735,51.69622876067198,36822000
2019-01-04,53.171630859375,53.17808692282261,51.02174278747316,51.278587269384445,41878000
2019-01-07,53.05641555786133,53.33501135252876,52.379548108136966,53.21086095542733,39638000
2019-01-08,53.4482421875,53.859429813354915,52.66609609518983,53.43980080803659,35298000
2019-01-09,53.36779022216797,53.763580249742475,52.95759529257134,53.714913504220625,23986000
2019-01-10,53.15275955200195,53.19348124839768,52.52605158361613,53.02016776868738,29128000
2019-01-11,52.50022506713867,52.82723755189398,52.06768398535762,52.79768893852365,30416000
2019-01-14,51.87947463989258,52.21914920260332,51.70889286530694,51.990216587105415,22886000
2019-01-15,53.4914436340332,53.635458563747235,52.01107654522952,52.15161338424672,29272000
2019-01-16,53.681148529052734,54.24752416479875,53.60020146000563,53.63297810846463,26636000
2019-01-17,54.12460708618164,54.21896260217479,53.310180768848845,53.60665198337117,24854000
2019-01-18,54.53976821899414,55.040939099727915,54.17426939308579,54.62617868994846,39112000
2019-01-22,53.16220474243164,54.204571198007216,52.812099643951285,54.030265036495116,32270000
2019-01-23,53.41298294067383,53.877800596966445,52.62735877156961,53.501378730954166,19340000
2019-01-24,53.330047607421875,53.606904374210856,52.67453362132586,53.458172431673006,27226000
2019-01-25,54.178741455078125,54.32821979037982,53.72335784534207,53.881277559779754,22382000
2019-01-28,53.140350341796875,53.78195957508593,52.828481538885924,53.63844097248774,25686000
2019-01-29,52.67055892944336,53.392122533628864,52.43442764916078,53.26946111589013,20436000
2019-01-30,54.08289337158203,54.179234203936936,52.9799408763929,53.05840629396684,25596000
2019-01-31,55.43911361694336,55.48678770419799,54.398236324628215,54.77515827459556,30766000
2019-02-01,55.1600227355957,55.86768155074635,54.86901491736181,55.241962456522494,29244000
2019-02-04,56.255027770996094,56.255027770996094,55.074110002850354,55.25487219438818,51530000
2019-02-05,56.9100456237793,56.95275263344802,55.48271386087382,55.859734312624624,71044000
2019-02-06,55.382503509521484,56.9602040299795,55.260338420411706,56.59123090728862,42112000
2019-02-07,54.56211853027344,54.86653481279246,53.93093601252303,54.83276550807552,40896000
2019-02-08,54.380855560302734,54.572048245552025,53.958248610694575,53.98059477437094,21516000
2019-02-11,54.378379821777344,54.92141287519801,54.27161228010415,54.47472066811042,21304000
2019-02-12,55.687416076660156,55.88233312076289,54.91668939665483,54.96386715650336,32182000
2019-02-13,55.627323150634766,56.35087203126092,55.54488710480258,55.86718256738005,20996000
2019-02-14,55.70231246948242,56.02808224531176,55.14487837694995,55.52254292988098,18952000
2019-02-15,55.304039001464844,56.19891610116407,55.15506078697294,56.11995814002343,28996000
2019-02-19,55.547874450683594,55.713242887771514,55.122782052480055,55.122782052480055,20928000
2019-02-20,55.31148910522461,55.78872634091661,54.88838581276556,55.6188871560549,21756000
2019-02-21,54.4757080078125,55.21912146218688,54.254720435235,55.16449498008729,28302000
2019-02-22,55.14115524291992,55.184358583538504,54.407672166210844,54.67087041808242,20990000
2019-02-25,55.092987060546875,55.54687789741087,54.987208395663146,55.42074217223056,28262000
2019-02-26,55.377540588378906,55.59505008245633,54.62220762231489,54.91172647806793,29426000
2019-02-27,55.423221588134766,55.51906229934932,54.6758337775312,54.97131232695406,19368000
2019-02-28,55.61540985107422,55.99928422620776,55.17293836102821,55.1873394753294,30850000
2019-03-01,56.66175079345703,56.76007694956396,55.85526944654441,55.862718168142216,29006000
2019-03-04,56.99993133544922,57.52037187602105,56.15024672091556,56.959705969128706,28920000
2019-03-05,57.70659637451172,58.083018199728286,56.920225902964354,57.11216117596989,28864000
2019-03-06,57.49951934814453,57.981519071821126,57.38182500130454,57.72944463569061,21986000
2019-03-07,56.77647018432617,57.44464631078108,56.35981913772044,57.393247855763775,23332000
2019-03-08,56.7277946472168,56.964175976415284,55.78325819926275,55.95358990974161,24248000
2019-03-11,58.388431549072266,58.4097888442425,56.83357347993431,56.83357347993431,34384000
2019-03-12,59.25450897216797,59.59219824711911,58.512584467242725,58.512584467242725,40262000
2019-03-13,59.260467529296875,59.63838216706605,59.191936260193664,59.6242273228948,28718000
2019-03-14,58.87460708618164,59.48691775183204,58.82146958967304,59.31956021202615,23456000
2019-03-15,58.820472717285156,59.421856527727954,58.728602633647625,59.263440496011846,49236000
2019-03-18,58.810546875,59.095594972740244,58.470921547938985,58.76287278429932,25852000
2019-03-19,59.53508377075195,59.592191893794705,58.89049283401012,59.036493067636634,30414000
2019-03-20,60.78255081176758,60.93997040531024,59.4019951085095,59.46059600993491,44548000
2019-03-21,61.15847396850586,61.17088976643344,60.24522515914881,60.38675464696844,24080000
2019-03-22,59.86532974243164,61.08200225559199,59.73248789326207,60.89925472969942,34284000
2019-03-25,59.24457931518555,59.90992521027976,58.9486043936044,59.43974264530455,29936000
2019-03-26,58.82841873168945,59.73272983620744,58.436103006416815,59.51919099305321,38024000
2019-03-27,58.25236511230469,58.97437201842313,57.57450116246461,58.87212448936261,28004000
2019-03-28,58.02740478515625,58.18011115403908,57.577533830475446,58.17886843752765,19234000
2019-03-29,58.26675796508789,58.5488280437099,57.748802904465755,58.3457159153422,25398000
2019-04-01,59.315589904785156,59.42633185800589,58.6983121585543,58.802601836762726,25050000
2019-04-02,59.61652755737305,59.65923456773753,58.88254817635296,59.35978158883607,16558000
2019-04-03,59.88618850708008,60.40165823904125,59.61703049963988,59.96365748665708,20286000
2019-04-04,60.33709716796875,60.370370143518585,59.797292204240314,59.887176976723154,19000000
2019-04-05,59.94725799560547,60.39767826628397,59.84197946073216,60.33659572627506,18144000
2019-04-08,59.782894134521484,60.02374623693548,59.585245375254054,59.984017195785356,17204000
2019-04-09,59.45562744140625,59.70591356354088,59.24854465942755,59.39355223969487,17528000
2019-04-10,59.699466705322266,59.78016371711469,59.4151611948339,59.6259683564908,14492000
2019-04-11,59.821624755859375,59.98748951898137,59.59865186594909,59.788851897323,14204000
2019-04-12,60.47962188720703,60.503457036940944,59.99493595492114,60.08879514493199,18668000
2019-04-15,60.64002227783203,60.79396756294576,60.044598196269504,60.486076992718296,23748000
2019-04-16,60.939476013183594,61.122723655804506,60.591360050489726,60.83370113647908,17126000
2019-04-17,61.39684295654297,61.6064073748365,60.97373591198642,61.230978205601865,24438000
2019-04-18,61.398338317871094,61.677923014226025,61.310935185321775,61.537882501620885,26636000
2019-04-22,62.01759719848633,62.030009207801015,60.99807338942072,61.379462306894624,16146000
2019-04-23,62.79775619506836,63.018743755368945,61.8954304216518,62.10946558986722,26398000
2019-04-24,62.373165130615234,62.969585699811276,62.32350572444534,62.77640769245761,20376000
2019-04-25,62.74312973022461,62.939683515879146,62.17601155196187,62.808679231855535,22146000
2019-04-26,63.17667007446289,63.220866075643755,62.58769821200528,63.01875035519845,24828000
2019-04-29,63.941436767578125,64.02536560354024,62.88442294355659,63.26705462794849,49988000
2019-04-30,59.02010726928711,59.23513509717516,58.350688518707415,58.84729012312195,124140000
2019-05-01,58.00704574584961,58.99876007430978,57.96235341528157,58.99876007430978,52784000
2019-05-02,57.73540496826172,58.310468251889645,57.35758883420425,57.9911545138007,38896000
2019-05-03,58.86715316772461,58.93667708749997,58.05272685998224,58.28364478164267,39614000
2019-05-06,59.065303802490234,59.13780570190495,57.91666245395548,57.91666245395548,31278000
2019-05-07,58.305999755859375,59.11744437193548,57.65743435333278,58.62233172370482,31028000
2019-05-08,57.91715621948242,58.6200449779598,57.89083563665726,58.202204304821635,26186000
2019-05-09,57.72397994995117,58.085508150468314,57.15139832922457,57.55761885798497,23714000
2019-05-10,57.81783676147461,58.23150599456592,56.73673408388552,57.784067457878415,26290000
2019-05-13,56.216793060302734,57.00688412406757,55.72416208480722,56.70991657584328,37212000
2019-05-14,55.641231536865234,56.633442123881885,55.59703553829508,56.47403342745319,36732000
2019-05-15,57.814857482910156,58.16844063383195,55.453817396826906,55.513607972720536,45786000
2019-05-16,58.548343658447266,59.004223617394025,57.74682558063116,57.82975796670032,30628000
2019-05-17,57.72000503540039,58.606436912031015,57.606281330331875,58.026406612978874,24172000
2019-05-20,56.555477142333984,56.95012676301317,56.187644433755715,56.836054484186626,27066000
2019-05-21,57.0908088684082,57.24366298744961,56.51028223044764,57.034197073674996,23196000
2019-05-22,57.17970275878906,57.532289453580916,56.905081366384096,56.94779216693845,18290000
2019-05-23,56.650821685791016,56.909200609254654,56.077444467753416,56.63741323060101,23978000
2019-05-24,56.28831100463867,57.09752411363782,56.19842622128663,56.97809071178289,22240000
2019-05-28,56.32207489013672,57.18799822756347,56.27092270908838,56.31462616871305,27300000
2019-05-29,55.44358444213867,56.07128883829994,55.034382175031375,55.992823420798814,30764000
2019-05-30,55.517578125,55.77482043574638,55.22805928477842,55.39789846622987,19038000
2019-05-31,54.80644607543945,55.102917314032965,54.6351179040759,54.690240716220266,30156000
2019-06-03,51.459346771240234,52.91290058563506,50.901662643717,52.91290058563506,102612000
2019-06-04,52.294639587402344,52.443621605552764,51.33322022888142,51.79058918989725,56670000
2019-06-05,51.756813049316406,52.31946427978988,51.17430108856353,52.21964535572635,43368000
2019-06-06,51.862091064453125,52.018521782396675,51.33370926043239,51.894371381176605,34064000
2019-06-07,52.939720153808594,53.182065031160526,52.06371487838151,52.17446062231556,36048000
2019-06-10,53.65184783935547,54.261673064153214,53.2516855552984,53.28435990567152,29284000
2019-06-11,53.56940460205078,54.72499437762428,53.5139332314977,54.32721907186465,28734000
2019-06-12,53.48548889160156,53.679163231734776,53.01421138034348,53.53365931220592,21220000
2019-06-13,54.06849670410156,54.336662046791176,53.64042632901229,53.813739817984924,21154000
2019-06-14,53.898658752441406,54.26316112936922,53.64151495348822,53.95179245859316,22230000
2019-06-17,54.253726959228516,54.58545647750905,53.94483993336099,53.94483993336099,18832000
2019-06-18,54.80495834350586,55.44011151982296,54.57602571052356,55.10738932395313,27734000
2019-06-19,54.741886138916016,54.97379672665775,54.30239265308928,54.904272804340145,26776000
2019-06-20,55.19329833984375,55.62534312837503,54.8615688097547,55.61888706460702,25240000
2019-06-21,55.712745666503906,55.82348761830398,55.02743298931354,55.08504123376665,38952000
2019-06-24,55.39690399169922,55.71869935084206,55.17293466421706,55.60001235363825,27912000
2019-06-25,53.94832229614258,55.338804668333744,53.82168644826174,55.25487962446082,30938000
2019-06-26,53.623043060302734,54.27706425318252,53.24761009430409,53.95576522687758,36218000
2019-06-27,53.434837341308594,53.98556919065067,53.39908271681172,53.83162387936986,20086000
2019-06-28,53.67816925048828,53.68263621009912,53.3037289185293,53.453703582851155,33864000
2019-07-01,54.52437210083008,55.0026019603388,54.313466454795574,54.52685753365799,28726000
2019-07-02,55.18485641479492,55.2106806696115,54.53530214627036,54.737417858923685,19832000
2019-07-03,55.69784164428711,55.95508394414988,55.314467416111455,55.490758864983476,15340000
2019-07-05,56.194942474365234,56.25900678260704,55.4276938609159,55.51012991383004,25286000
2019-07-08,55.43812561035156,55.91635172068283,55.18287239554647,55.87612635098986,24728000
2019-07-09,55.8592414855957,56.017903795391064,54.982243590921726,55.212168870484284,26608000
2019-07-10,56.636417388916016,56.714386476879056,56.16415105695111,56.1765668546699,24190000
2019-07-11,56.821651458740234,57.26164127189394,56.591726187052934,56.77397737091699,23910000
2019-07-12,56.85592269897461,56.97709514013758,56.55200272710515,56.81073403954897,17280000
2019-07-15,57.12607192993164,57.149910869980936,56.58279264011142,56.95325476965373,18076000
2019-07-16,57.28697204589844,57.53527286247472,56.860886995969096,56.9105464015304,24776000
2019-07-17,56.92792892456055,57.52434569398189,56.899126696839645,57.15735787742021,23400000
2019-07-18,56.92693328857422,56.99024741673293,56.251554803904476,56.698993334155894,25814000
2019-07-19,56.12095260620117,57.1658006117316,56.097113666301624,57.01930403669093,32944000
2019-07-22,56.51674270629883,56.57534360962515,55.82994481738897,56.28731374781138,26030000
2019-07-23,56.92097473144531,56.95524036407721,56.2053708655286,56.81122544125863,21874000
2019-07-24,56.50382995605469,56.81122800597324,55.96650662133127,56.21034048011561,31796000
2019-07-25,56.22126388549805,56.69700834770129,55.665072473332145,56.50432666883815,44196000
2019-07-26,62.09556579589844,62.847420647904094,60.78404144167514,60.78602675706773,96116000
2019-07-29,61.54930114746094,61.944594847328375,60.99409863737424,61.63074453902785,44474000
2019-07-30,60.84064865112305,61.32384179780918,60.749274895948865,60.85405710655123,29066000
2019-07-31,60.42052459716797,61.28063971108436,59.97775382373371,60.73437869534831,34510000
2019-08-01,60.039634704589844,61.28610586818452,59.87625158472427,60.288928179554816,33970000
2019-08-02,59.293739318847656,59.93485220793562,59.042953069751775,59.6289431473505,32902000
2019-08-05,57.22439956665039,58.36261040008416,56.61953763568654,58.10437543340391,51950000
2019-08-06,58.09990692138672,58.597004861877814,57.605786953817166,57.77016272379351,34188000
2019-08-07,58.300533294677734,58.52176712903884,57.09051394819349,57.40714521226035,28886000
2019-08-08,59.830562591552734,59.840989285330004,58.252362005491165,58.73952578186306,29360000
2019-08-09,58.996768951416016,59.78487470410133,58.77791446440276,59.492377902427094,21314000
2019-08-12,58.3362922668457,58.84530971154173,57.98678203412523,58.55976149194646,20060000
2019-08-13,59.45662307739258,59.829570635165084,58.174897400507255,58.174897400507255,25888000
2019-08-14,57.8188362121582,58.71321706179279,57.63261058606478,58.415749357905405,31574000
2019-08-15,57.9663200378418,58.39240507922258,57.710570505000916,57.77959810031406,24374000
2019-08-16,58.479801177978516,58.73406169376037,58.19226769061914,58.57663833130919,26266000
2019-08-19,59.51522445678711,59.93932041059927,59.10006621106485,59.10006621106485,24632000
2019-08-20,58.732582092285156,59.39654132013643,58.703779861965565,59.356315947957654,18310000
2019-08-21,59.15766906738281,59.54253608769476,58.967965365834104,59.252024589319475,14814000
2019-08-22,59.0722541809082,59.493470652093,58.52847479875999,59.29770871056255,18950000
2019-08-23,57.173248291015625,59.29820634433836,56.997453161925456,58.697815152148834,33740000
2019-08-26,58.047271728515625,58.07607395813242,57.256184127946426,57.469722994485764,24522000
2019-08-27,57.995121002197266,58.71817358632811,57.67779260219999,58.62531084280315,21544000
2019-08-28,58.153038024902344,58.42120333785982,57.47170361456674,57.69070206636132,16040000
2019-08-29,59.237125396728516,59.3965340906206,58.654609641903214,58.654609641903214,21768000
2019-08-30,59.00123977661133,59.5177059380946,58.787852470145424,59.5177059380946,22596000
2019-09-03,58.022438049316406,58.94115412350281,57.76470318985102,58.45150487126502,29598000
2019-09-04,58.66901779174805,58.77181470198729,58.15205526725654,58.4356143987664,21378000
2019-09-05,60.157325744628906,60.23976179329759,59.17157125108534,59.17157125108534,28162000
2019-09-06,59.83701705932617,60.188861155662366,59.717435910685,59.995933214785445,21442000
2019-09-09,59.811195373535156,60.58539634292538,59.225701651747805,59.790834525690116,29438000
2019-09-10,59.89015579223633,60.08879720189738,59.323037579725984,59.35134347859069,25202000
2019-09-11,60.593833923339844,60.714510016391756,59.701442342131266,59.761532224263796,26140000
2019-09-12,61.29305648803711,61.670967320299674,60.73537232297564,60.79893651198631,34518000
2019-09-13,61.5567512512207,61.622300755740135,60.933513791222566,61.14904174417859,26028000
2019-09-16,61.14655685424805,61.556751797853664,60.86399040777263,61.05816485644338,21066000
2019-09-17,61.039791107177734,61.33030261226768,60.768647793514425,61.101866312250884,19102000
2019-09-18,61.20167922973633,61.36059159739816,60.413077126170315,60.95834549554752,22702000
2019-09-19,61.51454162597656,61.79909339015752,61.182315771884426,61.18430108723955,19920000
2019-09-20,61.078521728515625,61.743473546733945,60.738350828108146,61.23693776798632,45400000
2019-09-23,61.282127380371094,61.53340615402711,60.79247817089335,60.88335559716085,21248000
2019-09-24,60.5238151550293,61.91330846597254,60.12256173683451,61.5785972057646,31664000
2019-09-25,61.90238952636719,61.99078531782688,60.093270824080804,60.37782260162092,29060000
2019-09-26,61.64762878417969,61.82690200020933,61.19462832342842,61.67593468262966,30760000
2019-09-27,60.83816909790039,61.77823484153433,60.30978348989402,61.728079108542396,27078000
2019-09-30,60.53573989868164,60.88335952672294,60.20301771344643,60.63356972337542,28082000
2019-10-01,59.845462799072266,61.143082327961565,59.76997914001535,60.535738753676455,25470000
2019-10-02,58.431636810302734,59.442219126396374,58.166449456563036,59.442219126396374,32302000
2019-10-03,58.98782730102539,59.048909844312,57.72645876370944,58.598989667049366,32424000
2019-10-04,60.03913497924805,60.16030361920413,59.0543731449456,59.18945035803195,23248000
2019-10-07,59.97358322143555,60.496206110741845,59.77841990658086,59.810700224232654,16858000
2019-10-08,59.05239486694336,59.894134538658896,59.04643513168291,59.47252020948983,20786000
2019-10-09,59.7069091796875,60.00685470126635,59.47449847592596,59.559912497405534,17354000
2019-10-10,60.02275085449219,60.33710130972949,59.46010335958975,59.52168223783309,16932000
2019-10-11,60.359439849853516,61.002041676151144,60.274522159352486,60.69514377020528,25454000
2019-10-14,60.44336700439453,60.89974703768053,60.17619812590616,60.20500035255357,17350000
2019-10-15,61.72808074951172,61.942612260668966,60.60526367063044,60.60526367063044,27634000
2019-10-16,61.759368896484375,62.31059704968608,61.501634025704945,61.63670746642111,21892000
2019-10-17,62.2276611328125,62.73692484016027,62.07222685071434,62.12138992797225,19048000
2019-10-18,61.85123825073242,62.51668261683466,61.632235992119114,62.2470282952592,27056000
2019-10-21,61.88400650024414,62.30507518527,61.60839246435833,62.187430104119535,20544000
2019-10-22,61.717647552490234,62.104996202513206,61.64713097247706,61.968433790628666,20476000
2019-10-23,62.528602600097656,62.56634253601734,61.69580068918184,61.69580068918184,18230000
2019-10-24,62.6209716796875,62.77045002072806,62.259693520614114,62.61650093114042,20562000
2019-10-25,62.826560974121094,63.04854120105886,62.075698809640514,62.12635087152809,24262000
2019-10-28,64.06161499023438,64.52395102058992,63.194547389200785,63.33905865603972,52264000
2019-10-29,62.70191192626953,63.64396295170973,62.43334878599491,63.377786736247096,37728000
2019-10-30,62.6358642578125,63.036621368689126,62.174520931289194,62.222691348757266,28178000
2019-10-31,62.5772705078125,62.95269971367393,62.11706757623557,62.635371293682766,29114000
2019-11-01,63.25413513183594,63.2978348014475,62.5966358284961,62.82010504238802,33402000
2019-11-04,64.129638671875,64.26670120084444,63.38399365995271,63.38871067810195,30020000
2019-11-05,64.16242218017578,64.50507851901453,64.12264009749326,64.2051291931279,25654000
2019-11-06,64.15099334716797,64.24684164220056,63.689157479854565,64.03479178148491,23060000
2019-11-07,64.99820709228516,65.7371460746189,64.27242271964337,64.27415797633661,40600000
2019-11-08,65.12284088134766,65.45209253183815,64.77497121734183,64.82041371919429,25028000
2019-11-11,64.51799011230469,64.8772791475001,64.42959053654617,64.71612761504201,20238000
2019-11-12,64.49862670898438,65.0548181492645,64.34815191850642,64.55821648400294,21718000
2019-11-13,64.4588851928711,64.77173902871758,64.23590854226391,64.26371810889643,16534000
2019-11-14,65.1273193359375,65.40243707980748,64.34219526405447,64.43406535871058,23870000
2019-11-15,66.28985595703125,66.29035607459745,65.26735043784288,65.49876847529693,35652000
2019-11-18,65.58617401123047,66.32258195695339,65.4272578691305,66.15825545220515,29748000
2019-11-19,65.3259506225586,65.93379043963074,65.19385139633167,65.93379043963074,25384000
2019-11-20,64.70967864990234,65.30312129815819,64.1187290124141,65.14122714907006,26172000
2019-11-21,64.62525177001953,65.18343607560185,64.21059364355068,64.63170783382844,19910000
2019-11-22,64.32679748535156,64.99174934852405,64.13163794395689,64.83730392927706,27714000
2019-11-25,64.89044952392578,65.11987471619895,64.46535708209427,64.51749813794629,20724000
2019-11-26,65.2311019897461,65.2931771906439,64.81098048542756,65.0478543599473,21394000
2019-11-27,65.20330047607422,65.4699768451025,65.03644304289142,65.30311941191968,19912000
2019-11-29,64.8045425415039,65.06500536829218,64.75537945360927,64.9118102160163,11740000
2019-12-02,64.0576400756836,64.84772739422539,63.614672267390304,64.60787553415649,30218000
2019-12-03,64.32380676269531,64.48177570670812,63.515340241896794,63.54364613676703,22876000
2019-12-04,65.5782470703125,65.83946007239525,64.80007147130783,64.90634648738495,30750000
2019-12-05,65.95514678955078,66.01613082090294,65.37461639567003,65.94869072658955,24254000
2019-12-06,66.57540130615234,66.74325137232466,66.21884020896762,66.21884020896762,26296000
2019-12-09,66.72140502929688,67.51050720359544,66.43734582643977,66.44727998001156,27086000
2019-12-10,66.77603912353516,67.03997999056595,66.34796874399038,66.61910827385073,21882000
2019-12-11,66.79391479492188,67.10081273636702,66.67721310369951,67.08293731986201,17008000
2019-12-12,67.05462646484375,67.32800894278013,66.56945175179673,66.83959862027363,25620000
2019-12-13,66.93345642089844,67.19481332306121,66.73679654783501,66.9394123666553,30992000
2019-12-16,67.5959243774414,67.77023051418952,67.17380997263811,67.36400620931931,27946000
2019-12-17,67.29547882080078,67.78612451939068,67.10691932174733,67.68134229977522,37080000
2019-12-18,67.17132568359375,67.56115977757484,67.09088252490885,67.36897822232179,30452000
2019-12-19,67.34115600585938,67.44345276907507,66.99080095815266,67.13159161448951,29398000
2019-12-20,67.0208511352539,67.7185757352286,66.99154879345562,67.70417841187283,66300000
2019-12-23,66.9836196899414,67.52789165434014,66.86791065439253,67.33273211206371,17662000
2019-12-24,66.72140502929688,67.05412718733173,66.68266865015195,66.96672785300906,6950000
2019-12-26,67.55767822265625,67.60371934992692,66.76659830086497,66.85101966342629,13350000
2019-12-27,67.13507843017578,67.76278667677775,67.00695738628835,67.68630656700985,20768000
2019-12-30,66.35292053222656,67.19019307204604,66.24763821220691,67.04121108745511,21018000
2019-12-31,66.3966293334961,66.44529987002558,66.00257454427881,66.05348045497554,19236000
2020-01-02,67.90381622314453,67.9420524872171,66.62159046238858,66.62159046238858,28132000
2020-01-03,67.57058715820312,68.15856627305749,66.81992586515675,66.93493774743344,23728000
2020-01-06,69.23670196533203,69.35041810666512,67.04122344136731,67.04122344136731,34646000
2020-01-07,69.19348907470703,69.67270781341017,69.04649239035008,69.42192915117019,30054000
2020-01-08,69.73876953125,70.09930131527037,69.06934689950678,69.13092199097464,30560000
2020-01-09,70.50898742675781,70.88143863523739,70.03423186106627,70.54573849204765,30018000
2020-01-10,71.00061798095703,71.2587998695222,70.43548516664643,70.89285022974859,36414000
2020-01-13,71.47240447998047,71.53646500448443,70.81639409579765,71.31845917411077,33046000
2020-01-14,71.0577392578125,71.60002592316594,70.93309629884654,71.46147817790887,31178000
2020-01-15,71.47090148925781,71.5799043888649,71.02445561952192,71.02445561952192,25654000
2020-01-16,72.09165954589844,72.10606444889174,71.55632152029573,71.88010979220724,23474000
2020-01-17,73.51640319824219,73.56134558132662,72.41543984206496,72.64834307701408,47924000
2020-01-21,73.71554565429688,74.08551143622914,73.06002787895284,73.45334005966713,40734000
2020-01-22,73.79252624511719,74.64985671867298,73.74187038901091,74.04331251492921,32216000
2020-01-23,73.82727813720703,74.26776808793879,73.60133106334078,73.87644879125217,27024000
2020-01-24,72.8370590209961,74.2665239390797,72.76454954658043,74.17191835980502,35692000
2020-01-27,71.20770263671875,71.41478920034972,70.57701648729619,71.06369150781515,35104000
2020-01-28,72.13436126708984,72.30519688737174,71.13668730667496,71.65961328386072,31548000
2020-01-29,72.4358139038086,72.77349940796584,71.84534923411006,72.4442552836585,21554000
2020-01-30,72.29724884033203,72.36875807813423,71.3318551861541,71.50864675414853,26788000
2020-01-31,71.2240982055664,73.00689625279898,70.941031637002,72.9458137062416,48344000
2020-02-03,73.79202270507812,73.99364588484838,72.45368519801852,72.60315974868554,60736000
2020-02-04,71.86172485351562,72.9756003128433,70.83028543793051,72.35832643111584,78660000
2020-02-05,71.91934204101562,72.69453954452206,71.04184774666115,72.62402295669747,39724000
2020-02-06,73.30982208251953,73.5963591584658,71.98588197112542,72.02362569501838,33588000
2020-02-07,73.45881652832031,73.78706801442215,72.8191887392822,72.86636650775492,23446000
2020-02-10,74.9212875366211,74.96200923112285,73.21496973059205,73.21496973059205,28398000
2020-02-11,74.9267578125,75.96167544925687,74.77022857534816,75.0767324778294,26892000
2020-02-12,75.39752960205078,75.51795943123352,74.89298673750011,75.20931868546857,23352000
2020-02-13,75.21826171875,75.84000639352533,74.71868213211165,75.12042810921417,18590000
2020-02-14,75.52020263671875,75.52020263671875,74.85475066001621,75.26494562756126,23956000
2020-02-18,75.46704864501953,76.06098370013684,75.11545843026866,75.23513807534238,22414000
2020-02-19,75.815673828125,76.0846310031763,75.55296812288319,75.7352230948315,18986000
2020-02-20,75.3915786743164,75.96217498532641,74.82893120236896,75.5827675764969,21932000
2020-02-21,73.75080108642578,75.09683723926696,73.51889050316402,74.8890080751722,34634000
2020-02-24,70.59638977050781,71.36016787022542,70.0898615612343,70.82085164728578,57342000
2020-02-25,68.9506607055664,71.41827153797638,68.6502188115759,71.16302209412986,49566000
2020-02-26,69.18555450439453,70.30390860126039,68.4813736345288,69.33255121906714,44048000
2020-02-27,65.45657348632812,68.11904834218122,65.41088091856138,67.64012506513951,59566000
2020-02-28,66.51134490966797,66.60122968273528,63.11806590820636,63.440857722867264,75782000
2020-03-02,68.9834213256836,69.07082823713633,65.8898455959875,67.1211653604801,48630000
2020-03-03,66.6136474609375,70.0282760870977,66.14733327280929,69.4954235267835,48046000
2020-03-04,68.85479736328125,68.93277023558767,66.69905582632043,67.49957731533306,38266000
2020-03-05,65.50374603271484,67.48369652452459,64.81147716481703,67.0511554058777,51226000
2020-03-06,64.479248046875,64.86708921670449,62.62394449639975,63.41900260284171,53212000
2020-03-09,60.36491012573242,62.311587686993754,59.59219807855447,59.85539634719823,67308000
2020-03-10,63.584373474121094,63.622117196478875,60.52431311858821,62.571802076565305,52228000
2020-03-11,60.357460021972656,62.619480640458136,59.39703339121399,62.060307467416756,52170000
2020-03-12,55.366607666015625,59.287775749531086,55.28665705134688,55.91733941644847,84534000
2020-03-13,60.571990966796875,60.57347995332645,55.47750501442033,58.549333478932624,74002000
2020-03-16,53.84800338745117,57.22176643234208,53.35686516792831,54.427537393440815,85048000
2020-03-17,55.60944747924805,56.15868644095474,52.44162325247867,54.28401468890709,77230000
2020-03-18,54.46726608276367,54.94897026257438,51.511491499298955,52.46645848002609,84668000
2020-03-19,55.38547897338867,57.50497346006347,52.64513398475478,54.28103751071133,73022000
2020-03-20,53.251590728759766,56.810734761928465,52.91241245924176,56.400043458327744,72036000
2020-03-23,52.471923828125,53.20192884609394,50.332363822196605,52.70532720543696,80882000
2020-03-24,56.337467193603516,56.364284105537784,54.160364348778806,54.81339669421403,66890000
2020-03-25,54.74983215332031,57.05455969067583,53.93143138205992,55.94068413874498,81630000
2020-03-26,57.69269943237305,58.10090530022894,54.30487981231966,55.212172773862456,71434000
2020-03-27,55.15803527832031,57.14245634110623,54.91966863467143,55.900952354857296,64170000
2020-03-30,56.95126724243164,57.190134018651946,54.451376356117265,55.8696682045626,51482000
2020-03-31,57.74533462524414,58.366086677430644,56.52022073924125,56.97510802494447,49728000
2020-04-01,54.905269622802734,56.10059242596996,54.499549198520704,55.71870336433194,46884000
2020-04-02,55.661094665527344,55.96004753136843,54.447400209617925,54.53976662386721,39298000
2020-04-03,54.52090072631836,55.795177659080736,53.62354197540714,55.570465724724194,46268000
2020-04-06,58.94264221191406,59.32701290979929,56.16266645797611,56.513267850486756,53294000
2020-04-07,58.92228317260742,60.833702448664546,58.70973696814291,60.635061029853695,47746000
2020-04-08,60.102699279785156,60.5392110015241,59.00421752445156,59.91498469056219,39502000
2020-04-09,60.16080093383789,60.86200368668178,59.43005335532061,60.78800901556082,43508000
2020-04-13,60.46422576904297,60.610726127767364,58.97631149130826,60.04807488064795,34796000
2020-04-14,63.03017044067383,63.6678090602389,61.426149208825926,61.831377100918964,49408000
2020-04-15,62.69446563720703,63.587853741292676,61.59846549641983,61.857193000997036,33434000
2020-04-16,62.74412536621094,63.51534838440943,61.70871143617545,63.272014649822715,50362000
2020-04-17,63.72639846801758,64.28159717465645,63.129485409059896,63.805856542207415,38980000
2020-04-20,62.90006637573242,63.64447256020972,62.63984606718603,63.118072207737306,33910000
2020-04-21,60.40364074707031,62.28725026459147,60.07439288386016,61.9262184135737,43060000
2020-04-22,62.7312126159668,63.84374694238709,61.677919492134386,61.8537184049048,41848000
2020-04-23,63.38176345825195,64.22598474646331,62.85338160702561,63.145382103755956,31324000
2020-04-24,63.53074264526367,63.584869009749326,62.047890156200104,62.6299058083651,32792000
2020-04-27,63.360408782958984,64.36702430836527,63.018748885356715,64.35957558686549,32012000
2020-04-28,61.264251708984375,63.96476934334331,61.19125348198349,63.958813397277744,59026000
2020-04-29,66.61811065673828,67.53731921132398,65.81659644188422,66.61711799909568,75872000
2020-04-30,66.97467041015625,67.18125685872208,65.67506183367425,65.79375640618407,53378000
2020-05-01,65.58170318603516,67.14400980795767,65.10446979781985,65.9735225578649,41450000
2020-05-04,65.88909149169922,65.93180607605001,64.50853975799883,64.96690505999969,30080000
2020-05-05,67.0963363647461,68.23008020447531,66.4184800167768,66.44132629750841,33030000
2020-05-06,66.9071273803711,68.09003419891603,66.90663484036196,67.62174231331143,24308000
2020-05-07,68.16155242919922,68.41183856226588,67.30292626177416,67.8328008735499,27952000
2020-05-08,68.9466781616211,69.46264794423483,68.306557980747,68.68645789632211,27738000
2020-05-11,69.6861343383789,70.34512275383814,68.38960194799752,68.4456227073229,28242000
2020-05-12,68.31946563720703,70.26912081787479,68.27129522521334,69.87780157669526,27812000
2020-05-13,67.00794982910156,68.80326603129674,65.9685614229895,68.38453118019004,36252000
2020-05-14,67.34564971923828,67.40971024747103,65.74559897875558,66.29731970984452,32062000
2020-05-15,68.19283294677734,68.25689345986531,66.49494898101025,67.04121375372277,34154000
2020-05-18,68.72667694091797,69.14307784630368,67.25226977527652,67.62472095633485,36448000
2020-05-19,68.2074966430664,69.1269554220177,68.2074966430664,68.87851059767719,25612000
2020-05-20,69.85794067382812,70.04168842343,68.8910618188774,69.00676326589259,33108000
2020-05-21,69.66326904296875,70.29345505378288,69.19894777802982,69.9215039863047,27700000
2020-05-22,70.04169464111328,70.1578962160352,69.11850779560382,69.36085267784398,26188000
2020-05-26,70.36943817138672,71.56029390552685,70.1266007759835,71.37506096232993,41212000
2020-05-27,70.41015625,70.60383056180191,69.09167967012947,70.38086148536028,33716000
2020-05-28,70.35504150390625,71.55234573499438,69.32558734289624,69.36829435363889,33844000
2020-05-29,70.96039581298828,71.14165812703393,70.18719129549719,70.3654680591171,36418000
2020-06-01,71.10442352294922,71.4093361594686,70.41811813757194,70.4374863300952,24342000
2020-06-02,71.4719009399414,71.4912691316603,70.45932945206445,71.04134512872544,25562000
2020-06-03,71.33086395263672,71.83600546103794,71.00296109058361,71.42621213078971,25124000
2020-06-04,70.12909698486328,71.45899318822453,69.7591311592007,71.0339007571692,29686000
2020-06-05,71.43067932128906,71.76141616660131,69.82218753740298,70.17824851809759,34698000
2020-06-08,71.83889770507812,71.90742898351817,70.6336443853567,70.6336443853567,28084000
2020-06-09,72.31314086914062,72.90112004210671,71.67004267427679,71.77681020500805,28184000
2020-06-10,72.79434204101562,73.21193260203525,72.31859387314728,72.48098052002258,30504000
2020-06-11,69.71491241455078,72.22945026843763,69.62353488139478,71.63377999052126,39826000
2020-06-12,70.17874908447266,71.36165610250637,68.82998487354737,70.93904912586369,38928000
2020-06-15,70.5099868774414,70.75580227390762,68.924341174515,69.06735966381535,30078000
2020-06-16,71.64571380615234,72.25653170525558,70.81042644799199,71.76986421688697,34184000
2020-06-17,72.06285095214844,72.50383341430023,71.0825598812217,71.8661986589021,30992000
2020-06-18,71.30999755859375,72.07725367365481,70.86554459700417,71.96551528630526,31638000
2020-06-19,71.09945678710938,71.89799316545846,70.58447955372054,71.7092820955755,63158000
2020-06-22,72.099609375,72.14380158720957,70.67684292152231,70.96437266985775,30848000
2020-06-23,72.72283935546875,73.2954740398959,71.77085787242056,72.28732025413952,28596000
2020-06-24,71.11187744140625,73.26961245580065,71.00163180227766,72.57883627127924,35120000
2020-06-25,71.5766830444336,71.6546483512698,70.51743391312633,71.00907227184344,24610000
2020-06-26,67.5328598022461,71.1853627454788,67.14004772285006,71.08306595981846,85354000
2020-06-29,69.27442932128906,69.30571697957973,66.89273305649421,67.44743163965026,36204000
2020-06-30,70.2000961303711,70.45038982710655,68.72767418167281,69.04947711567303,40848000
2020-07-01,71.41329956054688,71.65961505445209,70.01188670171123,70.07545467926525,35504000
2020-07-02,72.73724365234375,73.64354014024406,71.82945438911075,71.85527864461241,37182000
2020-07-06,74.2767105102539,74.81750435855518,73.1424664907637,73.50002027573657,31280000
2020-07-07,73.75428771972656,75.32453585801346,73.67333686045679,73.99364705161962,29164000
2020-07-08,74.2916030883789,74.78224116974226,73.77662595131834,74.20817438251765,24994000
2020-07-09,75.0360107421875,75.61852652719074,73.89854626151997,74.81055620422666,28466000
2020-07-10,76.56305694580078,76.66684650358317,74.31842305623277,74.79565649049827,37126000
2020-07-13,75.05339813232422,78.32063642081529,74.75062236130547,76.97325885502242,36928000
2020-07-14,75.51225280761719,75.62994715584107,73.67085759265213,74.00904319407056,31700000
2020-07-15,75.1676025390625,76.24473454373101,74.3909199532047,75.63887999564545,32214000
2020-07-16,75.38412475585938,75.41839038766379,73.81039112568035,74.49024035607862,30386000
2020-07-17,75.262451171875,75.65427055818434,74.41177391177511,75.56389325060115,29134000
2020-07-20,77.75391387939453,77.98086118912214,74.66902175040603,75.24805943564259,31146000
2020-07-21,77.39138793945312,78.81018368976436,77.1857941396302,78.81018368976436,24324000
2020-07-22,77.89146423339844,77.96645156030748,76.7795740339241,77.49468155363509,18640000
2020-07-23,75.26890563964844,78.05931158247867,74.85732404036652,77.81598165545643,32552000
2020-07-24,75.0797119140625,75.3660519890377,73.91418778068258,74.43711380413019,30880000
2020-07-27,75.98997497558594,76.5248128096962,75.24556515459534,75.26493334342516,24920000
2020-07-28,74.50712585449219,75.80524170279428,74.37404153040482,75.7406886448372,34044000
2020-07-29,75.58375549316406,76.04221934410337,74.55628665022627,74.80409491291189,22130000
2020-07-30,76.05206298828125,76.37088040383222,74.10389262408187,74.34126664032823,33428000
2020-07-31,73.64402770996094,74.93469468226937,72.20735672643626,74.73903506146729,68798000
2020-08-03,73.22142791748047,74.01697860344038,72.78391595891422,73.8267823694175,46604000
2020-08-04,72.75064849853516,73.77315413869968,72.43680195599123,73.32670822757262,38070000
2020-08-05,73.1797103881836,73.61672225544746,72.6756600275489,72.96567520295099,39590000
2020-08-06,74.49520874023438,74.60893245480757,72.80180291922724,73.08734734461783,39908000
2020-08-07,74.21661376953125,75.3267611105131,73.57847890605598,74.49023870030395,31556000
2020-08-10,74.29656219482422,74.69260225535274,73.1533843953107,73.8535944370824,25786000
2020-08-11,73.512939453125,74.98685440540952,73.39773052954467,74.11482348364235,29088000
2020-08-12,74.8189926147461,75.10533266498275,73.75775067614931,73.77414089337864,28740000
2020-08-13,75.40647888183594,76.34009241770399,74.887781120674,75.00373263620752,29104000
2020-08-14,74.87410736083984,75.57779549589343,74.63325529200144,75.26791204913721,27096000
2020-08-17,75.38314056396484,75.76204787160965,74.88603878818462,75.218760989836,27566000
2020-08-18,77.40033721923828,77.59251879359505,75.66769476657103,75.79035240966357,40542000
2020-08-19,76.85060119628906,78.14920971351708,76.67281694977144,77.13763083885325,33212000
2020-08-20,78.54997253417969,78.75457370010795,76.38727433165317,76.6479871835819,34138000
2020-08-21,78.48391723632812,79.3430359206154,77.86738589831718,78.31556704353055,28930000
2020-08-24,78.87027740478516,80.15995194578811,78.49137010472516,79.1573070347942,28198000
2020-08-25,79.86446380615234,80.03330652773612,78.56584792351784,78.56584792351784,44942000
2020-08-26,82.05745697021484,82.39712773008722,79.63503143883125,79.85353735128562,79868000
2020-08-27,81.16108703613281,82.18756319004888,80.7350020229949,82.1220099009033,37232000
2020-08-28,81.66165924072266,81.7987217645733,80.9833028021912,81.1193726684443,29980000
2020-08-31,81.15364837646484,81.83821090436959,80.96146681070046,81.83449033230153,36468000
2020-09-01,82.47113037109375,82.72042384830421,81.05631278645836,81.2753112601159,36506000
2020-09-02,85.82667541503906,86.07000538523695,82.75022441290704,83.11994775327499,50224000
2020-09-03,81.53404998779297,84.90468375126595,80.20414625325805,84.90468375126595,62156000
2020-09-04,79.01131439208984,81.69643848183921,76.85472372878253,80.66102066120379,52172000
2020-09-08,76.09873962402344,77.66179665496126,75.88122634285476,76.15435876646477,52218000
2020-09-09,77.31889343261719,77.91679923851517,76.28055068277376,77.34720312263474,35494000
2020-09-10,76.08036804199219,78.6657262624126,75.77173482818942,77.50164179877346,32372000
2020-09-11,75.51921081542969,78.22469569220368,74.35914248627901,76.27801809213614,31942000
2020-09-14,75.44767761230469,77.66847981675642,75.27188630032498,76.4272259936839,33932000
2020-09-15,76.54815673828125,77.44849721003351,76.0711733800464,76.27800988927446,26622000
2020-09-16,75.52812957763672,77.5691622960093,75.47449576037594,77.24835962752213,26234000
2020-09-17,74.26825714111328,74.90232288704672,73.00043632835278,74.2916035393257,37596000
2020-09-18,72.50334167480469,74.63937440248993,71.3681125318831,74.3914221412699,62078000
2020-09-21,71.07164764404297,71.92580317521356,69.84951158640277,71.51362285444189,57776000
2020-09-22,72.77497863769531,72.9765942138725,71.23898878022005,72.0117007268917,31664000
2020-09-23,70.27955627441406,72.55150718172865,69.90661251749657,72.44325445378254,33148000
2020-09-24,70.92911529541016,71.69482570377673,70.01338475181507,70.07198186797439,29004000
2020-09-25,71.75695037841797,72.00723650932608,70.18669474785692,71.14463971858872,26460000
2020-09-28,72.7282943725586,73.33811955209461,71.97251821532628,73.20950598351357,40158000
2020-09-29,72.9671630859375,73.33132446249498,72.4444871678634,73.0198042504251,19564000
2020-09-30,72.9805679321289,73.98121976338362,72.49787115955114,72.8415125252503,34032000
2020-10-01,73.99810791015625,74.44256845643194,73.45780665142134,73.70908542006934,35590000
2020-10-02,72.42537689208984,73.65596180627743,72.05292564730294,72.60465391032743,25682000
2020-10-05,73.7959976196289,73.90475046640069,72.7158875630726,72.81222840015846,22266000
2020-10-06,72.17807006835938,73.83274719316634,71.93721795579611,73.277548406462,24908000
2020-10-07,72.51824951171875,72.9487977690782,71.3120036178403,72.71688715086094,34924000
2020-10-08,73.7915267944336,73.99364250506075,72.75660918447879,72.75660918447879,23756000
2020-10-09,75.24607849121094,75.31063155444552,73.96633807127485,74.2270509124122,28706000
2020-10-12,77.92424011230469,79.1513468413504,76.10767659400082,76.62563172156159,49652000
2020-10-13,78.04988098144531,78.95965548891367,77.62876681977845,78.64828682700247,32020000
2020-10-14,77.8711166381836,78.84465629449534,76.99957825302243,78.39304246496536,38586000
2020-10-15,77.4266586303711,78.2199816705384,76.72645598717607,76.83173075934108,30800000
2020-10-16,78.11592864990234,78.51917498369669,77.61883449131766,77.76036777120736,28694000
2020-10-19,76.208984375,78.86779152424204,75.88073293035221,78.4859062532082,32142000
2020-10-20,77.26773071289062,78.33889916811343,75.76501384832301,75.83354510877699,44834000
2020-10-21,79.12403106689453,80.38639610675189,78.04739909800621,78.13182046570503,51366000
2020-10-22,80.21755981445312,80.54829670808118,78.71136458721318,79.11112529379649,28672000
2020-10-23,81.4923324584961,81.55986349231203,80.47479011727754,80.75090050890515,27516000
2020-10-26,78.98199462890625,81.35525695236471,78.28923332724133,80.69825405484927,37066000
2020-10-27,79.66779327392578,79.79616434310381,78.60109568941122,79.24121577912751,24580000
2020-10-28,75.31559753417969,77.53689261986658,75.21627872388264,77.45694200054528,36680000
2020-10-29,77.82938385009766,79.14388977996157,75.59467678858971,75.60063273392373,40062000
2020-10-30,80.49962615966797,83.77670009021313,79.67775100323058,83.0372609927354,86582000
2020-11-02,80.74891662597656,82.47411027540336,80.25231497531756,80.85469150454024,50708000
2020-11-03,81.9496841430664,82.52028036640087,80.28160271488179,81.0344463156404,33234000
2020-11-04,86.86207580566406,87.9662748351412,84.721724049789,84.93278125242438,71418000
2020-11-05,87.56922912597656,89.07243842088842,86.93059420673103,88.44473788926119,41316000
2020-11-06,87.48878479003906,88.0191518822448,86.42605771293628,87.10143616420507,33218000
2020-11-09,87.55087280273438,90.28515986313533,87.40288344928055,88.93638807832393,45366000
2020-11-10,86.42805480957031,87.55087192201972,85.28139875696309,85.96621133732644,52722000
2020-11-11,87.03985595703125,87.61144487612894,86.77442234467743,86.9052788650388,25280000
2020-11-12,86.89733123779297,87.8125691391822,86.68677415967848,86.78758573945446,24950000
2020-11-13,88.24710845947266,88.44674633301669,86.63464579717845,87.2842001188238,29998000
2020-11-16,88.46360778808594,89.34209454204202,87.78375862453296,87.98289633246743,24936000
2020-11-17,87.90593719482422,88.64339091816939,87.7495064690329,88.24313012579633,22942000
2020-11-18,86.74536895751953,88.07080174601607,86.71358875951046,87.6615994921091,23470000
2020-11-19,87.59654998779297,87.87812376634645,86.25994785105497,86.32822905664568,24998000
2020-11-20,86.5174331665039,88.09712277002718,86.5010505266861,87.66061104507605,46270000
2020-11-23,86.15342712402344,87.09896008839227,85.30225725984842,86.88542502347123,43232000
2020-11-24,87.84286499023438,87.97794220298789,85.79736134150096,85.93690930234852,31560000
2020-11-25,87.96949768066406,88.32258068192824,87.23005870495021,88.04199957258817,20916000
2020-11-27,89.05010223388672,89.58692541003835,88.01965543168285,88.05193574801741,17698000
2020-11-30,87.43864440917969,88.7956075541418,87.1535925064385,88.45389080668002,36476000
2020-12-01,89.29393768310547,90.62135589829055,87.86720065764494,88.11550147210329,34738000
2020-12-02,90.77629089355469,91.15867625708412,88.8655158618746,89.29393477639073,24440000
2020-12-03,90.71768188476562,91.73223848283438,90.51308077411916,90.58061937265965,24546000
2020-12-04,90.77827453613281,91.03501671650999,90.23201731869553,90.60595371906307,27564000
2020-12-07,90.35566711425781,90.99578730528738,89.67532534581,90.33182817632303,26418000
2020-12-08,90.30947875976562,90.47584362419694,89.199823977378,89.88984981590424,21926000
2020-12-09,88.60018157958984,91.09014584777552,87.78973343827575,89.98471167795182,30152000
2020-12-10,88.16316986083984,88.4601336020262,86.42456422916642,87.88854470370597,27256000
2020-12-11,88.48299407958984,88.61608599046409,87.40189130640314,87.55385129163841,24414000
2020-12-14,87.40486907958984,89.25868390270752,87.26358584840261,88.14679358743496,32004000
2020-12-15,87.78775024414062,87.96901258243749,86.90280721592279,87.62139292734913,29646000
2020-12-16,87.55087280273438,88.04747445495914,87.20722379257133,88.0415109310898,30270000
2020-12-17,86.8010025024414,87.9870921256089,86.34214456016367,87.82450084714381,32494000
2020-12-18,85.96221923828125,87.1590307278216,85.42638880141286,87.11284563437749,80328000
2020-12-21,86.37739562988281,86.45089776294904,84.37261358419228,85.0931845470445,36568000
2020-12-22,85.58928680419922,86.2798051903184,85.04675017499646,86.13206591464636,18734000
2020-12-23,86.03026580810547,86.80545558266448,85.66575589211847,85.8182159684044,20676000
2020-12-24,86.35157775878906,86.70665370806366,85.86788822221988,86.16038884574894,6936000
2020-12-28,88.20092010498047,88.9278486626272,86.72328466948211,86.9864829403542,27860000
2020-12-29,87.33832550048828,89.01287093052557,87.20771901944804,88.78195297373625,25988000
2020-12-30,86.38484954833984,87.65491344135812,85.6935808891122,87.50171073870466,26122000
2020-12-31,86.99864196777344,87.34874700149244,86.18123768239506,86.18123768239506,20238000
2021-01-04,85.8246841430664,87.43416872026468,84.81211267442745,87.27972330707433,38038000
2021-01-05,86.45437622070312,86.78958386598626,85.31691166312802,85.6637887203002,22906000
2021-01-06,86.17478942871094,86.80596817319672,84.3726155910741,84.55288525986151,52042000
2021-01-07,88.75513458251953,88.81223892370902,86.26219213131584,86.41166668470011,45300000
2021-01-08,89.74635314941406,89.87695964012913,88.07405054736657,88.79139358847377,41012000
2021-01-11,87.73560333251953,89.10597864731983,87.42771274107503,88.69652629181913,24194000
2021-01-12,86.73396301269531,88.29776268305017,85.67918459442328,87.09995819655241,27140000
2021-01-13,87.12379455566406,87.65192634807305,86.30986069409443,86.33817038283914,21882000
2021-01-14,86.4176254272461,88.14728975943747,86.08092503499249,87.08505511058986,23590000
2021-01-15,86.219482421875,87.20325167239845,85.49245537248255,86.31880123511579,26844000
2021-01-19,88.93440246582031,89.84889786069577,86.48118909961785,87.0170272514447,34692000
2021-01-20,93.70375061035156,94.53853772074986,90.65610249871419,90.95058837885334,49806000
2021-01-21,93.91978454589844,96.08546052520303,93.71419074084986,94.25499216619674,41278000
2021-01-22,94.40645599365234,94.89809436257674,93.44851097182695,94.13977963050202,25442000
2021-01-25,94.32450103759766,95.82323962778673,92.74183363194075,95.38077200474618,38546000
2021-01-26,95.21044921875,95.5958125637096,93.5719124038081,93.80010242602992,26262000
2021-01-27,90.9173355102539,93.85771663653037,89.83524003537727,93.48675815545793,54966000
2021-01-28,92.52235412597656,94.29621076856037,91.50581198343595,91.5703650464712,35462000
2021-01-29,91.16314697265625,92.23282272395863,89.89482602980084,91.68110209084873,32252000
2021-02-01,94.42135620117188,95.46630656719086,91.91749445002881,92.04859347238902,32044000
2021-02-02,95.720458984375,97.12335699570865,95.07388272809686,95.47463603844963,45474000
2021-02-03,102.80001831054688,105.10573483141508,100.23308126265648,102.94552222839214,82364000
2021-02-04,102.4176254272461,103.22112494851007,101.43534902427872,102.74141367609894,37046000
2021-02-05,104.18701934814453,104.41098867484233,102.26665873893617,102.7965333239075,30702000
2021-02-08,103.93425750732422,105.45569870652072,102.89586174586488,104.57984117649913,24838000
2021-02-09,103.4674301147461,104.54108395548818,103.22062211097156,103.22062211097156,17798000
2021-02-10,104.0569076538086,104.70199873644032,102.45338665757791,103.99881065937011,22710000
2021-02-11,104.08223724365234,104.38714984460405,103.16004314219794,104.2620067842716,18914000
2021-02-12,104.49044036865234,104.72434385194158,103.44857417935044,103.80214974089506,17114000
2021-02-16,105.3739013671875,106.90244264335044,104.50286319697666,104.50286319697666,22676000
2021-02-17,105.69221496582031,105.95789864794196,104.23270512572414,104.28633894872502,21418000
2021-02-18,105.14049530029297,105.91196458117122,104.47058020173797,104.80230971925383,22432000
2021-02-19,104.34294891357422,105.80245872805783,104.1577159692045,105.24328938202082,29148000
2021-02-22,102.54228210449219,103.86025872703895,102.40621222539535,102.64755686254156,27350000
2021-02-23,102.8392333984375,103.392946884444,99.42062681034294,100.56231941239332,33348000
2021-02-24,104.04647827148438,104.32507407718936,101.2138653056676,101.39760547584478,24966000
2021-02-25,100.87767791748047,104.03209421989365,100.37759815511151,102.6699101368265,36568000
2021-02-26,101.15080261230469,102.84669385638274,100.11787030544603,101.8291591099359,41670000
2021-03-01,103.36811828613281,103.6169116217422,101.6096518699807,102.1271068482676,28090000
2021-03-02,103.08654022216797,104.50334292658513,102.85910040073246,103.10392309574361,22692000
2021-03-03,100.6467514038086,103.71614744480857,99.81692747469612,102.65798194014774,29684000
2021-03-04,101.75814056396484,103.75199578296944,100.32693280311365,100.4808856718216,42360000
2021-03-05,104.71044921875,105.18569737500091,101.62530683410023,102.95148242672272,43904000
2021-03-08,100.52062225341797,105.71705670681982,100.39348628723236,104.34246821749039,32948000
2021-03-09,101.93741607666016,103.19580287718115,101.69557133158327,102.7965347526403,33946000
2021-03-10,102.05313110351562,103.04484162091262,100.97749175562625,102.88394014143672,25372000
2021-03-11,105.01982879638672,105.56261554735316,102.91473520665973,102.99816391948156,24782000
2021-03-12,102.3952865600586,103.80265543335705,101.68167175761589,103.54144248438115,34516000
2021-03-15,102.62223815917969,102.65054027118828,101.4810454757214,102.41415890998138,25962000
2021-03-16,103.91488647460938,105.45633991461571,102.79654011995008,103.24298602763477,29832000
2021-03-17,103.84337615966797,104.77201879784445,102.00197340640412,103.09598826972228,25980000
2021-03-18,101.1190185546875,103.06967432851934,100.98642676236462,102.34960344904361,27228000
2021-03-19,101.46565246582031,101.95728324824415,100.19832408883477,101.4085405483245,46298000
2021-03-22,101.23670959472656,102.20011797996682,100.6149648926867,101.3981111882897,39096000
2021-03-23,101.95033264160156,102.91085399063236,101.26799792835693,101.88775731913691,27340000
2021-03-24,101.55801391601562,103.20424957414686,101.38395782876545,102.56661476222142,23080000
2021-03-25,101.52326202392578,102.24382547508134,99.85318732250208,101.54560818992773,28378000
2021-03-26,101.08573150634766,101.85248750211865,100.01654835965742,101.25011105546672,29870000
2021-03-29,102.09880828857422,102.22196603304431,100.09601163763863,100.7048441790118,24596000
2021-03-30,102.07844543457031,102.83526730146805,101.50685650955424,102.18223498682858,20732000
2021-03-31,102.72850036621094,103.9549553773567,102.13828584684074,102.25623024270668,29198000
2021-04-01,106.16101837158203,106.41876082012406,104.13190468690559,104.18454585789463,33980000
2021-04-05,110.52117156982422,111.105180115244,106.84980064800281,106.91535394206188,43298000
2021-04-06,110.4814453125,111.12255816762938,109.98732156186315,110.36970692014786,27060000
2021-04-07,111.71947479248047,111.98366570346273,110.51025105593807,110.54998009498239,25798000
2021-04-08,112.50212097167969,113.42405745735331,112.11675762816488,113.12386565664774,27166000
2021-04-09,113.51717376708984,113.67410461282402,111.91980568049868,112.0680905535152,20888000
2021-04-12,111.97325134277344,112.99277149287661,111.16254546875925,112.54235492412799,31318000
2021-04-13,112.5929946899414,113.08661074499277,112.03778839671102,112.30496484946126,23310000
2021-04-14,111.9757080078125,113.12534188362673,111.69513447885198,112.98480884913563,20220000
2021-04-15,114.05250549316406,114.54597757924776,112.52992780673908,113.07519237333476,27472000
2021-04-16,114.10713195800781,114.53818027600758,113.44615836773826,114.36735223204192,22596000
2021-04-19,114.33756256103516,115.13460605925181,113.6147562178504,113.82009996228328,24688000
2021-04-20,113.90204620361328,114.69511909010087,112.81349473259375,114.61019760226046,21774000
2021-04-21,113.8851547241211,113.98596631177932,112.16095377197585,113.48588658181055,23930000
2021-04-22,112.62528228759766,114.4052008828342,112.0556786331666,113.88217636454505,21096000
2021-04-23,114.9781723022461,115.50059817563802,113.13627707825277,113.39749001494873,28670000
2021-04-26,115.54627990722656,116.26735095454649,114.90566717052828,115.20809433526924,20834000
2021-04-27,114.57196044921875,116.07814801121411,114.43042716309434,116.00614622918422,31972000
2021-04-28,118.18672180175781,121.78549247633474,117.93544300392479,119.53921415086738,59728000
2021-04-29,120.66873168945312,120.99797577889495,119.29761381225978,119.69738206143543,39554000
2021-04-30,119.68694305419922,120.53216450450056,119.29165314648273,119.40736216942547,39142000
2021-05-03,118.94452667236328,120.16269187349482,118.41465208901215,119.31946331177599,33788000
2021-05-04,116.91244506835938,118.15444173452738,114.79940262096032,117.68167902440736,35120000
2021-05-05,117.03608703613281,118.30043735484581,116.77140358863262,117.61611735884537,21806000
2021-05-06,118.25822448730469,118.32576309593807,116.3208825675592,116.73316133099752,20618000
2021-05-07,119.11933898925781,119.99931866088252,118.68779053253948,119.18439216656684,23272000
2021-05-10,116.2872085571289,118.09186007583988,115.94306704866068,117.93741467717862,26006000
2021-05-11,114.65339660644531,115.31089210533827,113.37414886106842,113.81413867474863,32110000
2021-05-12,111.19307708740234,113.49184487851753,110.74464588842024,112.31688678777981,34934000
2021-05-13,112.3298110961914,113.05638353197484,111.3738513654605,112.2861038446964,26670000
2021-05-14,115.0208740234375,115.2681821640389,113.39003607815347,113.81264300616404,26624000
2021-05-17,115.28160858154297,115.37744930669838,113.97008039126588,114.68121735951267,19842000
2021-05-18,114.38871765136719,116.36121951120145,114.37530540556736,116.05113899686549,17302000
2021-05-19,114.65090942382812,115.0506700757916,112.40676818105861,112.45046784896128,19350000
2021-05-20,117.00381469726562,117.21487191358217,115.26570892590078,115.61085070914805,23832000
2021-05-21,116.45803833007812,117.64491584936623,116.32246857889487,117.49544131402216,22832000
2021-05-24,119.515625,120.10211138815971,117.20344496256361,117.54560117294325,21244000
2021-05-25,119.63479614257812,120.81770298992895,119.33286153208954,120.17758282339696,18838000
2021-05-26,120.84950256347656,121.3170064714063,119.80589344431625,119.8217835456993,21856000
2021-05-27,119.30904388427734,121.17079991286172,119.28371216920267,121.01883993257229,38962000
2021-05-28,119.75846862792969,120.58182893798092,119.56627948820845,120.27493100209598,24108000
2021-06-01,120.66476440429688,121.07004153589497,119.4267383958153,120.27691561393496,19166000
2021-06-02,120.24116516113281,121.27011927588354,119.39296567819049,120.93789720317557,17158000
2021-06-03,119.41331481933594,119.66832173758195,118.33171964239236,118.93707407393897,18346000
2021-06-04,121.75479888916016,121.8590355229707,120.06684891549519,120.30273772114525,25948000
2021-06-07,122.4664306640625,122.56128630571682,121.2240854567715,121.7329551336605,23850000
2021-06-08,123.29874420166016,123.87703173901166,122.57320990837525,123.15224762217989,25060000
2021-06-09,123.72332000732422,124.39869847379649,123.52120431168963,124.12556608339614,20126000
2021-06-10,125.22306823730469,125.30550428934926,123.85244289546971,123.85294301307565,31234000
2021-06-11,124.84217834472656,125.4907399632111,124.0654881083316,125.3879430603444,25240000
2021-06-14,125.49320983886719,125.55230706682521,124.19707934200984,124.81535349520618,22550000
2021-06-15,125.17637634277344,125.99974416164899,124.7944911057671,125.66205871009532,22182000
2021-06-16,124.84217834472656,125.66355333242663,123.30613528265158,125.38942825811543,26316000
2021-06-17,125.51209259033203,126.33198237451515,124.66190780284795,124.66985664188314,25756000
2021-06-18,124.71404266357422,125.52996177651764,123.75609773304936,124.85110519296721,53306000
2021-06-21,125.59551239013672,126.17330732080279,124.28373429375335,124.88536816229403,26256000
2021-06-22,126.13631439208984,126.40497605682383,125.16992804070027,125.59054968356357,20984000
2021-06-23,125.60196685791016,126.92739208529922,125.39388763803706,125.68986630985947,19694000
2021-06-24,126.41690063476562,126.66867955155674,126.09709056514848,126.18995331608221,18934000
2021-06-25,126.13185119628906,126.63837940492667,125.58459371257997,126.09410747179957,33484000
2021-06-28,125.9575424194336,126.47151933869631,125.11758733316614,126.13681184631469,28110000
2021-06-29,125.16197967529297,126.1368073504115,124.58442722113656,125.9108527114043,20950000
2021-06-30,124.4642562866211,124.94496779568927,123.90955010730197,124.79950935327888,24006000
2021-07-01,125.50960540771484,125.60296827176381,124.00117493171683,124.00117493171683,17120000
2021-07-02,127.84410858154297,127.97224475877118,125.90736549829298,125.97738953222354,21160000
2021-07-06,128.8889617919922,129.00170041222006,127.53621958987631,128.56964431273406,21350000
2021-07-07,129.19338989257812,129.75196061243904,128.87804302390012,129.45510293925253,16680000
2021-07-08,128.2990264892578,129.14871119731734,127.16974571265423,127.37832507692177,19780000
2021-07-09,128.6938018798828,128.96694185375418,128.0670939322879,128.06809416744716,15106000
2021-07-12,129.67660522460938,129.88121397733474,128.71916780796042,128.95107086211962,16944000
2021-07-13,130.1042022705078,131.14458353976474,129.74911868387596,129.99196372835692,16618000
2021-07-14,131.18475341796875,132.09204239369961,131.00149823072806,131.00498389836497,17912000
2021-07-15,130.3743133544922,131.6937903398888,129.71036932726855,131.5994348157278,16586000
2021-07-16,130.9493865966797,131.28458663861477,129.93234438607197,130.74627822512647,14856000
2021-07-19,128.37548828125,130.35493856285052,127.66336629276395,130.2640687115457,25710000
2021-07-20,130.21044921875,131.10417461249767,128.31035071959948,129.1204049151704,19084000
2021-07-21,131.69924926757812,131.71588954511856,129.7138428928402,129.89808319708342,14742000
2021-07-22,132.42230224609375,132.5971009211068,131.500100566432,131.74840137199934,13608000
2021-07-23,136.8792724609375,137.86503441638033,133.7849543922704,134.34064558483283,26378000
2021-07-26,138.69537353515625,138.76340468505092,136.71542307644862,137.31035085997834,23052000
2021-07-27,135.86671447753906,139.05937415065188,134.18175774452874,139.05937415065188,42164000
2021-07-28,135.45455932617188,138.72666234133217,135.42327924102779,137.62023541491996,54688000
2021-07-29,135.61245727539062,136.21931206381885,135.21269662785772,135.4536472130092,19284000
2021-07-30,134.30194091796875,134.8485543487223,133.8979064812412,134.58997837124872,23954000
2021-08-02,135.06521606445312,135.09599602984744,133.75418049265053,134.5636435707603,20140000
2021-08-03,135.35374450683594,135.40886353152425,133.27149718319697,135.07564879525208,19064000
2021-08-04,135.1039581298828,135.6099862380814,134.49461784397866,135.32344914788342,16528000
2021-08-05,136.00926208496094,136.0191886621146,134.67837330254665,135.10395824854584,11866000
2021-08-06,136.10459899902344,136.14835171271093,135.12182242222875,135.36863804228918,13560000
2021-08-09,137.06402587890625,137.3813580573663,135.50147671572054,136.0181891004856,12374000
2021-08-10,137.1578826904297,137.60979196627912,136.29380075368363,137.1409999333521,16034000
2021-08-11,136.75364685058594,137.90402333162834,136.41646152740478,137.3431187518154,15204000
2021-08-12,137.44891357421875,137.47722326498612,135.84937058061945,136.7770130709147,14646000
2021-08-13,137.4652862548828,137.73145488877051,137.0670108065785,137.41710826210658,12580000
2021-08-16,137.97183227539062,138.0458193754736,135.24028067380144,137.0620576737761,18040000
2021-08-17,136.3673095703125,137.7756710534001,135.85779581736506,137.25174482040944,21272000
2021-08-18,135.64178466796875,137.35406622148543,135.49379531221848,136.18356362124237,14934000
2021-08-19,135.98294067382812,136.51777860048685,134.43603135275737,134.54676952198167,18296000
2021-08-20,137.49607849121094,137.67237752864176,135.53946682383835,136.15127737495007,15564000
2021-08-23,140.14048767089844,141.21066359063633,137.80492325587718,138.0537696568132,21090000
2021-08-24,141.43064880371094,142.03551830058282,140.39275324615252,140.58146428481382,15126000
2021-08-25,141.97840881347656,142.33894815864903,141.47138046828576,141.91186285867823,12838000
2021-08-26,141.1570281982422,142.16194633566536,141.1257481150613,141.64915908057404,14922000
2021-08-27,143.5680389404297,144.02540408531675,141.05473570762118,141.14660579968208,24562000
2021-08-30,144.48077392578125,145.4938454565311,143.6171920890987,143.72097406648848,16916000
2021-08-31,144.47332763671875,145.11890364656045,144.01446218702657,144.89295658963923,26756000
2021-09-01,144.8507537841797,145.82260359596557,144.62480669724414,144.66005741320177,15824000
2021-09-02,143.23878479003906,145.33047378513322,143.12706153982109,144.95752241988444,21844000
2021-09-03,143.79098510742188,144.3888983959114,142.52962797359217,143.16626248612272,19104000
2021-09-07,144.5299530029297,144.8328879000874,143.55860329566937,143.76568231086588,15170000
2021-09-08,143.8987579345703,144.56171684076733,143.2199013510936,144.40528612114758,15486000
2021-09-09,143.92855834960938,144.67941673959078,143.4523251465258,143.89876346425862,14798000
2021-09-10,140.9564208984375,145.02656031291679,140.77813652859197,144.4549712876623,32896000
2021-09-13,142.48992919921875,143.21099284223143,141.31547097019103,142.22773112679684,20176000
2021-09-14,142.43130493164062,143.74381048199004,141.9342032105274,143.18116304752004,18916000
2021-09-15,144.21905517578125,144.5920064872075,141.2891088151266,142.78189914089353,20648000
2021-09-16,143.39222717285156,144.21310198161322,142.4415794297702,144.13464414195738,20292000
2021-09-17,140.50201416015625,143.26907403182895,140.10273843690112,142.82113534845192,60040000
2021-09-20,138.07212829589844,138.41528473171914,136.12147271475675,138.05544255479353,34918000
2021-09-21,138.69735717773438,139.85453838038688,137.9613962373602,139.16466403487448,18130000
2021-09-22,139.98057556152344,140.6211807107844,138.52379368376833,139.09861063920525,22068000
2021-09-23,140.862548828125,141.28560285700897,140.13749954100814,140.64701329530078,17272000
2021-09-24,141.66354370117188,141.93221291866206,139.89315783425127,139.98801346558426,14950000
2021-09-27,140.53927612304688,141.53147925089044,139.54507252456216,140.6231898044104,18844000
2021-09-28,135.25840759277344,138.65764658589288,134.77768845314273,138.14316192787953,42190000
2021-09-29,133.606689453125,136.46463420712936,133.33753525421145,136.17779403129396,26338000
2021-09-30,132.35972595214844,134.6684202783138,132.09602758880325,133.41201881760085,35294000
2021-10-01,135.5349884033203,136.13935777628745,132.47096495519594,132.64676386505874,28388000
2021-10-04,132.8558349609375,134.77768086582554,130.27500074672346,134.7771807482116,31530000
2021-10-05,135.25146484375,136.4284084784119,133.08925904611309,133.08925904611309,24126000
2021-10-06,136.42042541503906,136.91504166065658,133.57240758381454,133.71047033460584,19764000
2021-10-07,138.23947143554688,139.20183395654263,137.62120492940457,137.9191688910004,18250000
2021-10-08,139.10409545898438,139.3633231230925,138.48170658382548,138.9551210106837,18924000
2021-10-11,137.90379333496094,139.80692269639079,137.86307163756283,138.84981883428435,16584000
2021-10-12,135.78379821777344,138.745540235479,135.3239476426631,138.6884207411116,22536000
2021-10-13,136.9627227783203,137.60831398700387,136.0455070894087,136.81374835212816,16380000
2021-10-14,140.4508514404297,140.6887255432517,138.39194317635042,139.0007681210923,21426000
2021-10-15,140.7120819091797,141.23350758465287,140.10572716652774,141.23350758465287,21250000
2021-10-18,141.9888153076172,142.02680908692588,140.25369532882482,140.25369532882482,16564000
2021-10-19,142.84449768066406,143.12754911615338,142.12341895814004,142.31760100252214,15316000
2021-10-20,141.44703674316406,143.26734361153143,140.9474647136511,143.24226195551748,17940000
2021-10-21,141.81005859375,141.87858986031384,140.6743218295836,141.22555751262792,14850000
2021-10-22,137.68280029296875,140.59636420413273,136.23818786571272,139.39706703841122,30182000
2021-10-25,137.82977294921875,138.25963155473733,135.81904279111734,137.86702412861393,21082000
2021-10-26,138.72267150878906,139.88223197686045,138.06069771027956,139.65032897629285,28258000
2021-10-27,145.43228149414062,148.10448575533377,138.9516208762769,138.9516208762769,51850000
2021-10-28,145.1357879638672,146.42248440447239,143.77957518003032,146.29783388712323,32418000
2021-10-29,147.2627410888672,147.60292715853765,144.1798493505246,144.53094707743935,28954000
2021-11-01,142.79681396484375,147.39087936586967,142.60363216365525,147.15796094565582,32272000
2021-11-02,144.8716278076172,145.92193550800826,143.65793318413486,143.82518465275882,21150000
2021-11-03,145.7922821044922,145.9119769041712,144.06758885457188,145.28078309411407,17886000
2021-11-04,147.6724395751953,148.9308264133786,145.63835516823806,146.19951743723934,24700000
2021-11-05,148.2266387939453,149.5473584112733,147.64163761262552,148.3383771869888,20408000
2021-11-08,148.33639526367188,150.00795498418364,148.10646240892873,148.9804861104016,18388000
2021-11-09,148.23410034179688,149.3564097124549,146.5044360276713,148.72821653544935,16876000
2021-11-10,145.62940979003906,147.6893030274393,144.33724244944815,147.0037479587815,22708000
2021-11-11,145.75059509277344,147.49291393369234,145.69746138492712,146.10714864226023,12464000
2021-11-12,148.62838745117188,148.8409374295706,145.4585815059369,146.82672138828437,17048000
2021-11-15,148.37266540527344,149.4542683602526,147.64216020503375,148.9805053822705,16248000
2021-11-16,148.06277465820312,148.81413317433152,147.34171114537742,148.1566300636326,17254000
2021-11-17,148.04885864257812,148.6090358208911,147.5532572551044,148.21473098023026,15290000
2021-11-18,149.68466186523438,150.57953892529528,147.98579274933263,148.13228173562428,26658000
2021-11-19,148.93333435058594,150.8179444971266,148.8687737038547,149.9737155330866,19766000
2021-11-22,146.078857421875,149.71994106936566,146.006340366025,149.1212851153036,24608000
2021-11-23,145.75953674316406,146.69016469557673,143.90472174702623,146.11311989749078,18126000
2021-11-24,145.7202911376953,146.00087225767157,144.21211836381826,145.35529623148872,16464000
2021-11-26,141.83538818359375,144.309454901125,141.51707089517092,144.0298739957344,16992000
2021-11-29,145.12088012695312,145.86379715713824,143.31771390903725,143.31771390903725,26276000
2021-11-30,141.48379516601562,145.63190725432978,141.10041710850942,144.46167744579685,41590000
2021-12-01,140.6554412841797,145.5034141829971,140.53824706981743,143.23230457794105,28476000
2021-12-02,142.79930114746094,143.69169287261596,140.0237846584891,140.860072277834,21250000
2021-12-03,141.5518341064453,144.22603904128326,140.1906502156604,143.51341683265363,26688000
2021-12-06,142.8191375732422,143.37037323007655,139.69105367175214,142.59816137902388,22198000
2021-12-07,147.03033447265625,147.2920475344647,144.7121984110845,144.9580137948666,23258000
2021-12-08,147.70970153808594,148.14272764487512,146.19952810549825,147.32333792325784,18964000
2021-12-09,147.099365234375,148.58816989341202,146.52629107389916,147.1688815821325,18580000
2021-12-10,147.6645050048828,148.38456831090036,146.3559547955763,148.08661944224747,21634000
2021-12-13,145.70736694335938,147.5527400569727,145.36521076851542,147.435045728504,24104000
2021-12-14,143.98519897460938,144.45349098539916,141.27572808253723,143.7860612069143,24778000
2021-12-15,146.36688232421875,146.5146140427253,141.73558084850194,143.38478694937584,27280000
2021-12-16,143.8540496826172,147.5418102856595,143.11311797989157,147.07053286369882,27400000
2021-12-17,141.83241271972656,143.47825446326124,140.82431191919082,141.74451325276064,43404000
2021-12-20,141.4336395263672,141.64121864546996,139.2967582112902,139.72343430964892,20264000
2021-12-21,143.2402801513672,143.70861757420647,140.77166924607343,142.17704523650013,19548000
2021-12-22,145.95022583007812,146.30180849641584,142.98451336151084,143.12059081144602,18438000
2021-12-23,146.14242553710938,147.5628051367036,145.95207772738388,146.08977678782702,13818000
2021-12-27,147.05763244628906,147.4176716335065,146.2491696571616,146.4612195080496,13256000
2021-12-28,145.45263671875,147.36604132348995,144.94362305228609,147.36604132348995,18624000
2021-12-29,145.5087432861328,146.18337160619822,144.51554006061764,145.43425607523488,17022000
2021-12-30,145.01016235351562,146.06295539127672,144.76781748297324,145.45461535948124,12978000
2021-12-31,143.6961669921875,145.37021231289992,143.6941816766733,144.55479321945577,17298000
2022-01-03,144.08847045898438,144.56074822207472,142.5271637905284,143.49354263214246,25214000
2022-01-04,143.43495178222656,145.6135400008662,142.8386751586961,144.56124701942412,22928000
2022-01-05,136.71791076660156,143.31725067199832,136.58878949088935,143.20104152385736,49642000
2022-01-06,136.61610412597656,138.7366029033195,135.83396560825292,136.56297041590392,29050000
2022-01-07,136.0733184814453,137.3150650478679,134.8660800302803,136.96769547833836,19408000
2022-01-10,137.6321563720703,137.6977020902201,132.23558416953537,134.18076891311077,34096000
2022-01-11,139.0658416748047,139.3757175812923,135.88362358821269,137.24132167763923,23502000
2022-01-12,140.6852569580078,141.8435900132155,140.15290447174183,140.59240178439916,23642000
2022-01-13,138.18536376953125,142.2123108764727,137.9698433838269,140.87645123802994,26566000
2022-01-14,138.83642578125,140.24081684047127,136.5654671823573,136.5654671823573,23826000
2022-01-18,135.36416625976562,136.45768099201436,134.69525137857937,135.6715718841705,27382000
2022-01-19,134.7300262451172,137.45886543398493,134.57906647503754,136.00779665920467,20796000
2022-01-20,132.59909057617188,136.97464981865753,132.23955148290565,135.58615663934722,21930000
2022-01-21,129.20779418945312,133.84456641229514,129.11742445284216,132.10794589942407,41920000
2022-01-24,129.48590087890625,129.88964737519274,123.79480447593778,125.17093123928379,55148000
2022-01-25,125.87409973144531,128.4594120664712,125.51903140878184,127.56254970500032,36008000
2022-01-26,128.36158752441406,131.90482964877893,126.28926697844179,129.7048881894183,39630000
2022-01-27,128.24339294433594,131.70863187790096,128.0685942727313,130.46815841958804,30248000
2022-01-28,132.38357543945312,132.46401860176192,127.81980509066949,129.11642823265385,30518000
2022-01-31,134.77618408203125,134.9202027873915,131.37496025728166,133.28587918578657,34056000
2022-02-01,136.9413604736328,137.26067796683688,133.65361785494792,136.89816850136742,51204000
2022-02-02,147.03033447265625,151.06622298026883,144.56817969394015,150.83131925347337,89750000
2022-02-03,141.68093872070312,148.10419162889508,141.23847103420349,144.30746546228593,56930000
2022-02-04,142.04396057128906,143.55287598104576,138.86719844155502,142.0449456514039,49224000
2022-02-07,137.99368286132812,142.86881432216353,137.75630885004662,142.73225190017172,44610000
2022-02-08,138.2667999267578,138.88665780131754,135.94270798535706,138.0465663228581,34256000
2022-02-09,140.4915771484375,141.20917010781585,139.42288648916647,139.89242112628284,28628000
2022-02-10,137.66046142578125,140.46974354283913,137.1117262710659,138.55186810566423,33018000
2022-02-11,133.21835327148438,138.33657184426212,132.38256584785577,137.8069473162825,38808000
2022-02-14,134.38040161132812,135.24101306880664,132.39598044356626,132.4590407262818,26792000
2022-02-15,135.4982452392578,136.96271070032822,134.61826565695532,136.53712581045966,26578000
2022-02-16,136.5530242919922,137.0084040671566,133.90728113475527,135.50320174855534,25610000
2022-02-17,131.4092559814453,135.9094513112525,131.30347351342263,135.22463864899746,30968000
2022-02-18,129.58074951171875,132.91444267162132,129.4213938501965,132.13328925103136,31858000
2022-02-22,128.52296447753906,131.0042446253943,126.87275844587847,129.10150954456796,38906000
2022-02-23,126.71783447265625,130.85352664157858,126.63689119712654,130.187597326834,26432000
2022-02-24,131.77174377441406,132.13278321849418,123.91651024825589,124.15040615809976,43166000
2022-02-25,133.60519409179688,134.46879103459742,130.8694146358547,132.61794687073737,26236000
2022-02-28,133.9741668701172,134.71856908360283,131.92245742847754,132.37857977256593,29676000
2022-03-01,133.25608825683594,135.1858753146005,132.47194934752673,133.5659641440172,24640000
2022-03-02,133.8356170654297,134.69374305838318,132.525581795612,133.6933411912823,23966000
2022-03-03,133.39515686035156,135.784612971644,132.52411859618385,135.0543047870076,19780000
2022-03-04,131.22401428222656,133.28690878648712,129.52215927851333,132.4759603889601,24446000
2022-03-07,125.60496520996094,131.00750130702747,125.55083884037954,131.00750130702747,39178000
2022-03-08,126.41342163085938,130.35445437995773,125.00530264909943,125.39240882417633,35250000
2022-03-09,132.95616149902344,133.28640586753613,129.2038392365345,130.50691856000864,32258000
2022-03-10,131.7801971435547,132.630866855554,130.5078979922521,130.5689729586585,24266000
2022-03-11,129.58868408203125,133.28787210455567,129.4108998529499,133.08873436948377,26600000
2022-03-14,125.87957763671875,130.13545744347022,125.55381161986101,129.68553343572566,30254000
2022-03-15,128.77923583984375,129.63014804550917,125.70774845532965,126.87327251796893,30292000
2022-03-16,132.78184509277344,132.86178813394216,128.3228571601054,130.10962580669315,32058000
2022-03-17,133.68563842773438,133.82370118602773,131.81692641081665,132.4148396932478,23994000
2022-03-18,135.8717041015625,135.98294238982905,132.0285121724344,132.9740376227,45900000
2022-03-21,135.55088806152344,136.6473883125815,133.69657325725458,135.91738332870798,26632000
2022-03-22,139.3240509033203,140.5382453885067,135.57222965039693,135.57222965039693,29776000
2022-03-23,137.56210327148438,139.0732614618607,137.22740339649854,138.1927969548627,25302000
2022-03-24,140.35153198242188,140.43546080800826,137.10117679824126,138.32590416951496,20544000
2022-03-25,140.55960083007812,140.99462733071132,138.74997848689367,140.79051874647416,19270000
2022-03-28,140.98519897460938,141.01152334676246,138.87777915970216,139.7282973460028,23774000
2022-03-29,142.27638244628906,143.18268658149577,141.51558224075225,142.18749789806347,28678000
2022-03-30,141.6749725341797,142.50528894244454,141.2017097613591,141.89893427546133,21046000
2022-03-31,138.70034790039062,141.6749868930872,138.6700528965879,141.48031989766645,29516000
2022-04-01,139.7436981201172,139.9919989395044,137.85363240418224,139.05838543379573,23480000
2022-04-04,142.66619873046875,143.06471668231862,139.8673436245369,139.8673436245369,19076000
2022-04-05,140.104248046875,142.61406576575246,139.98555345676064,142.4248697413669,19256000
2022-04-06,136.24363708496094,138.89797324343422,135.49089950949372,138.21564616094292,23574000
2022-04-07,135.5374755859375,136.7655825379681,133.9406607258666,135.68943555938154,19448000
2022-04-08,133.0996551513672,135.32393565189548,132.84341309108885,135.32393565189548,16434000
2022-04-11,128.91427612304688,132.03561561174405,128.73649192445535,131.99668222105427,24188000
2022-04-12,127.50196838378906,131.5234443825534,126.7088955200656,131.5234443825534,23004000
2022-04-13,129.4004669189453,129.76770477005434,127.5656264653459,127.75224609635269,19542000
2022-04-14,126.38809204101562,129.82184647624504,126.24755899392567,129.76151410695084,23484000
2022-04-18,127.0912857055664,127.837188413999,125.71813698453757,126.54403578071165,14918000
2022-04-19,129.64382934570312,130.0140376416202,126.58525381886739,127.2064984385817,22720000
2022-04-20,127.37385559082031,131.0268512342643,127.02479621022687,130.39170183056646,22610000
2022-04-21,124.08832550048828,129.4218218649713,123.80278109438417,128.47084070725919,30158000
2022-04-22,118.80101013183594,124.59933564713744,118.33073288613822,124.15040432972323,46410000
2022-04-25,122.41229248046875,122.44010204839205,117.96199628130796,118.61775650149382,34522000
2022-04-26,118.69374084472656,121.9156953668597,118.35193320549877,121.9156953668597,49394000
2022-04-27,114.23873901367188,116.7013863853642,112.3553793997809,113.59564079374665,62238000
2022-04-28,118.59989166259766,119.61991184829955,114.36129636849266,116.31899919439246,36790000
2022-04-29,114.18511199951172,118.15146932582664,113.91446499658491,116.77886611846985,33694000
2022-05-02,116.36071014404297,116.54197246397206,112.62874925812542,113.13230706125103,30280000
2022-05-03,117.32659912109375,118.48914516775888,115.83430888353642,115.97137141053472,21216000
2022-05-04,121.74188232421875,122.30602254431851,114.95185399011818,117.20145868947985,33232000
2022-05-05,115.9530029296875,120.40926300704201,114.39963763262759,119.40339009736124,43090000
2022-05-06,114.87388610839844,116.69988358969378,113.3671909691171,114.73383803100742,35310000
2022-05-09,112.31539916992188,114.77744789119988,111.78651721177197,112.53340498595678,34520000
2022-05-10,113.80570220947266,115.89788360569034,112.6126640760728,115.2517998529397,31158000
2022-05-11,113.1864242553711,115.87800391902385,112.87754104193243,112.93763092448692,36502000
2022-05-12,112.39187622070312,114.07584796875001,109.36508870592871,111.17718906861133,41464000
2022-05-13,115.72357940673828,117.28240813192909,113.22517365203589,114.06492417413358,29738000
2022-05-16,114.01228332519531,115.81494200663734,113.55788861117713,114.59976235970011,23282000
2022-05-17,115.9083023071289,116.43072815630083,114.55357472870793,116.43072815630083,21576000
2022-05-18,111.63704681396484,114.90930135246086,111.37980448800577,114.45427007892951,27982000
2022-05-19,109.99278259277344,112.81546890914696,109.71717234464619,111.08084141628031,29192000
2022-05-20,108.57003784179688,111.78503649794904,105.65001766138406,111.32369313228837,37586000
2022-05-23,110.90752410888672,111.24422448770753,108.41235409853408,109.35564407147166,31558000
2022-05-24,105.20604705810547,105.67185355002357,101.51331517236112,105.65447825255532,60386000
2022-05-25,105.1201400756836,105.82054723003904,103.50295669689453,104.4273786589379,37900000
2022-05-26,107.5599365234375,108.21471170512069,104.77102313819857,105.32969996489847,30288000
2022-05-27,112.03233337402344,112.10085706101376,108.80541557286358,109.04228944827189,29924000
2022-05-31,113.263916015625,115.64214211698203,111.80738399886378,112.31044172803833,51302000
2022-06-01,113.36123657226562,116.60106649560727,112.77872082459464,114.15033877086611,28630000
2022-06-02,116.94570922851562,117.09667654320671,112.5378697956403,113.4118934841274,27472000
2022-06-03,113.78534698486328,115.57360851409273,112.89543312120415,115.20413524599934,25052000
2022-06-06,116.21521759033203,118.58698765356387,115.73629432098238,115.94904133790027,23786000
2022-06-07,116.43270874023438,116.94832993842721,114.34301300600123,114.86196074368215,26414000
2022-06-08,116.44115447998047,117.8395892989397,115.90358113204536,116.0821155279787,22544000
2022-06-09,114.13692474365234,117.54559734197511,114.08626889496028,115.55074956112628,23142000
2022-06-10,110.67015838623047,112.72559637027354,110.10751090014301,112.01470947285267,31324000
2022-06-13,106.15009307861328,108.47617042658251,105.86360145932794,106.71571852617872,36756000
2022-06-14,106.4654312133789,107.72033996425871,105.6291512136606,106.16349657161695,25480000
2022-06-15,109.64021301269531,111.30134615654562,107.38390199666425,108.1593419657488,33192000
2022-06-16,105.91121673583984,108.54766987010468,105.07345160471812,107.41442618433827,35314000
2022-06-17,107.13235473632812,108.50694297241267,104.91060526142162,105.810900200962,43516000
2022-06-21,111.25365447998047,111.90717932842622,108.55065539900443,108.95637956806154,39010000
2022-06-22,111.27252197265625,112.99623021836342,109.97172375218761,110.40744739575729,23922000
2022-06-23,111.91860961914062,112.42713069713689,110.27435938870343,112.18230040566988,24710000
2022-06-24,117.73233032226562,117.83114901539105,112.83086706945218,112.83086706945218,39122000
2022-06-27,115.829833984375,118.43947773196082,115.21231003618294,118.12661630936586,32840000
2022-06-28,111.80638122558594,117.05545640991579,111.67974538764318,115.56018814367552,28232000
2022-06-29,111.49351501464844,112.89194226797524,110.7957903744075,111.3862473719189,18628000
2022-06-30,108.6291275024414,110.57313022533408,106.58064565851389,109.74846655096356,38046000
2022-07-01,108.33960723876953,109.06002666130433,106.37703963705644,107.60066073190902,31028000
2022-07-05,113.1129379272461,113.27740841849858,105.52734366856437,106.78375273297814,36398000
2022-07-06,114.430419921875,115.56117820891916,111.48756133312514,113.31654439216729,28852000
2022-07-07,118.49510955810547,119.04733033593438,114.74874365655043,115.21952861601214,32184000
2022-07-08,119.35174560546875,119.61642905396496,116.71528477183757,116.75104317989522,29082000
2022-07-11,115.73052978515625,117.98709081883325,115.44448523633669,117.84357221556846,26718000
2022-07-12,114.06889343261719,117.0485030317856,113.83598261451813,116.04437302073772,24970000
2022-07-13,111.42449188232422,114.37430681051723,111.06296746769611,111.8734232163138,38958000
2022-07-14,110.68257141113281,111.22635079084647,108.58244122180702,110.07273862079845,32366000
2022-07-15,112.00054931640625,113.22567073995222,111.06247266484746,112.19521630493217,34330000
2022-07-18,109.16297149658203,114.019734722899,108.55711691536104,112.66897771337737,33354000
2022-07-19,113.84095764160156,114.0296611037204,109.74895758124637,110.97060089567981,30992300
2022-07-20,113.92041778564453,115.53934404705004,112.49021015741278,113.2847682669771,26780100
2022-07-21,114.25810241699219,114.42694515033254,111.14937898253623,114.30775803280672,27267800
2022-07-22,107.62350463867188,112.41074399445272,106.86866804792542,111.05005281577733,44455300
2022-07-25,107.47451782226562,109.82841214424514,106.28267700818483,108.13996215050174,28289900
2022-07-26,104.72335815429688,107.00772119291918,104.04797960863033,106.69983059538612,36626600
2022-07-27,112.82788848876953,113.62245412544925,107.68309531399403,108.85507546044991,41474600
2022-07-28,113.8111572265625,113.92041019069406,111.09077509027343,112.03333007032592,23303800
2022-07-29,115.84722900390625,116.10546397625716,112.46040978775846,112.62925252533653,31336200
2022-08-01,114.69511413574219,116.3239668523193,113.91048266241526,114.74476975149842,22856200
2022-08-02,115.11226654052734,116.28424676364207,113.48341369857668,113.65225644471474,17911000
2022-08-03,117.9726791381836,118.60832860290465,115.36055735589358,115.54926081797245,25302800
2022-08-04,118.06206512451172,118.68778040206465,116.90994579468722,117.49593961314318,15757700
2022-08-05,117.41648864746094,118.05213811703545,115.916749628212,116.13525555416687,15615700
2022-08-08,117.3370361328125,120.0385502953638,117.02914553757195,118.31037869161457,17061100
2022-08-09,116.70138549804688,117.39662476361512,115.76777198924981,117.18805298394464,15424300
2022-08-10,119.82997131347656,120.95228823638466,118.54873823641901,118.77717073608471,20497000
2022-08-11,119.00562286376953,121.50849192474884,118.73746129841248,121.25026451441688,16671600
2022-08-12,121.81637573242188,121.81637573242188,119.5816685005584,120.33650506503213,16121100
2022-08-15,122.04481506347656,122.42223715562085,120.74372120486865,121.37937069132897,15525000
2022-08-16,121.67733764648438,122.39045233747291,120.7089659505267,121.48862659584758,15626200
2022-08-17,119.50220489501953,121.31976851143936,119.38301778692126,120.10805943382614,17589200
2022-08-18,120.03854370117188,120.86290420560644,118.73744988691108,119.41282839044769,15652000
2022-08-19,117.31716918945312,119.18438854880354,116.8702231858715,119.05527485578983,20187000
2022-08-22,114.28789520263672,115.70817612252117,113.89061239572106,115.31089331560553,19316000
2022-08-23,113.98993682861328,115.14205626777331,113.52313765330499,113.54299838473824,14390700
2022-08-24,113.92041778564453,114.93051144236782,113.00667254975258,113.67211695561694,16051200
2022-08-25,116.90001678466797,116.97947486143589,114.26803429519929,114.36735310238954,14874700
2022-08-26,110.54352569580078,115.80749841902875,110.4640676165158,115.02286693555347,31698700
2022-08-29,109.59004974365234,111.19904183604933,109.06365320101196,110.02706162548509,20386100
2022-08-30,109.16297149658203,110.61304731436921,108.06051529649395,110.27535427321912,20548200
2022-08-31,108.40814208984375,111.0103298953237,108.30882327500419,110.87128203904032,25898000
2022-09-01,109.79862213134766,110.46406648910384,107.45466185914013,108.45779168410175,22784400
2022-09-02,107.94132995605469,110.91597642992579,107.39506513529723,110.58324667157567,20618100
2022-09-06,106.74949645996094,108.13997504973561,105.78608802451706,107.40004342393551,20565100
2022-09-07,109.72909545898438,110.2356236471069,106.88356276802085,107.0275814788406,22987200
2022-09-08,108.67630767822266,109.82842719020272,107.32555052919646,108.43794099825925,21660700
2022-09-09,111.02025604248047,111.23876196589119,109.25235550221456,109.3020186948222,21732900
2022-09-12,111.10964965820312,111.87441282213105,110.17603618382878,111.22882919788367,19732900
2022-09-13,104.59423828125,108.62664887758757,104.2863476795802,108.14990795407765,33015000
2022-09-14,105.15043640136719,105.37886891760193,103.78974514853898,104.72335867803716,22115800
2022-09-15,103.1938247680664,105.48812197475904,102.60783087857331,104.2962810413566,26494900
2022-09-16,102.92564392089844,103.32292671267301,101.16271431949586,102.27013375537855,64540100
2022-09-19,103.1441421508789,103.31298486210392,101.67420578162587,101.84304849285088,19738600
2022-09-20,101.13788604736328,102.46877472936795,100.43271266812418,102.18074488530593,24001700
2022-09-21,99.33026123046875,102.78660436929312,99.31039292163136,101.54510028084249,26596800
2022-09-22,99.8864517211914,100.98890794782774,98.7343398779962,98.77406134022748,21272700
2022-09-23,98.49597930908203,99.42959292941816,97.3438673059916,99.3799297284273,25657000
2022-09-26,98.13841247558594,99.75733865187506,97.71133476729084,97.9397748530234,22437900
2022-09-27,97.42330169677734,99.7771960919519,96.67839927042913,99.23093885915345,24225000
2022-09-28,100.0552978515625,100.71081566371073,97.13528531596889,97.35378367581184,24617000
2022-09-29,97.42330169677734,98.62508427952042,95.8639729207233,98.62508427952042,21921500
2022-09-30,95.49649810791016,98.81777167666374,95.37731098487271,97.06576112897415,26277800
2022-10-03,98.62507629394531,99.29052058899325,96.36056673606879,96.55921191353447,24840000
2022-10-04,101.71394348144531,102.02183404903307,100.35325236776238,100.35325236776238,22580900
2022-10-05,101.52523803710938,102.0417003960936,99.06209062819975,100.00563826788984,18475500
2022-10-06,101.54509735107422,103.02497563763859,100.81012907362776,100.81012907362776,17156200
2022-10-07,98.89324951171875,100.7306740498155,98.53569572751684,99.9659108643245,24249900
2022-10-10,98.03910064697266,99.31039970801406,97.20481347974177,99.17135184680892,16529900
2022-10-11,97.38358306884766,99.43951352228164,96.58901742661037,97.5822206906372,21617700
2022-10-12,97.63188171386719,98.97071925966215,97.00615882181883,97.60207925147586,17343400
2022-10-13,99.03229522705078,99.84672158959769,94.62247036872678,95.27798815146768,32812200
2022-10-14,96.51949310302734,100.60155910753977,96.37051109853005,99.94107803038207,22624800
2022-10-17,100.09502410888672,101.07829322222307,98.8336592929938,98.84358586984254,23311600
2022-10-18,100.70088195800781,103.51164911498128,99.9659136378853,103.23355340345059,21610500
2022-10-19,99.60835266113281,100.96804357643693,98.9578057590965,100.0155620443566,21573700
2022-10-20,99.84671783447266,102.29993098406972,99.29052645976014,100.13474767567425,25125100
2022-10-21,100.790283203125,100.92933107131732,97.56237219037102,97.79080472631247,28988700
2022-10-24,102.27013397216797,102.39924765931433,99.61828326607534,101.39611031290339,24680800
2022-10-25,104.21681213378906,104.38565485926829,102.31979038357485,102.59789364485361,29910200
2022-10-26,94.175537109375,97.87025461765158,93.92723628303963,96.10235394655017,71504300
2022-10-27,91.97061920166016,94.5231512445966,91.275379959436,93.66899584555583,54036500
2022-10-28,95.9235610961914,96.20165676303273,91.69549157003017,91.901085347489,35696900
2022-10-31,94.0166244506836,95.69513281131775,93.73852117209412,95.12900725488336,29868700
2022-11-01,89.88489532470703,95.51139272035945,89.81537139938067,94.94029629746328,43220600
2022-11-02,86.47821044921875,90.67946371422306,86.41862067643025,90.29211503601825,43553600
2022-11-03,82.92253875732422,85.96174591136683,82.88280971728332,85.75813742273455,48510400
2022-11-04,86.1107177734375,86.14052023573473,83.30988494310704,84.92881107198549,40173300
2022-11-07,88.04747009277344,88.33549994609857,86.36895416660064,86.74636867567865,26899900
2022-11-08,88.30570983886719,89.79054393617074,87.05427154783787,88.55401066611286,30172000
2022-11-09,86.80596160888672,88.8817526695531,86.76623257139283,87.94317594418506,26743900
2022-11-10,93.52994537353516,93.907367446618,91.02707659419585,91.71238166301086,42371200
2022-11-11,96.07255554199219,96.69827087353168,93.52002344383007,94.06628069524213,30569100
2022-11-14,95.37730407714844,96.51948929652994,94.46653690557272,94.85090758255207,24170100
2022-11-15,98.04901885986328,99.73746122998911,96.36056891219857,97.99935566999062,31831000
2022-11-16,98.31718444824219,99.17133982210024,97.23658189289007,97.35377611417863,24660200
2022-11-17,97.83051300048828,98.80385544872193,96.4400270362426,96.51948510906553,21818700
2022-11-18,97.13528442382812,98.4860414992974,96.08248378770254,98.33705949085571,24969900
2022-11-21,95.17867279052734,98.04902968311204,95.01975662742383,96.89691023323071,18696900
2022-11-22,96.6684799194336,96.88499296690813,93.76832807468752,95.50643386608218,18868900
2022-11-23,98.14834594726562,98.39565410483331,96.67840178689299,96.67840178689299,17568900
2022-11-25,96.93663024902344,98.26752646971741,96.86710632852339,97.79574889038956,8567800
2022-11-28,95.59581756591797,97.16508059755766,95.23826377193576,96.53935766931889,19974500
2022-11-29,94.79131317138672,95.73485315387961,93.74844680965133,95.3475045229582,20220000
2022-11-30,100.76046752929688,100.76046752929688,94.02655065004306,94.4734966628274,39888100
2022-12-01,100.59162139892578,101.89271519864762,99.98576682557302,100.71080851382015,21771500
2022-12-02,100.14468383789062,100.46250856946295,98.49596283330087,98.69460802649564,18821500
2022-12-05,99.19120788574219,101.05842720345457,98.67970883582956,99.1365814057739,19955500
2022-12-06,96.64860534667969,99.52889627270373,96.10234810845027,98.992565611096,20877600
2022-12-07,94.50328063964844,96.64859548974499,94.37913024668451,96.1122648828362,26647900
2022-12-08,93.31143951416016,95.21839545602491,93.16246509314973,95.03961857327319,25593200
2022-12-09,92.43742370605469,93.84777046478493,92.38776051386506,93.26178420015137,21885300
2022-12-12,92.92408752441406,93.23694895236896,91.2753741783329,92.45728081525563,27380900
2022-12-13,95.19853973388672,99.12169751917047,94.73173294623547,97.40345238681121,34788500
2022-12-14,94.6622085571289,96.5592305867048,93.30152482166113,94.89064866100681,26452900
2022-12-15,90.58013153076172,93.39089848982981,89.81536837789909,92.90423102891724,28298800
2022-12-16,90.24244689941406,91.1263971758981,89.39822566179373,90.58013236344645,48485500
2022-12-19,88.5440673828125,90.58012940979408,88.32059817683806,90.26230468678754,23020500
2022-12-20,89.02081298828125,89.16979500537836,87.44162330865628,88.1269360407789,21976800
2022-12-21,89.63658905029297,90.29707008944192,88.30570039579547,89.12012671896804,20336400
2022-12-22,87.6601333618164,88.57387866241014,86.34910518953916,88.3255778148005,23656100
2022-12-23,89.1995849609375,89.48761482405439,87.02447491073842,87.02447491073842,17815000
2022-12-27,87.33236694335938,88.89169582967213,86.94005497185992,88.70298477684108,15470900
2022-12-28,85.87236022949219,87.91835669371382,85.78297556573423,86.90529261675617,17879600
2022-12-29,88.34542846679688,88.75760873609705,86.39875095299075,86.4384799933794,18280700
2022-12-30,88.12693786621094,88.22625668715288,86.4384876000366,86.77120981783928,19190300
2023-01-03,89.09033203125,90.92776417873544,88.41495349133301,89.21945330850191,20738500
2023-01-04,88.10706329345703,90.61986641464313,87.20325223631956,90.3914339004661,27046500
2023-01-05,86.18024444580078,87.61045958011077,85.97167266830384,87.47141172844614,23136100
2023-01-06,87.56079864501953,87.86868921535695,84.98839839038199,86.76623304587501,26612600
2023-01-09,88.19644927978516,90.21265061112891,87.977943358204,88.58876121895915,22996700
2023-01-10,88.63345336914062,88.8668567324073,86.11071627710662,86.13058458495952,22855600
2023-01-11,91.6329345703125,91.8216380363287,89.13005812040355,89.44788285939553,25998800
2023-01-12,91.28532409667969,91.99049757020825,89.95442765918024,91.77199161945907,22754200
2023-01-13,92.16925048828125,92.34802734895075,90.31195796785575,90.90589299587832,18630700
2023-01-17,91.53361511230469,92.33810731959731,90.22257954851013,92.14939627737729,22935800
2023-01-18,91.15618896484375,92.95189902627715,90.77877447476529,92.30830832014499,19641600
2023-01-19,93.271728515625,93.75839602643875,90.75891772133187,90.76885187635992,28707700
2023-01-20,98.60520935058594,98.7442571879648,95.25811952255884,95.2978409810624,53704800
2023-01-23,100.52210235595703,100.71081340264897,98.07882321356192,98.45623772940617,31791800
2023-01-24,98.53569793701172,100.40291740273791,98.02916213511087,98.87339099745888,27391400
2023-01-25,96.07255554199219,97.05582465656556,94.61453083956603,96.53935471327681,31000900
2023-01-26,98.48603057861328,98.53568619089461,96.16193120623514,97.61200693402644,24542100
2023-01-27,100.0254898071289,100.88957928832752,98.29731842227046,98.37677649405538,29020400
2023-01-30,97.28425598144531,98.73333916952721,96.85717827788066,98.07385832960358,24365100
2023-01-31,99.19120788574219,99.23093692367725,97.12534337835456,97.1948673003561,22306800
2023-02-01,100.7406005859375,101.4954371374518,97.75105684092641,99.06208475800963,26392600
2023-02-02,108.06051635742188,108.08037708825424,105.81587489639395,106.06417570826528,46622600
2023-02-03,104.50484466552734,107.28580915216041,102.59789628997224,102.80646805815427,36823400
2023-02-06,102.7667465209961,103.9883823348809,101.51530824301913,101.9870782943574,25573000
2023-02-07,107.30567932128906,107.93139463668801,102.84420598747944,102.92564938087827,33738800
2023-02-08,99.32032012939453,102.87598940863623,97.78582300200476,101.99203916568776,73546000
2023-02-09,94.8111801147461,99.9261783018846,93.22205645071823,99.85665437838149,97798600
2023-02-10,94.21526336669922,96.36057850251893,93.8875044670127,95.08927952165693,49325300
2023-02-13,94.35431671142578,94.70193636274934,93.41077657532756,94.36425086647505,43116600
2023-02-14,94.30464935302734,94.5281261553057,92.02028633258648,94.01662706716678,42513100
2023-02-15,96.44003295898438,96.67839961455326,93.71865820674988,94.09607270952888,36964500
2023-02-16,95.12901306152344,97.21473852424944,94.3245207947317,94.89064638572218,35642100
2023-02-17,93.94709777832031,95.09921725909615,92.81484660723504,94.42383870287512,31095100
2023-02-21,91.42436218261719,92.78008249699454,91.37469898910733,92.60626889724948,28367200
2023-02-22,91.17605590820312,91.7322472700053,90.25237663804509,91.30914022546922,29891100
2023-02-23,90.45101928710938,91.50381230278894,89.39822627142979,91.50381230278894,32423700
2023-02-24,88.74270629882812,89.51740359895886,88.25603884215047,89.02080198835822,31295600
2023-02-27,89.48760986328125,89.83522947965548,89.00094240035733,89.47767570923075,22724300
2023-02-28,89.68626403808594,90.82844180947724,88.9115590728912,88.93142738298188,30546900
2023-03-01,89.89482879638672,90.58013389010253,89.2393110103965,89.5472091723947,26323900
2023-03-02,91.68258666992188,91.85143697598745,89.15984958576476,89.24924181574528,23328600
2023-03-03,93.3809585571289,93.47035078260345,92.03020921946553,92.10965971400657,30242500
2023-03-06,94.93036651611328,95.64547405392449,93.65906759446636,93.71865736343753,28288200
2023-03-07,93.52994537353516,95.43689373660693,93.20616470053571,94.77144939806718,24101500
2023-03-08,94.00669860839844,95.58588829793767,93.76336105969412,93.76336105969412,25395200
2023-03-09,92.03021240234375,95.26804938742116,91.727285122409,93.84776850441317,24438900
2023-03-10,90.39143371582031,92.546683040593,90.18286193383003,91.87130449901218,32850100
2023-03-13,91.03701782226562,92.44736468511762,89.32870693935652,89.94945899985898,31508600
2023-03-14,93.60940551757812,94.18546521629575,92.14939554007007,92.43742538942888,32303900
2023-03-15,95.89378356933594,96.58902286226427,92.40763779470394,92.90423945466418,38367300
2023-03-16,100.38304901123047,101.27693342357118,95.21839530498953,95.91363452706608,54499500
2023-03-17,101.76361083984375,102.78660904283481,100.0652340789256,100.1546187401392,76140300
2023-03-20,101.2372055053711,101.88278912017725,100.104954429728,100.37311596762693,26033900
2023-03-21,105.1206283569336,105.23981547486385,101.16768366482349,101.28687078275374,33122800
2023-03-22,103.51164245605469,106.77928201141202,103.50170830198485,104.42538761445692,32336900
2023-03-23,105.53778076171875,106.37306052241634,104.69355950436757,105.17029282679528,31385800
2023-03-24,105.3391342163086,105.43846060328934,104.02810623008074,105.02130947957274,25236200
2023-03-27,102.3595199584961,104.68361940024222,101.9324422769274,104.60416132517383,25393400
2023-03-28,100.67106628417969,102.29991875327143,99.5984051233032,102.29991875327143,24913500
2023-03-29,101.20740509033203,102.12115019310482,100.34331559980667,102.02183139107106,26148300
2023-03-30,100.63134765625,100.91937749279721,99.60834957534662,100.75053476785062,25009800
2023-03-31,103.29313659667969,103.48184763642851,100.75053873603554,101.01870027577499,28108000
2023-04-03,104.19696044921875,104.23668191245343,101.68414976863062,101.97217963109028,20719900
2023-04-04,104.40552520751953,105.37886011963423,103.88905528973119,104.1274219408047,20377200
2023-04-05,104.23667907714844,105.81587620043213,103.39444313724364,105.39873264995701,21864200
2023-04-06,108.15983581542969,108.88486994702083,104.10260143442055,105.05110478252844,34684200
2023-04-10,106.22309112548828,107.23616274656032,104.88226817057756,106.66010300732641,19741500
2023-04-11,105.39872741699219,106.49124943293918,104.56443277992452,106.19328543879949,18721300
2023-04-12,104.50484466552734,106.85575348889417,104.2565438589955,106.6600938476143,22761600
2023-04-13,107.45466613769531,107.52915335326844,105.71656038395149,105.74635527018073,21650700
2023-04-14,108.71603393554688,108.83522106124475,106.85874100883959,106.95806740235778,20758700
2023-04-17,105.69669342041016,105.98472328685942,104.60417130537009,104.71342427462808,29043400
2023-04-18,104.40552520751953,106.32240772509635,104.06783217242112,106.2727445330839,17641400
2023-04-19,104.30620574951172,105.00641588467009,103.09450410586554,103.5066768012728,16732000
2023-04-20,105.18022155761719,106.16150529951382,103.92878339007942,103.93871754390013,22515300
2023-04-21,105.1901626586914,105.91519680716492,104.76804823513352,105.36893197403585,22379000
2023-04-24,106.05423736572266,106.5905680074884,104.64389062860117,105.32920326711391,21410900
2023-04-25,103.89898681640625,106.70975367635846,103.8493236256496,105.88539320604784,31408100
2023-04-26,103.74007415771484,106.292606151167,102.56809404530065,104.84253034725442,37068200
2023-04-27,107.63343811035156,108.40813542704281,103.71028075621857,104.51478053531588,38235200
2023-04-28,107.48445892333984,107.5539828490293,105.31927549503187,107.06731536920317,23957900
2023-05-01,106.9779281616211,107.94133658968804,106.76935637475195,106.98786231648342,20926300
2023-05-02,105.25968170166016,106.99778735502116,103.78973758641469,106.9282634319883,20343100
2023-05-03,105.39872741699219,107.3950604140951,104.90212581178545,105.49804622252572,17116300
2023-05-04,104.49491882324219,105.57751436615276,103.9883830159156,105.43846650963798,19780600
2023-05-05,105.49308013916016,105.71655693366536,104.02711419522396,104.60416655966024,20710600
2023-05-08,107.50432586669922,107.68310276845116,105.0709807494188,105.07594403813357,17266000
2023-05-09,107.20635986328125,109.84331324601239,106.99281722693271,108.04064694542788,24782400
2023-05-10,111.51686096191406,112.73850430738177,107.74269311564817,107.81221704083481,47533500
2023-05-11,116.10546875,117.63500276059749,114.14885701191398,115.07253639566636,57115100
2023-05-12,117.1185302734375,117.45622333274814,115.75784661419164,116.20478506419185,31293800
2023-05-15,116.16505432128906,117.9875814245368,115.68832099194549,115.6982475688829,22107900
2023-05-16,119.27376556396484,120.3762216936363,116.0359286715885,116.0359286715885,32370100
2023-05-17,120.65433502197266,121.44889308123003,118.64806019895335,119.36316775656262,26659600
2023-05-18,122.68045806884766,123.0578801410531,120.66425675010093,120.73378067221154,27014500
2023-05-19,122.41229248046875,125.61934186514037,121.88589600512935,123.3558324746576,30268900
2023-05-22,125.01448822021484,126.18646828720705,122.61093074211966,122.67052808623045,29760200
2023-05-23,122.45203399658203,124.5675542670934,122.21366732973814,124.08088677883805,24477900
2023-05-24,120.813232421875,121.91568854157009,119.92928221095389,121.05159905983808,23087900
2023-05-25,123.50482940673828,125.12375564279935,122.06468764613977,124.35898485486453,33812700
2023-05-26,124.57748413085938,125.14360968107697,122.45202977898711,123.22176381435877,25154700
2023-05-30,123.79285430908203,125.52102586799191,122.05474859581382,125.43164121138568,27230700
2023-05-31,122.53148651123047,124.05108625682428,122.26331739286722,122.85923782167312,41548800
2023-06-01,123.52469635009766,124.19014073818477,122.46196912907176,122.66060675677126,25017700
2023-06-02,124.37884521484375,125.88354751888016,123.5048215130662,123.64386936061456,19367500
2023-06-05,125.76932525634766,127.12008228724162,123.53461793608714,123.7630580184978,22672500
2023-06-06,127.04063415527344,128.0040425414935,125.11381738283332,125.73953271626199,19450100
2023-06-07,122.10441589355469,128.6694903002165,121.79651771841579,126.70790772443188,34179300
2023-06-08,121.83623504638672,122.88903559388704,121.18072487297998,121.75181368346898,24815000
2023-06-09,122.03488159179688,123.4402650484475,121.58793559912097,121.72698344283191,20304500
2023-06-12,123.50482940673828,123.90211224407093,121.5184227976149,122.5563184322723,22255700
2023-06-13,123.58428192138672,125.00456288601805,123.003258923702,124.79599111076249,19287700
2023-06-14,123.53460693359375,123.94182386845844,121.32970227244762,122.9585548568288,24659600
2023-06-15,124.9350357055664,125.30252363003528,122.30304562013968,123.0380138915381,24517100
2023-06-16,123.216796875,125.83885293614735,122.9486353226839,125.83885293614735,56699200
2023-06-20,123.00821685791016,124.32421566640201,121.99515291111592,122.69536299741415,22698000
2023-06-21,120.43582916259766,122.5712176823766,120.03854634396957,122.39740408124571,22612000
2023-06-22,123.02809143066406,123.09264449030236,118.78710923648109,119.83990985239453,20781900
2023-06-23,122.18385314941406,122.60100424831347,121.0317413888654,121.21051826623973,29573100
2023-06-26,118.28057098388672,121.88590361816736,118.18125217474844,120.64042892943593,23185000
2023-06-27,118.20111846923828,119.08009787155268,116.11539320271264,117.03906493174689,27221700
2023-06-28,120.25704956054688,120.44575302254566,116.80069896724603,117.1582527381923,19753100
2023-06-29,119.19432830810547,120.08821277976503,118.39976264939926,119.27377881194433,18517500
2023-06-30,120.14779663085938,121.2005896358522,120.05840439932904,120.27691032358173,23871800
2023-07-03,119.7405776977539,120.19745026934154,118.89139318864771,119.5022110468254,13888300
2023-07-05,121.7965087890625,122.53148463160333,119.24397680317581,119.24397680317581,17830300
2023-07-06,120.10807037353516,120.32657630284791,118.43948859587533,119.82004051921739,17732500
2023-07-07,119.32343292236328,120.92249069504712,119.27376973089793,120.06833532910896,20997700
2023-07-10,116.07566833496094,118.2607124874439,115.8472282498414,118.2607124874439,32960100
2023-07-11,116.90995788574219,117.42145697182896,115.04273843597669,115.96641779505818,18286600
2023-07-12,118.80696868896484,120.13785733052732,118.19117998131621,118.4891439702679,22059600
2023-07-13,123.98155975341797,124.48312465153188,120.23717937113332,120.71392025078217,31535900
2023-07-14,124.84563446044922,126.22618624973646,124.05107647719387,124.27950896108351,20499800
2023-07-17,124.20999908447266,126.4149115662746,123.65380767556394,125.20320235897519,20675300
2023-07-18,123.23665618896484,124.14046717028396,122.46195889710873,124.05604580668826,21045800
2023-07-19,121.94549560546875,124.61721481184262,121.63760501827993,123.94183628886682,22313800
2023-07-20,118.71758270263672,123.85244166241573,117.87832474792128,121.28998304837813,27541700
2023-07-21,119.49229431152344,120.47557109782352,118.26072426173562,120.04849334815367,56514600
2023-07-24,121.0516128540039,122.5116228857852,120.55501121476073,121.09730541816157,22276100
2023-07-25,121.9554214477539,122.84930584040646,120.70398329804031,121.05160290142214,31820800
2023-07-26,128.7787322998047,130.47710130804813,127.83519227799407,129.47397151823998,46216900
2023-07-27,128.9873046875,132.6919638210211,128.3019920018063,130.90419489205476,35931600
2023-07-28,132.10595703125,133.1587651922078,130.03016590418054,130.07982909702133,26971000
2023-07-31,132.20529174804688,132.9203993357979,131.23195675836118,132.10596535610605,18381900
2023-08-01,130.9935760498047,132.01657418500386,129.8613249508911,129.96560704872977,22154300
2023-08-02,127.76566314697266,129.53356368736996,126.98103168445736,128.95750399425148,22705800
2023-08-03,127.89479064941406,128.88799392972774,126.90655065758767,127.49750024424098,15018100
2023-08-04,127.66633605957031,131.0332943910306,127.44287442666632,128.71914420987264,20521900
2023-08-07,131.04322814941406,131.16240767971158,128.55027850345567,128.62973657534653,17621000
2023-08-08,130.94390869140625,131.0432350752888,129.2455396745946,130.08975331728277,16836000
2023-08-09,129.26539611816406,131.56963491821122,128.62479093757165,131.29153922235432,17745200
2023-08-10,129.32501220703125,131.7454452051303,129.15119859334655,131.0730446111846,17855700
2023-08-11,129.2852783203125,129.553447468379,127.87493138116483,128.32385517342402,15205500
2023-08-14,130.93399047851562,131.01344855968142,128.7092096711116,128.96745222367028,17526200
2023-08-15,129.3845672607422,131.09287774151238,128.93662867838805,130.6955874232658,14769200
2023-08-16,128.2324676513672,130.00830942211613,127.58689162386746,128.40131037925053,17548400
2023-08-17,129.5732879638672,131.59047420025007,128.96743344389486,129.56334623324454,23665600
2023-08-18,127.23927307128906,128.9475839288437,126.13681682199599,128.182813158233,23627200
2023-08-21,128.05368041992188,128.38143929227465,126.29572167968155,126.9810267302367,21851100
2023-08-22,128.80853271484375,130.05996336176372,128.04873283009252,128.25234131621266,15557900
2023-08-23,132.3046112060547,133.1587666047098,129.62295031499127,129.96065093684385,26497000
2023-08-24,129.5335693359375,134.05264726921672,129.41438979253613,133.81130263179728,18680400
2023-08-25,129.8017120361328,130.50687773112531,127.16971479961782,129.25544731496356,20678100
2023-08-28,130.89422607421875,132.3343826513987,129.96062791763316,131.1822634516852,16715500
2023-08-29,134.56912231445312,136.36184701971675,132.0761722999378,132.0940552941573,30803300
2023-08-30,135.9993133544922,136.31714566801028,134.10329175046678,134.64857148727685,21773400
2023-08-31,136.41647338867188,137.45932468428813,135.89007687495427,136.1185093806048,28147900
2023-09-01,135.87022399902344,137.63812478459252,135.0160684949219,137.48913518609672,16671600
2023-09-05,135.7808380126953,136.43634071242857,134.63864505565655,135.512668862075,17730200
2023-09-06,134.44993591308594,136.5455956388084,133.77456489308247,136.08375970703423,15814300
2023-09-07,135.2742919921875,135.6517141113346,133.04952620794418,133.6851757398823,16976000
2023-09-08,136.26747131347656,136.58033273550848,134.94650928438494,134.94650928438494,17810700
2023-09-11,136.8038330078125,137.32427361716273,135.6219186127161,136.4462792005151,17180800
2023-09-12,135.14517211914062,136.70449332504472,135.00610911668778,136.1979651285559,15212900
2023-09-13,136.56546020507812,136.76409784345125,134.0129203289883,134.97632878793235,16394900
2023-09-14,138.04531860351562,138.60150997223292,136.1284285416027,137.4493906198453,19064600
2023-09-15,137.36000061035156,138.41279353936486,136.2476027612339,137.85660219234484,48958800
2023-09-18,138.0155487060547,138.97894204444447,136.6945863886662,136.6945863886662,16233600
2023-09-19,137.88641357421875,138.22906991920226,136.56545138944225,137.31035385156648,15479100
2023-09-20,133.67523193359375,137.89634606670882,133.60571558145466,137.88641948928324,21473500
2023-09-21,130.46717834472656,132.28474209437664,130.19900922623293,131.49017647055624,22058400
2023-09-22,130.35794067382812,132.10597312722533,129.62296473343812,130.7850108431209,17348700
2023-09-25,131.27166748046875,131.32133067237535,129.1462132005402,129.88118903755412,14650000
2023-09-26,128.57015991210938,130.51187411815656,127.3187292512261,130.0242139812398,20378800
2023-09-27,130.56649780273438,130.82472517586547,128.5006333524518,128.5602231189376,18764200
2023-09-28,132.2251434326172,133.26799464147877,129.80172526272474,129.80172526272474,18201400
2023-09-29,130.95387268066406,133.9732043098925,130.42747609778897,133.16871199097326,23237300
2023-10-02,134.25128173828125,134.43999278095146,131.16738988460972,131.25677454006015,19210400
2023-10-03,132.3939971923828,134.320813935823,131.91229300652276,134.01290819587905,19628700
2023-10-04,135.34381103515625,135.64177504098322,132.52310228908374,132.75154994809577,22848000
2023-10-05,135.0657196044922,135.57224782184414,133.54114893132785,135.20476745759348,15922900
2023-10-06,137.78709411621094,138.2400036865355,134.0228601531263,134.0228601531263,20826700
2023-10-09,138.55184936523438,139.01865609163104,135.77087731470144,137.05211795696582,16599100
2023-10-10,138.25389099121094,139.78343250100227,137.48912023631527,138.561781577511,19554900
2023-10-11,140.73690795898438,141.25337793081044,138.8895491704142,138.89949090290392,20146300
2023-10-12,139.33645629882812,141.4122622967003,138.50216933163898,141.19375640218746,18173100
2023-10-13,137.6381072998047,140.37934279597587,137.0322527150799,139.69403013316338,19438700
2023-10-16,139.53514099121094,139.9473137040504,138.37309491618828,138.78029676276267,17345600
2023-10-17,140.03173828125,140.28996568260703,137.58746642254545,139.07825644802168,17424000
2023-10-18,138.33334350585938,141.02493090489875,137.76225468439802,139.79335345416348,18304900
2023-10-19,138.03538513183594,140.0466308307612,137.6579781976682,138.84981908124664,21831200
2023-10-20,135.81060791015625,138.0949630937213,135.31896203197488,137.64802469498372,24970300
2023-10-23,136.9627227783203,138.07512072917788,134.1916923655936,135.30407516137223,20780700
2023-10-24,139.1676483154297,139.75364980879309,137.8069645778721,138.21418158789808,26535200
2023-10-25,125.80904388427734,129.2157386423228,125.23298422634004,128.8879797771993,58796100
2023-10-26,122.60100555419922,124.60727268606843,121.48861524118378,123.62400363880583,33907400
2023-10-27,122.56128692626953,123.59421925232625,120.63447012790027,123.18700226811843,37367700
2023-10-30,124.89530944824219,125.6898750840977,123.03801663151515,123.61407633863341,24165600
2023-10-31,124.44837188720703,125.69980254278161,123.08271740055689,125.41177268720156,21123400
2023-11-01,126.70293426513672,126.87177699365125,124.0759150866492,124.48808775404078,26536600
2023-11-02,127.7060775756836,129.20580904934013,127.23927082893425,128.67941253152986,24091700
2023-11-03,129.48390197753906,129.8414557513251,128.1331449604673,128.21260303853958,19529400
2023-11-06,130.55657958984375,130.665832566441,129.04690622824918,129.3349436915877,15360400
2023-11-07,131.50009155273438,132.3741151780464,130.24866103428275,131.08294804658382,19223800
2023-11-08,132.354248046875,132.63234372011158,131.26173366061062,131.4603712621971,15093600
2023-11-09,130.79493713378906,133.04951273258644,130.6161526699025,132.45358472640288,17976500
2023-11-10,133.14881896972656,133.35739831059152,129.9804983273355,130.63601607853604,20872900
2023-11-13,132.73165893554688,133.19846559530873,131.86757710602342,132.4535632856985,16409900
2023-11-14,134.50950622558594,136.30721680296887,134.18176249600617,134.7280121486915,22317300
2023-11-15,135.45306396484375,135.90992897259557,134.41019752225017,135.711291353787,15840900
2023-11-16,137.75729370117188,137.93607817454426,135.1551059232679,136.0291296706895,17615100
2023-11-17,136.00926208496094,137.0620551562761,134.55917860130444,136.88328583703222,25565300
2023-11-20,136.98257446289062,137.48414689533257,134.569098120999,134.57902469651415,19569400
2023-11-21,137.67782592773438,138.02048225208836,136.76905164689023,137.00245501050702,17648100
2023-11-22,139.0683135986328,140.14097485234876,138.05524211094365,138.1545684910402,17306400
2023-11-24,137.28054809570312,138.72764589165334,136.5356456925598,138.59156844459474,8828600
2023-11-27,137.11172485351562,138.68098795774316,136.60518144814702,136.63499149118078,17886400
2023-11-28,137.67782592773438,137.71756254349978,136.10856301672683,136.69456443617818,17046900
2023-11-29,135.47291564941406,138.72069448225272,135.36863355280897,138.04035268879304,21014700
2023-11-30,133.00978088378906,136.02912732923033,131.8874563324484,135.47292076448537,29913500
2023-12-01,132.4138641357422,132.59263344572554,131.2537883158629,132.4138641357422,24268000
2023-12-04,129.74215698242188,130.5565758395042,128.52050596417803,130.40164545419833,24117100
2023-12-05,131.4901885986328,132.63236636910744,128.84826409665897,129.48391362332904,19235100
2023-12-06,130.53668212890625,132.40390889193193,130.41750260107986,131.9966919650887,16360600
2023-12-07,137.5089874267578,139.04845550081836,135.30407499140995,135.6715705006872,38419400
2023-12-08,135.71128845214844,137.05211887182605,134.6485688789512,134.7379535322421,23016100
2023-12-11,133.7844696044922,133.87385425633943,131.98677421586547,132.91046108352194,24502900
2023-12-12,132.73165893554688,133.62553564504864,131.92716686598,132.36417864576356,26584000
2023-12-13,133.0594482421875,133.86394049599028,132.04637662569377,133.6305371126579,25414500
2023-12-14,132.294677734375,134.1172124747159,130.1692232592123,133.85401420402098,29619100
2023-12-15,132.93032836914062,133.91360510923639,131.72856084188126,132.0165831357041,58594000
2023-12-18,136.25755310058594,137.43946736521315,132.8607998837617,132.950184536949,25699800
2023-12-19,137.161376953125,137.82682132203928,136.51578573785298,137.06205056459726,20661000
2023-12-20,138.7107696533203,142.10553763734032,138.46246884060355,139.37621401279182,33507300
2023-12-21,140.8362274169922,141.06465992680535,139.51825079333318,139.81322925621407,18101500
2023-12-22,141.74996948242188,142.27636599411244,141.08948083232403,141.16398320036313,18513500
2023-12-26,141.84930419921875,142.96665792446996,141.53147186515343,142.0082052111716,11170100
2023-12-27,140.47866821289062,142.34589514736865,140.09230463692492,141.85922010559463,17288400
2023-12-28,140.3197479248047,141.303024555929,139.87082419725482,140.88588102744305,12192500
2023-12-29,139.97213745117188,140.47370998040037,138.9491392378536,139.7238366196853,14881000
2024-01-02,138.6114501953125,139.65928755799916,136.80382806901335,138.65118681417778,20071900
2024-01-03,139.406005859375,140.13103997328284,137.48911574634155,137.65797363177793,18974300
2024-01-04,137.10177612304688,139.67913988502855,137.07198123661422,138.89948681660132,18253300
2024-01-05,136.45619201660156,137.8665387934094,135.91986893728313,137.41165910690393,15439500
2024-01-08,139.57485961914062,139.6841125891912,136.94287691575875,137.06205646305762,17645300
2024-01-09,141.591064453125,141.82943870841166,138.83988698262704,139.1080561254395,19579700
2024-01-10,142.8226318359375,143.5426951064754,141.49174310459878,141.5513328753932,16641900
2024-01-11,142.69351196289062,145.6631951956154,141.2483993866276,143.9101920305069,17471100
2024-01-12,143.2596435546875,143.75624518425926,142.38561983701592,143.35895478755444,13998700
2024-01-16,143.10073852539062,144.8487709416046,142.08369624783842,142.45514726369032,19198900
2024-01-17,141.91880798339844,142.43527790298106,139.55497946211506,141.93867629128815,17884500
2024-01-18,144.0045166015625,144.5954736325196,142.37566419528878,142.46504883314552,18876800
2024-01-19,146.9642791748047,147.03379551838088,144.8090300426916,145.3105873548029,27181000
2024-01-22,146.70606994628906,148.9953963381963,146.5769486642882,147.69927327225247,21829200
2024-01-23,147.66944885253906,147.84823331444744,146.18958574018595,146.7159822392896,14113600
2024-01-24,149.32810974121094,150.53981887838341,148.82156640127982,149.2685048179238,19245000
2024-01-25,152.5957489013672,153.70813170761585,150.19219882067753,150.70866876146974,21495100
2024-01-26,152.74472045898438,153.0625527719859,151.76145894517842,151.83097529172323,19494500
2024-01-29,153.78759765625,154.14515145585057,151.8806491100736,152.59575670927472,20909300
2024-01-30,152.009765625,153.98623046062033,151.73662562889228,152.96323229065618,26578900
2024-01-31,140.8362274169922,144.60046116076612,140.5879265982581,144.4018235367947,43908600
2024-02-01,141.7400665283203,143.63707353987303,141.29311286591138,142.71340163506835,25526900
2024-02-02,142.5643768310547,142.90207742784477,137.23088063991614,139.93239448377048,42136100
2024-02-05,143.9449462890625,145.67312547842107,142.93188983968503,143.06099596259807,29254400
2024-02-06,144.4216766357422,145.74263867089806,143.53772642034644,144.9679414104424,21517700
2024-02-07,145.68304443359375,146.00087674584566,144.22304960880777,145.12685304223172,21436100
2024-02-08,146.21939086914062,146.60673954948905,145.4248251990445,145.97109004442805,18241300
2024-02-09,149.19900512695312,149.67078276972947,146.4279593553154,146.94442932923687,21877700
2024-02-12,147.7191162109375,149.56647487567028,147.5502734758104,148.5236084245168,17236100
2024-02-13,145.37513732910156,147.03378473805583,144.12370684077956,145.07718851407995,18138500
2024-02-14,146.1399383544922,146.82525108162173,144.56570439760185,146.36837087850864,16651800
2024-02-15,142.96168518066406,143.77610400462038,140.91568881099957,143.4781551391971,26724300
2024-02-16,140.79647827148438,143.4979921513447,140.5581192059589,143.2298382026285,21865100
2024-02-20,141.23350524902344,142.35482958461156,139.84302670070326,139.98207455553526,18625600
2024-02-21,142.8623504638672,143.00139831132194,140.94547548430683,141.67050960638667,16440800
2024-02-22,144.33230590820312,145.20631447694223,143.03119689930858,145.12685639704245,23024700
2024-02-23,144.302490234375,144.96297886741098,143.8058886206968,143.9846730822618,14519400
2024-02-26,137.8069610595703,142.86236233617606,137.79703448216958,142.47501364642804,33513000
2024-02-27,139.1477813720703,139.53513003332552,137.5586501102096,138.46246870483137,22364000
2024-02-28,136.4959259033203,138.33335811960436,135.7113019435236,138.15458879525067,30628700
2024-02-29,138.82994079589844,138.998783519723,136.6349702311013,137.40966750750945,35485000
2024-03-01,137.1415252685547,139.04847394982835,137.037243156515,138.66112523574276,28551500
2024-03-04,133.28787231445312,135.70136407802622,131.95698360470536,135.6119642682059,43571500
2024-03-05,132.8707275390625,133.10910177124268,130.65588856888178,131.8378028431057,28447600
2024-03-06,131.6590118408203,133.82420266578097,131.05315729148174,133.327601073047,23175200
2024-03-07,134.32080078125,134.89686043251785,131.75833481046982,132.9799704535482,24107300
2024-03-08,135.36366271972656,138.04035272217487,133.88379959347205,134.11720296074475,26495200
2024-03-11,137.99566650390625,139.02859124953528,136.13838121514166,136.13838121514166,22536400
2024-03-12,138.67103576660156,139.32655356229864,137.27063067316766,137.31035213574967,19019700
2024-03-13,139.813232421875,141.22357928560828,139.0583882165814,139.10805141246854,19637000
2024-03-14,143.35894775390625,143.7462963997645,140.52335683159683,141.33281987289658,36117900
2024-03-15,141.20370483398438,143.35895407703438,140.1707801178293,142.43528232504678,41039500
2024-03-18,147.4708251953125,151.89057695283617,147.1331397026208,148.35477554681722,47676700
2024-03-19,146.9146270751953,148.60306961691788,146.01080845492217,147.96742012514895,17748400
2024-03-20,148.66265869140625,148.74211677188956,146.66135470166356,147.7787083842636,17730000
2024-03-21,147.72906494140625,150.2766186867377,147.00401561759026,149.29832798085226,19843900
2024-03-22,150.73846435546875,151.52308826961857,149.06987498317417,149.21886456654786,19252900
2024-03-25,150.12265014648438,150.42657006807727,147.78863183569348,149.92401254738604,15114700
2024-03-26,150.66893005371094,152.15873492930152,150.00348569455662,150.212065045374,19312700
2024-03-27,150.90728759765625,151.65218995305727,149.10959233810078,151.11089606007513,16622000
2024-03-28,151.22512817382812,151.6323451618167,150.3014563843258,150.96690077307125,21105600
2024-04-01,155.4363250732422,155.9329267507925,150.61928273897215,150.79806722353212,24469800
2024-04-02,154.8105926513672,154.9297873521515,152.41698422967937,153.69820981124406,17598100
2024-04-03,155.3072052001953,155.48598968638157,153.08442467934654,153.8670633532154,17266200
2024-04-04,150.90728759765625,155.118459214274,150.84769783403652,154.02594485273215,24184800
2024-04-05,152.89370727539062,153.78758411816315,150.0541305184715,150.64905828185488,16297300
2024-04-08,155.0787811279297,155.59028028215346,152.94339984060665,152.9682238640317,16641500
2024-04-09,157.06515502929688,158.80326064686437,155.57535021423902,156.28053116160086,21521500
2024-04-10,156.58843994140625,157.08504160417482,155.1383564178868,156.80694588543082,16339200
2024-04-11,159.6971435546875,160.02490244508977,156.8565816596134,157.26379862845369,17841700
2024-04-12,158.1080322265625,160.6009669981502,157.52204592984705,158.3215672940823,16989800
2024-04-15,155.26747131347656,159.73688609456082,155.0886868415919,159.19062125696797,21140900
2024-04-16,154.93971252441406,156.16134832204972,153.9961724342877,154.58215873546226,15413200
2024-04-17,155.81373596191406,157.60248998335425,155.0737892102677,156.12162655498005,16237800
2024-04-18,156.38978576660156,157.4078130055725,155.14828174098898,155.85841840642055,14016100
2024-04-19,154.66162109375,156.91619685740514,152.86392552225382,156.6778226064857,21479900
2024-04-22,156.87644958496094,158.10305619927254,154.60202082115646,154.94963286401034,17243900
2024-04-23,158.83306884765625,159.38926026709757,156.89135459062405,157.5121066489433,16115400
2024-04-24,160.00503540039062,160.29305764902878,157.74053340428372,158.0086873462676,19485700
2024-04-25,156.87644958496094,157.20420847456293,151.72967873273606,152.3176503256472,36197800
2024-04-26,172.50949096679688,175.2209318481347,170.23504682584894,174.79386168533992,56500800
2024-04-29,166.7588348388672,170.21519337610644,165.92454766991162,169.6093387320858,35914600
2024-04-30,163.52098083496094,168.71542953697917,163.38193298755766,166.24236316851517,29420800
2024-05-01,164.44467163085938,167.6626405057152,163.77921210776898,165.05051107278743,25223200
2024-05-02,167.3150177001953,167.38453404353805,164.56384059343182,165.537175485777,17041100
2024-05-03,167.84141540527344,168.69557076948902,163.8586608459886,168.38766504505602,22767100
2024-05-06,168.6757049560547,168.7452213009313,166.7488882811883,168.06985038462844,15147900
2024-05-07,171.8042755126953,172.2909505088197,168.84453438859916,168.9637139161899,21102400
2024-05-08,169.99667358398438,170.74057579361528,169.3630094192717,169.58945661024885,14569900
2024-05-09,170.413818359375,171.26797377514256,168.77502387588422,169.98673307395165,11937700
2024-05-10,169.132568359375,170.17543476333674,166.76875501948376,168.5366555250242,18740500
2024-05-13,169.73843383789062,169.7880970327157,164.63336960450573,164.71978386660297,19648600
2024-05-14,170.7614288330078,171.60565766413922,169.2616973696119,170.42374336258686,18729500
2024-05-15,172.69818115234375,172.8630532509762,170.86074912895955,171.1289182424168,20958200
2024-05-16,174.23764038085938,175.14145898339967,172.8670301894522,173.4132950126952,17247300
2024-05-17,176.08497619628906,176.28858465648682,173.79067939149425,174.35681244986029,16546400
2024-05-20,177.24708557128906,178.72694893919808,176.02047876512353,176.10489256734428,17495100
2024-05-21,178.3197021484375,178.59781299691733,176.10486317775027,177.18745106671037,14706000
2024-05-22,176.79019165039062,177.63640585320144,175.57848238285234,177.18746691791006,16189400
2024-05-23,173.8701629638672,178.6872049115101,173.35369301724543,177.5648803607011,14928400
2024-05-24,175.13153076171875,176.098909756579,174.0092062404227,175.32024180389195,11403600
2024-05-28,176.81002807617188,177.2966879178619,174.4859211995409,174.5455261184923,15655300
2024-05-29,176.19424438476562,177.01860487232003,175.0619933251889,175.60825812478257,15023800
2024-05-30,172.38035583496094,175.48908689657685,172.0525969396879,175.48908689657685,18826300
2024-05-31,172.7776336669922,173.234498647724,169.80795067192355,172.22142715011307,28085200
2024-06-03,173.2344970703125,174.66471207625125,171.277885590671,172.69817402062438,20742800
2024-06-04,173.93968200683594,173.99927177427736,172.04266024953338,173.26429594731727,14066600
2024-06-05,175.86651611328125,176.7603930238306,174.09860029150283,175.33514870902772,15233900
2024-06-06,177.13780212402344,177.4953558930094,176.00555104808095,176.22404181599816,14255800
2024-06-07,174.7541046142578,178.20052102148705,174.59518846085118,177.2470544112042,14716300
2024-06-10,175.62911987304688,177.45868975619194,173.39186963927978,175.45013196473693,17099800
2024-06-11,177.18028259277344,177.37914625134988,174.4458655634547,176.71294465034026,14402400
2024-06-12,178.54249572753906,181.0482200434598,176.77258356019271,178.7314214935462,18600400
2024-06-13,175.73851013183594,177.49846952158737,175.658961630306,176.83226789014032,15956900
2024-06-14,177.3592529296875,177.7172135792028,174.8555311299011,174.8555311299011,12361600
2024-06-17,177.76693725585938,178.9004768092494,175.48992027637692,175.977133968316,15272900
2024-06-18,175.45013427734375,177.89620124099332,174.62483569288585,177.7768709097724,15640300
2024-06-20,176.7030029296875,177.7271651627615,175.46008612524582,175.70866948613414,16753200
2024-06-21,179.23854064941406,181.47777846659835,177.0510101132299,177.47858138255626,58903200
2024-06-24,179.76553344726562,181.04823206356787,179.20870915616425,180.25276228814133,18198300
2024-06-25,184.5283966064453,184.6974314659776,180.07874851431123,180.1185303473328,18797000
2024-06-26,184.31959533691406,184.87641966721847,182.94742542932823,183.15622696702985,13375700
2024-06-27,185.80116271972656,186.43753556757085,184.39914881090033,184.59305113060682,13025700
2024-06-28,182.38064575195312,185.5227432016718,182.2861828572196,184.66761579883254,23032400
2024-07-01,183.444580078125,184.28975439076217,181.6945435299368,183.43462703353134,11815900
2024-07-02,185.5525665283203,185.89063626145088,182.0226797308145,182.43036008846724,12555500
2024-07-03,186.32814025878906,186.55683269872398,184.33449688272273,185.24432046483227,7409100
2024-07-05,190.87225341796875,191.17054131148387,186.25854687293653,186.25854687293653,14303400
2024-07-08,189.400634765625,190.59284569184211,188.2472194735337,190.28062959522862,12097600
2024-07-09,189.36085510253906,191.76714010959296,189.15203841273987,190.6634294288226,10198500
2024-07-10,191.56829833984375,192.2146090546467,189.5398494759331,189.66911768782384,12052900
2024-07-11,186.23866271972656,191.31970737889765,185.7613869004445,190.25576327897286,16452000
2024-07-12,185.72161865234375,187.62079936803704,185.08524578930252,185.86082474199884,14449100
2024-07-15,187.1236114501953,188.82391312654403,185.43324764615406,185.43324764615406,12186000
2024-07-16,184.44886779785156,189.26143838906273,184.07101620543958,187.8892684498503,12760100
2024-07-17,181.58517456054688,184.18038554020822,180.59084108439043,183.6334990938572,17376600
2024-07-18,178.20445251464844,183.00708517888938,177.20018113362187,182.49996537952947,17877200
2024-07-19,178.37347412109375,180.93885620153185,177.84647861485163,179.34791663817788,14485900
2024-07-22,182.31103515625,183.25564885280767,180.86923958683062,181.3167017551738,16303900
2024-07-23,182.55963134765625,184.17044671555993,182.29115706223075,182.79826167041253,23772600
2024-07-24,173.3819122314453,176.94162766782634,172.5864576395385,174.39613656014743,31250700
2024-07-25,168.20144653320312,174.20721377004753,168.09206924909273,173.2626000467253,28967900
2024-07-26,167.7241668701172,168.87759736716222,164.92513082283665,167.81366841574962,25150100
2024-07-29,170.16029357910156,171.1844558514704,168.75827972854137,169.53385863048427,13768900
2024-07-30,170.8861541748047,171.96997403739772,169.15600844040551,170.85632538389478,13681400
2024-07-31,172.16883850097656,174.91320865604047,170.74694888658044,173.92881303446427,15650200
2024-08-01,171.47279357910156,174.68448624625722,169.5437843354653,171.00545566245466,17177800
2024-08-02,167.4457550048828,169.24551138112997,165.4471501358132,167.23695346679165,18907800
2024-08-05,159.729736328125,164.99970702790134,155.7126355760506,156.478261463729,34907800
2024-08-06,159.6302947998047,161.43005119518008,157.23396257497106,160.0330138293395,36146500
2024-08-07,159.83909606933594,163.8561963802638,159.3319914909659,162.3149917286518,19334200
2024-08-08,162.91159057617188,164.56218776245834,161.11184943969516,161.42406553399982,15733600
2024-08-09,164.4528350830078,164.58210330739894,160.01810050841772,160.72906057024213,13549200
2024-08-12,163.02098083496094,165.75539806973325,162.62325348792436,165.05439110341254,12435000
2024-08-13,164.98974609375,165.59629011991402,163.8363307946276,164.24897251060386,12717600
2024-08-14,161.11184692382812,164.0252518080872,158.62601331064516,163.2795017241323,22515900
2024-08-15,162.24539184570312,162.59341463206414,160.5749188847497,161.2908402029654,18392500
2024-08-16,163.80650329589844,166.0039717947397,162.15590607432796,162.48403794408534,16853100
2024-08-19,167.4457550048828,167.51536563246327,165.14884705192927,166.05369417652463,13100800
2024-08-20,168.00259399414062,169.44437452745237,167.7042909111701,167.78383941145057,12622500
2024-08-21,166.6801300048828,167.68440138112788,165.6261389190102,166.04375716969605,15269600
2024-08-22,164.55226135253906,168.4599848429793,164.09486125288578,168.0821332464103,19123800
2024-08-23,166.4812469482422,166.99830460508238,164.72128761615647,165.60624380473357,14281600
2024-08-26,166.97840881347656,168.4202044524346,165.37754652596405,167.20213990843885,11990300
2024-08-27,165.4372100830078,167.29163232217275,165.21845550253033,166.66023602125927,13718200
2024-08-28,163.56784057617188,166.4414634298573,162.35475264200346,165.8349194627731,15208700
2024-08-29,162.47409057617188,166.68013227630968,161.06412637762125,165.11902137221767,17133800
2024-08-30,164.17442321777344,164.34345811106581,162.48405911252289,163.28946691034466,18498800
2024-09-03,157.7112274169922,162.45420217078595,156.96050081516395,162.38956806965845,26533100
2024-09-04,156.91575622558594,159.4910761689926,156.54785771147758,157.17925397775187,17410700
2024-09-05,157.7012939453125,160.10260259244973,156.62741198020422,156.88593321960403,14139500
2024-09-06,151.2679443359375,158.31776446976443,151.07404204106973,157.79076898385384,24999100
2024-09-09,148.8883514404297,153.96613354006942,147.55419432766988,152.960540228326,28057700
2024-09-10,149.35630798339844,151.63633754172483,148.89134773184537,150.79003544164266,20401800
2024-09-11,151.4869842529297,151.81554806620483,148.0520210302128,150.43160574548077,18991500
2024-09-12,154.86221313476562,154.93191539548397,152.83110931126586,154.1353984322752,20980800
2024-09-13,157.6798858642578,158.58094104280494,155.42973945471823,155.68064025177955,16733900
2024-09-16,158.2971954345703,158.5461060421012,156.92320401946452,157.64006778453728,14157600
2024-09-17,159.58157348632812,160.88586268807376,158.71536940107993,159.39239898672255,12064800
2024-09-18,160.1092529296875,160.92568699517338,158.9642702393375,160.14908713362692,16756500
2024-09-19,162.52867126464844,164.2710454691448,161.81379771037444,164.1017880837837,17548200
2024-09-20,163.92254638671875,164.03206764655698,162.4689019554381,163.80307417318457,46362700
2024-09-23,162.3594207763672,165.8839883465766,162.23993335222076,164.61951818775515,15648400
2024-09-24,162.92691040039062,163.83294856754733,161.3239256401504,163.53425282985546,18774100
2024-09-25,162.27976989746094,163.50141298569918,162.06569522258198,162.25985279443302,13607900
2024-09-26,163.1160888671875,164.77880977721125,162.78752506691262,164.31085665490733,18234500
2024-09-27,164.56971740722656,166.24240445583408,163.1160880833797,163.19574129448452,13604300
2024-09-30,166.46145629882812,166.63071368478148,163.92256512493256,164.06195445408815,14070100
2024-10-01,167.6861114501953,169.6973135950972,165.17708804513052,168.12419658990655,18629500
2024-10-02,166.5809326171875,168.14409852538486,165.5255540716188,167.02896867245562,12745000
2024-10-03,166.4813690185547,167.17831564598703,164.64937549349344,165.09742671826152,11004300
2024-10-04,167.8254852294922,168.8111767024193,166.23246646010332,168.60208510793254,11422100
2024-10-07,163.67364501953125,169.15962888910855,163.41478347821553,168.4029461736727,14034700
2024-10-08,164.97793579101562,165.37620184985647,163.59399352017417,164.70910810033513,11723900
2024-10-09,162.3494415283203,165.5354940563339,160.41789291037858,164.13661774956313,19666400
2024-10-10,162.46890258789062,163.59498593555762,160.9356201364823,161.4035732310404,12900500
2024-10-11,163.80308532714844,164.54981709717626,161.7918835060304,162.6182684879368,10946000
2024-10-14,165.6251220703125,166.88957700087903,164.0619561840233,164.1913945597103,9981800
2024-10-15,166.17271423339844,168.35317356937637,165.32642728967718,166.41167388401854,14829300
2024-10-16,166.013427734375,166.55106797325655,164.4960665730318,165.30651490961594,9968500
2024-10-17,163.79312133789062,167.19821643099237,163.65373201334134,166.65062527959674,15113400
2024-10-18,164.33078002929688,165.64502008827174,164.03208427288982,164.15155649853372,13091300
2024-10-21,165.0775146484375,165.4956826376428,163.58901891443685,163.8628296926184,11384000
2024-10-22,166.0930633544922,166.74022480209356,163.95242319647124,163.98229125145,11958600
2024-10-23,163.76324462890625,166.86965899975868,162.91993546186882,165.70474411550393,12754300
2024-10-24,163.81304931640625,164.33078763866595,162.06072409253227,163.87278543199432,12764400
2024-10-25,166.26231384277344,166.67051564133874,164.50997366436278,164.64439509849527,14566400
2024-10-28,167.60643005371094,169.86256206708674,165.06753901516458,169.84662534790536,20858300
2024-10-29,170.3942413330078,171.11110508314272,167.9250524115973,168.6468840430168,28916100
2024-10-30,175.3724365234375,182.98909414615085,174.97915355569205,181.61511808403742,49698300
2024-10-31,171.93746948242188,177.64249554999887,171.80803112319362,173.95862211563895,32801900
2024-11-01,171.89764404296875,173.0625589507953,169.56784461190855,170.79248043711254,21752900
2024-11-04,169.9362335205078,171.1708355365351,168.74644878064223,170.49380601285034,16194000
2024-11-05,170.66307067871094,171.3470734959179,169.6275940553142,170.0855962526431,12518300
2024-11-06,177.5529022216797,177.86154891962624,174.27723038022245,174.5858922704656,27061500
2024-11-07,181.48568725585938,181.78438300082175,178.11046028006697,178.32950281355292,16730400
2024-11-08,179.07623291015625,181.5553878202433,178.78750331450587,181.20690692232023,15021500
2024-11-11,181.17706298828125,181.29156734251112,179.20569513512734,179.28534835646568,12503400
2024-11-12,182.52117919921875,183.22309374945092,180.20133049340726,180.58963043690287,14065800
2024-11-13,179.7034912109375,181.81923118102523,179.33509321479593,181.3562459473078,13969700
2024-11-14,176.5771942138672,179.6587088055344,175.2629388903221,178.96673001193344,17925800
2024-11-15,173.13226318359375,175.11359710727302,171.99224833661086,174.8746374525842,21708900
2024-11-18,176.0295867919922,176.13910806830904,173.65995291839005,174.19262527103558,18662800
2024-11-19,178.7974395751953,179.38486486474858,174.3528880122025,174.471372723143,15392900
2024-11-20,176.55726623535156,178.32950846808063,174.56598146219105,178.05072981522193,15729800
2024-11-21,168.5025177001953,174.8148865873952,164.58963534340768,174.69043129296793,38839400
2024-11-22,165.84417724609375,167.53178337066268,164.98792409496505,166.43160267043936,24497000
2024-11-25,168.69168090820312,169.7172065350398,166.6705280950971,167.257968644597,21395700
2024-11-26,169.87649536132812,170.74768243022393,168.6916785168623,168.75142982025878,14937500
2024-11-27,170.0756378173828,170.39423547744005,168.93063997056893,169.9362333002551,12433400
2024-11-29,169.7470703125,170.12540407605727,168.01464714823365,169.3189362005132,9250700
2024-12-02,172.22621154785156,172.84352014313558,169.52802925415844,169.57781441072444,16593400
2024-12-03,172.2660369873047,173.56037503069683,171.7582496853769,172.36559210307576,15721500
2024-12-04,175.32266235351562,175.66117711522332,171.99722046364053,172.02708851953844,18239800
2024-12-05,173.5504150390625,176.9356081335433,173.2517192965647,176.54730822598512,16145500
2024-12-06,175.72093200683594,176.06841023086653,172.7937409307028,173.1223047445848,13319500
2024-12-09,176.52830505371094,177.46525783971273,174.8337806994744,175.14776627345978,19887800
2024-12-10,185.92787170410156,187.4230296378457,182.08033134621863,183.9393165192724,34317400
2024-12-11,196.07501220703125,196.25442385309114,185.65873341528825,186.0973154961447,41664500
2024-12-12,193.00494384765625,196.07001433446632,192.65606760610342,195.66632294012962,25197800
2024-12-13,190.76222229003906,193.7126587699419,190.6425993125333,192.08793082002458,18883200
2024-12-16,197.52032470703125,199.992314777292,193.4833954424774,193.73757714576846,32248600
2024-12-17,196.48367309570312,202.22508900404006,196.0550684770214,197.88912513239245,24129500
2024-12-18,189.53616333007812,198.0486035423652,188.66897667785352,196.1946072720863,27638400
2024-12-19,189.087646484375,193.97183843918742,188.9082348238825,192.65609209077414,26981200
2024-12-20,192.3371124267578,193.5083072410875,185.76837404956783,186.4063074568899,45319700
2024-12-23,195.35733032226562,195.85571627268868,191.0114042261952,193.40365070441305,15235900
2024-12-24,196.9322509765625,197.03191905065805,194.56789854953635,195.53676105342174,6809800
2024-12-26,196.46376037597656,197.52033622530104,195.23771990822095,196.1049218602123,7907900
2024-12-27,193.4136199951172,196.1647202757909,191.3523024429326,195.83578371138285,14693000
2024-12-30,192.0679931640625,193.15447096011988,189.74551265085918,190.24888736231753,12209500
2024-12-31,189.8252410888672,192.62616766511687,188.96801665543026,191.82377359456456,14355200
2025-01-02,190.01463317871094,192.57632906643343,188.1008329456353,190.8668688990928,17545200
2025-01-03,192.50656127929688,193.87213391074388,190.7323085199097,192.10286987789056,12875000
2025-01-06,197.32098388671875,198.9158098969417,194.43033607710257,194.5200419032114,19483300
2025-01-07,196.07501220703125,201.48747646329343,195.30749356553247,197.62997397768044,16966800
2025-01-08,194.75926208496094,197.00199887323063,193.12455676767007,193.32390810694315,14335300
2025-01-10,192.5464324951172,196.98206455558247,190.98150846908007,194.78916934463103,20753800
2025-01-13,191.66925048828125,191.86861702397582,188.05097905030004,190.7322977343606,13169100
2025-01-14,190.43328857421875,192.6461235720949,189.02783644133166,191.87860489385017,13651200
2025-01-15,196.34413146972656,197.16149175688608,192.7059199913067,193.72263162353136,12894900
2025-01-16,193.7824249267578,196.34412075053376,193.67277941152807,195.19285044538734,13449600
2025-01-17,196.91229248046875,198.16821960282297,194.67951794230683,197.41067843197106,22109100
2025-01-21,198.98558044433594,203.18198165088893,198.79619134868744,199.8627293790569,19005200
2025-01-22,199.38429260253906,201.4675423346555,198.55697005615318,199.90261827692612,15477400
2025-01-23,198.9357452392578,201.28812762165109,196.18466016542135,199.33444793070097,15170800
2025-01-24,201.24826049804688,201.91611112171262,199.139093625211,199.2048900678887,12732400
2025-01-27,193.14450073242188,198.0286770954344,192.077947468968,193.56314311700586,24970200
2025-01-28,196.43385314941406,196.59332510027124,191.98824361312455,194.0216516747315,15939200
2025-01-29,196.54347229003906,197.81935429110533,194.55990597999036,196.73286138104575,12287800
2025-01-30,201.97589111328125,202.58193012039442,198.82808076772176,199.11514547234088,14571500
2025-01-31,204.93630981445312,206.411527975635,202.92282630706868,203.0573850388532,17060300
2025-02-03,201.98585510253906,204.55752840288116,201.00902290938853,201.56222400754768,16719500
2025-02-04,207.0395050048828,208.02629948497267,203.6006296665919,203.83986040606993,28285400
2025-02-05,192.67601013183594,193.92197499920485,189.29695401991273,192.47665879496333,43666400
2025-02-06,192.68597412109375,193.2042997692843,189.87508526379926,190.37347121526227,20816600
2025-02-07,186.535888671875,192.39192345610874,184.5024807326074,192.11781727342543,29565700
2025-02-10,187.59246826171875,189.3766984774281,187.00437649187288,188.4496927028371,16606000
2025-02-11,186.46612548828125,188.19053660602074,185.47931583791075,186.2318834848387,13028100
2025-02-12,184.83140563964844,186.22689542176803,183.03722839190226,184.6320543020691,17632300
2025-02-13,187.2735137939453,187.38315931387632,184.2831980244079,185.32979637612,12729300
2025-02-14,186.2667694091797,187.5426362882782,185.50922820269398,186.2269052233785,12714200
2025-02-18,185.20022583007812,187.173829973565,182.98739095029217,186.83493117095733,19796000
2025-02-19,186.52593994140625,186.7551932313241,184.90119679523852,185.58398314772262,13120500
2025-02-20,186.0375213623047,186.515967653067,184.0041132194147,185.89797389376844,12063800
2025-02-21,180.99383544921875,186.8648210730536,180.5452911558963,186.68539423000573,19520800
2025-02-24,180.6051025390625,184.49250685544612,180.2961056843669,183.20667779988295,18734000
2025-02-25,176.7974395751953,180.17649594747144,176.19938551849802,179.57345316387003,20832500
2025-02-26,174.1360626220703,177.50515679618596,173.029645111073,176.37382606939352,23637200
2025-02-27,169.66055297851562,176.01994740253818,169.20402365784025,175.3720517468169,25930500
2025-02-28,171.6640625,171.94315742282225,167.84642419410588,169.75026222513335,30049800
2025-03-03,168.11557006835938,174.43510093183014,167.09885836425866,173.16919622639824,24122000
2025-03-04,172.0528106689453,174.5995557564392,166.99916947110347,167.39788738556237,30711400
2025-03-05,174.42514038085938,175.18268163682967,170.37823322393749,171.76376092594464,18848000
2025-03-06,173.64764404296875,176.15949834739462,171.95112715118205,171.99299899435542,19082400
2025-03-07,175.1826629638672,176.32894457512367,171.6939612832212,172.68276339705244,16395300
2025-03-10,167.4588623046875,170.09333760834892,165.21856474391475,169.80395112078375,28990700
2025-03-11,165.63267517089844,168.30208065925785,162.89841848850494,166.33120734425228,23705900
2025-03-12,168.64637756347656,169.1752673518877,165.13373869034936,168.11748777506543,19880100
2025-03-13,164.3852996826172,167.76820552881753,163.72669229913674,167.62849908664165,15206200
2025-03-14,167.2692413330078,167.89792789698524,164.16574856488666,164.9690719773977,18611100
2025-03-17,166.22146606445312,168.1075107039109,165.46304658969382,166.97487590206185,17839100
2025-03-18,162.32962036132812,166.0917361122214,158.4677229909182,165.61274474870302,24616800
2025-03-19,165.93206787109375,167.78118741272533,162.70883071557313,163.57201100984685,24955700
2025-03-20,164.70465087890625,166.68050364483307,162.7986437263556,163.48220798963953,19981500
2025-03-21,165.90211486816406,166.1216557270406,162.68885163572668,163.0381253367192,29882100
2025-03-24,169.5744171142578,170.14323170803982,167.0896371412489,168.91081531503914,18742800
2025-03-25,172.42843627929688,172.54819553776656,170.19313314600385,170.82180453881222,13841600
2025-03-26,166.79025268554688,171.58021155127406,166.5118295600408,170.94155138430105,22498000
2025-03-27,163.73666381835938,167.08963361496558,163.50714935773365,166.36116540619523,21571200
2025-03-28,155.7334442138672,163.46722744812823,155.01395983965068,162.02026459805788,34866500
2025-03-31,155.90309143066406,156.80121735692813,151.89151406467764,154.4860645445433,33591600
2025-04-01,158.5475616455078,159.74504769962883,154.93014665745514,154.97505067146278,20111400
2025-04-02,158.527587890625,159.93962031962053,156.20246156153843,156.63156970946335,17113300
2025-04-03,152.31063842773438,154.36332590944218,151.8615678363665,152.51521130834698,28416100
2025-04-04,147.4308624267578,152.7696585204793,147.23126874135036,149.58633109667096,39832200
2025-04-07,148.92771911621094,154.60579993715052,142.3614860124179,143.08995421575065,47823000
2025-04-08,146.27328491210938,154.11683856421288,144.90615649348965,153.25364308480528,35304400
2025-04-09,160.7229766845703,161.53127930904452,145.50488757744728,146.02380373183385,46479500
2025-04-10,155.0448760986328,159.6951284840176,151.88151129987415,158.42778175519828,35270500
2025-04-11,159.0664520263672,159.52549618373823,155.2594476417932,155.2594476417932,22582000
2025-04-14,161.1321258544922,163.686766627887,159.5853661782517,161.9703645032261,18255900
2025-04-15,158.34796142578125,161.71092019595181,157.3151386924203,161.2319288394032,15690800
2025-04-16,155.17462158203125,157.84900646503428,153.58795225695732,155.1446855741514,16921500
2025-04-17,153.03909301757812,156.74133649905758,150.5842338964966,156.2822923546128,19513400
2025-04-21,149.5464324951172,150.74391856133738,148.08948070952727,150.64911612185406,16147800
2025-04-22,153.5779571533203,154.28647817349793,150.55429866627406,150.75389234645476,15910300
2025-04-23,157.38998413085938,159.68517460141064,156.0228556241092,157.57958900662848,18575700
2025-04-24,161.1321258544922,161.3716291370705,157.7591936190999,158.19328094694924,30787500
2025-04-25,163.5071563720703,167.8879698596393,162.65892887309212,166.75035587414118,35148100
2025-04-28,162.08013916015625,164.60484399235878,160.04441449921725,163.91628536051073,20871200
2025-04-29,161.7209014892578,162.33959932204192,159.0564900529909,161.70593348449245,15955200
2025-04-30,160.5533447265625,161.03632552341878,156.82615942714932,159.5255011706688,20639500
2025-05-01,162.44935607910156,163.59695884625,160.59324751027046,162.17993201602457,21904300
2025-05-02,165.46304321289062,166.3511802953172,163.31754813877285,164.60983654805946,16844900
2025-05-05,165.70254516601562,166.75035109742606,164.12584947218224,164.1707534829321,15309300
2025-05-06,164.8543243408203,166.39111049603875,162.7886636287067,163.61692872306404,10691900
2025-05-07,152.4802703857422,166.64058037151528,149.1771989680043,165.7225072906682,78729800
2025-05-08,155.42410278320312,157.08063299058793,153.7775613966295,155.59374524152167,38387500
2025-05-09,154.0569610595703,156.10265920444155,153.5081089022484,155.22451097958617,22871000
2025-05-12,159.24609375,160.10429487952555,157.55962750025756,158.7671023741996,31884900
2025-05-13,160.5533447265625,161.72089473004775,157.25027318025747,159.58537318722793,24944300
2025-05-14,166.46095275878906,167.98775006260223,160.59325160571225,160.97246133997137,31769200
2025-05-15,165.05389404296875,167.15947947237044,163.49716078272107,166.79025857078503,22717600
2025-05-16,167.0796356201172,170.29289879987024,166.6006443117216,168.57649678235524,36271400
2025-05-19,167.51873779296875,167.59857222526293,165.06887289763344,165.36824821202137,21374700
2025-05-20,164.9740753173828,169.32493740245837,163.91628057612473,167.4089568284216,33563300
2025-05-21,169.70416259765625,174.1648107504269,164.5449821761113,164.60485419531173,45567600
2025-05-22,171.62013244628906,177.75727288119202,171.52035082957954,172.98727611426764,45024100
2025-05-23,169.23513793945312,170.84676411617667,168.90582662036127,169.92369658602146,24963600
2025-05-27,173.61595153808594,173.92530044273832,170.8517585839039,170.94156660908797,24341300
2025-05-28,173.0172119140625,176.1107161118287,172.65297018501624,173.61594729418155,25999200
2025-05-29,172.5980987548828,175.0329804174553,171.42055991285764,174.63382348309548,21174700
2025-05-30,172.48831176757812,173.0770735186819,168.17234979116824,172.04923004578563,36258300
2025-06-02,170.01348876953125,170.70404207052295,168.29708672339368,168.65633401739595,24742900
2025-06-03,167.35906982421875,169.4446927986556,166.33121111323524,168.51165174308437,25386700
2025-06-04,169.03555297851562,169.22515784223899,167.44388927750356,167.92787503026992,18508700
2025-06-05,169.4546661376953,171.999333247985,168.9956372255751,171.26087623375113,25375400
2025-06-06,174.55398559570312,175.4620851142868,171.93947270561807,171.93947270561807,22258100
2025-06-09,177.47137451171875,177.75610840952234,175.5031325772629,175.71293650196031,18817600
2025-06-10,179.8492431640625,182.2820814822952,176.3174115528641,177.6012524442818,32908000
2025-06-11,178.63034057617188,181.587704115862,177.84105272420047,181.06816418757248,18994400
2025-06-12,176.8119659423828,177.97093371422645,175.95273331776258,177.32150502104858,17345900
2025-06-13,175.7229461669922,178.18374417661255,173.41501140826213,173.4249969901244,20873200
2025-06-16,177.78109741210938,178.08581772153445,175.66299550545116,175.74791106095938,18132500
2025-06-17,177.0717315673828,178.5554060908411,175.78289022905207,176.84194122313968,17656100
2025-06-18,173.8246307373047,177.66520741745524,172.68564937270733,177.12168687013792,32531800
2025-06-20,167.58021545410156,175.2084072749372,166.1215277486504,174.70885376714864,55402600
2025-06-23,165.86175537109375,168.32955099660168,163.18415580302408,167.17059840849774,36975600
2025-06-24,167.5902099609375,169.09885600930554,166.7609493398623,167.5352511496685,27310300
2025-06-25,171.3368682861328,173.2051935344053,168.41048297188135,168.49939276403427,23627400
2025-06-26,174.27423095703125,174.4940357220232,170.70742680723183,173.23016594590123,25909100
2025-06-27,178.11080932617188,178.68029238922279,172.55577684017305,174.47406045255778,74053100
2025-06-30,177.23159790039062,181.41785885338717,175.34328619730314,180.6235705829387,43964600
2025-07-01,176.7520294189453,177.06175016091657,174.50403858767385,176.64711220363492,25778500
2025-07-02,179.59947204589844,179.77431882306013,175.93275111969743,176.38734664225254,19325900
2025-07-03,180.38877868652344,180.60858345440707,178.03088546799643,179.65943481772604,13287400
2025-07-07,177.4014434814453,180.1789598314395,176.48226683459202,179.9741410589373,20991400
2025-07-08,175.0035858154297,178.63033385947716,173.76468764691197,178.62034827773374,24108600
2025-07-09,177.50135803222656,180.11901356387378,173.72473469070374,175.95273909172283,31288000
2025-07-10,178.54042053222656,179.4296251657738,175.5830723051054,176.512234511381,24693700
2025-07-11,181.14808654785156,182.44692868840252,177.38245509455163,177.75112886809936,23975700
2025-07-14,182.64674377441406,184.5650273381907,180.5496192082718,181.9074143693571,20990400
2025-07-15,182.93649291992188,185.24442758915293,182.22712026096616,183.77573911870363,23911600
2025-07-16,183.60589599609375,185.16950087616138,182.91650973311008,184.1554078901505,21152600
2025-07-17,184.53506469726562,185.02162933119868,181.33792526233427,182.95148859796868,21654400
2025-07-18,185.77395629882812,187.19268639627012,184.56503013215195,186.45334173485833,21033400
2025-07-21,190.9792938232422,191.08919620124823,186.88296433744753,186.9329227356617,24665000
2025-07-22,191.93844604492188,193.18732979274287,188.32666875796485,192.2481667751554,26212900
2025-07-23,191.33897399902344,193.18732802696937,190.010159874068,192.1882210378446,34068100
2025-07-24,193.0274658203125,198.79231737351353,191.77858209315576,197.9330847594232,45252100
2025-07-25,193.9066925048828,195.10061746773786,191.95843686256575,192.75771028339912,31101800
2025-07-28,193.2472686767578,194.6460275845246,191.68366382649796,194.23639006720387,25553500
2025-07-29,196.25457763671875,196.4843832196581,192.817662416167,193.1273831421187,31891600
2025-07-30,197.26368713378906,198.30275169861974,195.3853611085289,196.12470577159496,21150500
2025-07-31,192.68777465820312,196.65423062723093,191.90847242579005,196.4244402882278,27852000
2025-08-01,189.78036499023438,191.44687467641603,188.5314812837375,189.6105186355703,21236700
2025-08-04,195.5751953125,195.9049024520249,190.74950667153828,191.00428383507187,23386000
2025-08-05,195.1455841064453,198.5225553573162,194.5011558308944,195.37037403152394,19010200
2025-08-06,196.74415588378906,197.20375182865104,194.2933433951165,195.0756489615275,15383700
2025-08-07,197.10382080078125,198.19284373359994,195.04566289247066,197.53344472313984,14660600
2025-08-08,201.90953063964844,203.24833036524188,197.72326985656238,197.80320024624658,24379900
2025-08-11,201.449951171875,201.97947666721265,199.6215835153614,201.37500595004394,16690200
2025-08-12,203.97769165039062,204.9468266736469,201.2201465346662,201.91453322711988,19854000
2025-08-13,202.84869384765625,205.24654455972473,198.46261470892654,204.79694945685728,19573000
2025-08-14,203.63800048828125,205.2365625759638,202.14432512407217,202.37911588398708,17777100
2025-08-15,204.72702026367188,207.14485738883576,201.9045460206804,204.53718749330082,21111400
2025-08-18,204.10755920410156,205.95591322393057,203.22835542424343,204.88687667774633,13000200
2025-08-19,202.30918884277344,204.10756930819693,200.75056906348905,203.72291858829,13476600
2025-08-20,200.01123046875,201.9894580373513,197.28367265876727,201.49989012472352,13971700
2025-08-21,200.4408416748047,203.17840034597594,200.22103691495778,200.54075847297617,11768900
2025-08-22,206.535400390625,209.0431534739571,201.94950291655513,203.7778705571345,25723700
2025-08-25,208.9732208251953,210.90148999026277,205.7660806926536,206.8151460768586,22788800
2025-08-26,207.76429748535156,208.2738518119723,206.26563698618554,208.18392059569848,23051000
2025-08-27,208.02407836914062,209.3828645197921,206.20569628356685,206.2756410923181,15249000
2025-08-28,212.1803436279297,212.70986910562976,207.4146143286289,207.6543902459798,20915700
2025-08-29,213.3393096923828,215.14769086553312,210.78159829310974,211.08133343259135,24682200
2025-09-02,211.8007049560547,212.17936432543956,206.77519781054198,208.80338386353435,28900100
2025-09-03,230.8936309814453,231.59300282388122,224.91896021781164,226.27774633104264,72250300
2025-09-04,232.45223999023438,232.56214237085004,226.55749949973745,229.94947205835598,32196000
2025-09-05,234.95999145507812,235.9191408833356,232.17248963182874,232.4522383723282,26127700
2025-09-08,234.16000366210938,238.39999389648438,233.72999572753906,235.7899932861328,23128800
2025-09-09,239.94000244140625,240.58999633789062,233.3800048828125,234.19000244140625,22854800
2025-09-10,239.55999755859375,242.0800018310547,238.11000061035156,239.25,19990100
2025-09-11,240.77999877929688,242.57000732421875,236.5800018310547,240.13999938964844,21308600
2025-09-12,241.3800048828125,242.42300415039062,238.5,240.8000030517578,14536600
2025-09-15,251.75999450683594,252.75,244.97999572753906,245.13999938964844,29935200
2025-09-16,251.4199981689453,253.22999572753906,249.71499633789062,252.3300018310547,24493500
2025-09-17,249.85000610351562,251.9499969482422,246.5800018310547,251.4600067138672,20491300
2025-09-18,252.3300018310547,254.13999938964844,250.11000061035156,251.86000061035156,21166400
2025-09-19,255.24000549316406,256.70001220703125,252.0679931640625,253.39999389648438,41616800
2025-09-22,252.8800048828125,256.30999755859375,250.80999755859375,254.77999877929688,20079000
2025-09-23,252.33999633789062,254.77000427246094,251.08999633789062,253.65499877929688,17521100
2025-09-24,247.8300018310547,252.9600067138672,247.22000122070312,252.14999389648438,16958500
2025-09-25,246.57000732421875,247.31500244140625,241.64999389648438,244.83999633789062,17379800
2025-09-26,247.17999267578125,250.1199951171875,246.63999938964844,247.78500366210938,16594600
2025-09-29,244.36000061035156,251.6479949951172,243.1999969482422,248.27499389648438,23157200
2025-09-30,243.5500030517578,243.6750030517578,239.5709991455078,243.05999755859375,22541200
2025-10-01,245.5399932861328,247.14999389648438,239.1999969482422,241.17999267578125,23967700
2025-10-02,246.42999267578125,247.63499450683594,243.10499572753906,245.63999938964844,20657500
2025-10-03,246.4499969482422,247.1179962158203,242.47000122070312,245.22999572753906,19941400
2025-10-06,251.50999450683594,252.1999969482422,245.69000244140625,245.77999877929688,18309000
2025-10-07,247.1300048828125,251.5500030517578,246.80999755859375,248.92999267578125,13811200
2025-10-08,245.4600067138672,247.25999450683594,245.08999633789062,246.1999969482422,14136500
2025-10-09,242.2100067138672,245.55499267578125,239.67999267578125,245.05999755859375,19375700
2025-10-10,237.49000549316406,244.83999633789062,236.68499755859375,242.16000366210938,22449100
2025-10-13,244.63999938964844,244.99000549316406,240.75,241.02999877929688,12465000
2025-10-14,246.19000244140625,248.02499389648438,241.17799377441406,241.7550048828125,17705400
2025-10-15,251.7100067138672,252.75999450683594,246.7899932861328,248.0850067138672,16048100
2025-10-16,251.8800048828125,257.5799865722656,250.6699981689453,252.46499633789062,18946000
2025-10-17,253.7899932861328,254.8800048828125,248.58999633789062,251.35000610351562,17653800
2025-10-20,257.0199890136719,257.8800048828125,254.60000610351562,255.22999572753906,13726800
2025-10-21,251.33999633789062,255.3800048828125,244.6699981689453,255.25,27836400
2025-10-22,252.52999877929688,257.17999267578125,250.4510040283203,255.00999450683594,19650200
2025-10-23,253.72999572753906,255.86000061035156,252.76800537109375,253.6999969482422,13241300
2025-10-24,260.510009765625,262.510009765625,256.1000061035156,257.29998779296875,18406000
2025-10-27,269.92999267578125,270.79998779296875,264.94000244140625,265.3599853515625,22987700
2025-10-28,268.42999267578125,271.3800048828125,267.1700134277344,270.20001220703125,20101200
2025-10-29,275.1700134277344,275.9700012207031,268.42999267578125,268.6099853515625,26287900
2025-10-30,281.8999938964844,291.92999267578125,280.45001220703125,291.7200012207031,48570000
2025-10-31,281.82000732421875,286.2850036621094,277.52301025390625,283.2049865722656,29932800
2025-11-03,284.1199951171875,285.94000244140625,280.3699951171875,282.4200134277344,19691800
2025-11-04,278.05999755859375,281.8340148925781,276.864990234375,277.06500244140625,18123700
2025-11-05,284.75,286.70001220703125,277.8800048828125,279.3800048828125,20063200
2025-11-06,285.3399963378906,288.80999755859375,281.6199951171875,285.7349853515625,23103800
2025-11-07,279.70001220703125,284.5,275.739990234375,284.2099914550781,21991100
2025-11-10,290.5899963378906,291.4599914550781,283.5400085449219,285.2650146484375,19508200
2025-11-11,291.739990234375,292.3399963378906,287.8800048828125,288.20001220703125,14156700
2025-11-12,287.42999267578125,292.3599853515625,284.3800048828125,292.0849914550781,16998800
2025-11-13,279.1199951171875,283.510009765625,278.0,282.9849853515625,18060200
2025-11-14,276.9800109863281,279.1499938964844,271.4100036621094,271.8949890136719,18330500
2025-11-17,285.6000061035156,294.5199890136719,284.2300109863281,286.3999938964844,34286100
2025-11-18,284.9599914550781,289.43499755859375,279.010009765625,288.4849853515625,29702200
2025-11-19,292.989990234375,304.25,287.6700134277344,287.68499755859375,43123600
2025-11-20,289.9800109863281,306.8900146484375,289.1700134277344,304.739990234375,34801400
2025-11-21,299.6499938964844,303.9599914550781,294.3599853515625,296.8699951171875,43670600
2025-11-24,318.4700012207031,319.79998779296875,309.3999938964844,311.010009765625,55311800
2025-11-25,323.6400146484375,328.6700134277344,317.8160095214844,326.79998779296875,50899300
2025-11-26,320.2799987792969,324.989990234375,317.20001220703125,320.7799987792969,29839600
2025-11-28,320.1199951171875,326.8800048828125,316.94000244140625,323.42999267578125,19695800
2025-12-01,315.1199951171875,319.6300048828125,313.9800109863281,317.4750061035156,28520600
2025-12-02,316.0199890136719,318.6000061035156,314.2200012207031,316.8999938964844,24668200
2025-12-03,320.6199951171875,322.0400085449219,314.2799987792969,316.0299987792969,32285100
2025-12-04,318.3900146484375,323.0989990234375,315.5899963378906,323.0450134277344,20831600
2025-12-05,322.0899963378906,323.8299865722656,319.9849853515625,320.0,14829654
