Date,Close,High,Low,Open,Volume
,NVDA,NVDA,NVDA,NVDA,NVDA
2015-12-07,0.8076382875442505,0.82300560291002,0.8051990320601036,0.82300560291002,333588000
2015-12-08,0.8186150193214417,0.8220299658317463,0.7925149879120476,0.7976374076775045,314488000
2015-12-09,0.7978812456130981,0.8232495503867178,0.7895877882016183,0.8183710391850895,372676000
2015-12-10,0.8044672012329102,0.8088578375778248,0.7976372513940672,0.8003204148183798,236596000
2015-12-11,0.7925149202346802,0.8020280345493892,0.7908074471253387,0.7964177408373639,227320000
2015-12-14,0.7944660782814026,0.7988567720346813,0.7849529666390569,0.7932464798986639,275892000
2015-12-15,0.8042232394218445,0.8098335325446424,0.7991008206318079,0.80349145700092,307296000
2015-12-16,0.8091016411781311,0.81178486241237,0.7988568049775258,0.8059306038332502,236356000
2015-12-17,0.796905517578125,0.8186149088527414,0.7964177013747366,0.8103214518307561,254160000
2015-12-18,0.7839773297309875,0.7993446426019223,0.7830016393270166,0.7912950949954123,395896000
2015-12-21,0.8025160431861877,0.8032478258594189,0.7854412498425224,0.7925151102461202,284216000
2015-12-22,0.8032475709915161,0.8112971196865076,0.7983690601555476,0.8049550439684614,130012000
2015-12-23,0.8064186573028564,0.8095896953524061,0.8030037111437845,0.8044672761137982,122524000
2015-12-24,0.8091016411781311,0.8110530800899801,0.8027595664883694,0.8039792230778284,52448000
2015-12-28,0.8083699345588684,0.8083699345588684,0.7893437668642268,0.8005643526497681,142024000
2015-12-29,0.8215420246124268,0.8239812800568593,0.8066625256918822,0.8088578730388026,203660000
2015-12-30,0.814468264579773,0.8278842002199742,0.8142243564528521,0.8208103411312702,180344000
2015-12-31,0.8039793968200684,0.8169074570487034,0.8039793968200684,0.8132486028024918,148528000
2016-01-04,0.7895877361297607,0.794710155106724,0.781538187362283,0.7876363550403758,358076000
2016-01-05,0.8022717833518982,0.8156877156052197,0.7927586709262573,0.8044671304092991,490272000
2016-01-06,0.7690980434417725,0.7927588166665545,0.7600727454876178,0.7890999042315675,449344000
2016-01-07,0.7386072874069214,0.7549502932031003,0.7288502073926791,0.7498278160182466,645304000
2016-01-08,0.722752034664154,0.7488520600378228,0.7212884698820651,0.7481202776467782,398472000
2016-01-11,0.7239717841148376,0.7290942619198684,0.711043722772406,0.7234839678567502,409372000
2016-01-12,0.7361679077148438,0.7469006773203111,0.7310454891461655,0.7368996901041452,469356000
2016-01-13,0.7137268781661987,0.7466568569261618,0.7129950956909604,0.7417782877057605,481672000
2016-01-14,0.6993352770805359,0.7073848264279634,0.6786015752689336,0.6990913108094577,600236000
2016-01-15,0.6612828373908997,0.6793333759553956,0.649818341505881,0.6712838263924773,841452000
2016-01-19,0.6666490435600281,0.6939687230899436,0.663965822324272,0.6749424990099009,457140000
2016-01-20,0.6703078746795654,0.6788452960568141,0.6451835429553311,0.6539648723799104,481180000
2016-01-21,0.678113579750061,0.688602382839539,0.6637219567413585,0.6776257636079273,481456000
2016-01-22,0.6939687132835388,0.6986033152103289,0.6895780194087608,0.6910415840336869,257996000
2016-01-25,0.6932371258735657,0.7017745498149659,0.6917735608371608,0.6937250002711816,270728000
2016-01-26,0.7000668048858643,0.7029939340655013,0.6876266221852569,0.694700478931763,227944000
2016-01-27,0.6917733550071716,0.701286466756833,0.6786013899115946,0.6990911198554285,231700000
2016-01-28,0.6842119693756104,0.6998231959749415,0.6707960324429455,0.6973839400014069,276776000
2016-01-29,0.7144586443901062,0.7159222094264251,0.687382923843978,0.6900660876396008,310504000
2016-02-01,0.7147025465965271,0.7183614007028781,0.7076286883260945,0.7137268560452628,289884000
2016-02-02,0.6844557523727417,0.7110436550695837,0.6795772413177124,0.7073848008565312,341908000
2016-02-03,0.6878706216812134,0.693968788897377,0.6720154916007668,0.689822060779216,326772000
2016-02-04,0.6881147027015686,0.7037259273075563,0.6812847519538948,0.6888464270593928,348140000
2016-02-05,0.6446959376335144,0.691041859031788,0.6427445561280174,0.6834801830024253,600428000
2016-02-08,0.6151809692382812,0.6381099640521348,0.6061556696797065,0.6349389254302465,608852000
2016-02-09,0.6217668652534485,0.6476229868186961,0.6049359837929009,0.6078631138404543,425372000
2016-02-10,0.6203033328056335,0.6437201999464984,0.6168883863417761,0.6256697187891561,335800000
2016-02-11,0.617132306098938,0.623474382883546,0.6044481525297221,0.6044481525297221,340144000
2016-02-12,0.6276211142539978,0.6288407712507479,0.6037163721570048,0.6268893316872372,340816000
2016-02-16,0.6583556532859802,0.6593314020034606,0.6346948809376215,0.6366462620597063,485352000
2016-02-17,0.6746987104415894,0.6810407862580998,0.6639659399106774,0.6666491616216241,771468000
2016-02-18,0.7327529788017273,0.7556820251605114,0.729338033010983,0.7300698154170615,1068660000
2016-02-19,0.742510199546814,0.749096242971429,0.723240060039841,0.7288503545565097,525628000
2016-02-22,0.7688542604446411,0.7773916860570247,0.7517794673763281,0.7532430326991886,449668000
2016-02-23,0.7708054780960083,0.7781232444447013,0.7590970170442372,0.7627559292968024,369380000
2016-02-24,0.776171863079071,0.7773915199730355,0.7464129211123518,0.767634497447087,336852000
2016-02-25,0.7778793573379517,0.7817821780856464,0.7639756056763991,0.7790990142650501,349616000
2016-02-26,0.7727569341659546,0.7834896475540378,0.7649512927074706,0.7815382662676383,361964000
2016-02-29,0.7677381634712219,0.7838959148741365,0.7672485700155691,0.7738585486134307,323344000
2016-03-01,0.8017674684524536,0.8017674684524536,0.7684726599233542,0.7696967603754239,348700000
2016-03-02,0.8064188957214355,0.8093566901019407,0.7958918770157213,0.7973607742059738,233812000
2016-03-03,0.799319326877594,0.8088670419209336,0.7885474530123908,0.8054396540403337,302004000
2016-03-04,0.7968710064888,0.8061739227124846,0.790750622323719,0.8054394742779425,175304000
2016-03-07,0.7917300462722778,0.7978504318197488,0.7814478242345885,0.7924644948727072,239968000
2016-03-08,0.7772858142852783,0.7883024824649175,0.7748376722862818,0.7836509951563313,274940000
2016-03-09,0.7767964601516724,0.7853649306030053,0.7667590340065473,0.7841408884106694,222788000
2016-03-10,0.7755722999572754,0.7858545220766023,0.759904199216467,0.7814478304390381,286084000
2016-03-11,0.788792073726654,0.789036928783713,0.7777754639448922,0.7870783801687868,277400000
2016-03-14,0.7907506823539734,0.7939332730224942,0.7814477070557394,0.7851199495072301,190312000
2016-03-15,0.7868335843086243,0.7917298682986321,0.7728791807739328,0.7865887876196167,226216000
2016-03-16,0.8103359937667847,0.8130289915988619,0.7772860380804755,0.7809582813204325,363644000
2016-03-17,0.8034809827804565,0.8113150021228603,0.7924643146477858,0.807398021635813,353680000
2016-03-18,0.8277179598808289,0.8384897775624784,0.8078879604370717,0.8130291016690337,545512000
2016-03-21,0.8301658630371094,0.8304106597594043,0.8115599696713998,0.8203732937255062,337780000
2016-03-22,0.8286970257759094,0.8345725561132601,0.8184148039093047,0.8274729837077753,242012000
2016-03-23,0.8428962230682373,0.8490165496789885,0.8286969626030566,0.8323692052641609,429008000
2016-03-24,0.8441203832626343,0.8455892805327959,0.8326141185935763,0.8353070580099893,244956000
2016-03-28,0.8526889085769653,0.8563610933703377,0.8416722374601985,0.8426514828472094,265388000
2016-03-29,0.8663985133171082,0.8683570040780577,0.8470581689873524,0.849016659748302,261812000
2016-03-30,0.8754565715789795,0.8874524871304971,0.869091389516202,0.8695810413550004,376700000
2016-03-31,0.8722739219665527,0.8813320426135863,0.865419146893657,0.8793735521265637,379884000
2016-04-01,0.8850045204162598,0.8854941723522926,0.8602782358290719,0.8668882159396902,348292000
2016-04-04,0.8764358162879944,0.8970002596103173,0.873008428523714,0.8923487714340395,393940000
2016-04-05,0.875211775302887,0.8832906512532167,0.8651743503646566,0.8686017965014028,339568000
2016-04-06,0.8764358162879944,0.8769254681264573,0.8477925553934335,0.8641951040096213,453376000
2016-04-07,0.8673776984214783,0.8786391654351636,0.8637055139078055,0.870805086199125,378104000
2016-04-08,0.8730083107948303,0.8801079404693676,0.8644397841713114,0.8744772077438122,255936000
2016-04-11,0.8783942461013794,0.892838302140724,0.8754564522058136,0.8781493910312074,387524000
2016-04-12,0.877415120601654,0.8825562022518055,0.8602780650311753,0.8813321018389197,292764000
2016-04-13,0.8994484543800354,0.8996932511293447,0.8813321524597002,0.8813321524597002,350716000
2016-04-14,0.9018964171409607,0.9058134561904753,0.8933278905721282,0.8970001329211457,416564000
2016-04-15,0.9089959859848022,0.9170748602440867,0.898713766463447,0.901651560146208,436972000
2016-04-18,0.905079185962677,0.9072825318060038,0.8962658609576929,0.9072825318060038,307320000
2016-04-19,0.8889214992523193,0.9102203355492506,0.883290765035296,0.9085066414442863,309152000
2016-04-20,0.8923487067222595,0.8977346430814918,0.886473176928389,0.8874524221659814,200172000
2016-04-21,0.8913695812225342,0.8967555183052606,0.8874525413776717,0.8925936233418715,178280000
2016-04-22,0.8879420757293701,0.9004275838621381,0.8850042816424524,0.8943072573388143,223540000
2016-04-25,0.8923487067222595,0.8972449912785376,0.8857387284081157,0.8881868706862548,191972000
2016-04-26,0.8930831551551819,0.9080168639081905,0.8891661158368793,0.8977346429936859,214536000
2016-04-27,0.9134028553962708,0.9138925072600202,0.8891662263229729,0.8908799202936113,352396000
2016-04-28,0.8862285017967224,0.9131581306927891,0.8840252141568279,0.9077721932399102,381224000
2016-04-29,0.8698257803916931,0.8845146341614387,0.8602780079308636,0.8825561436727992,321904000
2016-05-02,0.8813320398330688,0.8867179762078637,0.8739876129774302,0.8781494490254604,256076000
2016-05-03,0.8708049654960632,0.8749668012732328,0.8632157424163202,0.8712946172685647,224024000
2016-05-04,0.8509751558303833,0.8610125224991186,0.8421618312188571,0.8602780739174648,525764000
2016-05-05,0.8561161756515503,0.866153599963078,0.8497509939828539,0.8580747245171658,246884000
2016-05-06,0.8649296760559082,0.8671330220910494,0.8529337588001332,0.8546474529269114,183240000
2016-05-09,0.8637054562568665,0.870805028074301,0.8566058260711152,0.8671328438057406,333336000
2016-05-10,0.880352795124054,0.8818216921697316,0.8607676568305286,0.8690913289316137,269676000
2016-05-11,0.8828011751174927,0.8925937469010443,0.8781496860098061,0.8830460302699138,328176000
2016-05-12,0.8708049654960632,0.8930830996994156,0.8551368675640756,0.8891660606243407,670540000
2016-05-13,1.0032497644424438,1.003739357920977,0.9547765079683995,0.9594279378560695,2110256000
2016-05-16,1.0328723192214966,1.0478060883781726,0.992477936946569,0.9956605281784314,973032000
2016-05-17,1.0350757837295532,1.0424201536236217,1.015000931430013,1.02822089062866,628392000
2016-05-18,1.061515212059021,1.0735111818949352,1.0282204159319825,1.0282204159319825,541072000
2016-05-19,1.0661672353744507,1.073756519086883,1.0558850703988918,1.057353851049692,398880000
2016-05-20,1.085262656211853,1.0896693478526107,1.071063394304953,1.0727770882646956,391084000
2016-05-23,1.0869762897491455,1.094075861939624,1.080366311023765,1.0899140840130122,413636000
2016-05-24,1.113362193107605,1.1167985984019517,1.0873444817175737,1.0902899050899906,415788000
2016-05-25,1.1086987257003784,1.1214620317194366,1.099862455718197,1.1167985813308168,458076000
2016-05-26,1.1204802989959717,1.12858015460491,1.1074714435343371,1.110662299290579,309964000
2016-05-27,1.1266167163848877,1.128334860692276,1.1180258778081429,1.1217077159295206,277416000
2016-05-31,1.1467430591583252,1.1491976167843485,1.1307887857084218,1.1315251998121287,412524000
2016-06-01,1.148952841758728,1.1599980062756492,1.1379075602019901,1.1413438492125636,387132000
2016-06-02,1.1570521593093872,1.1668701567690032,1.14379775740312,1.1550884661856546,329208000
2016-06-03,1.140852451324463,1.1472341620292439,1.1207255895877062,1.145761567595624,461076000
2016-06-06,1.1349618434906006,1.1526342660159445,1.1290709969688906,1.1437979962333793,322512000
2016-06-07,1.1371709108352661,1.148216190110999,1.1366800459465023,1.1418344783978998,193400000
2016-06-08,1.1334893703460693,1.1415892274977355,1.1241622337375299,1.1374165241602907,234616000
2016-06-09,1.162942886352539,1.164661030054198,1.127107183958212,1.1295617418404456,472168000
2016-06-10,1.1339799165725708,1.1595067603093294,1.1325072050462364,1.1491978966647667,400024000
2016-06-13,1.1484614610671997,1.1707974489223256,1.135207174615957,1.135207174615957,475588000
2016-06-14,1.1506706476211548,1.1560705120428993,1.132998225739339,1.1457616480450827,298344000
2016-06-15,1.162452220916748,1.1725156524719988,1.1474797897950495,1.1602432120757702,301036000
2016-06-16,1.1671159267425537,1.169079503394497,1.1425709259937724,1.1538616380421913,246456000
2016-06-17,1.1467430591583252,1.1688336096335374,1.1420794933006804,1.1685881772788849,471000000
2016-06-20,1.1673614978790283,1.1823339325585718,1.164416074031293,1.1651524885131317,293768000
2016-06-21,1.160243272781372,1.1754611371216463,1.1585250116554209,1.172270281384516,212508000
2016-06-22,1.1592609882354736,1.1703062629268655,1.157297412455608,1.1626972751101745,202620000
2016-06-23,1.1901880502700806,1.1914153293968395,1.1695702056916937,1.1703066199836607,297880000
2016-06-24,1.1224439144134521,1.1624523289708055,1.111889617032432,1.1413436171689724,1017684000
2016-06-27,1.1104166507720947,1.1217073599401566,1.0939713932779322,1.1131165240898326,449088000
2016-06-28,1.1266167163848877,1.1327528791742445,1.1111533005785896,1.1315257168402548,381920000
2016-06-29,1.1450254917144775,1.153861763166115,1.1334893459635689,1.1364347697807813,318932000
2016-06-30,1.1538618803024292,1.1609798910501163,1.1376621647030263,1.1469891850179703,430940000
2016-07-01,1.1452707052230835,1.1624522628452636,1.1413435522441893,1.1474798311835241,218488000
2016-07-05,1.1622066497802734,1.1641702259645352,1.1298072331007645,1.1388888168428888,371084000
2016-07-06,1.169569969177246,1.1764426606734086,1.1482158316649784,1.1541066766503305,273104000
2016-07-07,1.2000060081481934,1.2041787102204988,1.1720247238461496,1.1774245879634493,395400000
2016-07-08,1.2481143474578857,1.2540051937914394,1.2081059363620292,1.2127695035361288,481932000
2016-07-11,1.276831865310669,1.2861588812862232,1.264559309549483,1.2660320209224158,448776000
2016-07-12,1.2959775924682617,1.3077591718333,1.2748687587561645,1.2910685913128441,436760000
2016-07-13,1.2954860925674438,1.3057950728007846,1.2935225162981603,1.2984315154912554,324604000
2016-07-14,1.308740496635437,1.3205221893925119,1.2915590564310084,1.302358902445066,316892000
2016-07-15,1.2935227155685425,1.2994135623236653,1.2724140040824072,1.2920500038797618,428616000
2016-07-18,1.3001495599746704,1.3114402689597153,1.2952405611568145,1.3094766928405257,252992000
2016-07-19,1.3136495351791382,1.318803966933898,1.2969588437792514,1.299413401970914,382652000
2016-07-20,1.3308310508728027,1.337949176406033,1.3126677639614202,1.3180676284378356,296460000
2016-07-21,1.3062855005264282,1.3320577669267477,1.3018673676190133,1.3278850663409003,361308000
2016-07-22,1.3418762683868408,1.3418762683868408,1.3013769940524111,1.3109495604441652,315768000
2016-07-25,1.366666555404663,1.3698574105360835,1.3440851370961142,1.349975982581741,312528000
2016-07-26,1.3899844884872437,1.3971024964309084,1.376730202225372,1.3786937785160613,514508000
2016-07-27,1.375994086265564,1.4044663582922192,1.3676487974411442,1.4020117996169077,446676000
2016-07-28,1.3789393901824951,1.3892482548285827,1.3747666876125324,1.3791848226207655,221916000
2016-07-29,1.4015206098556519,1.4052023299754766,1.3593031935596935,1.3840936218274975,409588000
2016-08-01,1.3924388885498047,1.4125658667955268,1.3833573045831218,1.4074114352944735,301120000
2016-08-02,1.3755028247833252,1.3998023868722076,1.3622485394693469,1.3990659726660055,282748000
2016-08-03,1.379184365272522,1.381884355277736,1.3661755140397187,1.3737845023018445,299828000
2016-08-04,1.4047114849090576,1.4110931956276414,1.3831119116521915,1.385811785159441,272712000
2016-08-05,1.4285200834274292,1.429256380594045,1.4140385191260925,1.42091109417357,371588000
2016-08-08,1.4417749643325806,1.4515929661818063,1.426556979538411,1.4481566772385588,305064000
2016-08-09,1.4454559087753296,1.459446606557829,1.441774189320896,1.4488921958714345,372344000
2016-08-10,1.436129093170166,1.4604286575919847,1.4314655262157026,1.4582196488408292,375740000
2016-08-11,1.4653379917144775,1.4714742715848002,1.4407929892729912,1.4437384129739304,681064000
2016-08-12,1.5473183393478394,1.555663628118772,1.4881649035375188,1.5193370494594662,1425744000
2016-08-15,1.54584538936615,1.558608811533775,1.5249821121336686,1.5490362449080561,573304000
2016-08-16,1.5365184545516968,1.5460909046506803,1.5318548871989788,1.5436364632775477,287652000
2016-08-17,1.5009279251098633,1.5399546045024837,1.488900917677263,1.536518316664598,595212000
2016-08-18,1.5242459774017334,1.5267004189050322,1.4928282834729982,1.4987191303445844,331684000
2016-08-19,1.5281729698181152,1.539709112861232,1.516882259195523,1.5235094027088074,291560000
2016-08-22,1.5345547199249268,1.536763845845373,1.514673288879614,1.5328365758977929,244748000
2016-08-23,1.546972393989563,1.5570543679417477,1.542546118624421,1.5501691288773711,339764000
2016-08-24,1.5231205224990845,1.553120690711825,1.51598939552307,1.5523830364407147,298448000
2016-08-25,1.5130380392074585,1.5243495550462567,1.494103629421422,1.5236119010212137,406032000
2016-08-26,1.5253334045410156,1.5339399555357864,1.5049234496043153,1.5169727382524576,300024000
2016-08-29,1.524349570274353,1.5376282809013673,1.5218906062441964,1.531480812198251,274652000
2016-08-30,1.5154972076416016,1.5304972289793297,1.5113168161595518,1.5223824479598433,285544000
2016-08-31,1.5083659887313843,1.5226283562224499,1.5039398297471056,1.518448081931136,388544000
2016-09-01,1.5528743267059326,1.5585300261387747,1.5083659162648473,1.5095954569260568,428492000
2016-09-02,1.537628412246704,1.557792481842575,1.5201694261004295,1.556071171697795,323148000
2016-09-06,1.552136778831482,1.552136778831482,1.5351695608351354,1.5430384580419438,306812000
2016-09-07,1.5292677879333496,1.5548416733595845,1.5204153522695174,1.5472186612216576,397988000
2016-09-08,1.5403335094451904,1.5427925911499965,1.5103334630815632,1.5277924507127132,315808000
2016-09-09,1.4636117219924927,1.5319725873153522,1.4508247806723247,1.5233660372942583,697760000
2016-09-12,1.493857502937317,1.496808353302352,1.4095129691564934,1.444185285062499,598260000
2016-09-13,1.47221839427948,1.5073824858302758,1.4638577282424388,1.4901692671031017,471768000
2016-09-14,1.4852510690689087,1.490169114307331,1.463365808797336,1.475660863265668,319048000
2016-09-15,1.541562795639038,1.5432841056458624,1.4842674442899462,1.4877101815590452,515212000
2016-09-16,1.5452513694763184,1.555333345289632,1.527546382002849,1.5469726795601657,902444000
2016-09-19,1.5656613111495972,1.6047597906568634,1.554349794717941,1.5614809196889061,417128000
2016-09-20,1.5513989925384521,1.5836122327714994,1.5427924419150854,1.5836122327714994,331112000
2016-09-21,1.594923496246338,1.5978743466358163,1.5558250217243474,1.5560709063808975,336212000
2016-09-22,1.5988579988479614,1.6091859759448552,1.5897596796320537,1.6042679306981502,308732000
2016-09-23,1.5971370935440063,1.6054977608562178,1.590005967168864,1.6008257163552142,276132000
2016-09-26,1.582136631011963,1.5885301014068942,1.5622185658225745,1.5789398958144971,230040000
2016-09-27,1.6362357139587402,1.6386947960330767,1.5752519559343323,1.5759896102033408,402752000
2016-09-28,1.6421372890472412,1.6433668299885063,1.6212355620676488,1.6386946682160817,319788000
2016-09-29,1.6573829650878906,1.6625470128642472,1.624186185128235,1.6394320919883247,336684000
2016-09-30,1.6849240064620972,1.701399452566068,1.6566451576820693,1.6664812484084832,429932000
2016-10-03,1.683202862739563,1.7092686365365168,1.6802521288289276,1.68492429029935,242596000
2016-10-04,1.6795144081115723,1.7139407324926519,1.666973348904763,1.6856619953506335,281624000
2016-10-05,1.677793025970459,1.7109899252877672,1.6726290951225584,1.6937767052059627,305440000
2016-10-06,1.6559076309204102,1.6679568019469937,1.6293500901134426,1.657628941067065,360212000
2016-10-07,1.6438580751419067,1.6713991502622274,1.639185914859703,1.6669728746387542,286260000
2016-10-10,1.6500054597854614,1.6613169734982636,1.6345135556167738,1.6524644233288917,287876000
2016-10-11,1.6261532306671143,1.6470549527892477,1.6136121739427438,1.6445959887336472,388540000
2016-10-12,1.6335304975509644,1.642137048367444,1.6059894176827683,1.6195140142880167,419920000
2016-10-13,1.6069729328155518,1.6180385649911426,1.5663990263420247,1.6143500600177654,390116000
2016-10-14,1.6227105855941772,1.6377106061426665,1.6131203796888853,1.6266449749246028,330636000
2016-10-17,1.613366961479187,1.6377113137756136,1.6111538811815116,1.6224654019633513,195328000
2016-10-18,1.6379568576812744,1.6473011810032465,1.6291044210773629,1.6357437778441652,269372000
2016-10-19,1.6345139741897583,1.6421369859118338,1.6185302966703046,1.626891079723139,199060000
2016-10-20,1.6654977798461914,1.670907712433295,1.6303338043073377,1.6536944930974031,312084000
2016-10-21,1.6608260869979858,1.6637768213673825,1.6450882898355907,1.6595965459450357,279508000
2016-10-24,1.7387770414352417,1.7407442366053525,1.6718914676076373,1.6721374696024451,339836000
2016-10-25,1.7673017978668213,1.7778756632440196,1.7274656529587664,1.7358263210040807,397460000
2016-10-26,1.7744323015213013,1.793858596351546,1.7508256157854407,1.7525469256276498,333792000
2016-10-27,1.7380391359329224,1.7913999896831998,1.7309080100203822,1.7879573690871136,388664000
2016-10-28,1.7350882291793823,1.7729571692192068,1.7318914936221301,1.746399745977701,290856000
2016-10-31,1.7498422861099243,1.7613996870749307,1.7397601932525992,1.7407438492465064,252388000
2016-11-01,1.6979570388793945,1.7658261434926255,1.6792683938748245,1.756235936280617,473224000
2016-11-02,1.6908255815505981,1.7341044508698746,1.6878747308972804,1.7109896495113024,295848000
2016-11-03,1.6711535453796387,1.7001700505655815,1.6386944198842397,1.6986946251107489,309664000
2016-11-04,1.6615630388259888,1.6900877694666399,1.6372186990958506,1.6600876136373042,328780000
2016-11-07,1.752547264099121,1.7636128965106916,1.7090225058165232,1.7102520465856892,487580000
2016-11-08,1.7498422861099243,1.7648423071704258,1.7336127243709023,1.7591864904025032,429884000
2016-11-09,1.7203338146209717,1.7434487327116244,1.6898420045749527,1.7023829436844253,456532000
2016-11-10,1.6664814949035645,1.7582031776124705,1.6416453797340906,1.7579572928962581,869280000
2016-11-11,2.1632039546966553,2.18287613301735,1.930334315177342,1.9551705399743358,2175344000
2016-11-14,2.0567283630371094,2.168613969495018,2.0562365937367453,2.1661548884823256,1348796000
2016-11-15,2.119433879852295,2.150417461607439,2.0638597183267704,2.0727122707614885,626092000
2016-11-16,2.253204584121704,2.276073382915659,2.1233680969997093,2.147712438335083,987984000
2016-11-17,2.2718935012817383,2.3309100508435434,2.2291062800640535,2.269926189158643,832988000
2016-11-18,2.295745849609375,2.3195981876241447,2.2573850258264994,2.271893277083706,576060000
2016-11-21,2.2864019870758057,2.3200906569836155,2.2721395003788363,2.3136971850703745,436436000
2016-11-22,2.3028769493103027,2.30509002874976,2.2716473661935153,2.2942703989841298,330368000
2016-11-23,2.3142056465148926,2.345728122432591,2.284653193232163,2.3080487386255606,443236000
2016-11-25,2.318885326385498,2.3420347416098215,2.300414833407172,2.3252883711195924,195564000
2016-11-28,2.317653179168701,2.333168162679376,2.305093229302157,2.3117426421564446,278736000
2016-11-29,2.296473979949951,2.3257802971493104,2.2787426023395776,2.314944233462178,444568000
2016-11-30,2.2706167697906494,2.3188858694863472,2.2681540055017977,2.3050945303860555,440500000
2016-12-01,2.158316135406494,2.2698767657520067,2.0876365264406753,2.268152878578743,1035524000
2016-12-02,2.1782643795013428,2.186883816313569,2.0962561923529517,2.124084760430442,478292000
2016-12-05,2.26273512840271,2.280712878264632,2.1918091403588953,2.216189934070079,602284000
2016-12-06,2.2999215126037598,2.3082948123126283,2.255100215348623,2.2708615687134395,498796000
2016-12-07,2.341294765472412,2.346958931459181,2.2681524085971114,2.286376522696849,480804000
2016-12-08,2.302138090133667,2.3794671115208224,2.2915486318256058,2.3442504925654344,381544000
2016-12-09,2.261256694793701,2.321592963774016,2.2339206430883483,2.31986907708492,382312000
2016-12-12,2.2063379287719727,2.2152037312245105,2.155852481115275,2.2127409691773754,601332000
2016-12-13,2.2452499866485596,2.2728324209734296,2.217667787185742,2.2186527986345417,387796000
2016-12-14,2.3752810955047607,2.3915349585030987,2.2551007755985717,2.2789890643782584,983980000
2016-12-15,2.4309380054473877,2.4612293354315002,2.378974781884799,2.3863628366807688,746548000
2016-12-16,2.4728035926818848,2.4799452759171126,2.406802912562164,2.4585197564874592,1089528000
2016-12-19,2.5028483867645264,2.5230425235151324,2.438079092176816,2.4553181956232093,744656000
2016-12-20,2.590029239654541,2.6136711595160977,2.5641706916410976,2.5754992632565092,848056000
2016-12-21,2.6062827110290527,2.6092379799243726,2.5540733519817773,2.601603554849965,576136000
2016-12-22,2.637805700302124,2.6811492572253806,2.623521859994354,2.630663780148239,718612000
2016-12-23,2.703559398651123,2.7050371504690864,2.6171184328848396,2.6198273314017486,647692000
2016-12-27,2.8892483711242676,2.8902333826735864,2.7390230713355557,2.7597099579057858,1194272000
2016-12-28,2.690507650375366,2.9535247386470855,2.676716550244624,2.9453978068040323,2295764000
2016-12-29,2.7441937923431396,2.74567154402197,2.5316622400611126,2.5833790864422386,2175368000
2016-12-30,2.628693103790283,2.7562614604875395,2.617857275000507,2.7422239927081837,1212932000
2017-01-03,2.512207508087158,2.619581503259775,2.4474381925833324,2.571066050487868,1501996000
2017-01-04,2.570819139480591,2.5981551944520644,2.500385677270472,2.546438352738085,1199220000
2017-01-05,2.5055580139160156,2.606036456222518,2.488565275730568,2.5742676077678412,984296000
2017-01-06,2.539050579071045,2.5673716482821622,2.492259022680329,2.532893671723845,822856000
2017-01-09,2.641991138458252,2.6597227471331077,2.5489010149321376,2.5489010149321376,916248000
2017-01-10,2.6220438480377197,2.689029311109559,2.6013569674968213,2.655044073942524,880920000
2017-01-11,2.589782238006592,2.615394409472004,2.5649089424116833,2.610469118346659,525664000
2017-01-12,2.5474236011505127,2.578453803014124,2.5026023028417392,2.5668790992316493,625616000
2017-01-13,2.547177791595459,2.5858421876069,2.538065614682627,2.5513642072218117,457820000
2017-01-17,2.4900426864624023,2.541513164797707,2.4767440950975965,2.5365878736702263,580612000
2017-01-18,2.535356044769287,2.5422515920481357,2.44078817016199,2.4686167294781853,654424000
2017-01-19,2.589782238006592,2.621797452338357,2.5360953669440973,2.5383117596936033,644872000
2017-01-20,2.5614614486694336,2.6301710406004912,2.5395434192943043,2.6124394269386557,492024000
2017-01-23,2.5880587100982666,2.6080067173365538,2.55382709826575,2.5562898616012495,369904000
2017-01-24,2.643223524093628,2.6493804328598896,2.5833797330854846,2.5981560792624574,428052000
2017-01-25,2.654550790786743,2.691737655956912,2.6185953067646914,2.6855807502163245,522760000
2017-01-26,2.7003579139709473,2.707745968254435,2.627708048074285,2.657260500070248,458800000
2017-01-27,2.7525665760040283,2.755521843945457,2.6806556041071543,2.7072527807180595,471996000
2017-01-30,2.7094693183898926,2.7338501040688574,2.6575063435930515,2.731633711709309,496004000
2017-01-31,2.6887826919555664,2.710208209657225,2.664648041477192,2.683118525923833,362756000
2017-02-01,2.806255340576172,2.8104417573625273,2.705530504989599,2.72326188833431,590004000
2017-02-02,2.841716766357422,2.850336435921291,2.7597088341494733,2.7902462935021592,483240000
2017-02-03,2.8168437480926514,2.85427699371924,2.8050229085753107,2.8431947952041052,372744000
2017-02-06,2.8890013694763184,2.889493875143351,2.807485692600748,2.807485692600748,506768000
2017-02-07,2.9338226318359375,2.9779050590505225,2.903531302551721,2.92323293812711,746224000
2017-02-08,2.9210169315338135,2.9382558062266355,2.8660984330863104,2.915845269125967,449580000
2017-02-09,2.866098165512085,2.9320988586324153,2.8468892697117103,2.927173332115989,842568000
2017-02-10,2.7981274127960205,2.972486854000394,2.7730077466982177,2.9535240954501942,1651092000
2017-02-13,2.669081449508667,2.8069928856819946,2.664648429257081,2.7924629131847976,1180724000
2017-02-14,2.6789326667785645,2.712671772443368,2.6176111288393518,2.659477165507735,850632000
2017-02-15,2.684349775314331,2.7040514069419537,2.653812316750108,2.6818872475073596,373020000
2017-02-16,2.6412534713745117,2.6951867233032902,2.6020963305939193,2.6939553415639326,647176000
2017-02-17,2.640760898590088,2.6451939201058714,2.5806709690083,2.627708674075219,563740000
2017-02-21,2.7353286743164062,2.7392689546752673,2.665141329508407,2.665387699782976,551952000
2017-02-22,2.7311367988586426,2.7567812979238364,2.712149870613193,2.747411174407058,433772000
2017-02-23,2.4778976440429688,2.6233807785997483,2.4579246951688773,2.601435085381757,1592888000
2017-02-24,2.5018155574798584,2.5151309323258646,2.359784578911242,2.3935662607985138,1029904000
2017-02-27,2.5745575428009033,2.5895989829331714,2.5042818500584194,2.5200630986839743,715400000
2017-02-28,2.5023090839385986,2.594037576076002,2.485048453635691,2.5841740900075396,625360000
2017-03-01,2.534611225128174,2.573571098971428,2.493185479927621,2.5592692332258475,504804000
2017-03-02,2.441157102584839,2.5358446039199056,2.4384447847129223,2.5217894169174278,754332000
2017-03-03,2.4271020889282227,2.4354857235726697,2.3726074055261983,2.430554215280372,864692000
2017-03-06,2.4083609580993652,2.4189640145087794,2.346715598490826,2.390853651514068,883568000
2017-03-07,2.4347453117370605,2.454225364318928,2.395538995715347,2.4083612433200563,603400000
2017-03-08,2.430306911468506,2.4978702744219947,2.4280877215475423,2.4830752830182194,638712000
2017-03-09,2.4298148155212402,2.452253640585303,2.4017044375029224,2.4142802443230433,478060000
2017-03-10,2.4441146850585938,2.4680331101919037,2.4258678087825,2.4561973557540338,499740000
2017-03-13,2.5114331245422363,2.521296376877959,2.4537329925569416,2.4544728011507044,774136000
2017-03-14,2.5097060203552246,2.533624215101391,2.477403723621219,2.524254329153352,522016000
2017-03-15,2.528693675994873,2.5395431826676056,2.473705863744291,2.521296295770668,615036000
2017-03-16,2.559762716293335,2.5602560787601245,2.5252414531261698,2.5392966396264307,523100000
2017-03-17,2.615489959716797,2.6167228953899326,2.559762349019845,2.577269659324882,1119688000
2017-03-20,2.6988348960876465,2.702780385115343,2.6169698788779154,2.632997810761914,748568000
2017-03-21,2.6115448474884033,2.7114105349643647,2.603654340234443,2.681574098790794,913484000
2017-03-22,2.6648058891296387,2.6694909500585573,2.5965027190663954,2.600447971649062,616764000
2017-03-23,2.640641212463379,2.676888770359785,2.631024643006741,2.65691558781957,533940000
2017-03-24,2.6500113010406494,2.6948891732848392,2.6241203565681026,2.6869986669194272,439500000
2017-03-27,2.6692445278167725,2.673189780782143,2.5540909724524354,2.6034072224156404,506644000
2017-03-28,2.655435800552368,2.6850255480308256,2.6450794242086695,2.6704772378837034,432444000
2017-03-29,2.646805763244629,2.6751625781436457,2.644586573104795,2.662833456617593,349992000
2017-03-30,2.697601079940796,2.712396071070881,2.6482848347711885,2.653956150055052,525532000
2017-03-31,2.686011791229248,2.7096837772402997,2.672943097847521,2.687984535116305,440808000
2017-04-03,2.672450542449951,2.70376635922231,2.648778551374155,2.6865057283615905,445232000
2017-04-04,2.485048532485962,2.5748042832259213,2.474199026688231,2.549652910301884,1271280000
2017-04-05,2.466554641723633,2.5242547596173197,2.4534857121123093,2.4663079605331286,747048000
2017-04-06,2.4845545291900635,2.4966369665254264,2.426607742922434,2.4717322836052444,635120000
2017-04-07,2.473952293395996,2.5084737895290505,2.458910853234427,2.490966477824023,429068000
2017-04-10,2.41082763671875,2.481349778664232,2.406635701947832,2.4746922074031827,756332000
2017-04-11,2.419457197189331,2.4386905667601733,2.3758122702968487,2.3807437768963933,618148000
2017-04-12,2.399484395980835,2.433759207040223,2.3943062074171944,2.4194575769823246,414092000
2017-04-13,2.3546061515808105,2.397018142936356,2.3546061515808105,2.3753191376947957,506892000
2017-04-17,2.4468278884887695,2.4470743344953254,2.362250346876197,2.3674285349147133,497292000
2017-04-18,2.4483084678649902,2.4544731484210778,2.4066362620033184,2.4325272148633315,370116000
2017-04-19,2.4579243659973145,2.4899797523938854,2.451266560491939,2.4658148719992696,380828000
2017-04-20,2.496885061264038,2.501570124232399,2.451267367641419,2.472473491636844,404016000
2017-04-21,2.5072407722473145,2.5099530897618694,2.4746920214388726,2.4865277811774766,341896000
2017-04-24,2.5385560989379883,2.5516247918939876,2.517843347011468,2.538802544941837,371820000
2017-04-25,2.5826945304870605,2.597242842215198,2.5316522164187374,2.553104779792983,388440000
2017-04-26,2.5649406909942627,2.598722139693893,2.5629679469485613,2.5962565035848,327004000
2017-04-27,2.604886293411255,2.6132699248111173,2.554337118396484,2.572337551740117,319700000
2017-04-28,2.571845293045044,2.604887172995872,2.56617374132484,2.5979829206322775,348248000
2017-05-01,2.629545211791992,2.6347236362787503,2.575543892946792,2.5826948266109233,307732000
2017-05-02,2.5516257286071777,2.603901225096945,2.528940224529915,2.6026682891498836,629972000
2017-05-03,2.5706117153167725,2.5802282829479384,2.5299257846495316,2.5447205402603097,336904000
2017-05-04,2.56074857711792,2.587872453681382,2.5528578366474366,2.5767762689148723,209788000
2017-05-05,2.560994863510132,2.5681457951749005,2.53362430747982,2.549159106279724,228428000
2017-05-08,2.534118413925171,2.574310993301164,2.522775545362061,2.572831611397349,365240000
2017-05-09,2.5383095741271973,2.587379375131696,2.5314053230597446,2.539789190875031,847672000
2017-05-10,2.990786552429199,3.003855481221614,2.8115220021195158,2.8181795719448335,2129096000
2017-05-11,3.119255304336548,3.2161619645433097,2.956758263206955,2.9602103885186835,1939792000
2017-05-12,3.153531074523926,3.1956966346265623,3.1015024977971484,3.1224619372300086,962620000
2017-05-15,3.311835289001465,3.3143011598607437,3.1902706305079955,3.194709245086375,1087540000
2017-05-16,3.3734817504882812,3.3890165538449004,3.28841129450542,3.362878690459723,1120700000
2017-05-17,3.149338722229004,3.325397835890939,3.1451467881792956,3.306657590839366,1271368000
2017-05-18,3.2812602519989014,3.2901372486001392,3.1328181219939983,3.193230564809823,1156032000
2017-05-19,3.3570396900177,3.4118382193230166,3.337786063621647,3.3824642509201808,1018372000
2017-05-22,3.428624391555786,3.442941085272147,3.3898701890064444,3.400731356355795,836608000
2017-05-23,3.38246488571167,3.4505930606512383,3.3498818557582286,3.4483715332282503,681248000
2017-05-24,3.420477867126465,3.482188153994059,3.4083824682253114,3.47947274506226,815996000
2017-05-25,3.4128260612487793,3.4565169595371077,3.3679009288645783,3.4557763719983674,608228000
2017-05-26,3.5011954307556152,3.5861087659268103,3.3844396537467474,3.404680576643326,779140000
2017-05-30,3.57598876953125,3.6110400353544385,3.5310636291928743,3.547108204467803,989652000
2017-05-31,3.563152313232422,3.6285650711667983,3.5063787229847274,3.6209129611686164,887316000
2017-06-01,3.5633997917175293,3.5799382493724083,3.517981003830303,3.578950720657552,503340000
2017-06-02,3.545626401901245,3.5866018883019675,3.5397021727959177,3.5604367392584955,487456000
2017-06-05,3.6534969806671143,3.6663327360107516,3.5177344916020616,3.529336012538871,817376000
2017-06-06,3.636957883834839,3.6949654745842344,3.623628485011703,3.648806107563134,758728000
2017-06-07,3.6808950901031494,3.699655069901555,3.6458438338660963,3.6613947582434827,612612000
2017-06-08,3.947977304458618,3.9494582439549397,3.746801643329772,3.788024068553089,1161744000
2017-06-09,3.6927433013916016,4.159273120217552,3.5236570243501664,4.0664609912537655,3692928000
2017-06-12,3.7018775939941406,3.7445812065522524,3.507860574534015,3.600919675718029,1697532000
2017-06-13,3.737175703048706,3.8203611577511185,3.595241830409164,3.8112278717575587,1672504000
2017-06-14,3.745074510574341,3.8028353997716846,3.665591758657904,3.740137809194948,1184640000
2017-06-15,3.7611193656921387,3.791480632750843,3.6162233766273784,3.6275781901291433,963824000
2017-06-16,3.742605447769165,3.8186326614294157,3.708541483902582,3.770745418002564,924960000
2017-06-19,3.8833060264587402,3.888489669301935,3.7830884606780635,3.786790928191132,778176000
2017-06-20,3.8776280879974365,3.992409276782975,3.8734319742905727,3.925515338191267,1095444000
2017-06-21,3.936375617980957,3.9400783198925233,3.8433165423393434,3.9052737693856163,682652000
2017-06-22,3.909223794937134,3.9578516323588255,3.885280170016598,3.9445219975320556,469132000
2017-06-23,3.7971577644348145,3.9326735123937984,3.7821002498561884,3.9168756456897618,1088588000
2017-06-26,3.755688190460205,3.8655324285048196,3.661394877298636,3.8299872891963807,1063960000
2017-06-27,3.6181976795196533,3.746801899792202,3.612520391286069,3.738162496957167,999492000
2017-06-28,3.7458150386810303,3.7505050343903217,3.5977102331538533,3.6858326230453167,994948000
2017-06-29,3.62066650390625,3.7203901754801945,3.556487740235626,3.7174282959933302,1064424000
2017-06-30,3.568336248397827,3.651521701308763,3.54217109599214,3.6379453608150043,731060000
2017-07-03,3.4392383098602295,3.5952419391988726,3.4207252671228234,3.580431599171392,709072000
2017-07-05,3.5310630798339844,3.5599434049981373,3.483669478240256,3.5026761658314762,820188000
2017-07-06,3.5416769981384277,3.588576952218697,3.4498521470211734,3.5019357430672486,746284000
2017-07-07,3.622641086578369,3.640907422498852,3.5754944247382716,3.5984507562840364,654972000
2017-07-10,3.793949604034424,3.8013547748785776,3.6700353447344294,3.6962005014295007,958492000
2017-07-11,3.847759962081909,3.855412071714774,3.7556881763347687,3.7976511911300452,757956000
2017-07-12,4.011415481567383,4.023510645453302,3.864545163569078,3.9074954718858117,1145208000
2017-07-13,3.965010404586792,4.1049692353964184,3.9186043235443035,4.023511652542633,1369132000
2017-07-14,4.0716447830200195,4.073125487098461,3.974389125950481,3.9813006476902344,941948000
2017-07-17,4.054366588592529,4.134590168241512,3.9926562875739995,4.105709604237921,930792000
2017-07-18,4.096578121185303,4.111141760729827,3.9815497097839336,3.993398174296832,776640000
2017-07-19,4.075347900390625,4.132121258267623,4.0632527354140935,4.1057091656238525,687044000
2017-07-20,4.1345906257629395,4.13483733140039,4.0459748082527645,4.095836654130347,699596000
2017-07-21,4.149400234222412,4.179021383909583,4.099785102754026,4.114102031003843,648332000
2017-07-24,4.101267337799072,4.166186707481406,4.090653344774889,4.1565600078999,652524000
2017-07-25,4.081518650054932,4.095835577071077,4.037827752288767,4.0783095943628,496556000
2017-07-26,4.128666877746582,4.194573543201591,4.0938620754909,4.139034165479691,640404000
2017-07-27,3.9924087524414062,4.165197747716962,3.889229095962351,4.153595995079156,782856000
2017-07-28,4.0578227043151855,4.082260215406383,3.9316871525340806,3.9566178394824796,513348000
2017-07-31,4.011415481567383,4.107436675970088,3.9647627065788362,4.07139788987388,559672000
2017-08-01,4.0602898597717285,4.06201774025908,3.974142540956046,4.0020353343055355,431384000
2017-08-02,4.0578227043151855,4.095342676068961,3.9808086449420075,4.091393502713157,478444000
2017-08-03,4.109413146972656,4.11311561491851,4.040297430172129,4.057329536022742,442420000
2017-08-04,4.127430438995361,4.198026824444439,4.109411048946327,4.132120197944971,589096000
2017-08-07,4.254306793212891,4.254800204258103,4.146930568558893,4.156557733685325,717412000
2017-08-08,4.203704357147217,4.308858348198628,4.164456521940732,4.292320132857126,755336000
2017-08-09,4.248384952545166,4.2508534215946865,4.138787374970595,4.157547363097083,530784000
2017-08-10,4.066461086273193,4.26195921992441,4.056340509345936,4.249616880691621,1328088000
2017-08-11,3.8497354984283447,3.9247752028961593,3.7744490883408073,3.878862769172216,1497196000
2017-08-14,4.156805992126465,4.160508459597006,3.9297120612925163,3.9413135811520457,1279020000
2017-08-15,4.121755123138428,4.188155196229652,4.087444204937751,4.161990272687135,764532000
2017-08-16,4.0765814781188965,4.16026080197758,4.044245629930377,4.136811062009823,596632000
2017-08-17,3.9857444763183594,4.085221444248436,3.9835231843628574,4.0681898129448575,525444000
2017-08-18,3.9864838123321533,4.057080666991094,3.9405713981177763,4.040048570222623,601204000
2017-08-21,3.9284775257110596,4.022277206070906,3.884539918227118,4.010922628103092,623672000
2017-08-22,4.015936851501465,4.02186629865458,3.9457723551587,3.965042940599619,450456000
2017-08-23,4.0962300300598145,4.107347681731615,3.9739358616700096,3.982583342949593,579520000
2017-08-24,4.08115816116333,4.132793756041695,4.054723292518573,4.1283463195864,469700000
2017-08-25,4.047064781188965,4.115500080497786,4.040641019929581,4.105370593112831,357200000
2017-08-28,4.075723648071289,4.078935528919779,4.010500224949067,4.066088476752473,389496000
2017-08-29,4.06905460357666,4.090796067531049,4.008772438813793,4.016925605603399,324096000
2017-08-30,4.093266487121582,4.104384141358095,4.058431044853359,4.088819048445525,384400000
2017-08-31,4.186159610748291,4.190112260550684,4.1061127975290725,4.113524251521925,612684000
2017-09-01,4.211358070373535,4.246934734701657,4.190110935113122,4.198758414080583,445432000
2017-09-05,4.098946571350098,4.164911225307366,4.040888157090619,4.159969943302894,695364000
2017-09-06,4.096478462219238,4.145643447465461,4.061643486378747,4.1318082262832085,397672000
2017-09-07,4.115499973297119,4.147864287819099,4.075229418780821,4.113276254943728,352868000
2017-09-08,4.044100761413574,4.118712445314826,4.0198891321538,4.103889066147354,498856000
2017-09-11,4.175286769866943,4.1859105710984865,4.084369273215289,4.089804870784855,567444000
2017-09-12,4.190360069274902,4.1999952431551755,4.125136628813396,4.1999952431551755,411488000
2017-09-13,4.20913553237915,4.238041046884848,4.132794457445655,4.165158775630324,580960000
2017-09-14,4.1851725578308105,4.263243066846142,4.14564322196686,4.170101780590259,513712000
2017-09-15,4.449770450592041,4.449770450592041,4.265464742676675,4.270652948425177,1364792000
2017-09-18,4.633581638336182,4.723758399252469,4.567123128871037,4.574040736232068,1684460000
2017-09-19,4.628641128540039,4.690405753276462,4.56119398114663,4.583182360964218,874280000
2017-09-20,4.591334819793701,4.679781708898288,4.5510642601304765,4.632346619002792,724920000
2017-09-21,4.465828895568848,4.513758298411942,4.388005346637158,4.487569878530267,1075600000
2017-09-22,4.422347068786621,4.504123749191941,4.41246497379538,4.454464937768215,491232000
2017-09-25,4.224700927734375,4.392700802357119,4.203948101834877,4.39146524582877,874580000
2017-09-26,4.248419284820557,4.414442875257741,4.208643025407852,4.359348915472221,1125620000
2017-09-27,4.341558933258057,4.354900303134278,4.26793541860981,4.3388413689716705,713720000
2017-09-28,4.3403239250183105,4.352676661530446,4.2928883612639215,4.348723540808683,435244000
2017-09-29,4.416664123535156,4.440381429450588,4.379111133469142,4.424322969436162,619092000
2017-10-02,4.422347068786621,4.495970584939476,4.372935651377029,4.46681767431394,503480000
2017-10-03,4.431489944458008,4.461384105122164,4.387266246259585,4.428524985065538,390332000
2017-10-04,4.468548774719238,4.490784085934263,4.401101601203414,4.437666450390245,427848000
2017-10-05,4.4660749435424805,4.496463400412171,4.436180803309315,4.493004597636096,437364000
2017-10-06,4.479170799255371,4.492512170561095,4.42234745225509,4.438406388138381,318800000
2017-10-09,4.580217361450195,4.613323392271761,4.497205597226185,4.515982095754633,563492000
2017-10-10,4.667675971984863,4.766993590671148,4.626417249329684,4.729440594579086,974876000
2017-10-11,4.717334270477295,4.71881674943267,4.638275637514394,4.684228244091434,529508000
2017-10-12,4.719560623168945,4.770454540519649,4.692384026209141,4.720795708836715,528292000
2017-10-13,4.807510852813721,4.81764034092914,4.734875976645561,4.781816748376553,628728000
2017-10-16,4.890028953552246,4.892993912047512,4.774158545198851,4.837405652528424,576640000
2017-10-17,4.885581970214844,4.913993642487508,4.850993929400595,4.869276112227167,478596000
2017-10-18,4.881381034851074,4.895216248649555,4.7761344523907425,4.894475480390317,567316000
2017-10-19,4.88681697845459,4.891757789997568,4.7546407273400355,4.803805218585961,570772000
2017-10-20,4.864583492279053,4.931042026788897,4.855689085729711,4.903865903869316,451620000
2017-10-23,4.857663154602051,4.912757080546003,4.8374041817995055,4.886321741058424,428696000
2017-10-24,4.908558368682861,4.910287770672528,4.840864297068282,4.866805326913275,407244000
2017-10-25,4.7845354080200195,4.921900364719075,4.72301816817099,4.869029664690874,828160000
2017-10-26,4.83468770980835,4.846299206401788,4.788240780981238,4.812205484960618,322744000
2017-10-27,4.987123489379883,4.987370412186639,4.860876193571652,4.886817696309636,572192000
2017-10-30,5.036040782928467,5.091628569845273,4.971311197953049,4.9871232100075185,504056000
2017-10-31,5.10941743850708,5.136099710947832,5.062229262678451,5.067911786094077,411908000
2017-11-01,5.119052410125732,5.187487726327024,5.054817137809243,5.172170030094623,502576000
2017-11-02,5.087923526763916,5.134123541490991,5.0313470986192215,5.089406006174081,342308000
2017-11-03,5.155862331390381,5.155862331390381,5.073097982182422,5.1190505832534585,353640000
2017-11-06,5.179085731506348,5.187732738900828,5.106697792110678,5.119050525180918,389944000
2017-11-07,5.2383809089660645,5.259875442286922,5.189710733592025,5.201816546741778,427700000
2017-11-08,5.167475700378418,5.237640412718127,5.1200406076421014,5.233934214766832,522988000
2017-11-09,5.072605133056641,5.097558000643776,4.950311436723129,5.0713700478689105,978564000
2017-11-10,5.3399224281311035,5.402428291898147,5.228498993315072,5.264322588439639,1253256000
2017-11-13,5.253204345703125,5.365368536239412,5.237886652772216,5.339921826833087,582376000
2017-11-14,5.29149866104126,5.3068163555765615,5.218616386221153,5.262345751113217,529292000
2017-11-15,5.187734603881836,5.237640813219607,5.133876215956097,5.236405256732466,501948000
2017-11-16,5.228004455566406,5.291992795783281,5.219110523470367,5.261851724539295,441768000
2017-11-17,5.221827983856201,5.320404359405614,5.206757684147104,5.285075083270091,515664000
2017-11-20,5.289029121398926,5.301134936310986,5.200581747489465,5.237393509074331,396100000
2017-11-21,5.337699890136719,5.349311860702259,5.296935474191861,5.328805955697387,399176000
2017-11-22,5.313716888427734,5.364893703494278,5.281082520674756,5.364893703494278,356640000
2017-11-24,5.363905429840088,5.364894750374522,5.305559096014242,5.330035112382122,180752000
2017-11-27,5.294186592102051,5.373794828943314,5.290972479270649,5.372558885614221,422896000
2017-11-28,5.209385871887207,5.30877249004076,5.148320093745461,5.299377718668641,512752000
2017-11-29,4.856093406677246,5.19479836101456,4.727780742840174,5.192078909284909,1396788000
2017-11-30,4.962154388427734,5.010858835380116,4.861779420346368,4.9248228789938455,823768000
2017-12-01,4.887244701385498,4.947816285492952,4.758437837403999,4.927543235505427,811548000
2017-12-04,4.614798545837402,4.952020584397823,4.5613969260194205,4.945839452767795,1240844000
2017-12-05,4.641499042510986,4.764125272944164,4.4644823469047665,4.50947803963698,981488000
2017-12-06,4.679077625274658,4.700833714675682,4.5698015749585235,4.5910634757106905,467032000
2017-12-07,4.7465715408325195,4.786375893324269,4.700339434507561,4.745829786245209,542600000
2017-12-08,4.734210014343262,4.815548847726423,4.725804091460977,4.796511738297458,466876000
2017-12-11,4.812582492828369,4.815549511456508,4.732480063180663,4.7483025906836165,372748000
2017-12-12,4.718141555786133,4.792310906728387,4.694654854009248,4.769071299370582,455016000
2017-12-13,4.602931499481201,4.760416909136335,4.595514424320586,4.759180965719972,554280000
2017-12-14,4.610100746154785,4.681055965999012,4.563868637217065,4.596503011578501,438164000
2017-12-15,4.735939979553223,4.756213029472064,4.589085329453786,4.654106968531037,670036000
2017-12-18,4.892684459686279,4.895651006193768,4.746818646435386,4.776485997726457,477704000
2017-12-19,4.84843111038208,4.888482562048411,4.819999696061505,4.883290750865196,373100000
2017-12-20,4.8654890060424805,4.896886960757909,4.809862132799577,4.887739755339642,288820000
2017-12-21,4.842993259429932,4.893922533301409,4.834587333334981,4.8689523209988215,300904000
2017-12-22,4.827662944793701,4.837057716317147,4.7282763250392765,4.806153949486824,466276000
2017-12-26,4.881312847137451,4.888977017142705,4.742369409492214,4.772284334796054,355080000
2017-12-27,4.874636650085449,4.94386126207819,4.853375219267344,4.86796180193893,329488000
2017-12-28,4.8803229331970215,4.929274489862355,4.874142273974676,4.898370722196552,240248000
2017-12-29,4.783904075622559,4.906530316535513,4.783904075622559,4.906530316535513,279964000
2018-01-02,4.928534507751465,4.932243281861913,4.8086281667431106,4.84027322879066,355616000
2018-01-03,5.252899646759033,5.283309230956685,5.037314990793611,5.045968009495182,914704000
2018-01-04,5.2805891036987305,5.390854021644087,5.258338350305627,5.334238289141166,583268000
2018-01-05,5.3253374099731445,5.362668930770624,5.218533714746807,5.295422491536533,580124000
2018-01-08,5.488509178161621,5.562678029939186,5.403956234443299,5.448952394339711,881216000
2018-01-09,5.487026691436768,5.53350589750984,5.405440750658684,5.493949106317687,497000000
2018-01-10,5.530045032501221,5.533506240156006,5.340172328710748,5.394562802079392,582664000
2018-01-11,5.5399346351623535,5.594078015789105,5.51842516230587,5.562679579998581,406032000
2018-01-12,5.51273775100708,5.562431062017867,5.4721921174013355,5.528066087608366,359916000
2018-01-16,5.441783905029297,5.624734198192705,5.3572314097114315,5.539192853741618,702348000
2018-01-17,5.55575704574585,5.565646008468552,5.362423132552919,5.456370400412405,538408000
2018-01-18,5.548833847045898,5.603224313227922,5.505321191167811,5.536472055944906,408632000
2018-01-19,5.6890130043029785,5.713241453808726,5.612124694118849,5.639072596102207,609380000
2018-01-22,5.777520656585693,5.7792512599139485,5.639319013088401,5.6969235831092,550944000
2018-01-23,5.906574249267578,5.929319183596074,5.812379456966413,5.830921430734518,475228000
2018-01-24,5.829686641693115,5.945637542592809,5.774059766270133,5.9097890593697695,579972000
2018-01-25,5.84328556060791,5.9273438624053245,5.828451881336061,5.884078296494035,409884000
2018-01-26,6.0158514976501465,6.016098592001294,5.874188628015064,5.88704460758633,516356000
2018-01-29,6.10287618637085,6.134027521352492,5.948604906857678,6.001264767159597,455116000
2018-01-30,6.000770568847656,6.092245939857234,5.894214425207659,5.960966684737286,570832000
2018-01-31,6.076918125152588,6.16270703230411,6.043541992510677,6.076176370442211,478576000
2018-02-01,5.945886611938477,6.104114273649755,5.885562566424232,5.8969350396170706,519224000
2018-02-02,5.773318767547607,5.883336589589145,5.715219998103343,5.859355232857324,718464000
2018-02-05,5.283308029174805,5.7661482491085225,5.068217610887506,5.61212407970193,1165204000
2018-02-06,5.577016353607178,5.579982899575483,5.04349360043852,5.053383030107459,1114800000
2018-02-07,5.6566267013549805,5.80916787629633,5.604708586317413,5.675910909479062,802932000
2018-02-08,5.377750873565674,5.815347917369131,5.377503307648409,5.782219353651922,1144000000
2018-02-09,5.737718105316162,5.906081798787461,5.377751115232891,5.890259270861358,1674604000
2018-02-12,5.6375885009765625,5.82177515436539,5.5634196509787,5.8188081362952095,1093172000
2018-02-13,5.751315593719482,5.797547703640699,5.56885951233327,5.601246793025311,625524000
2018-02-14,5.968629837036133,5.997555905547845,5.699890712604371,5.7110160872970255,744988000
2018-02-15,6.0942230224609375,6.140455127802304,5.971102609330808,6.051946784316371,698900000
2018-02-16,6.028461456298828,6.180755068799949,6.019313776582363,6.067029401880041,637656000
2018-02-20,6.158008098602295,6.226985136495736,6.0472485439625245,6.0509573164407975,686240000
2018-02-21,5.97085428237915,6.229457337500068,5.967145981548249,6.2225349244535755,892292000
2018-02-22,5.99039888381958,6.07648834238074,5.924842326398158,6.004747284195494,534364000
2018-02-23,6.083909511566162,6.083909511566162,5.999551739231379,6.050265396158643,415300000
2018-02-26,6.099989891052246,6.134623471587733,6.037648974241224,6.130170650068477,469312000
2018-02-27,6.087125778198242,6.157630120817602,6.064118983738408,6.073271874464876,455436000
2018-02-28,5.986688613891602,6.137592422760437,5.97506135545111,6.098011049432822,523116000
2018-03-01,5.744500160217285,6.038392086286314,5.643320074234557,5.984462308697891,1040120000
2018-03-02,5.851615905761719,5.858048125781038,5.488209158236849,5.636886772044606,913428000
2018-03-05,5.829599380493164,5.869180750754734,5.677952895895069,5.801397548016186,620776000
2018-03-06,5.990644931793213,6.009941117653981,5.8719008422627255,5.914945562921351,636808000
2018-03-07,5.982728958129883,6.034927041852828,5.886496688940032,5.88773340014851,581208000
2018-03-08,5.966402530670166,6.01018947484931,5.92212061882495,6.01018947484931,411912000
2018-03-09,6.069067478179932,6.081930976271816,5.997820911736378,6.013900520274829,505524000
2018-03-12,6.178657531738281,6.2588097329259025,6.102215936430128,6.110379835581523,605060000
2018-03-13,6.127944469451904,6.295918291518715,6.086631417571857,6.221455615856943,619772000
2018-03-14,6.153425216674805,6.198201627277066,6.091084294558158,6.170989256342004,505496000
2018-03-15,6.168267726898193,6.24940939507046,6.126212461656657,6.167031015500129,401952000
2018-03-16,6.196469783782959,6.215518254193494,6.146992832821653,6.184595277804472,399456000
2018-03-19,5.961948871612549,6.168514090312586,5.862995459305732,6.139570518015361,713772000
2018-03-20,6.174204349517822,6.21304350057435,5.964917508158366,5.964917508158366,554696000
2018-03-21,6.148970603942871,6.234070578464552,6.118542131447214,6.167771349610118,438688000
2018-03-22,5.982975959777832,6.132148522015477,5.9456212431764275,6.085640444198533,551196000
2018-03-23,5.763300895690918,5.999057449941208,5.752168605260439,5.99658355519586,735620000
2018-03-26,6.048038005828857,6.049274716986019,5.835782793991371,5.887733155839293,611424000
2018-03-27,5.5789995193481445,6.184595055897274,5.438733043147153,6.128933606024767,1409000000
2018-03-28,5.475841045379639,5.67473738103299,5.368229213181982,5.544613718812532,945904000
2018-03-29,5.729161262512207,5.825888037042334,5.459760142890479,5.544117916720432,916628000
2018-04-02,5.468418121337891,5.804860199450898,5.38059699625157,5.658656489559017,922092000
2018-04-03,5.574794292449951,5.698486201262858,5.475840859769062,5.635403535381037,667432000
2018-04-04,5.5968122482299805,5.6072023244283224,5.294014191523086,5.3189999183591805,789168000
2018-04-05,5.476583003997803,5.668305365788988,5.405089191104517,5.6551941481934005,701240000
2018-04-06,5.300197124481201,5.482024347827779,5.271005831846002,5.3739175715561425,662988000
2018-04-09,5.328895568847656,5.4911794073670555,5.308857160046402,5.3632819086752965,499524000
2018-04-10,5.638123989105225,5.6650886369671625,5.502062622929911,5.559208500529911,761676000
2018-04-11,5.5968122482299805,5.664595463319572,5.564157588221694,5.623282406479335,460244000
2018-04-12,5.803624153137207,5.821435912629541,5.645545908279811,5.689827823160644,593920000
2018-04-13,5.726934909820557,5.875612532985618,5.678695144028108,5.867201385591195,503036000
2018-04-16,5.726686954498291,5.760083820193843,5.632433609436205,5.7336136698857745,350792000
2018-04-17,5.876354694366455,5.897629810565798,5.723224251006935,5.778885700195328,447224000
2018-04-18,5.847410678863525,5.918657239850551,5.75835283151511,5.82588831463755,391364000
2018-04-19,5.666079044342041,5.766516912729792,5.610665308319672,5.73312003924608,471996000
2018-04-20,5.657915115356445,5.74177792762923,5.626744891600924,5.657420147679795,386200000
2018-04-23,5.538429260253906,5.726935521966214,5.512454071565692,5.675727360244763,427508000
2018-04-24,5.472129821777344,5.66014109311447,5.406820514175754,5.56415653050257,414596000
2018-04-25,5.359817028045654,5.481529990338182,5.20248102441101,5.442443119353928,588492000
2018-04-26,5.571578025817871,5.579741925606837,5.455555052577292,5.521606579103608,375824000
2018-04-27,5.59903621673584,5.697247877852578,5.5567337129086685,5.677457196915822,400848000
2018-04-30,5.563662052154541,5.665089380551641,5.544366333142125,5.61536517991178,327844000
2018-05-01,5.619076251983643,5.62179739472889,5.496868301597587,5.5554986178965695,253788000
2018-05-02,5.598543167114258,5.660141400230439,5.572320260380041,5.615612710506377,268248000
2018-05-03,5.763795852661133,5.790018761582034,5.585184695643014,5.630456076595165,443144000
2018-05-04,5.913956642150879,5.91717275206389,5.717781487011003,5.735098276008582,400660000
2018-05-07,6.151940822601318,6.209086707540831,6.008705474285364,6.018601053538705,687616000
2018-05-08,6.194490432739258,6.1972115752049115,6.103205469182334,6.1521874491055275,506616000
2018-05-09,6.3275837898254395,6.329810436951627,6.18731728890389,6.214529662936835,596760000
2018-05-10,6.4351959228515625,6.4443488153601525,6.36271216738749,6.380523928358041,994080000
2018-05-11,6.29665994644165,6.42678407310929,6.197954235801118,6.25336796809054,1214456000
2018-05-14,6.317191123962402,6.394622639868074,6.293442590254619,6.334755630276051,523140000
2018-05-15,6.074756145477295,6.256336129994786,5.974318295101601,6.2536145157913055,963528000
2018-05-16,6.085890293121338,6.147983506036106,5.999305847826094,6.0361660844570615,553828000
2018-05-17,6.127944469451904,6.221702863780388,6.071540800992437,6.087620881112819,519784000
2018-05-18,6.084156513214111,6.243224193322817,6.079208724483137,6.17989429058534,483716000
2018-05-21,6.042101860046387,6.185337196830497,5.9493329353274635,6.1816265908328285,640624000
2018-05-22,6.00400447845459,6.080693318451757,5.943395244493414,6.055460350202838,518264000
2018-05-23,6.1275248527526855,6.1287628009439,5.94707053300779,5.947813207494739,442956000
2018-05-24,6.131239414215088,6.1735685664673206,6.07059315630357,6.123813611611489,437372000
2018-05-25,6.170595645904541,6.186933066744578,6.108216660227415,6.14386172745165,292112000
2018-05-29,6.1535162925720215,6.2215892810621005,6.106732047673409,6.1525262172712605,352684000
2018-05-30,6.262433052062988,6.271096801740902,6.162428357415675,6.187182130269262,390996000
2018-05-31,6.242629528045654,6.317138240251438,6.2198563802642335,6.230500279662674,493868000
2018-06-01,6.377042770385742,6.383231568042655,6.278770820286163,6.287434570439075,421968000
2018-06-04,6.556012153625488,6.578042629944862,6.379023307781242,6.41120288332612,642024000
2018-06-05,6.56145715713501,6.599082851947313,6.514425038619631,6.55922913357155,391712000
2018-06-06,6.563438415527344,6.5666565149491785,6.455017359918302,6.471354785724309,371356000
2018-06-07,6.507742881774902,6.571607234441996,6.417391531749834,6.559725384611143,369448000
2018-06-08,6.492393970489502,6.534970037982708,6.416152512524938,6.434965358209917,360456000
2018-06-11,6.451303005218506,6.521355669234114,6.4384310825704665,6.479769675512245,265372000
2018-06-12,6.499820709228516,6.5119499587248075,6.427540013865091,6.477790233917247,319160000
2018-06-13,6.495365619659424,6.576310070715226,6.486206595581126,6.5013065444481875,338208000
2018-06-14,6.607005596160889,6.663691553497641,6.525565861132541,6.540418411030922,430016000
2018-06-15,6.566162109375,6.621115319092424,6.518882575834094,6.549824681408713,432260000
2018-06-18,6.561954021453857,6.579528924871867,6.494871563162496,6.522100293417708,356268000
2018-06-19,6.440162658691406,6.5260579276186474,6.312681403620683,6.458727628731686,594932000
2018-06-20,6.493137836456299,6.546110411737297,6.442887614438491,6.481255987302386,369780000
2018-06-21,6.364419460296631,6.543388480226873,6.356745784675552,6.525070902359956,359516000
2018-06-22,6.211935043334961,6.398578167392045,6.19658816781961,6.385210970358031,434160000
2018-06-25,5.919100284576416,6.109208465259689,5.830482156875028,6.105495564243447,665816000
2018-06-26,5.99014139175415,6.080740117613366,5.938653704785579,6.032470529115045,478884000
2018-06-27,5.83493709564209,6.100048775178411,5.82949097298852,6.03370900509341,453892000
2018-06-28,5.9621710777282715,5.974052926434342,5.817361813848821,5.825035488132369,338012000
2018-06-29,5.864147186279297,6.039898095507245,5.862909237826144,6.027274042974668,392300000
2018-07-02,5.996330261230469,6.000043161271461,5.774042089663885,5.794587684549925,357572000
2018-07-03,5.862660884857178,6.036926888634016,5.854244536442996,6.030985964585119,222732000
2018-07-05,6.008460521697998,6.013410898540981,5.878998606440352,5.917861779456704,306216000
2018-07-06,6.122326850891113,6.130743199231445,5.962665521773146,5.983953793416658,296352000
2018-07-09,6.169853210449219,6.206241425642423,6.09113680088328,6.196587602076419,303880000
2018-07-10,6.268871307373047,6.290901790009685,6.141884774509408,6.1822333100239595,360016000
2018-07-11,6.127277374267578,6.210697234447164,6.116633002941496,6.176042239755019,367508000
2018-07-12,6.218866348266602,6.26688854420968,6.162675676509351,6.172577374375072,345508000
2018-07-13,6.171587944030762,6.237432924767739,6.129506664761962,6.237432924767739,246988000
2018-07-16,6.143864154815674,6.196837211129183,6.131487501950183,6.143864154815674,197036000
2018-07-17,6.279760360717773,6.294860308062987,6.069106605259504,6.094603051902498,362136000
2018-07-18,6.230502605438232,6.286198491760143,6.179510168610146,6.272336488433637,277640000
2018-07-19,6.238669395446777,6.272334791145986,6.196588595100667,6.211688070864388,235752000
2018-07-20,6.210448741912842,6.27505574443382,6.199556971721913,6.236192582626812,222352000
2018-07-23,6.17381477355957,6.185696621994708,6.022074513418084,6.183963872103707,301584000
2018-07-24,6.156487464904785,6.308475130545054,6.138912092510818,6.221837161178626,354620000
2018-07-25,6.2347092628479,6.247333786577135,6.107970168200348,6.165894064725927,319112000
2018-07-26,6.308227062225342,6.345110083676577,6.197825870812432,6.214658568117562,325124000
2018-07-27,6.238420486450195,6.351792352299782,6.1844573781924685,6.344861354187674,295420000
2018-07-30,6.043115139007568,6.258472334744185,6.008212269667775,6.252531410768498,340340000
2018-07-31,6.06118631362915,6.135942441196427,5.99385646029376,6.032719637282077,283988000
2018-08-01,6.101039409637451,6.147824133462338,6.037175058153491,6.092623532290582,283556000
2018-08-02,6.203766345977783,6.20772664707661,5.97083425863733,6.029747750663035,269668000
2018-08-03,6.240402698516846,6.264166398260496,6.211441220610638,6.22827344781323,214288000
2018-08-06,6.288176536560059,6.291642036230769,6.1812408483559205,6.22777769311657,207508000
2018-08-07,6.360457897186279,6.379023345740433,6.310208146674644,6.336942071538125,258132000
2018-08-08,6.396845817565918,6.441897791360942,6.32679314039958,6.361696014638974,262100000
2018-08-09,6.348327159881592,6.417389743588497,6.34065348700984,6.414666918789912,204280000
2018-08-10,6.3069891929626465,6.339416637264538,6.255254100262608,6.266393273458125,256396000
2018-08-13,6.339912414550781,6.460710588509444,6.3139211638074855,6.315653913857038,375208000
2018-08-14,6.471353530883789,6.485463402153292,6.362189821795851,6.445362283991163,466220000
2018-08-15,6.413182258605957,6.526058860079817,6.3344653768570165,6.492146068986376,591136000
2018-08-16,6.372587203979492,6.485464301227943,6.312435754467006,6.482988876589445,801260000
2018-08-17,6.06019401550293,6.261936572823642,6.033212226186968,6.26119389845894,1143188000
2018-08-20,6.134950637817383,6.267630156179397,5.909196969424912,6.019598615643819,854388000
2018-08-21,6.270601749420166,6.275057324485106,6.131486014241146,6.1512889373044874,673988000
2018-08-22,6.505760669708252,6.510711517951717,6.234460701482852,6.237926200825502,749856000
2018-08-23,6.605271816253662,6.670621514774874,6.453284145386549,6.467146145419659,720684000
2018-08-24,6.738446235656738,6.753050909411109,6.609232195513568,6.613687770666964,531512000
2018-08-27,6.829540252685547,6.903801102774299,6.736713954005123,6.76815085520618,505776000
2018-08-28,6.791913986206055,6.846372379049316,6.671858498862244,6.823598757718386,475384000
2018-08-29,6.897423267364502,6.922438117772443,6.763432517648559,6.784236891564404,420108000
2018-08-30,6.880580902099609,6.977420910159049,6.8436777055182185,6.866215775755909,346608000
2018-08-31,6.951663970947266,6.964542937545964,6.850613472281395,6.860520587694516,306592000
2018-09-04,7.026460647583008,7.064106456076372,6.91005440916586,6.93853665598784,391720000
2018-09-05,6.895688533782959,7.044291934808449,6.814699814857266,7.008874900336056,393156000
2018-09-06,6.754516124725342,6.88181962125771,6.721575865514398,6.879342842553523,322796000
2018-09-07,6.733216285705566,6.858786077065272,6.617553136187918,6.66238174160701,295420000
2018-09-10,6.804296016693115,6.8340168788157,6.711914516640179,6.755752493022817,220140000
2018-09-11,6.756496906280518,6.845658565440409,6.737178223991141,6.757982595381877,243112000
2018-09-12,6.6425676345825195,6.736187780649669,6.487029444982875,6.716621561738899,419092000
2018-09-13,6.720338344573975,6.810986186168159,6.691113014471332,6.708449994634377,305536000
2018-09-14,6.846402168273926,6.912530691235202,6.773834398989934,6.81073759636974,386936000
2018-09-17,6.784482955932617,6.869930147975262,6.765164747886444,6.820891074784446,205528000
2018-09-18,6.712410926818848,6.891230262542851,6.705724144855776,6.788446558357534,299520000
2018-09-19,6.736187934875488,6.754020456533981,6.643806412106326,6.693836109284113,224860000
2018-09-20,6.595016002655029,6.656438513516968,6.54102335613122,6.614086680638897,430584000
2018-09-21,6.524923801422119,6.6524753029640475,6.491736006980724,6.606903615345308,435128000
2018-09-24,6.5806498527526855,6.5841172482116885,6.406784062740959,6.493964493880408,293912000
2018-09-25,6.647769451141357,6.672784301880277,6.56108408628115,6.646778834141386,280388000
2018-09-26,6.610866069793701,6.6930934196939695,6.595015253435617,6.6527228255726865,268548000
2018-09-27,6.622753620147705,6.667334685328497,6.59129952736597,6.646034769591449,214428000
2018-09-28,6.960084438323975,6.982374975561883,6.726777350617428,6.754764526446273,709396000
2018-10-01,7.166643142700195,7.233514279165872,6.999216584387794,7.037853482459887,622060000
2018-10-02,7.095311641693115,7.250849337403954,7.073021111309665,7.139149621794284,383964000
2018-10-03,7.101504325866699,7.173081474532593,6.997481993925633,7.165651139252094,320552000
2018-10-04,6.917236328125,7.089615948818672,6.8402100782823405,7.06534418169296,391220000
2018-10-05,6.683681011199951,6.95463432372686,6.626220982416748,6.892468746814339,426636000
2018-10-08,6.5823845863342285,6.715879804910829,6.441459031005959,6.600464647272412,408612000
2018-10-09,6.576688766479492,6.65643887878831,6.508826532243482,6.561828092193206,273500000
2018-10-10,6.085058689117432,6.516503829718721,6.082829446452293,6.470684129980975,684940000
2018-10-11,5.823514938354492,6.131371404810226,5.8019674894072235,5.997875763372336,725436000
2018-10-12,6.106110095977783,6.180412037511291,5.935464158628126,6.080600173703527,608236000
2018-10-15,5.829708099365234,6.092736036089197,5.828717482398618,6.092736036089197,449760000
2018-10-16,6.088525772094727,6.099671040053119,5.8931125147950025,5.942399135483466,408712000
2018-10-17,6.01992130279541,6.188834043488438,5.970882211445299,6.150692213062373,329668000
2018-10-18,5.932491779327393,6.127657492536262,5.8720598931390695,6.089268605216968,524020000
2018-10-19,5.675903797149658,6.007289040294297,5.639496142249984,5.987723291616021,613608000
2018-10-22,5.726675033569336,5.828220570991834,5.62389134332822,5.7281611948693625,368844000
2018-10-23,5.475041389465332,5.5525627131488395,5.367303651916718,5.459437637880404,626436000
2018-10-24,4.938830375671387,5.483213754035091,4.924960795636278,5.436651457518044,884288000
2018-10-25,5.147617340087891,5.194922710307433,4.796913534297666,4.8412470545481545,951720000
2018-10-26,4.9110918045043945,5.073316781065452,4.783045237529511,4.911586876766648,664784000
2018-10-29,4.597292423248291,5.055733721485423,4.359279278776053,5.052266325063882,758016000
2018-10-30,5.027745723724365,5.037652838972946,4.597291675474802,4.620325293270222,807192000
2018-10-31,5.221672058105469,5.265262504513675,5.052759373521883,5.192446736431233,745772000
2018-11-01,5.401978492736816,5.411390062676877,5.1315202155299104,5.258080628831698,566528000
2018-11-02,5.322969913482666,5.498321838465712,5.206316166256636,5.392565820626404,452960000
2018-11-05,5.244953155517578,5.333124664286265,5.084213887872453,5.309843043696832,379332000
2018-11-06,5.22736930847168,5.321236993864527,5.190218103167157,5.237028413996088,299012000
2018-11-07,5.29498291015625,5.384640108997582,5.230340557305503,5.293992293344317,483812000
2018-11-08,5.101799488067627,5.236532837110258,5.048301922821317,5.2357897563210765,511352000
2018-11-09,5.093873977661133,5.1842742736201375,4.979201912013973,5.012885251719588,413240000
2018-11-12,4.69437837600708,5.024525420357445,4.672582915392841,5.002482423626299,617116000
2018-11-13,4.936355113983154,5.057714448970785,4.786017984721421,4.792210168336969,644712000
2018-11-14,4.883848190307617,5.123842523624307,4.775863376941356,5.109477395863765,526580000
2018-11-15,5.012639045715332,5.0847117654589855,4.841992586978251,4.877905178742921,840708000
2018-11-16,4.072474956512451,4.226774566194518,4.0026310124548035,4.044983321961359,1963520000
2018-11-19,3.5838160514831543,4.007830506654468,3.5820823540036764,4.0070878983608065,1697820000
2018-11-20,3.6922972202301025,3.82059133515084,3.301718237146986,3.3202936052318517,1692032000
2018-11-21,3.58406400680542,3.846348846272988,3.556820152341425,3.829507177902595,1025496000
2018-11-23,3.5912461280822754,3.7049275527468377,3.5365106535621416,3.5493896165314163,411968000
2018-11-26,3.790623426437378,3.801025614392425,3.6298841130791506,3.7123590082061146,814832000
2018-11-27,3.807465076446533,3.888701581665841,3.7287053501165137,3.764617699216656,738060000
2018-11-28,3.9644885063171387,3.9696895993284227,3.792603956025248,3.9251085321475974,804524000
2018-11-29,3.90126895904541,4.003907724706929,3.8710227847208944,3.9667198209594052,549172000
2018-11-30,4.051756381988525,4.062416759669402,3.8606098614678235,3.9109376350113156,729564000
2018-12-03,4.215631484985352,4.330666535641296,4.148692973451854,4.27909913175207,890804000
2018-12-04,3.895071506500244,4.175964742708844,3.879948181145754,4.171006228867709,812112000
2018-12-06,3.924326181411743,3.9292844589509266,3.738881967321079,3.7545008607567016,692308000
2018-12-07,3.6595473289489746,3.938705371196474,3.6102113925964496,3.928540559604419,681676000
2018-12-10,3.764913320541382,3.789705416647672,3.6109549191495143,3.614673804495943,629472000
2018-12-11,3.67392635345459,3.864824620788069,3.5948398169542557,3.856643263096135,671912000
2018-12-12,3.691528558731079,3.7877213948459665,3.5903772095658275,3.679628316558138,654136000
2018-12-13,3.6912806034088135,3.802596764423647,3.6553323289012547,3.73838553247586,471384000
2018-12-14,3.6307878494262695,3.7334266009480745,3.6072353875321768,3.6496295825066505,471820000
2018-12-17,3.5596354007720947,3.6729347887822197,3.5016220682361747,3.600790212603076,662868000
2018-12-18,3.6429367065429688,3.7269815279542295,3.576246210263398,3.603517326389618,564372000
2018-12-19,3.4339396953582764,3.66276992638671,3.382372292711314,3.6092190711629706,745364000
2018-12-20,3.3493995666503906,3.515506000934323,3.2896507976180573,3.4255110534137394,749588000
2018-12-21,3.2122998237609863,3.4089004654581396,3.184780684871632,3.375927008273382,863740000
2018-12-24,3.1505675315856934,3.22246432500799,3.08660407634126,3.1359402472168654,463840000
2018-12-26,3.2998151779174805,3.300806786003362,3.085612226661851,3.1966803710681195,695100000
2018-12-27,3.2519659996032715,3.2819643864269965,3.103461950289589,3.2475035273629222,637044000
2018-12-28,3.313450574874878,3.4061727863495057,3.2306453898738328,3.27254378641105,628728000
2018-12-31,3.30973219871521,3.38931430937357,3.2789899815613777,3.3568368961659942,465140000
2019-01-02,3.377166271209717,3.4331961511819213,3.224199719565695,3.238827003762373,508752000
2019-01-03,3.1731278896331787,3.3508865238272074,3.165690356157027,3.316921464491716,705552000
2019-01-04,3.376422882080078,3.4146023989573466,3.2155227464445826,3.246264728875429,585620000
2019-01-07,3.55517315864563,3.5921132835916265,3.3823727782146125,3.4336924044276866,709160000
2019-01-08,3.466665744781494,3.638970327126475,3.394025120835378,3.636738853916229,786016000
2019-01-09,3.534843921661377,3.582196644160853,3.467409595163993,3.517985162710805,617260000
2019-01-10,3.6005423069000244,3.609219469565768,3.4550132850732562,3.515505876340789,523156000
2019-01-11,3.689793586730957,3.712602229451064,3.5504624735758616,3.578229393529933,874764000
2019-01-14,3.729708194732666,3.754996091985834,3.6139295591717535,3.6374820240857297,730168000
2019-01-15,3.7155773639678955,3.801853422888469,3.6972311940384297,3.762434042318583,617012000
2019-01-16,3.6900410652160645,3.7758213112496786,3.6845869843535026,3.742848096532631,470104000
2019-01-17,3.761441946029663,3.801357125509616,3.6297964016758155,3.657067750986243,493436000
2019-01-18,3.890608310699463,3.9166400322433517,3.759706588014555,3.8112739906322273,651336000
2019-01-22,3.688305616378784,3.8720143705346097,3.658059442228194,3.86036214815086,661552000
2019-01-23,3.701198101043701,3.832347866819182,3.669960313469122,3.7435925453112997,591020000
2019-01-24,3.913170099258423,3.930772210655458,3.7810287168062326,3.785739210914377,708972000
2019-01-25,3.970438241958618,3.9885363887558065,3.751029244124948,3.8536680039050473,1154572000
2019-01-28,3.421544075012207,3.5115390206214054,3.247752326096619,3.3853477751296337,2511528000
2019-01-29,3.2626280784606934,3.423776265579195,3.248000790569745,3.375431691226143,1153932000
2019-01-30,3.40617299079895,3.42055225446587,3.2591563273056403,3.3387386726274992,974228000
2019-01-31,3.563850164413452,3.599550659300803,3.3811330006037914,3.4029500353779913,842852000
2019-02-01,3.588146209716797,3.6392178132657,3.5348436060100865,3.582444108105326,625048000
2019-02-04,3.6984705924987793,3.7356584977000353,3.5819481270012767,3.6040129444490905,528592000
2019-02-05,3.7175607681274414,3.754252873405005,3.6766539732218897,3.7103710173758713,542424000
2019-02-06,3.79317569732666,3.8576349481240015,3.745327181462258,3.7507812620747845,702464000
2019-02-07,3.6548361778259277,3.7490457966738466,3.6119461753718007,3.746814560403445,637120000
2019-02-08,3.6734304428100586,3.684090820375833,3.5732707008321247,3.5876499632171868,461604000
2019-02-11,3.6307878494262695,3.683594637100797,3.582443297492617,3.6293002010777515,495180000
2019-02-12,3.7478060722351074,3.763425198596858,3.6548360840202436,3.6692155821669403,591060000
2019-02-13,3.790201187133789,3.863337609920423,3.7636736587213666,3.777309335102418,605372000
2019-02-14,3.8311078548431396,3.8593708148593726,3.74607119097593,3.7892094553256914,827264000
2019-02-15,3.9007725715637207,4.062664033343774,3.877963934113234,4.039855632328178,1516748000
2019-02-19,3.8834192752838135,3.9639934749094197,3.871023462819844,3.890113222077128,551892000
2019-02-20,3.930771589279175,3.997957888337971,3.9015172573833543,3.9126734401548853,540988000
2019-02-21,3.8618500232696533,3.967959665754317,3.8472227384773094,3.943415826169995,448548000
2019-02-22,3.946638584136963,3.965480557983859,3.9000296900398594,3.913665366339842,401740000
2019-02-25,3.9342432022094727,4.097622369645745,3.925565802249011,4.030188277999109,656020000
2019-02-26,3.8948230743408203,3.9855618346970005,3.8613538187575283,3.9295319582533,488464000
2019-02-27,3.8529245853424072,3.9069710078849105,3.795902865732788,3.8804437188639986,500256000
2019-02-28,3.828354835510254,3.869055740771258,3.8060192412951652,3.8467199098775895,324944000
2019-03-01,3.8827061653137207,3.924895786418245,3.8199176937091317,3.878238856325306,357188000
2019-03-04,3.8908960819244385,3.9440055830096816,3.83431190187829,3.921173432292454,409992000
2019-03-05,3.8844432830810547,3.9226621459293805,3.8209102222217957,3.8752606261527087,362924000
2019-03-06,3.7735090255737305,3.8839470639310143,3.7707791741875525,3.8755092338834474,403524000
2019-03-07,3.7042675018310547,3.7596107701403376,3.6581068900495652,3.7499317985772644,450104000
2019-03-08,3.738516092300415,3.749187694646447,3.593581441786159,3.614924646478223,422416000
2019-03-11,3.9990994930267334,4.02193140085313,3.7149384740926967,3.7620919446347734,859728000
2019-03-12,4.0333476066589355,4.0797560105295965,3.950704899840637,4.0268948026120075,579576000
2019-03-13,4.1847357749938965,4.214020495872586,4.063377858129775,4.070823294632877,768900000
2019-03-14,4.10879373550415,4.205830546710866,4.101100260514064,4.193918038767685,519384000
2019-03-15,4.214267730712891,4.256953656326466,4.148500911601883,4.151975352911792,661484000
2019-03-18,4.192924499511719,4.299640022774137,4.165873086640226,4.245785709520786,486992000
2019-03-19,4.360692024230957,4.405115656151409,4.270604564374885,4.28748022396908,854972000
2019-03-20,4.328181743621826,4.4430868609435015,4.293436844585684,4.389729079589678,719148000
2019-03-21,4.564941883087158,4.591248720804027,4.346299518338465,4.35126314407484,824312000
2019-03-22,4.405114650726318,4.586282632615262,4.391216884812334,4.537640451916316,747644000
2019-03-25,4.312793254852295,4.428690961139329,4.246530357087245,4.364413796532291,525212000
2019-03-26,4.389479637145996,4.51058900985758,4.333143509682086,4.454501394895716,703508000
2019-03-27,4.380297660827637,4.461450969360857,4.310808820912816,4.415042554142267,474372000
2019-03-28,4.398911476135254,4.464677841788595,4.345801737164983,4.406356439276526,480264000
2019-03-29,4.456239700317383,4.480561269794919,4.415290983655715,4.46567039704771,456896000
2019-04-01,4.523743152618408,4.554020499105094,4.4763416361193356,4.548064245476559,483824000
2019-04-02,4.5416107177734375,4.58603433707097,4.504881045156304,4.547815482944268,440920000
2019-04-03,4.681086540222168,4.740152529872962,4.586283499091853,4.591247123100943,783504000
2019-04-04,4.672152519226074,4.714590416904225,4.609364046586918,4.665699713172194,457376000
2019-04-05,4.73891019821167,4.756282877884724,4.678852066856176,4.715333700119635,481744000
2019-04-08,4.759758472442627,4.784824158108648,4.6843129028961785,4.7083859584403625,424192000
2019-04-09,4.696969509124756,4.737422140827427,4.654779656551858,4.726254224753506,439972000
2019-04-10,4.767450332641602,4.79326060305794,4.691757215386249,4.696224286543477,444772000
2019-04-11,4.753554344177246,4.801452422506862,4.704167557143568,4.769933926780318,374600000
2019-04-12,4.715582847595215,4.7962400797134705,4.706896742395677,4.7922690858977255,471708000
2019-04-15,4.583802223205566,4.712853622392226,4.544094173203101,4.707889997802594,440092000
2019-04-16,4.67091178894043,4.689773183653292,4.590255019645924,4.623014184493045,394964000
2019-04-17,4.648078918457031,4.726750411102566,4.625743085798759,4.705903760183431,351004000
2019-04-18,4.623509407043457,4.688779685433278,4.595713871920384,4.654779857414121,380988000
2019-04-22,4.67736291885376,4.692997904650074,4.568414096545218,4.599932107270671,279936000
2019-04-23,4.731962203979492,4.763232654575449,4.680838205315907,4.690516940172109,346856000
2019-04-24,4.744370937347412,4.785071607469191,4.6815824746477706,4.742385203991273,318204000
2019-04-25,4.638648509979248,4.726502664307757,4.5589843823654235,4.704166830267816,499296000
2019-04-26,4.419759273529053,4.489248612084595,4.3008831381566255,4.484781065015521,868988000
2019-04-29,4.45053243637085,4.4783279777788305,4.355480867887423,4.427700046387642,391920000
2019-04-30,4.491977691650391,4.517539459799083,4.399159896689777,4.418269331332889,362920000
2019-05-01,4.478823184967041,4.58653134894412,4.478574672452426,4.544341497677258,354280000
2019-05-02,4.546326637268066,4.588019935758864,4.445319320073938,4.488501800184308,394684000
2019-05-03,4.541860580444336,4.564692494711842,4.48031277556151,4.554765719530355,336824000
2019-05-06,4.463436603546143,4.47559715026055,4.318253687149516,4.355479918183428,422176000
2019-05-07,4.29616641998291,4.415042510939338,4.248020310880359,4.415042510939338,555220000
2019-05-08,4.316267490386963,4.396428149650471,4.256705438986166,4.2686179439377465,419168000
2019-05-09,4.22369909286499,4.256954806788146,4.104823465441121,4.2472760710029815,660248000
2019-05-10,4.189698219299316,4.258442929575115,4.07007755730806,4.192924621544337,569500000
2019-05-13,3.9323408603668213,4.080749939884971,3.9164575961922776,4.057669516159789,656912000
2019-05-14,4.021435737609863,4.056676706245999,3.933333316019523,3.9720484896725825,524880000
2019-05-15,3.9603846073150635,3.996866246148692,3.906530522834444,3.965844309174504,502320000
2019-05-16,3.9755234718322754,4.018209881343574,3.9124871977409756,3.9549250946993952,781088000
2019-05-17,3.884690999984741,4.06288110796303,3.845231234428484,3.9335816975546996,1022068000
2019-05-20,3.766063928604126,3.841012954273963,3.7412462795256283,3.785917953195467,572064000
2019-05-21,3.8482091426849365,3.864092406656991,3.788150765280584,3.82686617683523,361848000
2019-05-22,3.777231454849243,3.8355526164462623,3.7663115767827158,3.809494300630132,325868000
2019-05-23,3.6561219692230225,3.714939448237951,3.5963116233667836,3.714939448237951,591844000
2019-05-24,3.6022679805755615,3.710224205905764,3.595567135089519,3.674983230659197,357584000
2019-05-28,3.5570995807647705,3.65264720758781,3.5551140839343893,3.6198880482974656,428356000
2019-05-29,3.4828953742980957,3.544442703052247,3.4481507160128766,3.509450005571907,559800000
2019-05-30,3.456310749053955,3.5219038631564206,3.4180480201779173,3.4861257793779123,394300000
2019-05-31,3.3656225204467773,3.4746959572244664,3.3638833165670223,3.4073636505096556,389720000
2019-06-03,3.3238823413848877,3.4155635221116567,3.2945641914286052,3.3768039099373706,478644000
2019-06-04,3.552960157394409,3.55817776837531,3.36587065498397,3.387983421086178,641836000
2019-06-05,3.510225772857666,3.6322190796802003,3.4739508130575,3.626752908700462,511616000
2019-06-06,3.5723414421081543,3.5969388627941847,3.5119659334289137,3.514450578819137,408140000
2019-06-07,3.6150753498077393,3.649362546323389,3.559172028702184,3.5783035085876738,348856000
2019-06-10,3.687873363494873,3.756447984830279,3.671226530412332,3.671226530412332,402780000
2019-06-11,3.745516061782837,3.785517987924492,3.706011254133817,3.747752147204667,383872000
2019-06-12,3.632467269897461,3.7082472722594373,3.617311316814816,3.702035660701794,358892000
2019-06-13,3.683650016784668,3.702035819104979,3.636939596277801,3.654580194738311,308080000
2019-06-14,3.5937085151672363,3.6148275255513247,3.5489860861382567,3.5904786659537873,394428000
2019-06-17,3.6033976078033447,3.6404180062573164,3.5691101762061432,3.591968384954695,276040000
2019-06-18,3.798438787460327,3.8538450028460867,3.6538357969813378,3.664767904474122,581920000
2019-06-19,3.8044004440307617,3.845147569041455,3.7783121520962957,3.8337185840806733,331644000
2019-06-20,3.8287501335144043,3.9090023158703024,3.814339619550784,3.8950886834986993,350168000
2019-06-21,3.770611047744751,3.8630379033552034,3.764151112593182,3.813843067266053,434428000
2019-06-24,3.7929718494415283,3.8225385535974685,3.744770783364017,3.791978086310683,282948000
2019-06-25,3.7636539936065674,3.872976002654023,3.760921026312456,3.7979414306905883,311868000
2019-06-26,3.9569544792175293,4.0180756486661435,3.878193185474219,3.891113053531932,584072000
2019-06-27,4.055592060089111,4.074723299938851,4.00664556249485,4.042672194049393,445440000
2019-06-28,4.080438137054443,4.108762514185865,4.033727960268221,4.099569377409736,397668000
2019-07-01,4.128640174865723,4.32194109801543,4.0911226520561925,4.2876536610419675,709756000
2019-07-02,4.030745983123779,4.133111145761216,4.01757779517521,4.111991906695179,400228000
2019-07-03,4.043666839599609,4.0598167941486585,3.983788462677283,4.05410206361352,246636000
2019-07-05,3.981055498123169,3.9897515181404555,3.917698239257167,3.9852793469740724,396552000
2019-07-08,3.906019926071167,3.940307354778821,3.875956582334014,3.921424436762938,329788000
2019-07-09,3.9085052013397217,3.936581023680068,3.8511112342786356,3.8637825434406228,342860000
2019-07-10,3.9768314361572266,4.034225165195638,3.9380718316297507,3.95198546291179,452076000
2019-07-11,4.131372928619385,4.1721200612613805,4.012609464778736,4.049878189437848,682560000
2019-07-12,4.1644182205200195,4.235477742852399,4.159200608024408,4.159200608024408,506392000
2019-07-15,4.155970096588135,4.201686518778212,4.127646188167227,4.185537038267442,289840000
2019-07-16,4.151251316070557,4.178333150202859,4.095596291619023,4.141064410257338,341444000
2019-07-17,4.2165937423706055,4.2235505572545105,4.123670030538481,4.152988171519929,348204000
2019-07-18,4.228272914886475,4.29113307273926,4.170382048113219,4.227030829065432,442192000
2019-07-19,4.1850409507751465,4.272995408849538,4.179077896507589,4.266535709833319,344896000
2019-07-22,4.256595611572266,4.269515478899345,4.198953090120873,4.20640702377409,315940000
2019-07-23,4.36442756652832,4.366415092995309,4.280199853346676,4.295853164441361,428176000
2019-07-24,4.438965797424316,4.444680529387283,4.331631767093754,4.407660117560847,366236000
2019-07-25,4.307777404785156,4.410142567110061,4.284422317705301,4.397471023709127,392700000
2019-07-26,4.349768161773682,4.396478347478795,4.334860766609773,4.334860766609773,274160000
2019-07-29,4.343555927276611,4.359705878615946,4.255353185318818,4.342562164315298,248160000
2019-07-30,4.359209060668945,4.371383487104763,4.2826836206034615,4.297094369279475,197772000
2019-07-31,4.191995143890381,4.328647713944022,4.1497571457134175,4.327653477273856,359416000
2019-08-01,4.0975823402404785,4.292870766755365,4.0454057500594125,4.202431691299694,421212000
2019-08-02,4.004906177520752,4.0742264709262415,3.957450800385689,4.004906177520752,428348000
2019-08-05,3.7465102672576904,3.822538597461443,3.6995515230292635,3.8212962750592467,589156000
2019-08-06,3.7852699756622314,3.8667644843534026,3.73756602327395,3.8212966177100736,361272000
2019-08-07,3.8235323429107666,3.8354584483576475,3.7070052033399605,3.724397242992687,372560000
2019-08-08,3.9321091175079346,3.933351439972002,3.823781110298362,3.8811750812250887,309300000
2019-08-09,3.830738067626953,3.8945919755493454,3.7803009110823407,3.8911135673013577,341816000
2019-08-12,3.7629079818725586,3.8307371636508005,3.741043537367064,3.7785608152947523,279200000
2019-08-13,3.877199411392212,3.9231643930702815,3.7224097818759083,3.7614177106223394,351956000
2019-08-14,3.728621006011963,3.8001771631502885,3.6848923486268808,3.7889964987881273,419880000
2019-08-15,3.6963210105895996,3.7673802799283163,3.6620338166533615,3.7475035976858244,477200000
2019-08-16,3.9644079208374023,4.013602505317011,3.897820825677204,3.9591903098024632,1007960000
2019-08-19,4.243178844451904,4.259080475618772,4.061555725655108,4.077705679120632,815112000
2019-08-20,4.170877933502197,4.2382102438581395,4.149758689607738,4.237713125338106,463188000
2019-08-21,4.254360675811768,4.309518570688157,4.215352738831904,4.236968632183653,427244000
2019-08-22,4.2605719566345215,4.306536704921334,4.221315228637832,4.264050364895171,303488000
2019-08-23,4.035963535308838,4.238457535663887,4.016086855598353,4.18404510718528,568056000
2019-08-26,4.1107497215271,4.138825774214867,4.072487243781968,4.114725246989125,318208000
2019-08-27,4.0200629234313965,4.151745766566678,3.9907447813609203,4.149012799746123,290968000
2019-08-28,4.009616851806641,4.062342218261588,3.954404381587168,3.993699956953522,255612000
2019-08-29,4.1533684730529785,4.185699873722705,4.097658391534521,4.101140241981516,357976000
2019-08-30,4.16605281829834,4.2493691499726784,4.147897384294275,4.1996280139551665,290616000
2019-09-03,4.0829854011535645,4.126259969924031,4.060104801871839,4.093182385897935,296140000
2019-09-04,4.197140693664551,4.204602005993086,4.14366914122656,4.14366914122656,227728000
2019-09-05,4.470219135284424,4.47643665878179,4.2976179885950545,4.299358914148982,695676000
2019-09-06,4.443110466003418,4.503794298218014,4.4050586682068325,4.446840885593928,376976000
2019-09-09,4.489120960235596,4.575670589296728,4.472706449022284,4.474198806687141,417524000
2019-09-10,4.55577278137207,4.582383796543125,4.446591151281597,4.456290524293157,352812000
2019-09-11,4.584373950958252,4.632622724271211,4.54134795366165,4.5704465482479675,361512000
2019-09-12,4.582882404327393,4.685597491850589,4.574923954851905,4.630882618044122,327840000
2019-09-13,4.524933338165283,4.553285753443613,4.481161163295235,4.516228711680695,324592000
2019-09-16,4.481907844543457,4.516477786278243,4.439379454039742,4.449825006992703,231832000
2019-09-17,4.503296375274658,4.507524404776446,4.442114943097713,4.488622793250782,223048000
2019-09-18,4.476188659667969,4.512002400296692,4.389639498032009,4.496334066659156,258152000
2019-09-19,4.4005818367004395,4.500561250856421,4.389887240411952,4.482156773287084,245476000
2019-09-20,4.294882297515869,4.423214140254403,4.284685785594348,4.399587358711012,350244000
2019-09-23,4.348353862762451,4.393866974515341,4.291400449627056,4.295131343617743,249712000
2019-09-24,4.290902614593506,4.409286020008458,4.255337926785013,4.3796902872463725,317268000
2019-09-25,4.432663917541504,4.452311706754026,4.245637779443651,4.290404701956607,308432000
2019-09-26,4.410529613494873,4.4316697627793165,4.359545161459809,4.422965134946498,234564000
2019-09-27,4.27175235748291,4.419482924890661,4.211068061333984,4.3687470450950885,362056000
2019-09-30,4.329201698303223,4.3393986799331685,4.266279357946682,4.297616481293159,186184000
2019-10-01,4.327462673187256,4.501556192683491,4.322737506709411,4.352333243739101,366008000
2019-10-02,4.303586483001709,4.317513885941315,4.2312133218406105,4.305575976459771,293372000
2019-10-03,4.509265422821045,4.515482945969058,4.277721388425438,4.3080632998556965,450588000
2019-10-04,4.525679588317871,4.555026750748866,4.446342727647082,4.511503143271314,265524000
2019-10-07,4.584373950958252,4.684104305808644,4.581886846993333,4.590591473687261,480984000
2019-10-08,4.407792568206787,4.49260075831543,4.389637139472193,4.49260075831543,444436000
2019-10-09,4.494343280792236,4.543835851922609,4.455794348513797,4.484643905690134,292412000
2019-10-10,4.5520429611206055,4.603027416423513,4.486882532257541,4.492105309291985,309124000
2019-10-11,4.625659465789795,4.708975321941879,4.617203406372779,4.636105018822595,446404000
2019-10-14,4.639089107513428,4.659980212895733,4.585866122915701,4.616954212886972,200040000
2019-10-15,4.883813858032227,4.956436057481802,4.7154407688692315,4.729368645375923,664124000
2019-10-16,4.830092906951904,4.954694274787957,4.818652610654656,4.849740692013718,428944000
2019-10-17,4.832084655761719,4.9196285467818335,4.777617876928295,4.874613049096965,263436000
2019-10-18,4.737576484680176,4.865162136271647,4.663213821403918,4.832581686678378,307440000
2019-10-21,4.874862194061279,4.888292464265105,4.78010554690477,4.7990071627051964,261868000
2019-10-22,4.8649139404296875,5.037017491288982,4.8572040588339185,4.931815295939197,328720000
2019-10-23,4.851981163024902,4.866157136443434,4.751007000334431,4.782841272859669,279916000
2019-10-24,4.895999908447266,4.929574618505296,4.859191442158972,4.89326376264469,232020000
2019-10-25,5.087007522583008,5.107898632346243,4.968872661045614,4.976582543129671,423092000
2019-10-28,5.142965316772461,5.195441650413245,5.101431198094903,5.130778363782464,330792000
2019-10-29,5.046714782714844,5.135502431287784,5.027316039850074,5.129035867421874,211236000
2019-10-30,5.048705577850342,5.0792965313522265,4.980560443479402,5.073576144485224,205960000
2019-10-31,4.9994635581970215,5.048707095704801,4.9196295323571695,5.027815984222727,209732000
2019-11-01,5.038509845733643,5.070841255294795,4.93902756383264,4.964146702446307,283640000
2019-11-04,5.235234260559082,5.247669781403055,5.096457358253294,5.119586525726514,376716000
2019-11-05,5.213099956512451,5.261099692380898,5.1650997462773764,5.234985809574233,300868000
2019-11-06,5.16385555267334,5.214590952245611,5.076311206589392,5.188974684389315,269012000
2019-11-07,5.181514739990234,5.265079647165269,5.136747808490513,5.250406062923324,280340000
2019-11-08,5.167586803436279,5.1991725049956825,5.127047906243742,5.164602563014109,189100000
2019-11-11,5.177535533905029,5.200664703086255,5.080540361625758,5.166840937752793,243436000
2019-11-12,5.213099956512451,5.269058615645752,5.180768075961376,5.215835628849345,283504000
2019-11-13,5.187234401702881,5.209368821852523,5.120830192520741,5.181762582915754,300188000
2019-11-14,5.217577934265137,5.219816470969146,5.136251549520736,5.19618921177158,518080000
2019-11-15,5.078301906585693,5.26706851096581,4.990011369192455,5.215337882919801,1053628000
2019-11-18,5.279504776000977,5.306115798093272,5.067857068134432,5.070841308927021,574588000
2019-11-19,5.172809600830078,5.272042829358788,5.114612880246556,5.24841605089638,414564000
2019-11-20,5.2521467208862305,5.335960191924732,5.137245157265,5.149929247041148,472588000
2019-11-21,5.227275848388672,5.3033794338927756,5.205638563772144,5.247669818095416,288388000
2019-11-22,5.244933605194092,5.296415186005282,5.221306355043956,5.249907338687189,224100000
2019-11-25,5.501595497131348,5.506569703854871,5.360082494102385,5.37301514696367,506476000
2019-11-26,5.396893501281738,5.488665429026185,5.390426934622589,5.483939788103471,385244000
2019-11-27,5.431736469268799,5.476785177188441,5.405354568093553,5.442438955359344,215784000
2019-11-29,5.394402980804443,5.429247178104151,5.3705095456751675,5.400874317283866,141556000
2019-12-02,5.2079854011535645,5.40087413615053,5.192803490574967,5.3874339606619195,372036000
2019-12-03,5.1684136390686035,5.172395562482075,4.986974080154775,5.024307223097743,465232000
2019-12-04,5.212217330932617,5.274439390328195,5.183595240576649,5.252039410968456,273424000
2019-12-05,5.195294380187988,5.249800882336821,5.16468084662147,5.2341209881905915,184884000
2019-12-06,5.280661106109619,5.3135148181328224,5.254527957051325,5.2644837136734965,232236000
2019-12-09,5.280661106109619,5.335416818098354,5.249052575739093,5.257763625425191,211880000
2019-12-10,5.325710773468018,5.377479573305453,5.258012856525484,5.310777137172616,256388000
2019-12-11,5.409335613250732,5.414811468518899,5.333673867242396,5.336162806052192,233796000
2019-12-12,5.576838970184326,5.595007801220223,5.3715064467402796,5.380466249132867,404348000
2019-12-13,5.57484769821167,5.699043065992247,5.520838711177942,5.579825576915695,454704000
2019-12-16,5.603718280792236,5.6761448460180475,5.594260501579074,5.622385087709869,320976000
2019-12-17,5.681869029998779,5.704517758232914,5.612926889902637,5.6223846684104695,321196000
2019-12-18,5.712234973907471,5.772714833611327,5.708252575334013,5.71671487560466,343548000
2019-12-19,5.860321998596191,5.873762175351524,5.741851245868105,5.746829124275014,445360000
2019-12-20,5.957636833190918,5.983023250762696,5.907610252482404,5.9267745600795525,603044000
2019-12-23,5.943950176239014,6.018367722307256,5.933248161984523,5.986261204827041,355060000
2019-12-24,5.938970565795898,5.95614391368666,5.894170610379411,5.928517306160932,138864000
2019-12-26,5.953158855438232,5.981282972503583,5.923540804870677,5.942456367097838,182852000
2019-12-27,5.895414352416992,5.981778580737299,5.869031981430112,5.968338406425459,254644000
2019-12-30,5.782171726226807,5.878740485662543,5.750811944449215,5.873513855366277,258056000
2019-12-31,5.856340408325195,5.865798187948946,5.727665139968271,5.746829450735264,231004000
2020-01-02,5.971076488494873,5.971076488494873,5.891681568296773,5.942205651578887,237536000
2020-01-03,5.875504016876221,5.9193084896201915,5.826472914547734,5.851361830304913,205384000
2020-01-06,5.900144577026367,5.9053712073821005,5.756038640237342,5.782171792016009,262636000
2020-01-07,5.97157621383667,6.017371658885951,5.883469744294573,5.92851845997937,314856000
2020-01-08,5.982775688171387,6.02409122818226,5.92727371561059,5.967344548549254,277108000
2020-01-09,6.0484819412231445,6.120908509266958,5.99472218082326,6.069139710447324,255112000
2020-01-10,6.080837249755859,6.1861170582643075,6.066650817633669,6.155752757707768,316296000
2020-01-13,6.271484851837158,6.296622518260619,6.141316144751401,6.163965346925587,319840000
2020-01-14,6.154508590698242,6.254063792280203,6.141317164517189,6.2286768954430665,359088000
2020-01-15,6.1119489669799805,6.18960217453828,6.086064564460547,6.167202192561206,263104000
2020-01-16,6.195575714111328,6.201549074459292,6.1420646972518265,6.165460160816054,284192000
2020-01-17,6.204287052154541,6.222207134025752,6.156749393448318,6.214740314566898,253792000
2020-01-21,6.170934200286865,6.204534164327883,6.1368362585649106,6.167698532152198,217916000
2020-01-22,6.224944591522217,6.3115576052369935,6.197317977694222,6.2162335398392194,239240000
2020-01-23,6.293388366699219,6.301850666278991,6.176162303873604,6.265015500027849,244516000
2020-01-24,6.234151363372803,6.4586486133694825,6.179893636313056,6.408870786307661,373512000
2020-01-27,5.978295803070068,6.029317874683954,5.77993165006869,5.9295134446454965,470536000
2020-01-28,6.1716814041137695,6.2040366637991715,5.990988123671654,6.044250377382685,310976000
2020-01-29,6.111201286315918,6.193334376160934,6.071378736202756,6.1572454719838525,258848000
2020-01-30,6.117921352386475,6.131361529317974,5.958384287501794,6.013388278054281,290504000
2020-01-31,5.884465217590332,6.0840736193976275,5.84265217096687,6.072126899014725,370420000
2020-02-03,5.98153018951416,6.000943248337605,5.860072534622127,5.866294644515972,255564000
2020-02-04,6.150775909423828,6.169940698178717,6.073371923868579,6.1233985213907545,271544000
2020-02-05,6.241121292114258,6.281938851591867,6.157743488432498,6.271734343043309,208220000
2020-02-06,6.3279829025268555,6.3279829025268555,6.1943302377118075,6.275467851868339,218284000
2020-02-07,6.261778831481934,6.3100632069700815,6.236391936795416,6.287911980673991,189752000
2020-02-10,6.545013904571533,6.545760159094966,6.279449833018814,6.284427711474743,529608000
2020-02-11,6.667466163635254,6.782203738856207,6.591306431955307,6.653279733113141,638556000
2020-02-12,6.783199787139893,6.789671124211894,6.681404401745411,6.720231000027536,374644000
2020-02-13,6.7393951416015625,6.806595076336598,6.697830853566547,6.725208710247476,528016000
2020-02-14,7.212531566619873,7.341455573951124,7.118203005797297,7.149562784000862,1041924000
2020-02-18,7.381277084350586,7.399695137355073,7.089829126218019,7.109242185127382,620164000
2020-02-19,7.8325114250183105,7.850182749130811,7.503730327929483,7.503730327929483,694332000
2020-02-20,7.683180809020996,7.8728334470144254,7.3758036554537405,7.784478228486057,810052000
2020-02-21,7.319056987762451,7.596069838691221,7.234186189513256,7.570932166108469,768180000
2020-02-24,6.801616191864014,7.015411434312729,6.670203258779613,6.724709737855913,856916000
2020-02-25,6.522115707397461,6.938754529480886,6.420320327904951,6.8767812267304445,1055496000
2020-02-26,6.661493301391602,6.855626291029535,6.520871793715685,6.522364777496906,747732000
2020-02-27,6.290677547454834,6.649291124091377,6.198284706095649,6.347955969591056,906416000
2020-02-28,6.725745677947998,6.785265631071536,6.021468903542134,6.038154250442662,1133252000
2020-03-02,6.8841328620910645,6.913021448545588,6.499868777188003,6.895837826861566,890744000
2020-03-03,6.621647834777832,6.999686077057141,6.5362280041934895,6.939917228179043,652792000
2020-03-04,7.085353851318359,7.094817286738061,6.654270451674621,6.728981858935505,597408000
2020-03-05,6.805935859680176,7.052731462294098,6.761358000504376,6.885876565799117,540328000
2020-03-06,6.6253838539123535,6.683907731679786,6.425157787848866,6.626379930235955,515412000
2020-03-09,6.112367153167725,6.460022945569988,5.931566248093233,5.974400377600928,614160000
2020-03-10,6.50186014175415,6.50186014175415,6.126063463078123,6.388797187781808,580648000
2020-03-11,6.1380181312561035,6.3902928716186915,6.040893800218456,6.361902558315212,499964000
2020-03-12,5.3869218826293945,5.880264149213543,5.374220841755505,5.61479059242201,816540000
2020-03-13,5.997809886932373,6.002292467677353,5.469104284331,5.7403054069086545,634836000
2020-03-16,4.891087532043457,5.630727877877242,4.831318696774143,5.289795809090351,726972000
2020-03-17,5.410829544067383,5.500234162523847,4.756609277259598,5.003404879250918,833632000
2020-03-18,5.050970077514648,5.228284456212011,4.499602269107652,4.983232149697851,874268000
2020-03-19,5.303743362426758,5.397381175638423,4.816128672882115,5.029553080920315,765512000
2020-03-20,5.123938083648682,5.735821893342123,5.1084977163710255,5.453911927886964,804636000
2020-03-23,5.296768665313721,5.391154107802196,4.943883219520599,5.122940819979483,643876000
2020-03-24,6.205506324768066,6.292171604857981,5.679291186682041,5.70294954037005,1101644000
2020-03-25,6.116848945617676,6.5202887570171155,6.068037414793704,6.320561003595748,793432000
2020-03-26,6.406230449676514,6.530250721317108,6.22592736148756,6.324047752504339,696108000
2020-03-27,6.293914794921875,6.5526642311293,6.193054598613622,6.225927488151051,638828000
2020-03-30,6.614176273345947,6.623390809349524,6.315331566479305,6.359411144117115,602252000
2020-03-31,6.564617156982422,6.8584809684103885,6.418930227587827,6.654270176993977,949960000
2020-04-01,6.053345203399658,6.5130679036251715,6.008767820198306,6.366634237437696,656912000
2020-04-02,6.3621506690979,6.375349509282011,6.034417867069975,6.082481747363266,675764000
2020-04-03,6.074264049530029,6.366135274074595,5.93679555989796,6.324546124267488,663212000
2020-04-06,6.68415641784668,6.721014090642787,6.298895768250316,6.356423567850926,727884000
2020-04-07,6.450807571411133,6.929457068369353,6.407724072179128,6.905798241334143,784520000
2020-04-08,6.648044586181641,6.672948388475926,6.489905987863526,6.5598854395602135,542444000
2020-04-09,6.5484299659729,6.796719867417018,6.485423520821996,6.773808691907886,525564000
2020-04-13,6.720266819000244,6.728983080179184,6.400254158571719,6.488662221958455,398408000
2020-04-14,7.071408271789551,7.1055261364577325,6.820876830501493,6.848519962641627,530948000
2020-04-15,6.993957996368408,7.076887398298058,6.85798385424075,6.903308409949775,366148000
2020-04-16,7.3391242027282715,7.446210246855393,7.136159279557754,7.149358122322078,745620000
2020-04-17,7.279852390289307,7.442722481918117,7.145870407649511,7.421305181719066,539120000
2020-04-20,7.148609638214111,7.309238675011775,7.104281161663931,7.153341593716966,449388000
2020-04-21,6.711798667907715,7.091829035567349,6.652029823288924,7.030566314208489,735160000
2020-04-22,7.126196384429932,7.169030984977875,6.858481793507247,6.904055247287236,483356000
2020-04-23,7.072903633117676,7.300274570202206,7.0477509235936,7.168285189036379,424160000
2020-04-24,7.211863994598389,7.213856146641017,6.987979640041247,7.062691041645688,352328000
2020-04-27,7.3983941078186035,7.558275973158622,7.321690541502693,7.346345445854458,479388000
2020-04-28,7.255945205688477,7.575708955867215,7.2504665488320335,7.545824293467083,442904000
2020-04-29,7.4327616691589355,7.485557509288624,7.315465024460151,7.390674242239296,379160000
2020-04-30,7.278855800628662,7.432760720852031,7.264909785203958,7.378719436080781,375916000
2020-05-01,7.042271137237549,7.194681722002568,6.993957878668124,7.0813698596363315,342096000
2020-05-04,7.254201889038086,7.267899006058061,6.994954166898053,6.994954166898053,317556000
2020-05-05,7.315215587615967,7.477836776300249,7.254201291822987,7.358299087604405,368896000
2020-05-06,7.416075706481934,7.520920683811323,7.356805134500558,7.3946588804721864,323464000
2020-05-07,7.592392921447754,7.655648264110869,7.50398487687924,7.555286356755522,373732000
2020-05-08,7.782408714294434,7.7886345462657625,7.630247043912532,7.664116006837052,339216000
2020-05-11,8.034433364868164,8.081252260698957,7.748787560250861,7.777426763285638,469060000
2020-05-12,7.772447109222412,8.141021876961775,7.762734773214537,8.092210821639759,493060000
2020-05-13,7.750034332275391,8.047384199025768,7.5654975701834575,7.887004539698094,625852000
2020-05-14,7.999571800231934,8.00505045797111,7.6578924175740655,7.811548484629332,602312000
2020-05-15,8.45804500579834,8.467756864818677,7.8436704101696755,7.8593596747418015,987660000
2020-05-18,8.716545104980469,8.882154960870862,8.647063939577079,8.726755714591828,774460000
2020-05-19,8.771584510803223,9.052497941010735,8.728998810744676,8.756393042945989,717320000
2020-05-20,8.93545150756836,9.008170295929782,8.854514259220592,8.956370532987304,587536000
2020-05-21,8.741451263427734,9.017632732956065,8.703846419920787,9.016637131804204,761068000
2020-05-22,8.991483688354492,9.057977113329207,8.679689536790752,8.79125766258948,1038764000
2020-05-26,8.684172630310059,9.14638620409018,8.638599173736333,9.121481923174644,770780000
2020-05-27,8.492413520812988,8.59949858645233,7.965948602292473,8.591778878115948,1175892000
2020-05-28,8.454314231872559,8.726760384109577,8.3469783234028,8.379851221936049,734896000
2020-05-29,8.841313362121582,8.841313362121582,8.45231740901086,8.521549680755234,745256000
2020-06-01,8.772332191467285,8.80669943570371,8.656032091769491,8.79922862608752,389876000
2020-06-02,8.791259765625,8.80321363196318,8.62465423791366,8.762372126142258,391320000
2020-06-03,8.735725402832031,8.832103043528745,8.666493101763388,8.788272829543292,365440000
2020-06-04,8.736719131469727,8.912867912730361,8.648020780578813,8.698349139572496,424280000
2020-06-05,8.88969898223877,8.96643707994783,8.678419249212652,8.764625577406946,481748000
2020-06-08,8.775087356567383,8.859548662522634,8.656242184279192,8.847091318463539,387736000
2020-06-09,9.015271186828613,9.078804900685602,8.72152316013126,8.770107485305786,468488000
2020-06-10,9.334930419921875,9.46772799834327,9.12240468175973,9.136607026501476,632180000
2020-06-11,8.766369819641113,9.229789434182623,8.756154547254663,9.118917422183276,583652000
2020-06-12,8.902159690856934,9.156044656051174,8.673688408711186,9.131378965394287,570908000
2020-06-15,9.142589569091797,9.151060796099845,8.714049840245755,8.78530775269963,400004000
2020-06-16,9.03769302368164,9.23527031783515,8.808723825272349,9.19366219211201,535716000
2020-06-17,9.204626083374023,9.267411803522828,9.039438621471167,9.08279175254697,408304000
2020-06-18,9.186687469482422,9.250968222748897,9.083538687223703,9.195656722193018,254408000
2020-06-19,9.229788780212402,9.412914727632721,9.195904834357798,9.211103234912088,524160000
2020-06-22,9.494388580322266,9.498873682231611,9.24174969943,9.268409396093938,398468000
2020-06-23,9.417898178100586,9.609744370023234,9.375543006727439,9.518554914018466,375108000
2020-06-24,9.20412826538086,9.524037959353112,9.113436828219283,9.444059823033964,449372000
2020-06-25,9.457761764526367,9.472711150928301,9.15105745767166,9.32396813027202,376072000
2020-06-26,9.123900413513184,9.467728722723272,9.094002588931565,9.467728722723272,592084000
2020-06-29,9.168745994567871,9.173231095152873,8.869764950633526,9.138599161455831,342248000
2020-06-30,9.46548843383789,9.493891229986184,9.235024131253684,9.2823624416458,367892000
2020-07-01,9.497627258300781,9.543222465918335,9.38102506839929,9.48840899138642,326648000
2020-07-02,9.579594612121582,9.70441896320075,9.545709725004198,9.606253346519527,364056000
2020-07-06,9.805827140808105,9.875091029212872,9.679507699342986,9.708658485901832,315892000
2020-07-07,9.838213920593262,10.035790250265816,9.817285352287557,9.912460915483056,357800000
2020-07-08,10.181297302246094,10.190267506077985,9.931648488925946,9.959802269166286,365480000
2020-07-09,10.473299026489258,10.534091670213655,10.198734648692174,10.344986563450181,494548000
2020-07-10,10.44365119934082,10.619052957502204,10.343492498515767,10.55277915164797,497676000
2020-07-13,10.01810359954834,10.755589678607524,9.990945875656424,10.559010299091566,457076000
2020-07-14,10.34174919128418,10.367411878218995,9.752258235184744,10.04077503952507,542676000
2020-07-15,10.19250774383545,10.397558316682144,10.02159013052711,10.378872771488924,403984000
2020-07-16,10.100322723388672,10.17207769152356,9.861885270696039,9.980979490097369,344964000
2020-07-17,10.166845321655273,10.213685593661825,10.053482225991832,10.19076396064472,266284000
2020-07-20,10.475046157836914,10.495476704469157,10.122248558855627,10.239349730676677,284852000
2020-07-21,10.293416023254395,10.52413028927334,10.251807884962611,10.477289056517796,277036000
2020-07-22,10.403288841247559,10.566482262810977,10.256538888598485,10.332280922279889,367292000
2020-07-23,10.095340728759766,10.511173062182083,9.997175070301086,10.414502437665947,411660000
2020-07-24,10.159870147705078,10.329541762567553,9.743788814776028,9.841455491581248,473292000
2020-07-27,10.386098861694336,10.406279442311487,10.183040382548999,10.197491742615112,292132000
2020-07-28,10.180798530578613,10.346733032822945,10.174570331657685,10.339009800039262,271636000
2020-07-29,10.429949760437012,10.480527147935394,10.31185253482395,10.355453730943246,284508000
2020-07-30,10.577943801879883,10.586913053355934,10.260276238263634,10.339755382635078,308880000
2020-07-31,10.578692436218262,10.72992751603733,10.397559530166061,10.527367058329665,386080000
2020-08-03,10.972847938537598,11.061047324167738,10.678849986437134,10.696041448492522,412720000
2020-08-04,11.18960952758789,11.18960952758789,10.86895281349992,11.012463703459618,310336000
2020-08-05,11.248406410217285,11.333117685609523,11.128316161480788,11.205802233902816,249924000
2020-08-06,11.296993255615234,11.31941686149948,11.14077600653465,11.31119465090716,244316000
2020-08-07,11.161455154418945,11.465668381238801,11.000005768248506,11.274071207483068,342516000
2020-08-10,11.127070426940918,11.369493956014072,10.819618168600888,11.295745940540028,427796000
2020-08-11,10.813141822814941,11.098917544126017,10.759075400874925,11.036130884846417,354512000
2020-08-12,11.401386260986328,11.428044999705826,10.921023332854274,10.953413191915978,464412000
2020-08-13,11.404129981994629,11.681933535464289,11.317176598209866,11.506779797368292,374460000
2020-08-14,11.524717330932617,11.664989136086199,11.401636988520456,11.490832433229327,366436000
2020-08-17,12.29509162902832,12.36759459161284,11.777107555045893,11.810991503437439,621300000
2020-08-18,12.219100952148438,12.453552296628299,12.045194202427965,12.407708076223617,503448000
2020-08-19,12.097267150878906,12.273166969973811,12.056904085940626,12.254730435791068,622624000
2020-08-20,12.099757194519043,12.33296250907546,11.838398102854091,11.934321676834784,921388000
2020-08-21,12.64041519165039,12.765239587965969,12.153823018009948,12.160301181206735,999868000
2020-08-24,12.67703914642334,12.868636319650925,12.465011429685445,12.83998356587323,490564000
2020-08-25,12.706687927246094,12.717899254502674,12.531036196749055,12.587842725979177,289076000
2020-08-26,12.729609489440918,12.82478506539273,12.634682927368807,12.75577020332935,321244000
2020-08-27,12.585351943969727,12.806348917519589,12.523811298192753,12.738081095050577,317604000
2020-08-28,13.103086471557617,13.103335485435085,12.599552848710347,12.63194271103962,537160000
2020-08-31,13.329068183898926,13.52888663787732,12.993462065874187,13.137969018429313,500840000
2020-09-01,13.77817153930664,13.95038574188467,13.394862527172423,13.438227675991252,511316000
2020-09-02,14.302044868469238,14.681116564248631,13.856927663087648,14.658187119451874,874012000
2020-09-03,12.975168228149414,13.841474893223765,12.838841762272093,13.785897755272424,945128000
2020-09-04,12.58338737487793,13.134175127968959,11.66848082771575,12.744136876668142,1463684000
2020-09-08,11.87608528137207,12.511111492493251,11.667982363380093,11.698138224569675,795728000
2020-09-09,12.675599098205566,12.769556763892693,12.193845970090976,12.361574683143147,736200000
2020-09-10,12.273598670959473,13.024763704510125,12.129296630055405,12.94899900089753,698684000
2020-09-11,12.12680435180664,12.613292032426472,11.858886975902417,12.446809721859445,636928000
2020-09-14,12.832359313964844,13.273737236834252,12.592106933544867,13.040463133432958,1201744000
2020-09-15,12.950742721557617,13.2575387925387,12.787998642925388,13.238846706255323,727556000
2020-09-16,12.47571849822998,13.05217649163563,12.474971233114562,12.917096438036799,556384000
2020-09-17,12.424880027770996,12.550739089705951,11.997458534924247,12.094656264662824,792512000
2020-09-18,12.151477813720703,12.593353969240907,11.951599589222688,12.554724352386739,698460000
2020-09-21,12.478461265563965,12.483694973903694,11.867610018715604,11.88804667529522,721044000
2020-09-22,12.598587036132812,12.608805364071547,12.117832199845257,12.536031626594971,646452000
2020-09-23,12.086183547973633,12.687564842686784,12.04182203481806,12.536533575035119,647012000
2020-09-24,12.309735298156738,12.530549304190643,11.97677067037228,12.034840589809768,731240000
2020-09-25,12.833855628967285,12.843575780040306,12.207802412776056,12.408927017578229,588016000
2020-09-28,12.994606018066406,13.011304446570705,12.710489349429492,12.999839726157738,573808000
2020-09-29,13.184764862060547,13.401092411141748,12.893171742914559,12.89740814672181,621460000
2020-09-30,13.488572120666504,13.580287038831065,13.109500461527388,13.116727827913346,689184000
2020-10-01,13.572311401367188,13.720101631240484,13.41903742390842,13.715367050280767,525004000
2020-10-02,13.021774291992188,13.477607059168317,13.010558657864747,13.18402022380981,552496000
2020-10-05,13.60022258758545,13.601967156828618,13.18177315614802,13.194982445011544,479820000
2020-10-06,13.69393253326416,14.098176363229637,13.622654275454853,13.787142928368265,784420000
2020-10-07,13.92072582244873,14.0754952559767,13.820537161801743,13.956365422396289,418084000
2020-10-08,13.795863151550293,14.040851990264692,13.715363885183114,14.031380929092759,378900000
2020-10-09,13.720101356506348,13.781411326549797,13.618418151320464,13.724338711308537,346892000
2020-10-12,14.181916236877441,14.3025415705262,13.869388259768023,13.946149317152287,434744000
2020-10-13,14.204096794128418,14.304036377631371,13.975308163127476,14.252197472284319,344604000
2020-10-14,14.051568984985352,14.298301450705031,13.9167380331263,14.246213464592678,276100000
2020-10-15,13.926711082458496,13.962349740225548,13.725087320362046,13.76795429576776,267224000
2020-10-16,13.768702507019043,14.077742341918663,13.749761328246251,13.993254778097867,242392000
2020-10-19,13.455923080444336,13.940167071941861,13.36520451854094,13.859916877432626,298068000
2020-10-20,13.603216171264648,13.756988333381303,13.465145135362771,13.541408020040002,229212000
2020-10-21,13.482841491699219,13.748765265442461,13.435738107562516,13.582781096915694,219596000
2020-10-22,13.319597244262695,13.569569814147943,13.190747236945244,13.480596768269912,290480000
2020-10-23,13.548136711120605,13.55112767335209,13.250063461704105,13.408321110787174,233484000
2020-10-26,13.100526809692383,13.650318109771362,12.998095392130589,13.385391699339385,336896000
2020-10-27,13.35523509979248,13.40034481317978,13.150620413716602,13.264765633930438,250520000
2020-10-28,12.587872505187988,13.218911397491217,12.569928631745872,13.157103243405235,376520000
2020-10-29,12.983640670776367,13.15186754873431,12.710489589909798,12.798715363998193,320080000
2020-10-30,12.495159149169922,12.896411055077888,12.261884079576626,12.810179890792627,416820000
2020-11-02,12.541767120361328,12.796973432380417,12.356592687031494,12.61852818964224,299652000
2020-11-03,12.979156494140625,13.064391321084145,12.56369791533839,12.669120313420843,272900000
2020-11-04,13.751502990722656,13.784650759606524,13.295670305102623,13.347758298035835,410228000
2020-11-05,14.116122245788574,14.29456747948615,13.947646253256467,14.118615031439523,319028000
2020-11-06,14.516877174377441,14.543543896571249,13.851944182030179,14.066028077011232,383348000
2020-11-09,13.588508605957031,14.645971395758417,13.568571079455158,14.507402211518222,582976000
2020-11-10,12.730428695678711,13.56433576054012,12.589117616865419,13.56433576054012,644068000
2020-11-11,13.376420021057129,13.393367538571804,12.908125296795578,13.013298590022384,404744000
2020-11-12,13.415048599243164,13.7233401382559,13.274734839904484,13.437229823328828,365812000
2020-11-13,13.255796432495117,13.626394366697403,13.018783096702379,13.585022871744126,346312000
2020-11-16,13.473369598388672,13.607203277120108,13.115232761882497,13.131681153069124,413776000
2020-11-17,13.380658149719238,13.554118761417424,13.262525590102628,13.51050452007365,312028000
2020-11-18,13.387137413024902,13.563588976140519,13.144143118815265,13.423524285055443,510924000
2020-11-19,13.398601531982422,13.445704907564874,13.059405888959795,13.17180655068119,565936000
2020-11-20,13.047194480895996,13.452683781596887,13.024514126113623,13.412309593696861,341088000
2020-11-23,13.099285125732422,13.341033075894167,12.975170623954,13.130438295403925,361356000
2020-11-24,12.917593955993652,13.121210364508935,12.845069318637616,13.101771016021454,346500000
2020-11-25,13.19373607635498,13.228378372920385,12.97965223577936,12.992113308864676,259916000
2020-11-27,13.220152854919434,13.36595034788881,13.129684348278111,13.333550799371297,167276000
2020-11-30,13.359971046447754,13.370937590814925,12.932051446429709,13.223894627264986,286952000
2020-12-01,13.348509788513184,13.486829930714695,13.187260199685678,13.450443053249037,296948000
2020-12-02,13.50252914428711,13.631129114745079,13.193240254326906,13.309130061070027,283360000
2020-12-03,13.35843276977539,13.621692359204236,13.29162122454906,13.549395446698242,199520000
2020-12-04,13.520230293273926,13.52197537830455,13.351205256307612,13.41078730935325,202244000
2020-12-07,13.568592071533203,13.692743209564702,13.462141895080437,13.563107654973566,223244000
2020-12-08,13.312562942504883,13.56061510598697,13.24425451987971,13.546903589065858,271920000
2020-12-09,12.894489288330078,13.376383816602837,12.83216455177747,13.263202452599305,401300000
2020-12-10,12.935872077941895,13.032101859901006,12.813466022626018,12.83291206940528,207764000
2020-12-11,12.976755142211914,12.983486318583273,12.787038296114813,12.930883668310736,209264000
2020-12-14,13.271428108215332,13.351203686233916,13.040826798286616,13.051297307239059,270156000
2020-12-15,13.323033332824707,13.426242500782983,13.149770658003526,13.40206047490147,193016000
2020-12-16,13.205365180969238,13.399568888218685,13.175448623392954,13.384859771427013,223116000
2020-12-17,13.303838729858398,13.341981438331054,13.141544871847286,13.329266568173495,231384000
2020-12-18,13.234780311584473,13.367406748141065,13.03384545910226,13.34147963972401,342064000
2020-12-21,13.29486083984375,13.332505217650821,12.931133831680992,13.038083274086588,302332000
2020-12-22,13.24101448059082,13.299849046264637,13.017393488830592,13.281899872364148,185580000
2020-12-23,12.972768783569336,13.237773491477867,12.96853112758679,13.218826718555903,179144000
2020-12-24,12.957311630249023,13.095672613802039,12.902466511804553,13.000689591227811,97884000
2020-12-28,12.863823890686035,13.025868569074484,12.727458111823653,13.025868569074484,212564000
2020-12-29,12.906952857971191,13.03584092625599,12.806236260344338,12.888754523484122,170372000
2020-12-30,13.10888671875,13.176695873305707,12.860585368053357,12.953822361192444,225396000
2020-12-31,13.018390655517578,13.114121164807875,12.87878290992759,13.099662161368183,192424000
2021-01-04,13.0767240524292,13.614212986841412,12.926147495048388,13.067500305121046,560640000
2021-01-05,13.367157936096191,13.405798962277402,13.050299048810631,13.063012965896096,322760000
2021-01-06,12.579124450683594,13.20785614214832,12.550704770549924,13.185419202200734,580424000
2021-01-07,13.30657958984375,13.340235478052634,12.850363041122911,12.931135270824335,461480000
2021-01-08,13.239518165588379,13.38336356753175,13.005426670817448,13.325028278582424,292528000
2021-01-11,13.583300590515137,13.92184894045649,13.32502709160105,13.381118966632627,518344000
2021-01-12,13.44693374633789,13.715927864557273,13.307576126874734,13.713932666822668,291476000
2021-01-13,13.493803024291992,13.586791799856059,13.347465053272895,13.452170148278045,210028000
2021-01-14,13.163235664367676,13.561615344496738,13.143541401703038,13.536934987904306,283120000
2021-01-15,12.823437690734863,13.287881316844615,12.812468857865895,13.190904052844246,277780000
2021-01-19,12.988720893859863,13.057277512691252,12.807978642032264,12.979745358500368,226188000
2021-01-20,13.328269004821777,13.392837146187576,13.020135512164993,13.074980630078048,258572000
2021-01-21,13.828615188598633,13.95999586197589,13.215838229563987,13.380873847929648,337780000
2021-01-22,13.674046516418457,13.802934593706915,13.58903567654734,13.701469552054299,246820000
2021-01-25,13.614959716796875,13.789718288039488,13.199378522097208,13.743099328178776,251112000
2021-01-26,13.397574424743652,13.606486294408791,13.349957856187535,13.542416475351589,163980000
2021-01-27,12.881525039672852,13.19564126498745,12.75787222578399,13.19289858121172,371272000
2021-01-28,13.014399528503418,13.302340407127636,12.924153447665297,12.959803578675862,228316000
2021-01-29,12.953320503234863,13.297353226268248,12.875290021733056,13.038331322992429,271552000
2021-02-01,13.19987964630127,13.233534581974757,12.866566542246508,13.016644788412517,217204000
2021-02-02,13.518733024597168,13.533939513350386,13.248242969774687,13.361176112515281,220440000
2021-02-03,13.49255657196045,13.89268122482267,13.478595893291107,13.597759985933012,245408000
2021-02-04,13.625930786132812,13.635154533800035,13.30034647317784,13.493054232332696,201340000
2021-02-05,13.552886962890625,13.69872756323,13.507763916332621,13.686511968620373,169152000
2021-02-08,14.398259162902832,14.433160858990226,13.688754280440907,13.688754280440907,434624000
2021-02-09,14.223250389099121,14.542352674478018,14.182614166564251,14.300532438901921,287560000
2021-02-10,14.722846031188965,14.863201253824297,14.301282039333971,14.422690490908412,485352000
2021-02-11,15.207983016967773,15.229423311893008,14.883147095100519,14.938242328908395,450828000
2021-02-12,14.919293403625488,15.248367885003656,14.733565033067464,15.007794401549177,374756000
2021-02-16,15.28725814819336,15.329390295174722,14.908074531360281,15.02200431508525,321960000
2021-02-17,14.864200592041016,15.180810369685322,14.738553519197914,15.128456867917356,274756000
2021-02-18,14.787415504455566,14.83154095008502,14.53412713480313,14.687695554072727,233868000
2021-02-19,14.884642601013184,15.134439861142546,14.80511617951891,14.982367357934063,271724000
2021-02-22,14.315491676330566,15.090811453956276,14.284827635904886,14.733316330627298,325884000
2021-02-23,14.102341651916504,14.198820593637908,13.35195136230545,14.035778314628121,391780000
2021-02-24,14.458340644836426,14.466069421564784,13.717424178877225,14.08314643202328,448320000
2021-02-25,13.270181655883789,14.33443901715153,13.179188080871866,14.00611199836621,824436000
2021-02-26,13.676041603088379,13.815648400098299,13.323532538638371,13.713934197276801,500932000
2021-03-01,13.802931785583496,13.885948361591872,13.515241033932776,13.836088393397688,353184000
2021-03-02,13.368656158447266,13.881463899435085,13.358434810228255,13.861021202997064,264116000
2021-03-03,12.768839836120605,13.413775539590153,12.762856145628557,13.388596869935437,377592000
2021-03-04,12.335559844970703,12.938614575428367,12.049863300020087,12.764852623838904,573344000
2021-03-05,12.426555633544922,12.514807484700661,11.646498815490384,12.514807484700661,542840000
2021-03-08,11.56074047088623,12.436277690098503,11.53406492027041,12.415087507609316,543112000
2021-03-09,12.489448547363281,12.585710586701868,12.029582238014875,12.100407665853615,521824000
2021-03-10,12.437576293945312,12.948066572746527,12.42685292339801,12.808910100942292,384376000
2021-03-11,12.96153450012207,13.014155316080448,12.703171840009764,12.918141567568973,299916000
2021-03-12,12.824373245239258,12.857042807221505,12.559027830206189,12.617134005807182,243964000
2021-03-15,13.158797264099121,13.174259200116992,12.735840584975177,12.833100567176805,221988000
2021-03-16,13.258552551269531,13.479257837675465,13.084481372803003,13.323641474792712,272128000
2021-03-17,13.308431625366211,13.420155624009675,12.957546539469925,13.007672980312252,243864000
2021-03-18,12.691200256347656,13.151565052474703,12.685713947139764,13.104182253321333,293896000
2021-03-19,12.814146995544434,12.889710986982735,12.581471167444477,12.718632702400825,299208000
2021-03-22,13.153809547424316,13.361547266325193,12.874997152443814,12.880982909051182,297804000
2021-03-23,13.038594245910645,13.311670133271603,12.989215559028459,13.221642146480182,222048000
2021-03-24,12.611897468566895,13.126878086028931,12.605663414562246,13.118897393362214,245840000
2021-03-25,12.504411697387695,12.683470687202513,12.241809920894694,12.468750209276983,295144000
2021-03-26,12.807662010192871,12.824620384035123,12.343058124473357,12.523612577983327,363968000
2021-03-29,12.916396141052246,13.03036526004874,12.66875684725543,12.78871077199155,273520000
2021-03-30,12.840084075927734,12.943329820806323,12.673744343397683,12.810407393306773,200204000
2021-03-31,13.315411567687988,13.437360417469511,12.950561058891067,12.98347986602582,314776000
2021-04-01,13.777774810791016,13.835880996160723,13.47801314479085,13.538863912501323,308276000
2021-04-05,13.953091621398926,13.979526181538688,13.699217290863874,13.833386929714822,255672000
2021-04-06,13.827399253845215,14.019675048728104,13.739616396250584,13.965309496536149,191744000
2021-04-07,14.108707427978516,14.208460857964388,13.677769984773475,13.846603166850237,251284000
2021-04-08,14.281778335571289,14.435898249089426,14.2139448346701,14.217686408200958,244416000
2021-04-09,14.364575386047363,14.372556078838363,14.14012946049153,14.179033078443032,195172000
2021-04-12,15.171584129333496,15.314731433707978,14.104465977801848,14.254596031105418,869324000
2021-04-13,15.640926361083984,15.661376111521582,15.088538607928012,15.194028535206293,676212000
2021-04-14,15.239418983459473,15.681827538993751,15.19004028928494,15.586562476746503,385500000
2021-04-15,16.097549438476562,16.174359665359855,15.593043048827143,15.62396691847129,598480000
2021-04-16,15.8733549118042,16.125982027135557,15.826220403097025,16.01350839262557,335208000
2021-04-19,15.323959350585938,15.768613030073256,15.19552623110338,15.498279788357147,404420000
2021-04-20,15.133931159973145,15.458879258662664,14.926193380586495,15.285556735804464,334132000
2021-04-21,15.322711944580078,15.324706879775038,15.065097029883184,15.081555958737745,216776000
2021-04-22,14.813716888427734,15.400519884321316,14.747130576116172,15.337175698398932,277788000
2021-04-23,15.227696418762207,15.29727466051768,14.863594577488568,14.897510379080412,227500000
2021-04-26,15.439921379089355,15.440919322295558,15.087790126519275,15.147642935688191,197796000
2021-04-27,15.34390926361084,15.631948601560827,15.316726012485972,15.540174924345006,164572000
2021-04-28,15.239169120788574,15.494041387544131,15.178070060901838,15.326703691397503,209416000
2021-04-29,15.287050247192383,15.398524986163917,15.034423133882983,15.362114800935823,173196000
2021-04-30,14.972575187683105,15.327200854865179,14.960106128775966,15.137170190038917,201912000
2021-05-03,14.800251007080078,15.20924223777968,14.7511225142215,15.087791869623961,203912000
2021-05-04,14.31594467163086,14.601490591862607,13.975783949931254,14.6012413438704,405324000
2021-05-05,14.422931671142578,14.77705885779142,14.35210623381281,14.672815161485438,292024000
2021-05-06,14.487272262573242,14.535403762388006,14.183023228828954,14.459590514112755,193380000
2021-05-07,14.775810241699219,14.933920031269896,14.63565581990065,14.771820371378341,229328000
2021-05-10,14.230657577514648,14.769578440148377,14.214946389474555,14.750874373054447,268904000
2021-05-11,14.2710542678833,14.319435012067427,13.71617310026738,13.790988399639572,285584000
2021-05-12,13.724653244018555,14.225168896948256,13.675524752489777,13.975035218815083,303408000
2021-05-13,13.631633758544922,14.046112281477168,13.425890936508688,13.999227017101628,285404000
2021-05-14,14.207961082458496,14.292752013541277,13.714677433186372,13.855829803441582,258616000
2021-05-17,14.13064956665039,14.134390188646014,13.819417829880699,14.122170379507207,216980000
2021-05-18,13.981269836425781,14.368814302100715,13.96954852184947,14.231902003595811,186256000
2021-05-19,14.031147956848145,14.04486420754391,13.50993328439384,13.533125715779056,344000000
2021-05-20,14.576554298400879,14.647628989531981,14.235395590705924,14.267316461611319,321592000
2021-05-21,14.954869270324707,15.184553200910209,14.832920407509066,15.126446072779812,672992000
2021-05-24,15.573592185974121,15.706264404068651,15.138664001057602,15.175074181777035,554816000
2021-05-25,15.609253883361816,15.779583475638967,15.444410600364295,15.72721286252232,435408000
2021-05-26,15.661375999450684,15.75489536364087,15.54790633225724,15.69554199926276,370440000
2021-05-27,15.449896812438965,15.711252331770046,15.421965818952483,15.661125902008596,581476000
2021-05-28,16.20453643798828,16.23745619906393,15.462866702379829,15.462866702379829,644536000
2021-06-01,16.224485397338867,16.347931629920918,15.864124228355527,16.22997265762719,472804000
2021-06-02,16.736970901489258,16.87712625493025,16.195556800663763,16.212265926193794,594168000
2021-06-03,16.928001403808594,17.216541131071583,16.5422035955669,16.659664080908772,580008000
2021-06-04,17.535009384155273,17.61755424083514,17.053446982678363,17.07040345886154,617120000
2021-06-07,17.575653076171875,17.768677543429288,17.150453185888143,17.528021981905518,575756000
2021-06-08,17.4140567779541,17.578151395074354,17.208562256214222,17.484133522613572,323848000
2021-06-09,17.319517135620117,17.535784584212863,17.21724683977424,17.476666914175155,381656000
2021-06-10,17.38611602783203,17.452967859710565,17.137673016665815,17.311284529275444,287772000
2021-06-11,17.785472869873047,17.899218794058417,17.404823958700685,17.440493617838474,416308000
2021-06-14,17.978540420532227,17.999244162607233,17.62333583892256,17.866042920276705,321376000
2021-06-15,17.748804092407227,17.97604663575129,17.68843990745718,17.875022883618865,243032000
2021-06-16,17.770505905151367,17.91468418538893,17.545259694850984,17.751050591544338,307124000
2021-06-17,18.615615844726562,18.7929688306479,17.716627352704926,17.73483614068346,809656000
2021-06-18,18.597156524658203,19.331763460015086,18.542528261234434,18.742082709800528,968856000
2021-06-21,18.38612937927246,18.495136607237573,17.782978507688828,18.394110948679845,672384000
2021-06-22,18.844606399536133,18.921436154060395,18.344974156997278,18.430284092496997,580144000
2021-06-23,19.014720916748047,19.11000874290461,18.86555464748546,18.965331868127812,332356000
2021-06-24,19.16264533996582,19.376667140371925,19.0456565249528,19.184846818923116,320924000
2021-06-25,18.98853302001953,19.302332029426786,18.852338209521378,19.237476542149953,278364000
2021-06-28,19.940399169921875,20.03393994375662,19.275885147206186,19.31804053622827,495436000
2021-06-29,19.98206329345703,20.053901233491175,19.61313737146754,19.838134302070934,367632000
2021-06-30,19.95786476135254,20.117507567563237,19.819424307190975,19.954621891960947,326568000
2021-07-01,20.166898727416992,20.41035374685743,19.974328596973308,20.080092966260256,480136000
2021-07-02,20.4412841796875,20.45949487196704,20.242479523162306,20.39463938213588,342764000
2021-07-06,20.652315139770508,20.795494324162348,20.304842752931734,20.691227677595457,446708000
2021-07-07,20.326290130615234,20.828417245407213,20.286629685691395,20.806965588248794,418428000
2021-07-08,19.85833740234375,20.088073010027667,19.656788496494755,19.81219121733982,503300000
2021-07-09,20.005508422851562,20.035442165140385,19.710169397353443,19.917954748254353,296624000
2021-07-12,20.46672821044922,20.486931440280244,20.142701974510995,20.194835290071577,321984000
2021-07-13,20.20481300354004,20.41559191282485,20.069116801359257,20.35497651465563,290708000
2021-07-14,19.797224044799805,20.372188248728314,19.70867315158552,20.312322668503903,380100000
2021-07-15,18.923927307128906,19.802712615853245,18.81641780631907,19.767541563589802,550564000
2021-07-16,18.12047004699707,19.11424759877164,18.032667088106123,18.988030726422647,688224000
2021-07-19,18.737842559814453,18.999506326648362,17.825631445000248,17.875271703441314,749060000
2021-07-20,18.570465087890625,18.795960580206206,18.12346488761401,18.68820179026465,434687000
2021-07-21,19.366687774658203,19.483427275787093,18.700179101263714,18.839866091952974,371017000
2021-07-22,19.550277709960938,19.842623177456858,19.232986505120362,19.598170937456786,323826000
2021-07-23,19.51435661315918,19.656039936097546,19.207043356145515,19.612137498497777,195672000
2021-07-26,19.250946044921875,19.39861459525191,18.871792949550414,19.267908307327364,203943000
2021-07-27,19.16514015197754,19.578215925957867,18.69918123958821,19.222012172569684,248863000
2021-07-28,19.459482192993164,19.60216275943113,18.95261629855176,19.275892746609742,202191000
2021-07-29,19.61812400817871,19.808697767774508,19.28486780665784,19.475441566253632,190781000
2021-07-30,19.45548439025879,19.586190650498583,19.22001101345894,19.374663880076007,183497000
2021-08-02,19.7059268951416,19.916456479690652,19.317795028840045,19.656039233859172,217444000
2021-08-03,19.77078628540039,20.176877713912567,19.17711272208886,19.695952875592035,301811000
2021-08-04,20.228757858276367,20.272660294584725,19.78375207608851,19.945391220735015,231309000
2021-08-05,20.590946197509766,20.686732636563846,20.296604434887584,20.454252790573072,211435000
2021-08-06,20.320552825927734,20.52409807521408,20.164900800366695,20.4782011954325,178497000
2021-08-09,20.249710083007812,20.46223410099579,20.098048857451968,20.400372185145788,146443000
2021-08-10,19.89151382446289,20.38441095043881,19.79073746939865,20.276652149351023,179238000
2021-08-11,19.655044555664062,20.004263972898688,19.38664568006747,19.99827684320119,185925000
2021-08-12,19.860580444335938,19.984302369421908,19.576216606059397,19.8256587030102,151652000
2021-08-13,20.14295196533203,20.168894922983885,19.806704058002392,19.860584414299286,183063000
2021-08-16,19.905481338500977,20.24172919957382,19.409588774585117,20.09006796888295,210876000
2021-08-17,19.414579391479492,19.72588343328819,19.224005625797794,19.641072122334368,204585000
2021-08-18,18.997512817382812,19.590187158874645,18.95760116460458,19.456485405778384,285913000
2021-08-19,19.75381851196289,20.44926356783825,18.72012927852923,19.45049607508558,766555000
2021-08-20,20.769550323486328,20.818440769765257,19.888521263811523,19.946390500496992,675741000
2021-08-23,21.909000396728516,21.947912925807106,20.903250350633197,20.924203397298,575807000
2021-08-24,21.744367599487305,21.909997531385216,21.48694391201485,21.70445785017865,297299000
2021-08-25,22.163427352905273,22.41985378434502,21.673523877274985,21.688489793298512,347701000
2021-08-26,22.018756866455078,22.290149269083127,21.74137733496381,22.15046228289111,237940000
2021-08-27,22.585485458374023,22.67129398333885,22.117532210084512,22.134494471013152,304722000
2021-08-30,22.63736915588379,22.99157648068366,22.500675753070578,22.779052466422176,262580000
2021-08-31,22.338985443115234,22.64834767167244,22.074530788334712,22.64834767167244,259850000
2021-09-01,22.39487075805664,22.650345047811708,22.311043792069864,22.4387809369474,201767000
2021-09-02,22.349960327148438,22.546555855660092,22.249168120910575,22.47170927220523,187834000
2021-09-03,22.79604148864746,22.938747169764824,22.154363669949504,22.279106704344652,280532000
2021-09-07,22.615415573120117,22.85192789740587,22.475702069426948,22.78606358536251,198107000
2021-09-08,22.293079376220703,22.56352220177863,21.931822107945237,22.46672147869918,254434000
2021-09-09,22.13141441345215,22.491672425697235,22.08550944017978,22.266137144440457,196856000
2021-09-10,22.431795120239258,22.579489705395595,22.224222499927517,22.302061280830465,248376000
2021-09-13,22.106470108032227,22.91680143040649,21.81307375933028,22.63737624576519,297500000
2021-09-14,22.196279525756836,22.363933451036715,22.040600065099298,22.22921073103916,199755000
2021-09-15,22.295074462890625,22.321021990703297,21.920845329366998,22.263140654637013,166538000
2021-09-16,22.196279525756836,22.231207426856813,21.881926512429214,22.13740079198433,156033000
2021-09-17,21.854978561401367,22.275112616046236,21.78512276887462,22.254155878288213,294503000
2021-09-20,21.069602966308594,21.38894489978741,20.619529786404915,21.102534175277412,349440000
2021-09-21,21.202327728271484,21.380958731216275,20.90693664793861,21.372975754388563,204688000
2021-09-22,21.89590072631836,21.91486077380473,21.15243122045159,21.32208186520741,268726000
2021-09-23,22.435789108276367,22.488679665471388,21.845004991544315,22.094491122204907,248555000
2021-09-24,22.03561019897461,22.10347121162325,21.816063110959004,22.02463313008802,217655000
2021-09-27,21.615476608276367,21.754190825746935,21.28116613158087,21.66537306934412,245215000
2021-09-28,20.65644645690918,21.374967501015178,20.608544800178443,21.170389015607775,343069000
2021-09-29,20.474824905395508,20.9737970920563,20.424926544672726,20.89695571031384,218394000
2021-09-30,20.673419952392578,21.022700943326686,20.64547762539211,20.72531311731177,221009000
2021-10-01,20.699363708496094,20.816121880682246,20.161470205057466,20.707346685202516,240978000
2021-10-04,19.691442489624023,20.49977705360861,19.514806256090917,20.46185505357973,345635000
2021-10-05,20.40896224975586,20.605557809774158,19.813189288670248,19.9089926262976,279282000
2021-10-06,20.657447814941406,20.67740525437845,20.038721510128212,20.0786401958577,297202000
2021-10-07,21.031681060791016,21.278173092978495,20.928892137925292,21.048644411788743,256919000
2021-10-08,20.78818130493164,21.16241049332735,20.732296656436677,21.057626777399292,151258000
2021-10-11,20.652467727661133,21.01971145156142,20.46884586571099,20.532715415283775,163388000
2021-10-12,20.628511428833008,21.013717707370695,20.48580570766781,20.785188312861532,162134000
2021-10-13,20.89595603942871,20.9468517954333,20.670420782566904,20.874999299325843,180652000
2021-10-14,21.701297760009766,21.710278132179713,21.078579947879327,21.24423907265569,243589000
2021-10-15,21.817058563232422,21.885916965982197,21.617470838300605,21.76516541213315,226994000
2021-10-18,22.176321029663086,22.245179438302365,21.599508134493956,21.70429374523038,189494000
2021-10-19,22.244184494018555,22.333000354248618,21.991704268986588,22.23021142807593,161473000
2021-10-20,22.05756378173828,22.386885328770948,21.936812230588348,22.25914819788741,146276000
2021-10-21,22.64535903930664,22.664320992336002,22.03761150420353,22.051582668150076,187590000
2021-10-22,22.67928695678711,23.082455872198555,22.51462710104004,22.776087696887597,249384000
2021-10-25,23.118383407592773,23.306994101972588,22.72319746404904,22.92577932097551,230235000
2021-10-26,24.666194915771484,25.207082591726095,23.874825605142483,23.939692534950368,485898000
2021-10-27,24.40074348449707,25.03843001924272,24.23209022376297,24.423696925851313,245990000
2021-10-28,24.88973045349121,24.898712729396866,24.47259043881091,24.826860232435095,234204000
2021-10-29,25.51444435119629,25.65615265639552,24.948610430057254,24.949607826287217,292503000
2021-11-01,25.77391242980957,25.84077414831852,25.17514534532995,25.59627881018903,265740000
2021-11-02,26.34673500061035,26.623166086895225,25.74697045110816,25.76892649663861,294112000
2021-11-03,26.54332733154297,26.728945830452645,26.18107451423238,26.61517983790427,239910000
2021-11-04,29.739744186401367,31.300528538400503,27.062258570177605,27.173030468903853,1153631000
2021-11-05,29.690845489501953,31.335456833245594,29.34954751211164,30.12495081284974,851260000
2021-11-08,30.740680694580078,31.036071770159673,29.845523288055762,30.0870264157735,503101000
2021-11-09,30.59398078918457,32.243584649409264,29.90240643770052,32.215642328275685,646746000
2021-11-10,29.39844512939453,30.786586602763936,28.718845203917095,29.29565811512244,636206000
2021-11-11,30.327529907226562,30.527119549916076,29.715791021450595,30.405370591178073,332172000
2021-11-12,30.327529907226562,30.616934698783563,29.56909192980548,29.948311870229972,413054000
2021-11-15,29.96327781677246,30.58100483290278,29.186877257904996,30.48919489959524,384909000
2021-11-16,30.140914916992188,30.3275308006158,29.644936791171745,29.697829247202147,264484000
2021-11-17,29.200851440429688,30.446287176657105,28.74079861985027,30.355472726652906,428508000
2021-11-18,31.609886169433594,32.69265486336279,31.25661378214152,32.30046499188138,781711000
2021-11-19,32.91719436645508,33.01998327209769,31.839414565134348,32.176719094226264,533867000
2021-11-22,31.89031219482422,34.57578069243723,31.834427549306902,33.4481023989034,754335000
2021-11-23,31.680744171142578,32.29348237107467,30.81652316774115,31.470177454770493,532163000
2021-11-24,32.60683059692383,32.787458264671194,30.864419626497114,31.396324862137504,435162000
2021-11-26,31.438241958618164,32.64275964880542,31.28555659079967,32.53298515826952,283069000
2021-11-29,33.30739212036133,33.34331741870342,31.97014645706555,32.29946994005568,454964000
2021-11-30,32.60882568359375,33.28443590404543,31.798496565026007,33.100812239560405,622066000
2021-12-01,31.374221801757812,33.22463920028377,31.31932783633501,33.15477484562234,484368000
2021-12-02,32.06389236450195,32.415213053889744,30.965021023061166,31.15365672304559,472890000
2021-12-03,30.633655548095703,32.06687984911606,30.071742485084584,31.938127657691673,544325000
2021-12-06,29.978933334350586,30.18253753140916,27.983797239060703,29.822235353193456,658938000
2021-12-07,32.36430358886719,32.38626422162918,30.591738246734344,30.897148284520917,593053000
2021-12-08,31.76447296142578,32.22757663926126,31.360255237742003,31.937138846191818,475551000
2021-12-09,30.431053161621094,32.14273959159787,30.369172752689572,31.672647606673255,488507000
2021-12-10,30.139617919921875,31.244478098261293,29.803269551316273,31.089777075680235,488825000
2021-12-13,28.10655403137207,30.235431505717692,28.06164095629319,30.190518430638814,598344000
2021-12-14,28.282215118408203,28.62255545688328,27.197316754829743,27.64544809567348,667035000
2021-12-15,30.40011215209961,30.441033250824958,27.7841791365001,28.345092875773645,698297000
2021-12-16,28.33211898803711,31.0997587062086,28.038688652907197,31.091774751196695,707366000
2021-12-17,27.747249603271484,28.86608252956396,27.706328507960936,27.930893869344864,713758000
2021-12-20,27.665407180786133,28.089584712553346,27.09251756222263,27.25220806149929,461847000
2021-12-21,29.018789291381836,29.063702367832537,27.3480239896124,28.319144340098806,524385000
2021-12-22,29.343156814575195,29.49785781843981,28.39399529208839,28.835142056766554,395184000
2021-12-23,29.58269500732422,30.00088555963705,29.374099442198006,29.697472444063603,343022000
2021-12-27,30.885173797607422,31.026899467312578,29.58269644654039,29.60265823746476,403686000
2021-12-28,30.26337242126465,31.269422858119615,29.953970440682458,31.251458011686623,420591000
2021-12-29,29.942995071411133,30.488938376760974,29.309222561431618,30.214470446589925,343139000
2021-12-30,29.528797149658203,30.398113396990578,29.482886560839695,29.769330409557224,308864000
2021-12-31,29.35413932800293,29.97194400779478,29.274294067292963,29.616631360255656,266530000
2022-01-03,30.06276512145996,30.651624582903967,29.727414293582168,29.75735697767053,391547000
2022-01-04,29.233373641967773,30.409095675209777,28.29419292188651,30.218464956704405,527154000
2022-01-05,27.550628662109375,29.359125493625662,27.479766791122373,28.893027463374462,498064000
2022-01-06,28.123523712158203,28.383021289445175,27.012676481336786,27.586563706783856,454186000
2022-01-07,27.194318771362305,28.367048098700508,27.004685595633504,28.086591263743465,409939000
2022-01-10,27.34703254699707,27.415899406432654,25.59442656127804,26.52961551618203,594681000
2022-01-11,27.763221740722656,28.010743386947276,26.78711374014883,27.270177292552447,404089000
2022-01-12,27.944866180419922,28.53971261700627,27.554621408963357,28.012733594807443,383413000
2022-01-13,26.523622512817383,28.424938300544927,26.44676981062193,28.324133734411912,540171000
2022-01-14,26.889909744262695,27.144417793034062,26.15932464358932,26.249150789783805,395832000
2022-01-18,25.852920532226562,26.586500135365398,25.720178245364497,26.209230679570027,424270000
2022-01-19,25.018535614013672,26.49168179020978,25.003565223757168,26.02858007768311,488315000
2022-01-20,24.103309631347656,25.529547751569282,24.031448328745114,25.25507979883061,435181000
2022-01-21,23.328807830810547,24.775005651877514,23.21802238406454,23.46155010178448,718958000
2022-01-24,23.32680892944336,23.33479288237122,20.847612601237156,22.286823865991998,913982000
2022-01-25,22.280839920043945,22.898644579433583,21.957466910396736,22.502410844337714,664616000
2022-01-26,22.727975845336914,24.010491492410896,22.25688820809312,23.19507150485748,755959000
2022-01-27,21.901575088500977,23.948610407504805,21.633094151119476,23.52243589687238,573353000
2022-01-28,22.795841217041016,22.81380606550494,21.2548257675977,21.969441054751794,543774000
2022-01-31,24.438663482666016,24.461619734614374,23.007435690470793,23.137183535569413,564680000
2022-02-01,24.59036636352539,25.0963861195441,23.843811420300632,25.0554650218014,518925000
2022-02-02,25.193199157714844,25.767086343817308,24.505530149134337,25.744131998569852,543419000
2022-02-03,23.901702880859375,25.02851997099475,23.734028395076432,24.41071716026495,410178000
2022-02-04,24.27198600769043,24.587375091578327,23.58631386301413,23.925656716888817,354829000
2022-02-07,24.680191040039062,25.133311835992746,24.15520704406836,24.324878438884706,376868000
2022-02-08,25.059459686279297,25.181223570518206,23.93364013673913,24.311907144504435,410359000
2022-02-09,26.65337371826172,26.673335511065854,25.30398812548044,25.5724671951491,524282000
2022-02-10,25.774072647094727,26.87294386426825,25.55050669154954,25.944743476270883,513200000
2022-02-11,23.902698516845703,26.10144045086066,23.727040089477473,25.865896651576726,605472000
2022-02-14,24.22008514404297,24.82690950810967,23.70907395093763,23.88772874556484,440424000
2022-02-15,26.44377326965332,26.493675834160015,24.73608101327577,24.900760999076507,699869000
2022-02-16,26.45974349975586,26.530607279677454,25.502597989095346,26.208231811287334,732676000
2022-02-17,24.459619522094727,25.735148587356477,24.118281669763785,25.58044757027019,810595000
2022-02-18,23.59629249572754,24.937693968010514,23.055340541376445,24.620307973876027,761255000
2022-02-22,23.344783782958984,24.017480648855184,22.95553830778133,22.990470496391556,633422000
2022-02-23,22.343719482421875,24.10830305125006,22.257887203863643,23.755984848582248,566511000
2022-02-24,23.70208740234375,23.753986916908737,20.849612945501377,20.974371284148294,735801000
2022-02-25,24.11029624938965,24.17017971684617,23.335797438813806,23.67514026050262,528866000
2022-02-28,24.33785629272461,24.61731564927492,23.661167584235766,23.945616436590047,477319000
2022-03-01,23.431610107421875,24.329871618461585,23.087277797297364,24.244037444614957,412056000
2022-03-02,24.177291870117188,24.365959685395882,23.373712936549165,23.714111250736686,389642000
2022-03-03,23.67218780517578,24.283108229788855,23.427618955251905,24.219219994125485,365095000
2022-03-04,22.895557403564453,23.63824497847324,22.44235747690305,23.342767392238667,431415000
2022-03-07,21.314350128173828,22.99238774615269,21.29238955966222,22.776767102643568,450821000
2022-03-08,21.476062774658203,22.33354729257822,20.613586007361604,21.271424341879477,557467000
2022-03-09,22.973419189453125,23.179055323683137,22.207771447985007,22.34752397571556,492742000
2022-03-10,22.61804962158203,22.74781956359875,21.843416915189174,22.491272744824204,428066000
2022-03-11,22.061031341552734,23.104188764046526,22.00712570703421,22.981404553858948,367209000
2022-03-14,21.292387008666992,22.222742745585133,21.12168901899386,21.830436104622745,385354000
2022-03-15,22.9324951171875,22.997381046653096,21.28440697905285,21.480060551982945,491996000
2022-03-16,24.45280647277832,24.553628211845854,23.131141677093435,23.45856243097872,671422000
2022-03-17,24.72233009338379,24.798194389496683,23.86384594867932,24.077469296534115,471941000
2022-03-18,26.40635108947754,26.522147658698504,24.580577835662808,24.75526847373087,730719000
2022-03-21,26.686861038208008,27.10412518053831,25.921213238309566,26.460262007525532,591727000
2022-03-22,26.47722816467285,27.18996980901101,26.026025549438742,26.679869314228366,547007000
2022-03-23,25.58880615234375,26.565080602275827,25.52991015844464,26.079937395038634,502120000
2022-03-24,28.10036277770996,28.270063093192512,25.86131782488274,26.11986190750109,877379000
2022-03-25,27.643169403076172,28.307995393290817,27.2229122356588,27.836827561473978,579016000
2022-03-28,28.169239044189453,28.200184516498037,27.158024860655512,27.70705614407583,425494000
2022-03-29,28.60546875,28.894956380033225,27.930660200124343,28.644399536496515,488984000
2022-03-30,27.641172409057617,28.445750877229376,27.454501887834226,28.254090010683303,463487000
2022-03-31,27.237890243530273,28.198193995600818,27.221919611404,27.733016015173206,523440000
2022-04-01,26.664901733398438,27.447519793495168,26.220686654732393,27.32673284930339,517235000
2022-04-04,27.31175422668457,27.509405029535966,26.566071738835454,26.680868720371922,397120000
2022-04-05,25.88527488708496,27.270827874661148,25.774470555611817,27.205941957892414,436615000
2022-04-06,24.363964080810547,25.255389153160042,23.960677101781798,24.89003527746439,703833000
2022-04-07,24.165315628051758,24.6784092608977,23.436603251438946,24.397904594724462,557992000
2022-04-08,23.078229904174805,23.880812930235745,23.021331213813063,23.874822993149742,524781000
2022-04-11,21.878355026245117,22.28064432124628,21.621808207745975,22.174832229313022,575207000
2022-04-12,21.46608543395996,22.684933326457845,21.244476726233074,22.497265068452066,662258000
2022-04-13,22.163850784301758,22.46032799731564,21.41717046528089,21.689689827546903,516943000
2022-04-14,21.22051239013672,22.736834742690494,21.125680601582754,22.46531313186641,569097000
2022-04-18,21.744590759277344,22.049051350332444,21.041831657437864,21.162618586314927,525701000
2022-04-19,22.158859252929688,22.33354992197156,21.276417192204843,21.681701448367473,512781000
2022-04-20,21.444122314453125,22.630027304843697,21.16261996089313,22.477297203232133,468974000
2022-04-21,20.147409439086914,22.35251367670244,19.964731581536245,21.670717529613366,656209000
2022-04-22,19.480588912963867,20.44987743487539,19.465615971491907,20.26719955217862,624713000
2022-04-25,19.86690902709961,19.90983247795217,19.062330417825684,19.1681425122934,641566000
2022-04-26,18.754871368408203,19.753108075976066,18.63707940645143,19.683231811083985,653143000
2022-04-27,18.38252830505371,19.133201147980134,18.257748727324,18.565204266444386,499460000
2022-04-28,19.74711799621582,20.001669421051762,18.457396362070916,18.933554552267157,570327000
2022-04-29,18.514299392700195,20.09251119840402,18.484351602327767,19.36779142646502,500435000
2022-05-02,19.498558044433594,19.53948420995558,18.35857155612756,18.508306677557925,572049000
2022-05-03,19.567434310913086,19.79004256378469,19.099261454041525,19.36579084051425,475751000
2022-05-04,20.298145294189453,20.364028903111393,18.717936368444736,19.887870698989126,648855000
2022-05-05,18.810773849487305,19.889867190140663,18.46738053235109,19.831970796985615,626331000
2022-05-06,18.64206886291504,19.47759284066745,17.958277283967274,18.702962121693464,633297000
2022-05-09,16.92011260986328,18.222809887329202,16.79732840064044,18.00220081323754,644455000
2022-05-10,17.563976287841797,18.16591373433777,16.994981601017855,17.657810412504645,761474000
2022-05-11,16.60067367553711,17.721694464260565,16.538784636687943,17.316410271106523,670167000
2022-05-12,16.14647674560547,16.75839666865511,15.539550023935458,16.190399781878746,708728000
2022-05-13,17.674779891967773,17.896388580108713,16.5637433859514,16.758399254402644,670437000
2022-05-16,17.233558654785156,17.756634863058387,17.075838212801916,17.478127488678094,521446000
2022-05-17,18.14495086669922,18.33860905502481,17.602909000272085,18.042131833684838,585830000
2022-05-18,16.908130645751953,18.086050095832512,16.834261734064153,17.673778288304316,545161000
2022-05-19,17.09380531311035,17.655812285056605,16.704491716469843,16.90713478134416,621310000
2022-05-20,16.664566040039062,17.37930322099408,15.727221518406013,17.301441630973102,739105000
2022-05-23,16.868200302124023,16.88517051984291,16.15046842935792,16.24530020697764,639889000
2022-05-24,16.125518798828125,16.567738553668264,15.752178588295978,16.48089204683315,588550000
2022-05-25,16.9450740814209,17.0808339985636,15.971792589689485,15.991757787383248,781132000
2022-05-26,17.81952476501465,18.060099054501247,15.993749204502766,16.00772445863074,996575000
2022-05-27,18.777830123901367,18.847706383566344,18.068083436188743,18.15393222834226,738379000
2022-05-31,18.63907814025879,19.166147041089843,18.31764539271089,18.94653372975319,664100000
2022-06-01,18.287696838378906,19.019404173433802,18.090046008838897,18.690985716581736,544514000
2022-06-02,19.557451248168945,19.584404063861257,18.165910274840577,18.259744381633755,648656000
2022-06-03,18.686986923217773,19.297909088527064,18.489336138437285,19.048349959138008,598779000
2022-06-06,18.75287628173828,19.302905366003518,18.53126758487554,19.105254520476123,422406000
2022-06-07,18.89263343811035,18.96650237965065,18.155933687988448,18.439433382744927,388914000
2022-06-08,18.619054794311523,19.15022859840962,18.506229327517012,18.76981947875276,363252000
2022-06-09,18.01998519897461,18.903611679964875,18.01299609524454,18.452313635347775,395574000
2022-06-10,16.94765281677246,17.669530104023234,16.842814357055154,17.572680551655733,465248000
2022-06-13,15.622712135314941,16.28667984582384,15.581775412240182,15.975163876009786,604153000
2022-06-14,15.811417579650879,16.041060084311727,15.388075033067116,15.706580080249356,469680000
2022-06-15,16.50135040283203,16.841820772248433,15.901282374578718,16.070019757799376,563936000
2022-06-16,15.5767822265625,15.917253444550337,15.37709287922616,15.835380002777606,545749000
2022-06-17,15.85534954071045,15.970170797325055,15.304206366327632,15.62370932462703,630334000
2022-06-21,16.540283203125,16.98159648601052,16.381529635956024,16.449424866117347,483089000
2022-06-22,16.33460807800293,16.636139386270397,16.154887153230657,16.2008152838492,437135000
2022-06-23,16.19981575012207,16.559255659016674,15.828392479583755,16.493358120207393,463680000
2022-06-24,17.09941291809082,17.11339112344329,16.28467969796983,16.47438527374452,472153000
2022-06-27,16.84281349182129,17.303098316739902,16.60019067372971,17.285126608804937,427968000
2022-06-28,15.95719051361084,17.175295947359764,15.920247295866085,16.873764714738712,461149000
2022-06-29,15.517874717712402,15.795443069795565,15.146452414426411,15.789452817507586,482352000
2022-06-30,15.135469436645508,15.542836100215856,14.838930531324044,15.337155541620188,686070000
2022-07-01,14.500456809997559,15.039618570774806,14.369660585584475,14.875873577381968,577610000
2022-07-05,14.940771102905273,14.947760206321728,14.033182701418724,14.15299631092678,651397000
2022-07-06,15.106513977050781,15.295220723870164,14.766042751623154,14.986700366030874,529066000
2022-07-07,15.833383560180664,15.92024840415713,15.36511172210343,15.432008107054722,492903000
2022-07-08,15.813416481018066,16.012107950332496,15.365113062847506,15.406049788102415,467972000
2022-07-11,15.128480911254883,15.502898821877375,15.014657546488467,15.501899970385464,437321000
2022-07-12,15.058589935302734,15.407048204753346,14.853908206543673,15.244301101988894,458483000
2022-07-13,15.140460968017578,15.35113388131245,14.442546597436209,14.567352563950944,521918000
2022-07-14,15.348137855529785,15.448980906104412,14.705137480469018,15.084547722465837,456235000
2022-07-15,15.737534523010254,15.757502984142945,15.421026177578668,15.634694710520902,385935000
2022-07-18,16.07600975036621,16.87077382032313,15.977164381591052,16.276697995053787,670517000
2022-07-19,16.96562385559082,17.083440714371143,16.146897048307313,16.46040880264038,702366000
2022-07-20,17.779356002807617,17.90516175903346,16.774919082030355,16.920692343350403,760538000
2022-07-21,18.02198028564453,18.11583423265357,17.517765033329383,17.85723740485581,557049000
2022-07-22,17.292118072509766,17.939111072810018,17.11039945674806,17.86522652815311,536671000
2022-07-25,16.99757194519043,17.097417085099938,16.623154098820503,16.992578640781748,480748000
2022-07-26,16.507335662841797,16.89273612928647,16.45242073831852,16.86278201471348,397865000
2022-07-27,17.76238441467285,17.908157678578863,16.886745027673552,17.005559778739524,569776000
2022-07-28,17.956085205078125,18.11184320520838,17.412930859956532,17.947100301917377,474646000
2022-07-29,18.134803771972656,18.21567740251665,17.66453428445213,17.785346732896347,435460000
2022-08-01,18.412372589111328,18.816744561755613,17.962072498125625,18.153773877924205,476469000
2022-08-02,18.497241973876953,18.90860309946713,18.06391563779565,18.093869755691863,489527000
2022-08-03,18.86367416381836,18.93855851148196,18.108847099868385,18.155775030673695,418146000
2022-08-04,19.185169219970703,19.244077638796206,18.730875675237176,18.81973820519662,409652000
2022-08-05,18.959522247314453,19.199149448487784,18.637023710548704,18.780799269497617,386068000
2022-08-08,17.765378952026367,18.2106876713627,17.215235587063688,17.474832214042483,981859000
2022-08-09,17.059478759765625,17.41991845975433,16.698041160487055,17.22522145250511,668263000
2022-08-10,18.068906784057617,18.089874092763363,17.290116951299066,17.670526014260716,597422000
2022-08-11,17.914148330688477,18.677962127300052,17.848250796763534,18.10285603043002,509327000
2022-08-12,18.679956436157227,18.68894324186174,17.925129506160957,18.131808897875185,478094000
2022-08-15,19.002458572387695,19.134253654667226,18.584110213938448,18.671972967328774,457666000
2022-08-16,18.849693298339844,19.112285523433606,18.472279819564992,18.8906300185085,451240000
2022-08-17,18.30653953552246,18.658992249502052,18.116835824302285,18.494249352454208,446799000
2022-08-18,18.743860244750977,18.835716492772463,18.15477592247858,18.27259278693306,415447000
2022-08-19,17.821292877197266,18.49125077215721,17.742415041253963,18.377427421122775,441588000
2022-08-22,17.00756072998047,17.530747560414262,16.939665485324408,17.4628523157582,409593000
2022-08-23,17.154329299926758,17.437888836392574,16.94365639819852,16.962627909583983,369986000
2022-08-24,17.195262908935547,17.37897726355156,16.86877091270797,16.98558794436063,522661000
2022-08-25,17.885190963745117,17.91913857635644,16.806867692314558,16.817850295362327,770691000
2022-08-26,16.23476219177246,17.89617896439729,16.211797175282506,17.829283522466564,769127000
2022-08-29,15.776473999023438,16.312640193283425,15.742527328464707,15.99513489157726,496132000
2022-08-30,15.443990707397461,16.01410353790401,15.158434390290923,15.935226643010983,530181000
2022-08-31,15.070570945739746,15.51587876326227,14.9357802643057,15.360120769453241,573710000
2022-09-01,13.915364265441895,14.357676385598616,13.249399909112851,14.186941368669402,1178865000
2022-09-02,13.625814437866211,14.14900018522791,13.569900664948733,14.078111260206875,743157000
2022-09-06,13.444099426269531,13.757612156734154,13.330276060121674,13.709686328420531,535751000
2022-09-07,13.69678020477295,13.820625056780996,13.329242241678006,13.545969780215222,512657000
2022-09-08,13.972434997558594,13.990413000100926,13.352215340579692,13.442101543383522,624873000
2022-09-09,14.368936538696289,14.455827199487729,14.108264556321975,14.139224819065335,486612000
2022-09-12,14.486788749694824,14.52873583484315,14.180174035313506,14.350959820887779,484159000
2022-09-13,13.114513397216797,13.904520650543393,13.082553985169255,13.784671426649664,714956000
2022-09-14,13.111516952514648,13.273313250736237,12.896786750675185,13.237358200305806,588507000
2022-09-15,12.91276741027832,13.21638563613665,12.773941987146994,12.998659878355168,523625000
2022-09-16,13.181428909301758,13.195411270329165,12.601158069233653,12.726001122679447,670751000
2022-09-19,13.365196228027344,13.446094844196699,12.99366360650288,12.995660950331773,569685000
2022-09-20,13.159455299377441,13.46606997721802,13.040605238954448,13.198406839856672,524818000
2022-09-21,13.244348526000977,14.013382133890827,13.093538106056018,13.1964094143311,807679000
2022-09-22,12.545228004455566,13.132489995982901,12.412395581267017,13.053588717680212,759162000
2022-09-23,12.500283241271973,12.595164214857899,12.241608647210441,12.404404072029587,663309000
2022-09-26,12.212647438049316,12.643107026349453,12.198665076002735,12.475317729313494,547343000
2022-09-27,12.39741325378418,12.720007620899862,12.242608152089579,12.491295081972565,553854000
2022-09-28,12.72000789642334,12.80689854678782,12.338487591385359,12.39441703024492,542414000
2022-09-29,12.204656600952148,12.48430476090285,11.93100047295723,12.432370007378605,532763000
2022-09-30,12.123759269714355,12.617139480743118,12.059839492993778,12.071824510658695,565638000
2022-10-03,12.496293067932129,12.662085044565929,12.089803456869625,12.331500239792495,547478000
2022-10-04,13.150468826293945,13.203402735078242,12.86283029973038,12.86283029973038,584182000
2022-10-05,13.192413330078125,13.30427315849744,12.605152326426335,12.89478814053337,507131000
2022-10-06,13.113515853881836,13.638855501952365,13.086549324737346,13.203403014394121,644157000
2022-10-07,12.060836791992188,12.654090789293177,12.00690469700817,12.489298012265124,672478000
2022-10-10,11.655345916748047,12.108775343435799,11.393674829483297,12.021884697060255,698699000
2022-10-11,11.571453094482422,11.831125915365966,11.268833090820673,11.546483912922639,667482000
2022-10-12,11.485560417175293,11.720265004547636,11.330755304332975,11.564461695947893,492590000
2022-10-13,11.944981575012207,12.062833430019536,10.799421578415934,10.957223166350659,850103000
2022-10-14,11.21290397644043,12.095793879242922,11.189933090714273,12.041861778962122,713432000
2022-10-17,11.87307071685791,11.932995788614214,11.50253727746017,11.5035354730447,580774000
2022-10-18,11.95197582244873,12.476316320774814,11.603414003628952,12.328502366248351,659362000
2022-10-19,12.035869598388672,12.334494942688758,11.819142034502585,11.864085613152273,523131000
2022-10-20,12.178689002990723,12.752966821066378,12.089800053684597,12.097790381957378,652398000
2022-10-21,12.450349807739258,12.482310175998526,11.872077163441604,12.082811763858672,609494000
2022-10-24,12.583179473876953,12.694040152673212,12.048851423181409,12.492294138366445,517457000
2022-10-25,13.244348526000977,13.28330006623939,12.648098026202799,12.678061042532914,505482000
2022-10-26,12.87980842590332,13.371190325371368,12.692044742302587,12.852842851331863,532953000
2022-10-27,13.159455299377441,13.820624719501696,13.105523203117375,13.612885710217384,583113000
2022-10-28,13.816629409790039,13.832610066638065,13.044600239000303,13.087546468385248,521040000
2022-10-31,13.480052947998047,13.820625345662009,13.280304257896672,13.760700262393152,486341000
2022-11-01,13.525997161865234,13.907517535389529,13.502027125914925,13.79366034086405,432817000
2022-11-02,13.202402114868164,14.19215799265486,13.194412738756908,13.832610350772429,672628000
2022-11-03,13.404149055480957,13.763697674159971,12.939733677148814,13.026624339335722,500065000
2022-11-04,14.138225555419922,14.211133849312025,13.679801299085328,13.9684389349222,612576000
2022-11-07,14.28304386138916,14.39390455505636,13.93648037167957,14.210135563074418,410061000
2022-11-08,14.58366584777832,14.872302535108739,14.198149880032776,14.782415387435028,595292000
2022-11-09,13.758702278137207,14.193156492308741,13.741723425961359,14.144217279717736,454414000
2022-11-10,15.730222702026367,15.753193584678575,14.528733242302787,14.781415808907434,700819000
2022-11-11,16.30649757385254,16.368419993714063,15.462559340470623,15.78715104196188,655487000
2022-11-14,16.2745418548584,16.519235097810885,15.902010008121769,16.19763886291601,527852000
2022-11-15,16.64507484436035,16.976656817848582,16.361431033277864,16.70100428796189,545876000
2022-11-16,15.890023231506348,16.341455364463524,15.853069985925872,16.14170762768842,649547000
2022-11-17,15.657315254211426,16.245576378644603,15.515493358092419,15.695267646270135,710894000
2022-11-18,15.389653205871582,15.98190906001259,15.101015557178844,15.945953056863983,492072000
2022-11-21,15.297768592834473,15.45756754683471,15.06106570167587,15.127981966089996,404739000
2022-11-22,16.017860412597656,16.037835754816946,15.10301031245184,15.308751955917504,472866000
2022-11-23,16.49825668334961,16.506247963835023,16.027849338465916,16.07778579296999,427241000
2022-11-25,16.24957275390625,16.466299355969085,16.151696223942388,16.29751282305904,167934000
2022-11-28,15.807127952575684,16.336463192763517,15.70525673572653,16.00587750224232,303741000
2022-11-29,15.619364738464355,15.91199708976901,15.500514664430007,15.807128424908809,298384000
2022-11-30,16.906078338623047,16.913071308550972,15.581404046602852,15.681303480898846,565298000
2022-12-01,17.11786651611328,17.24773568748677,16.618366478545138,16.982002826008905,470977000
2022-12-02,16.859127044677734,16.91607116959282,16.428558196800463,16.64234494357051,371389000
2022-12-05,16.593387603759766,16.978002762737614,16.455525140941326,16.66231883516899,352255000
2022-12-06,15.9710111618042,16.55642456672552,15.803178964975501,16.513468304609546,352694000
2022-12-07,16.1038818359375,16.169815824778205,15.65133378658821,15.75622928850062,372388000
2022-12-08,17.151830673217773,17.161820901316364,15.943039749464951,16.256726814348887,515456000
2022-12-09,16.98399543762207,17.565414066145607,16.958022372086035,17.14283680576932,465338000
2022-12-12,17.5174617767334,17.52045903534799,16.780200942536133,17.01996067185302,457328000
2022-12-13,18.053926467895508,18.77120879861469,17.69328744757466,18.512467050361487,656589000
2022-12-14,17.656322479248047,18.233745392403016,17.40257681640619,17.96900914629274,496888000
2022-12-15,16.93504524230957,17.302677220211773,16.68329837585279,17.128851458484657,478542000
2022-12-16,16.554426193237305,17.023957357323482,16.393587913415725,16.847134332454832,478232000
2022-12-19,16.23774528503418,16.592389818438555,16.128855034819484,16.55542806937623,354039000
2022-12-20,16.06891441345215,16.29368979912943,15.83614855958652,16.04793550448502,403260000
2022-12-21,16.484498977661133,16.610374338355122,16.08589779725307,16.097886834196,325025000
2022-12-22,15.323659896850586,16.12186159180077,14.867117143254697,16.07790496925897,565045000
2022-12-23,15.190793991088867,15.32366040889023,14.868117043970384,15.180803762657309,349326000
2022-12-27,14.1068754196167,15.084896242772489,14.041939903907227,15.058922227032776,464902000
2022-12-28,14.021963119506836,14.247736933600988,13.87011470494691,13.913071922510106,351066000
2022-12-29,14.588396072387695,14.668315992800219,14.212772636992952,14.387597820165574,354923000
2022-12-30,14.599386215209961,14.61437060536108,14.218766699664881,14.319665531261037,310490000
2023-01-03,14.300683975219727,14.981003655234762,14.081903121676092,14.836148204062967,401277000
2023-01-04,14.734249114990234,14.838145196007998,14.226757745256368,14.552431925929696,431324000
2023-01-05,14.250734329223633,14.549435094565505,14.13385075828424,14.476508145483907,389168000
2023-01-06,14.84414005279541,14.994989063943777,14.01996530735585,14.45952485401676,405044000
2023-01-09,15.612369537353516,16.039940959776242,15.125856157242278,15.268713734456611,504231000
2023-01-10,15.89309024810791,15.9460367412462,15.456527005264633,15.491491850303234,384101000
2023-01-11,15.98499584197998,16.01196926439592,15.547434187787319,15.824157569436228,353285000
2023-01-12,16.49448585510254,16.620359284778843,15.476504976085742,16.083897626620722,551409000
2023-01-13,16.882102966308594,16.905080685202577,16.148837635119033,16.261723610585914,447287000
2023-01-17,17.684297561645508,17.71027253708016,16.882101069354157,16.882101069354157,511102000
2023-01-18,17.3596248626709,17.855127276963216,17.264718637422014,17.649333889444033,439624000
2023-01-19,16.74823570251465,17.179804849106613,16.714271208962963,17.01896463226559,452932000
2023-01-20,17.821157455444336,17.83814064956411,16.808171757754756,16.993984631195573,564967000
2023-01-23,19.17380714416504,19.22575518813864,17.80018219062393,18.045934566497856,655163000
2023-01-24,19.24573516845703,19.47550662588318,18.80118045535214,18.808173425147835,496204000
2023-01-25,19.303674697875977,19.350628576512324,18.561417754150824,18.894084898187952,449537000
2023-01-26,19.78219985961914,20.145836213076173,19.258723643941224,19.68130101804626,489535000
2023-01-27,20.34463119506836,20.607368636676057,19.38559227826472,19.44253447559157,542142000
2023-01-30,19.142837524414062,20.11985820147362,19.13084848856238,19.93004958460622,488611000
2023-01-31,19.5174617767334,19.667311381220713,18.931048939885837,19.150828232771158,498017000
2023-02-01,20.922056198120117,21.17080582248784,19.591387567845597,19.671307485536968,660477000
2023-02-02,21.68729019165039,21.927049958105407,20.679300340238534,20.978999571946993,564276000
2023-02-03,21.078899383544922,21.723254810357187,20.76820957509745,20.978999007184377,429366000
2023-02-06,21.06791114807129,21.54842912938245,20.76521275361375,20.78519321039508,452197000
2023-02-07,22.15082550048828,22.236739935433913,21.12884786869814,21.360616200100747,664150000
2023-02-08,22.18279266357422,22.85511993042836,21.985989180590057,22.364609852385264,559651000
2023-02-09,22.314659118652344,22.996976567245348,22.097877100421048,22.583391079267905,523876000
2023-02-10,21.24373435974121,22.055921084190924,20.790189793284593,21.668310502396057,550737000
2023-02-13,21.76620864868164,22.025948836069368,20.94103456636859,21.51645868835971,474919000
2023-02-14,22.948026657104492,23.025947762746878,21.344630419532418,21.556418285015024,675474000
2023-02-15,22.741233825683594,22.832142420903672,22.08389284711268,22.526448693208266,420575000
2023-02-16,21.979997634887695,22.52744803558797,21.905071876709787,22.110865240742353,412026000
2023-02-17,21.36661148071289,21.71825874769265,20.95402439345479,21.609368499758,465888000
2023-02-21,20.63434410095215,21.472503832330847,20.597380448319672,20.97899838851901,410015000
2023-02-22,20.733245849609375,21.082896233045748,20.400578664452947,20.686293870610594,513184000
2023-02-23,23.640335083007812,23.864112008367524,23.001974156806483,23.41656006308935,1117995000
2023-02-24,23.262712478637695,23.4505261030738,22.924052694816517,23.201774563076796,589716000
2023-02-27,23.477497100830078,23.85611778942511,23.43054512484724,23.64632871610379,452994000
2023-02-28,23.19278335571289,23.801175507716838,23.182793127166743,23.348627491238524,455963000
2023-03-01,22.67530059814453,23.2327431288166,22.48549007597283,23.16880605034979,460026000
2023-03-02,23.29068374633789,23.356617727044704,22.409565830943126,22.46551148905175,389415000
2023-03-03,23.866106033325195,23.876096260572954,23.106865911464638,23.296676418290033,412393000
2023-03-06,23.53044319152832,24.223747422082624,23.463508860514835,23.86710603242782,437429000
2023-03-07,23.268661499023438,24.104966338425466,23.22169964405819,23.580402685270712,515154000
2023-03-08,24.160917282104492,24.179902508727604,23.404546005900805,23.467493409570896,513573000
2023-03-09,23.416542053222656,24.43369646327495,23.363584656161375,24.154926880363863,501257000
2023-03-10,22.9459285736084,23.607379462799077,22.707126734055908,23.38956009205049,474866000
2023-03-13,22.946928024291992,23.27865305444534,22.278484860419933,22.733106940046454,421890000
2023-03-14,24.043018341064453,24.198888939320003,23.440518418628685,23.476489729466003,474910000
2023-03-15,24.2078800201416,24.26583051123997,23.340600837359847,23.74126688899198,524486000
2023-03-16,25.519792556762695,25.566752509117528,23.874158867454014,24.00704975815061,583253000
2023-03-17,25.703638076782227,26.377078166810012,25.646684297201393,25.960424630848856,848547000
2023-03-20,25.87849235534668,26.00238993506894,25.109131303094223,25.59372917074599,432747000
2023-03-21,26.177244186401367,26.370084715171625,25.359924553123577,26.158260863210074,547408000
2023-03-22,26.44602394104004,27.566093460595848,26.215214841606247,26.403058470135374,797295000
2023-03-23,27.16841697692871,27.476161737040666,26.667833622545924,27.09247988394922,564889000
2023-03-24,26.756759643554688,27.144437901398717,26.333111984663837,27.008551168176222,454920000
2023-03-27,26.50897216796875,26.97758263278237,26.34310962735661,26.814717860535694,361026000
2023-03-28,26.388063430786133,26.490978518267017,25.82852910614122,26.425033353789757,356104000
2023-03-29,26.961593627929688,27.055515439693604,26.57491583467265,26.802727159767205,393694000
2023-03-30,27.360261917114258,27.476166724602162,27.07949510855174,27.206390462009303,364516000
2023-03-31,27.753931045532227,27.810882913038117,27.0824882713584,27.117459050662813,433933000
2023-04-03,27.9417781829834,27.97674896673063,27.31330079051416,27.486157467758918,398716000
2023-04-04,27.430200576782227,27.97674720101981,27.28432191499647,27.942775040162378,368592000
2023-04-05,26.85868263244629,26.975584167063797,26.373086071798774,26.80672575958349,515015000
2023-04-06,27.01454734802246,27.057510906173512,26.405053322399837,26.561922527602437,397654000
2023-04-10,27.556100845336914,27.59806578859015,26.646856596653627,26.800728055248833,395279000
2023-04-11,27.146440505981445,27.766925140537275,27.103475037618352,27.700979959709233,314378000
2023-04-12,26.472999572753906,27.445191173354328,26.426037716955808,27.347272978771652,446259000
2023-04-13,26.441024780273438,26.864672482211642,26.307137180511106,26.71179965358217,353615000
2023-04-14,26.735776901245117,26.860673088743237,26.198223603530394,26.481988137925153,395660000
2023-04-17,26.97957992553711,26.983576314494652,26.41105214594061,26.542942510363897,321471000
2023-04-18,27.644027709960938,28.08666067670505,27.334285638782283,27.51014009932785,604812000
2023-04-19,27.907808303833008,27.976751256223757,27.209389286713794,27.3382818867537,358660000
2023-04-20,27.081491470336914,28.00672306467075,26.977577746060568,27.648020038897844,427713000
2023-04-21,27.09648323059082,27.16043117541032,26.699813490444193,26.929622069612844,345103000
2023-04-24,27.01954460144043,27.34327496276754,26.64885238383688,26.990569353375054,339282000
2023-04-25,26.219205856323242,27.224370883424804,26.203220303159572,27.05551061422272,378527000
2023-04-26,26.93361473083496,27.307304704799684,26.682823713649157,26.97957796491873,406337000
2023-04-27,27.20339012145996,27.472167737847915,26.60288938694917,27.34027738715415,377161000
2023-04-28,27.7259578704834,27.734949268700237,27.04851947681164,27.20239283065348,292216000
2023-05-01,28.8859920501709,29.033869862760206,27.756931277189757,27.81688091763852,570329000
2023-05-02,28.18657684326172,28.8120584439284,28.05968338673671,28.656187830632053,402730000
2023-05-03,27.778911590576172,28.34344291416342,27.44918571868085,27.81688013981046,383387000
2023-05-04,27.53911590576172,27.8358682890502,27.21738275503477,27.628040805780497,321850000
2023-05-05,28.65618324279785,28.731119816226787,27.707971926376775,27.802892348359304,361494000
2023-05-08,29.126789093017578,29.195732032286276,28.326455636647413,28.498311768735906,344979000
2023-05-09,28.547271728515625,28.94893830563209,28.426373831725307,28.875000355164328,314869000
2023-05-10,28.861013412475586,29.088824715990746,28.437365725975784,28.980912694288506,369350000
2023-05-11,28.554269790649414,28.925962552461296,28.22254663595356,28.87200653679025,322149000
2023-05-12,28.31646728515625,28.756102453152394,28.022710790728325,28.505309520725387,274222000
2023-05-15,28.928955078125,28.94494253797439,28.12862158025983,28.484324933585533,293926000
2023-05-16,29.188739776611328,29.845195673358166,28.808057560657943,28.81704895850863,449405000
2023-05-17,30.15294075012207,30.173923220986072,29.405562670982768,29.55943412398546,432535000
2023-05-18,31.651695251464844,31.80157031583205,30.29482308288843,30.38474850266172,748725000
2023-05-19,31.238039016723633,31.553776602186183,30.89032841498642,31.50981251370551,473908000
2023-05-22,31.150114059448242,31.493828286869693,30.654525616110014,30.875340877060037,372000000
2023-05-23,30.662513732910156,31.262015821714414,30.605561863481356,30.974254895318953,356253000
2023-05-24,30.512638092041016,30.581581031014146,29.781245672310558,30.184909476760378,721419000
2023-05-25,37.948463439941406,39.447217938255974,36.60457902009647,38.49101183651756,1543911000
2023-05-26,38.91366195678711,39.13747499196258,37.51882115873588,37.85853900635431,714397000
2023-05-30,40.077693939208984,41.903176556488546,39.91582970590061,40.56129320908205,923401000
2023-05-31,37.802589416503906,40.261544802654605,37.79059834230431,39.45521557604164,1002580000
2023-06-01,39.736976623535156,40.01674290011226,38.30816374839411,38.457038285135596,635873000
2023-06-02,39.29433822631836,40.46636437435307,39.02556062706971,40.06369919155993,482731000
2023-06-05,39.13847351074219,39.5321435245976,38.674858118858616,38.87669004097322,396094000
2023-06-06,38.621910095214844,39.12749054962112,38.11632964080856,38.797766486374684,388729000
2023-06-07,37.447750091552734,39.47028049803264,37.32883713586247,38.886705495226614,511998000
2023-06-08,38.481998443603516,38.83574114850908,37.477731904328415,37.6965706304561,417772000
2023-06-09,38.7418098449707,39.68212369971367,38.538958335587395,39.00861399501781,427717000
2023-06-12,39.45330047607422,39.501265922143716,38.58993007067233,39.171507768831006,388701000
2023-06-13,40.99217987060547,41.07112482299617,39.71111409271858,40.15678903495475,613208000
2023-06-14,42.96574401855469,42.96874019088657,40.52251795887016,40.79432339392405,740465000
2023-06-15,42.62200164794922,43.257541018289636,42.11636886695305,42.571040023695474,568622000
2023-06-16,42.66096496582031,43.68921622898707,42.629985459114906,43.418413332978865,655709000
2023-06-20,43.776153564453125,43.95802428329941,42.64297902478398,42.966744812657,451153000
2023-06-21,43.01370620727539,43.583295347445485,42.04941138244555,43.469375994641815,551603000
2023-06-22,42.99372482299805,43.394430482977334,42.203299468583864,42.222282851099834,417737000
2023-06-23,42.178314208984375,42.77787649157712,41.98445500064074,42.4331298944521,358140000
2023-06-26,40.60245895385742,42.73290887794561,40.070844243899195,42.43012776772855,594322000
2023-06-27,41.84555435180664,41.90950699852485,40.41859495947549,40.769337698334375,462175000
2023-06-28,41.08710479736328,41.814576115847736,40.4885413004538,40.630436345854235,582639000
2023-06-29,40.792320251464844,41.56975450915622,40.57048152757147,41.527785226902004,380514000
2023-06-30,42.27124786376953,42.51906868482128,41.47083144000187,41.64970217474364,501148000
2023-07-03,42.38216018676758,42.86680815864475,42.171315066266786,42.48608466102656,198209000
2023-07-05,42.28623962402344,43.14561125771648,42.05440601633571,42.10436890718979,323618000
2023-07-06,42.072391510009766,42.14833647102733,41.31594188398918,41.81358093287342,303582000
2023-07-07,42.47209930419922,43.18258476591584,42.14933607210184,42.29123113247118,355881000
2023-07-10,42.14933395385742,42.77987571297271,41.618717966437515,42.625988347315335,353908000
2023-07-11,42.374168395996094,42.72691238917329,42.0364166991454,42.45011335397041,298244000
2023-07-12,43.87008285522461,43.903059808967086,42.74590075117866,43.001715152832105,481277000
2023-07-13,45.943580627441406,46.12144883056754,44.459659460176354,44.48564153669653,478204000
2023-07-14,45.43594741821289,48.053042979669556,45.027244350268305,46.54913599395856,772075000
2023-07-17,46.427223205566406,46.46219760945773,45.22909733231496,46.255351170399976,510488000
2023-07-18,47.459468841552734,47.86117699331049,45.700750131517545,46.66704612621804,569164000
2023-07-19,47.04277801513672,47.783240488874554,46.708022451305204,47.42949773035123,427502000
2023-07-20,45.486907958984375,47.052770110424305,45.029240736563175,46.473189933800484,537865000
2023-07-21,44.27678298950195,45.83265398251241,44.067935310129315,45.754707765315004,963769000
2023-07-24,44.57956314086914,45.07620343021659,44.00798043185595,44.69847610025229,382516000
2023-07-25,45.645790100097656,46.14942147302996,44.8903392287754,44.90832769720461,348081000
2023-07-26,45.4189567565918,46.01952157703273,44.59755574079193,45.98754334626847,364237000
2023-07-27,45.866634368896484,47.36054650639366,45.71674188711987,46.48518386639015,455976000
2023-07-28,46.71601104736328,46.9928100852104,46.34727984222391,46.63406993246034,331194000
2023-07-31,46.695030212402344,47.09573967930946,46.472192750297545,46.7200135632976,251055000
2023-08-01,46.47319030761719,46.86590615971662,45.99353971547932,46.42622359131387,237858000
2023-08-02,44.23681640625,45.80667339857495,43.35545767140817,45.79768107011527,530142000
2023-08-03,44.482635498046875,45.08519773730657,43.76815517445485,43.76815517445485,324176000
2023-08-04,44.64752197265625,45.60882067268021,44.36073184609566,44.95230057010458,362666000
2023-08-07,45.38398742675781,45.50689911921515,44.53060808479913,45.078210093853784,322154000
2023-08-08,44.63153076171875,45.209109671688076,44.02397106962369,44.82039253545294,353843000
2023-08-09,42.523067474365234,44.27978896852582,42.1033707988195,44.24181457881286,586449000
2023-08-10,42.3571891784668,43.542327913208446,41.80458974449363,42.12935426842484,492705000
2023-08-11,40.82529830932617,41.98745483103536,40.609455735906536,41.72064683355446,533085000
2023-08-14,43.72119140625,43.768158123210526,40.28169609363209,40.456568112182865,690286000
2023-08-15,43.90805435180664,45.23509182651046,43.67822201869262,44.52760635786077,676512000
2023-08-16,43.454383850097656,44.642518572075744,43.374440183849174,44.487632483624076,527451000
2023-08-17,43.3124885559082,44.02996504043604,42.9697356160732,43.93803287430319,452395000
2023-08-18,43.26752853393555,43.54632507591761,41.629719878397225,42.604009688963494,583768000
2023-08-21,46.9328498840332,47.03077820241426,44.189846809598315,44.46164840109401,692573000
2023-08-22,45.63479232788086,48.1519616734938,45.3000368339875,48.09999753296732,755293000
2023-08-23,47.08175277709961,47.165691352034756,45.17513874604211,45.83266139495846,779046000
2023-08-24,47.12871170043945,50.229456525679716,47.12471680402284,50.17949363700367,1156044000
2023-08-25,45.98454666137695,47.7702462695261,44.99126600172495,46.97782350910496,925341000
2023-08-28,46.80094909667969,46.945844136189635,44.85536600768865,46.44820509438741,685192000
2023-08-29,48.748531341552734,49.04531628812588,46.35726964870884,46.632071231077255,701397000
2023-08-30,49.228187561035156,49.890703795125454,48.3897967692124,49.00834626983168,735206000
2023-08-31,49.31912612915039,49.707843325624495,48.922415326845325,49.34410948280614,528570000
2023-09-01,48.473731994628906,49.76379378137674,48.10699823052651,49.72582320725818,463830000
2023-09-05,48.51271057128906,48.81549172198567,47.825210956107306,48.18794605289678,382653000
2023-09-06,47.03065872192383,48.5176983121161,46.54996984821671,48.409770048373865,468670000
2023-09-07,46.21119689941406,46.31413115212792,45.122898103314355,45.49565878737646,433330000
2023-09-08,45.542625427246094,46.57595936498053,45.2418207464707,45.9123896906911,473069000
2023-09-11,45.148868560791016,46.133230185430016,44.283425868803945,46.11824046807452,473966000
2023-09-12,44.841068267822266,45.643551923371255,44.502286142152805,44.709153407474325,349256000
2023-09-13,45.45568084716797,45.900393693899545,44.47431159036819,44.571249185878756,398355000
2023-09-14,45.55161666870117,45.9573531646138,45.10190600685458,45.92037826774396,370097000
2023-09-15,43.87169647216797,45.56959852066616,43.779752923471165,45.31176544872774,506831000
2023-09-18,43.93765640258789,44.213479451862526,41.972924204170205,42.720443095064276,500271000
2023-09-19,43.491947174072266,43.93765882554462,42.97427952494741,43.80474513769536,373064000
2023-09-20,42.211769104003906,43.874697872716084,42.1957805773011,43.571891798323115,367108000
2023-09-21,40.99055862426758,42.07286070255986,40.95358372498065,41.5561956700247,450736000
2023-09-22,41.58317184448242,42.087847304445255,41.20441459488325,41.54519433277662,479236000
2023-09-25,42.19478225708008,42.508579017607495,41.15045392041829,41.56418850458507,419091000
2023-09-26,41.88398361206055,42.79239807025896,41.62814811031587,41.97392575085955,402282000
2023-09-27,42.44062042236328,42.844363114706354,41.60216441597511,42.30271271186717,444935000
2023-09-28,43.06121826171875,43.41798652388978,42.08784724239294,42.43262220486007,424663000
2023-09-29,43.47095489501953,44.11553949357653,43.27907734367155,43.79874253504086,397830000
2023-10-02,44.75312423706055,45.14586855781118,43.832716701966795,44.001606442972545,433298000
2023-10-03,43.48894500732422,45.10090796030272,43.21811979928393,44.7791131286437,470850000
2023-10-04,44.012611389160156,44.11454682903524,43.26409364811851,43.71380433905175,361821000
2023-10-05,44.6591911315918,44.87105626291606,43.859707622537925,44.021601937102886,393483000
2023-10-06,45.73249816894531,45.759481188953075,43.99761731119279,44.16450946291641,434436000
2023-10-09,45.243804931640625,45.57559157643432,44.339389732508636,44.81308310202198,409675000
2023-10-10,45.76847839355469,46.229179763507624,45.05893698303584,45.28079400115597,368582000
2023-10-11,46.775821685791016,46.82878891705578,46.020308596739376,46.16621437205222,378137000
2023-10-12,46.914737701416016,47.57831113328324,46.30013628160048,46.74684673062692,481325000
2023-10-13,45.43169021606445,47.0856258439627,45.25080714920821,46.92972437247631,474115000
2023-10-16,46.06528091430664,46.19519435043207,44.88304119745391,45.03394481432077,375099000
2023-10-17,43.909671783447266,44.72514757843825,42.45261161000831,43.97163208495719,812333000
2023-10-18,42.168792724609375,43.19113575483381,41.79803354808787,42.563538500675094,627294000
2023-10-19,42.07386016845703,43.26908828015481,41.85499958396407,42.783401532452814,501233000
2023-10-20,41.360321044921875,42.44262307555848,41.05151831937694,41.86299514075664,477266000
2023-10-23,42.947296142578125,43.22012278548461,40.91860593108143,41.20242325687503,478530000
2023-10-24,43.63484573364258,43.668824208033044,42.663476137534204,43.04922503107713,401463000
2023-10-25,41.75206756591797,43.62186366950043,41.52821293771827,43.37002340053755,398379000
2023-10-26,40.30000305175781,42.22875913409801,39.85429143072344,41.82601906009142,541001000
2023-10-27,40.4738883972168,41.17943449809006,39.98920048176121,41.103483284155644,416784000
2023-10-30,41.134464263916016,41.73907378443747,40.45490233078289,41.06051446991565,388028000
2023-10-31,40.75370788574219,40.8526468966784,39.204707934267006,40.42392261933526,517969000
2023-11-01,42.29771423339844,42.353677886742396,40.842651621979584,40.85764134166272,437593000
2023-11-02,43.47795104980469,43.855705696322225,42.86634611035468,43.300064408208144,409172000
2023-11-03,44.975982666015625,45.27978369407566,43.69480778178644,43.99161716605405,424610000
2023-11-06,45.721500396728516,45.90538367968417,44.87004855474041,45.255801257875405,400733000
2023-11-07,45.925376892089844,46.18820402459903,45.128889794516326,45.68952896873558,343165000
2023-11-08,46.54397201538086,46.83678236721753,45.938359937306,46.070274797797154,346719000
2023-11-09,46.91973876953125,48.198912515516255,46.719866918661474,47.43640382521949,540496000
2023-11-10,48.3038444519043,48.4407571846076,47.2525243856,47.46938357142801,421245000
2023-11-13,48.588645935058594,49.08432828132343,48.067981997586955,48.288840154915654,384136000
2023-11-14,49.62397766113281,49.80186428110041,49.0083775712874,49.64796425863905,416954000
2023-11-15,48.856483459472656,49.927790961524366,48.168927272564574,49.902809365822506,475497000
2023-11-16,49.44810485839844,49.49307783387502,48.29884843286255,48.647622492403215,339756000
2023-11-17,49.26622009277344,49.684948701072095,48.97540732164273,49.49207232670018,325205000
2023-11-20,50.376502990722656,50.515413319946866,49.14929401076898,49.28021007685078,414120000
2023-11-21,49.91180419921875,50.48443286697379,49.19026950939756,50.09368608126626,565747000
2023-11-22,48.68458938598633,50.302544998111564,47.65924993569592,49.81985852243295,899420000
2023-11-24,47.745208740234375,48.88947123073476,47.71422667676618,48.438761692448246,294645000
2023-11-27,48.21090316772461,48.498715719855554,47.62128333679978,47.76918674468385,395662000
2023-11-28,47.79016876220703,48.291847835176796,47.442393546125054,48.20490212503735,401491000
2023-11-29,48.10896682739258,48.730567513457544,47.82914854414182,48.34781498680007,382005000
2023-11-30,46.73984909057617,48.078985380939635,46.39207386383031,47.99303847449865,526247000
2023-12-01,46.7348518371582,47.169572782203616,46.15722533542331,46.495008690555146,369317000
2023-12-04,45.480655670166016,46.047291437827624,44.980978046044385,46.047291437827624,437543000
2023-12-05,46.54007339477539,46.57405104711008,45.24579248346221,45.44068360016381,371718000
2023-12-06,45.477657318115234,47.360610785418956,45.386708393351064,47.18870568926755,380590000
2023-12-07,46.57005310058594,46.603035669637734,45.57860492878931,45.67455214099108,350823000
2023-12-08,47.479549407958984,47.71441917110969,46.52408042310089,46.56905734985708,359224000
2023-12-11,46.60103988647461,47.50453592444969,45.8044865345936,47.46456109151934,509728000
2023-12-12,47.630470275878906,47.639464136950096,46.020367077736175,46.020367077736175,372387000
2023-12-13,48.061222076416016,48.56694081439652,47.58148983561275,47.60247804966215,447792000
2023-12-14,48.32307052612305,48.642892000980076,47.39558977406675,48.36304916362336,391232000
2023-12-15,48.86277770996094,49.37649145661912,48.09320598416868,48.16716609290554,479948000
2023-12-18,50.04911804199219,50.40491882356695,49.12263603296827,49.37249683921415,412587000
2023-12-19,49.576377868652344,49.67232508160953,48.867773044674685,49.396477797500886,464444000
2023-12-20,48.08421325683594,49.971162561409855,48.07122000684809,49.6273523215611,397894000
2023-12-21,48.96272277832031,49.06766385409553,48.39203776733346,48.783821596134075,300425000
2023-12-22,48.80281066894531,49.355500319360594,48.44001003124747,49.16760528234189,252507000
2023-12-26,49.251556396484375,49.572376781102484,48.93273380006729,48.9407287654443,244200000
2023-12-27,49.38948059082031,49.65233461998989,49.05766474220859,49.483430013348695,233648000
2023-12-28,49.49442672729492,49.85622468658464,49.38448736257904,49.615361553511725,246587000
2023-12-29,49.49442672729492,49.96916454651592,48.72385609264306,49.78526507165566,389293000
2024-01-02,48.14117431640625,49.26754558758411,47.568495374432075,49.216575301212856,411254000
2024-01-03,47.54251480102539,48.15717024660548,47.2936528901048,47.458561936508566,320896000
2024-01-04,47.97127914428711,48.47299856752152,47.481550264732384,47.740404942993884,306535000
2024-01-05,49.069664001464844,49.51941421396134,48.27910404671196,48.43501923291163,415039000
2024-01-08,52.223899841308594,52.2458907620678,49.4514463575837,49.48442892614956,642510000
2024-01-09,53.11041259765625,54.29475419696261,51.66121915258384,52.37182563719699,773100000
2024-01-10,54.31973648071289,54.569597281107285,53.45921582315341,53.58614782430592,533796000
2024-01-11,54.791473388671875,55.315183696465496,53.530178853161665,54.9683767860804,596759000
2024-01-12,54.679534912109375,54.93939227133335,54.29974925258684,54.58958487431233,352994000
2024-01-16,56.35060501098633,56.80335188433168,54.86943178251625,54.98736610755934,449580000
2024-01-17,56.021793365478516,56.43955990801359,54.70952466514394,56.31562839717504,474394000
2024-01-18,57.0752067565918,57.5679323320847,56.075763460461346,57.228121458897405,491650000
2024-01-19,59.4578742980957,59.46686815803494,57.1931334387279,57.95670795373914,543501000
2024-01-22,59.62077713012695,60.297402050806255,59.03710273441024,60.0155576062673,452955000
2024-01-23,59.83966064453125,59.87663879045011,58.55237585802376,59.5368279679321,294654000
2024-01-24,61.32783126831055,62.81400277309229,59.90462440869122,60.27042173718701,560271000
2024-01-25,61.58269119262695,62.68407876992676,60.81611616664833,62.31528094129938,482777000
2024-01-26,60.997013092041016,61.748597055065574,60.53927175910999,60.92605348243829,390309000
2024-01-29,62.43021774291992,62.4542026404575,60.87308662667512,61.19790260674366,348733000
2024-01-30,62.739044189453125,63.457645602005435,62.225330458008614,62.86497729318725,410735000
2024-01-31,61.492740631103516,62.23432804617364,60.66620146120928,61.40578727537811,453795000
2024-02-01,62.991905212402344,63.15581535659614,61.615673062934434,62.06541944015991,369146000
2024-02-02,66.1231689453125,66.56291878931643,63.654539090246594,63.938381369175765,476578000
2024-02-05,69.29340362548828,69.45831268504848,67.16758882386114,68.1870176350593,680078000
2024-02-06,68.18501281738281,69.71515858330277,66.26308702618283,69.59122707783612,683111000
2024-02-07,70.05996704101562,70.18090186277372,67.56235796585537,68.28095938687078,495575000
2024-02-08,69.60221862792969,70.75457644757603,69.41632519274872,70.0349761659854,414422000
2024-02-09,72.09284973144531,72.14481511205457,70.17291382776136,70.49373428612587,436637000
2024-02-12,72.20777130126953,74.56945447682682,71.21032591879988,72.55957267433736,613710000
2024-02-13,72.08785247802734,73.40911526024477,69.58125280309775,70.36081744123659,602580000
2024-02-14,73.85887145996094,74.19468299049453,71.89796545118229,73.16126189353365,504917000
2024-02-15,72.61754608154297,73.93381420720318,72.35969411054666,73.82787803991398,420122000
2024-02-16,72.57255554199219,74.36056058278803,72.46061841088577,74.05872683634956,495327000
2024-02-20,69.413330078125,71.91593356383504,67.6962844049487,71.90693589131082,704833000
2024-02-21,67.43443298339844,68.84964494727922,66.21111545956025,67.96813224619191,673755000
2024-02-22,78.49427795410156,78.53125229218321,74.17868109913526,74.98323324060954,865100000
2024-02-23,78.77311706542969,82.34812129044985,77.52680973171769,80.7450180977802,829388000
2024-02-26,79.0479736328125,80.60110940022084,78.4612947940882,79.6556292519544,503973000
2024-02-27,78.65717315673828,79.43574633865495,77.11903628247967,79.3367948159067,391705000
2024-02-28,77.6197509765625,78.88904035012949,77.0820485792693,77.57677565555984,393110000
2024-02-29,79.06795501708984,79.94546455588929,78.30637821286784,79.04996729538055,507289000
2024-03-01,82.23318481445312,82.25417684232451,79.39076663879457,79.9554544760787,479135000
2024-03-04,85.18953704833984,87.64616854479111,83.67238457234258,84.08315120139147,615616000
2024-03-05,85.92017364501953,86.05310907669562,83.37447499815761,85.22652719248794,520639000
2024-03-06,88.65476989746094,89.67824984643924,86.9856232402923,87.97712182383515,582520000
2024-03-07,92.62174224853516,92.71969184649807,89.55630492024456,90.11202114454544,608119000
2024-03-08,87.48336791992188,97.35033567284756,86.46188588221935,95.08948806655721,1142269000
2024-03-11,85.73026275634766,88.75171621511622,84.1230810265849,86.38492752767289,678364000
2024-03-12,91.86613464355469,91.91310774958505,86.10607276758905,88.00410652239347,668075000
2024-03-13,90.8416519165039,91.45733510152752,88.38989990202793,91.00856657140831,635713000
2024-03-14,87.8991470336914,90.59977243652932,86.55583073162953,89.53131740403234,602318000
2024-03-15,87.79222106933594,89.50034950151677,86.21303230581765,86.88568575146145,642086000
2024-03-18,88.40989685058594,92.35787961611925,87.04059269589636,90.3419098330075,668976000
2024-03-19,89.35242462158203,90.49783644933297,84.96666127835144,86.65579447616338,672171000
2024-03-20,90.32592010498047,90.36390274155225,88.17801382637771,89.75120872764549,479063000
2024-03-21,91.38836669921875,92.60075314567852,90.35889320815413,92.25293104894116,480372000
2024-03-22,94.24091339111328,94.72966241146648,90.78767363601877,91.09451627074266,586719000
2024-03-25,94.95355224609375,96.71665262612369,93.46231633076846,93.89309629655145,552136000
2024-03-26,92.51380920410156,96.32586780749175,92.45484117355997,95.80213286973698,513648000
2024-03-27,90.20398712158203,93.19246057085654,89.07756280706721,93.06452747722804,586067000
2024-03-28,90.30992126464844,91.25344006885744,89.14751238127785,89.95410001839039,435212000
2024-04-01,90.3169174194336,92.17796738530402,89.15851187965868,90.25295469319977,452441000
2024-04-02,89.40637969970703,90.04805054821496,87.57531335437362,88.4028863469108,433064000
2024-04-03,88.91864013671875,90.32792493292138,88.35493231864154,88.43888912667452,370067000
2024-04-04,85.8611831665039,90.58777505707383,85.83619439258581,90.35988689456467,434965000
2024-04-05,87.963134765625,88.4358931925058,85.88219548423466,86.8217110656451,399678000
2024-04-08,87.08856201171875,88.7846950725735,86.68776556126254,88.65475649731144,283220000
2024-04-09,85.31046295166016,87.59030542356439,82.97965924126275,87.39740306681414,501700000
2024-04-10,86.99462127685547,87.35543726810234,83.66631737551937,83.8832095968993,431929000
2024-04-11,90.56978607177734,90.69272444380793,86.8816730383785,87.37541678298889,431637000
2024-04-12,88.14103698730469,90.1290289713359,87.4853732060557,89.65326609988566,426805000
2024-04-15,85.9571304321289,90.56677736779103,85.88516856234502,89.05255077772351,443077000
2024-04-16,87.37042999267578,88.07306685163755,86.02012091101756,86.38892843501489,370453000
2024-04-17,83.99214172363281,88.72972195798647,83.90717836732355,88.2949386437983,495400000
2024-04-18,84.62782287597656,86.14605313921993,82.35998267211264,84.9266740115763,447260000
2024-04-19,76.16114807128906,84.28100677926233,75.56745676539116,83.10760934336838,875198000
2024-04-22,79.47744750976562,80.03216479233348,76.36104131725212,78.0641671154843,596341000
2024-04-23,82.38097381591797,82.72679808163171,80.22307798101387,80.72781776562408,438559000
2024-04-24,79.63636779785156,84.0391200894545,79.14261643671647,83.90718362535628,512208000
2024-04-25,82.5898666381836,83.28050853708768,78.18311074273281,78.82777847791279,424641000
2024-04-26,87.69027709960938,88.28597395561746,83.3444939490843,83.7752739998992,551011000
2024-04-29,87.71224975585938,87.94712289586843,85.2225151665247,87.55032980991761,388971000
2024-04-30,86.35795593261719,88.77372365378562,86.25601055156,87.195526189522,363709000
2024-05-01,82.99864196777344,85.95613224492045,81.21354987762143,85.0336065353816,559863000
2024-05-02,85.77323913574219,86.19302312746696,83.15756927733226,84.40593290133356,377898000
2024-05-03,88.74372100830078,89.23546686580507,86.99561241116382,87.7442309865165,398341000
2024-05-06,92.093017578125,92.17297861657092,89.00959152215785,89.3444197919577,376203000
2024-05-07,90.50782012939453,91.73419176081896,88.96560776051032,91.05154141921548,437342000
2024-05-08,90.36590576171875,91.14750473877004,89.37440714328605,89.4373785608014,325721000
2024-05-09,88.70174407958984,91.02555536852674,88.18600837888344,90.48283300975697,378013000
2024-05-10,89.83216857910156,91.3543946079418,89.18149955504683,90.25895279926722,335325000
2024-05-13,90.3529052734375,90.95159885169748,88.48385608988069,90.43185974293648,289680000
2024-05-14,91.30941772460938,91.60426546540805,88.88864807554503,89.55330988776338,296507000
2024-05-15,94.58173370361328,94.8136176352431,91.5522813548362,92.42483720214041,417735000
2024-05-16,94.31087493896484,95.77012937547279,94.0550011761711,94.86159641185195,323952000
2024-05-17,92.43185424804688,94.69170326836486,91.75920079328915,94.3208978184266,359691000
2024-05-20,94.73167419433594,95.15145822277206,93.39236106775267,93.70220057081201,318764000
2024-05-21,95.33736419677734,95.35135699716334,93.1324877566636,93.55127282718048,328946000
2024-05-22,94.90158081054688,95.97103489974472,93.20145177000462,95.41032394954395,548648000
2024-05-23,103.74608612060547,106.26579699236947,101.46824101677741,101.97598526792865,835065000
2024-05-24,106.41471099853516,106.42070464479184,102.94747814509458,104.39573676851408,429494000
2024-05-28,113.8429183959961,114.88039109228285,109.8269695886833,110.18778556165118,652728000
2024-05-29,114.76643371582031,115.4330933483792,110.84443906697294,112.99234510462112,557442000
2024-05-30,110.44366455078125,115.75995304588886,109.607093285824,114.59155031014234,484553000
2024-05-31,109.57709503173828,112.6595219559155,106.88546755499186,112.46261619518734,613263000
2024-06-03,114.94135284423828,114.94135284423828,111.94587959300615,113.56305829627723,438392000
2024-06-04,116.37762451171875,116.5405434101387,113.98684591549986,115.65699910856021,403324000
2024-06-05,122.37757110595703,122.38656157559062,117.40810617337777,118.31064561773049,528402000
2024-06-06,120.9363021850586,125.52295906565588,118.25966633915728,123.98474236351488,664696000
2024-06-07,120.82635498046875,121.62994584355768,117.9618191498612,119.70892124903274,412386000
2024-06-10,121.72789001464844,123.03721949599527,116.95032895624942,120.3086160214553,313434100
2024-06-11,120.85828399658203,122.81744468477636,118.68920642560704,121.71790911261488,222551200
2024-06-12,125.14643096923828,126.8257124975509,122.51755894250634,123.00734716397616,299595000
2024-06-13,129.55455017089844,129.74447132445016,127.10560139337456,129.33464307228707,260704500
2024-06-14,131.82359313964844,132.78317395786428,128.26511837192902,129.90441625095465,309320400
2024-06-17,130.92396545410156,133.67278906643185,129.52457044327446,132.9331153831068,288504400
2024-06-18,135.52198791503906,136.27166699428068,130.63408092847425,131.08388532556722,294335100
2024-06-20,130.7240447998047,140.69977060471427,129.46458937927747,139.74018988019657,517768400
2024-06-21,126.5158462524414,130.57411435219748,124.24682083583242,127.0656139833598,649445800
2024-06-24,118.05946350097656,124.40674492687346,117.98949375774167,123.18726572238242,476060900
2024-06-25,126.03605651855469,126.44588478591346,119.26895600052943,121.1481490132055,414192600
2024-06-26,126.34593200683594,128.06518984478126,122.54755446405669,126.07604323280044,362975900
2024-06-27,123.93695068359375,126.35592112032522,122.86740877139376,124.04690423190566,252571700
2024-06-28,123.48714447021484,127.65535851030685,122.69748155565787,124.52670042256338,315516700
2024-07-01,124.24681854248047,124.78658078052614,118.7791577829481,123.4171718460919,284885500
2024-07-02,122.61752319335938,123.35721213177682,120.97822535200487,121.07818104942778,218374000
2024-07-03,128.22511291503906,128.22511291503906,121.30807553564613,121.60795022813568,215749000
2024-07-05,125.77617645263672,128.79488887998582,125.62623909181207,127.32550884480895,214176700
2024-07-08,128.14515686035156,130.71406481303447,126.9856570389152,127.43546149204991,237677300
2024-07-09,131.3238067626953,133.76276548705792,128.59496354527897,130.29424856790877,285366600
2024-07-10,134.852294921875,135.04221608834806,132.36335454676214,133.9726664675838,248978600
2024-07-11,127.34549713134766,136.09174607157163,126.99564839391957,135.69192330087128,374782700
2024-07-12,129.1846923828125,131.86353805515583,127.16555264698484,128.20510082896294,252680500
2024-07-15,128.38504028320312,131.3337748661706,127.12557732818904,130.50412821022553,208326200
2024-07-16,126.30593872070312,128.9847847878456,124.52670149646414,128.38505064333017,214769500
2024-07-17,117.93951416015625,121.79786321418705,116.670060903269,121.29807714631912,390086200
2024-07-18,121.0381851196289,122.34762979092075,116.51012460742739,121.79786207097416,320979500
2024-07-19,117.87954711914062,121.54797517785201,117.31978914047505,120.29850995680886,217223800
2024-07-22,123.48714447021484,124.01691649015211,119.80871864887781,120.2985068676328,258068900
2024-07-23,122.53754425048828,124.63665183286045,122.04775604012886,122.72746539631609,173911000
2024-07-24,114.20111083984375,119.89866868030745,113.3914598904436,119.11900367331029,327776900
2024-07-25,112.23196411132812,116.5801016063377,106.25452669437287,112.99164110995024,460067000
2024-07-26,113.01163482666016,116.15029104496566,111.53227218454634,116.14030081339652,293399100
2024-07-29,111.54225158691406,116.23024736996389,111.2523823769322,113.64135918454429,248152100
2024-07-30,103.68561553955078,111.94207545546908,102.49612232025332,111.47227535621278,486833300
2024-07-31,116.96992492675781,118.28935980657482,110.83255278301941,112.85169271533529,473174200
2024-08-01,109.16327667236328,120.10859659996095,106.76430191931924,117.47971689042026,523462300
2024-08-02,107.2240982055664,108.67348235860572,101.32662878479363,103.71560554704351,482027500
2024-08-05,100.40702819824219,103.36576873199637,90.6512086518513,92.02061773639092,552842400
2024-08-06,104.20540618896484,107.66392522983698,100.50699194542041,103.79557790935745,409012100
2024-08-07,98.86768341064453,108.75345120343057,98.64777632103673,107.76386930019544,411440400
2024-08-08,104.92508697509766,105.45485898012505,97.47827008281362,101.95635654950479,391910000
2024-08-09,104.70519256591797,106.55439969221393,103.38575750879603,105.59481125304626,290844200
2024-08-12,108.97334289550781,111.02246867403305,106.21452949389065,106.27450137727766,325559900
2024-08-13,116.0903091430664,116.18027460234957,111.53226256952769,112.3918952304853,312646700
2024-08-14,118.02947998046875,118.54925413715051,114.02119356854074,118.47928439247931,339246400
2024-08-15,122.80743408203125,123.18726875091167,117.4197408420992,118.70918982152592,318086700
2024-08-16,124.52670288085938,124.94652136236562,121.12815597457694,121.88783295977665,302589900
2024-08-19,129.94439697265625,129.94439697265625,123.36720951099952,124.22684228567836,318333600
2024-08-20,127.19556427001953,129.82444407435935,125.83614544847738,128.345066215563,300087400
2024-08-21,128.4450225830078,129.29466502006431,126.60581346882094,127.26552712895132,257883600
2024-08-22,123.68706512451172,130.6940685649148,123.04733950988674,129.96438511048203,376189100
2024-08-23,129.3146514892578,129.54456407840786,125.16643293270377,125.8061585348479,323230300
2024-08-26,126.40589141845703,131.2038330961495,124.31678931451107,129.51456899800732,331964700
2024-08-27,128.2451171875,129.14472607274774,123.8270022374259,124.99650751528328,303134600
2024-08-28,125.55625915527344,128.2750966404244,122.5875286310627,128.06517977661952,448101100
2024-08-29,117.53968811035156,124.37676573622443,116.66006734390899,121.30807947152184,453023300
2024-08-30,119.31893920898438,121.69791835838595,117.1698574006327,119.47886679934984,333751600
2024-09-03,107.95380401611328,116.16029135072097,107.24410862706901,115.96037994929173,477155100
2024-09-04,106.16455841064453,113.22153543398687,104.07545625261184,105.36490525672457,372470300
2024-09-05,107.16413116455078,109.6030896936583,104.715182404582,104.94507973247826,306850700
2024-09-06,102.78600311279297,108.10372649561138,100.90680264312543,107.9937729521253,413638100
2024-09-09,106.42444610595703,106.50441370678206,103.64563679939363,104.83512245061276,273912000
2024-09-10,108.05374145507812,109.35318822314704,104.90508784485718,107.76386463370491,268283700
2024-09-11,116.8599853515625,117.13986433729632,107.37404002456883,109.34319840779227,441422400
2024-09-12,119.0992202758789,120.74865704096976,115.34050510922769,116.80000446674823,366052700
2024-09-13,119.0592269897461,119.91893319621943,117.5597404845181,119.03923719212747,238358300
2024-09-16,116.74002075195312,118.13954300655384,114.32085103611607,116.75001946408975,248772300
2024-09-17,115.55043029785156,118.75933823796504,114.79069593440207,118.12954900355818,231925900
2024-09-18,113.33119201660156,117.65970390167261,113.18124184177299,115.85032597194726,310318900
2024-09-19,117.82965087890625,119.6190390017094,117.20986038538442,117.30982462581498,293506400
2024-09-20,115.96028900146484,118.57939482627764,115.35049721640073,117.01992368452845,382462400
2024-09-23,116.22020721435547,116.94995306986277,114.82068489843978,116.51010886475667,206228500
2024-09-24,120.82862091064453,121.75830281490052,115.34049501127092,116.4801041033547,354966800
2024-09-25,123.46772003173828,124.8972307941946,121.56836894761845,121.9782246233193,284692900
2024-09-26,123.9975357055664,127.62629022604027,121.75830470715397,126.75659295249227,302582900
2024-09-27,121.35844421386719,123.9875411739155,119.21917738287792,123.9275641535197,271009200
2024-09-30,121.39842987060547,121.45840689022769,118.10955522149155,118.26949648274505,226553700
2024-10-01,116.9599380493164,122.39807778038482,115.75035328043049,121.72830139861978,302094500
2024-10-02,118.80931854248047,119.33913591399957,115.1005893150636,116.40014740227824,221845900
2024-10-03,122.80794525146484,124.31743049345978,120.2988023230489,120.87860561160097,277118000
2024-10-04,124.87723541259766,124.99719707970252,121.78829684578011,124.89723283717322,243678100
2024-10-07,127.67628479003906,130.5952834922112,124.90722864393703,124.94721586781675,346250200
2024-10-08,132.84449768066406,133.43429200303964,129.3756845929013,130.2153933149511,285722500
2024-10-09,132.60458374023438,134.473953954377,131.33502948270424,134.06409064908044,246191600
2024-10-10,134.76385498046875,134.9537923881041,130.95516150253064,131.86485368985453,242311300
2024-10-11,134.7538604736328,135.73352074472976,133.61425131031754,133.9641223517835,170209500
2024-10-14,138.0227508544922,139.5522259694365,136.25335239175735,136.42329237635488,232347700
2024-10-15,131.55496215820312,138.52257769243778,128.6959404665834,137.82280508502743,377831000
2024-10-16,135.6735382080078,136.57322399642072,131.53495612489098,133.9341283963689,264879700
2024-10-17,136.88311767578125,140.8417687676179,136.82314065604464,139.29229632563835,306435900
2024-10-18,137.9527587890625,138.85244459278235,137.23300404466042,138.62252759913224,176090200
2024-10-21,143.6608123779297,143.6608123779297,137.95276029474488,138.0827206747143,264554500
2024-10-22,143.5408477783203,144.37056551302095,141.73146975294682,142.86108785315807,226311600
2024-10-23,139.51222229003906,142.38123492807873,137.41295033058282,141.9813779606296,285930000
2024-10-24,140.3619384765625,141.30161913611144,138.41260905173522,140.7718017861216,172354900
2024-10-25,141.49154663085938,144.08067171203157,140.75180968215267,140.8817548130095,205122100
2024-10-28,140.47189331054688,143.09099139897359,140.0020530079347,142.95103994204007,173586700
2024-10-29,141.20164489746094,142.21129364579818,138.8524432880062,140.2419668294209,157593600
2024-10-30,139.29229736328125,140.28196395700422,136.76316465511044,139.49222584841445,179418100
2024-10-31,132.7145538330078,137.56289989167158,132.06478241439225,137.55290880572403,270039600
2024-11-01,135.35365295410156,137.26300291330367,134.52395044654537,134.65389558133728,207127800
2024-11-04,136.00343322753906,138.91244079735898,135.52360180221356,137.16303982117785,187528200
2024-11-05,139.8621063232422,140.3219403030432,137.28298774012364,137.40294177771256,160537400
2024-11-06,145.56016540527344,146.43986910531262,141.91142072377156,142.9110784725191,242043900
2024-11-07,148.8290557861328,148.87902647248674,146.11997647950326,146.33990241230273,207323300
2024-11-08,147.57945251464844,149.71871911263233,146.2099112659944,148.71906153874144,175665800
2024-11-11,145.21026611328125,148.79904870323992,143.52085748188875,148.62909347800425,182325600
2024-11-12,148.2392120361328,149.59874692031187,145.95999403229789,146.7297346202135,198634700
2024-11-13,146.21994018554688,149.27889039349282,145.85005645366056,149.01898487542564,191903300
2024-11-14,146.7097625732422,148.94900137376933,145.50018526515709,147.58946625444327,194463300
2024-11-15,141.93138122558594,145.1902747512061,140.03203789439084,144.8203910682193,250132900
2024-11-18,140.1020050048828,141.50153478170088,137.10303223771245,139.45223367342163,221205300
2024-11-19,146.9596710205078,147.0796403153284,140.94174272954967,141.27163159656618,227834900
2024-11-20,145.84005737304688,147.50948385732136,142.68113546401185,147.35954130772643,309871700
2024-11-21,146.6197967529297,152.83766902515802,140.65183891204953,149.29888738883682,400946600
2024-11-22,141.9014129638672,147.10963649428794,141.05171303807552,145.880046493066,236406200
2024-11-25,135.9734344482422,142.00136870780395,135.7735059739188,141.9413916908634,344941900
2024-11-26,136.8731231689453,139.25231324946176,135.62355111044974,137.65285491316135,190287700
2024-11-27,135.2936553955078,137.17301655731904,131.7548742168772,134.96376655836661,226370900
2024-11-29,138.2026824951172,139.30231211006736,136.0034385187834,136.7331843976686,141863200
2024-12-02,138.58255004882812,140.40191910756175,137.77282976281836,138.7824785355422,171682800
2024-12-03,140.2119903564453,140.49189330582607,137.90278339727084,138.21267485883047,164414000
2024-12-04,145.09031677246094,145.7400881706811,140.24197086598,141.95139223046513,231224300
2024-12-05,145.0203399658203,146.49993108099994,143.9106428157812,145.07032934736787,172621200
2024-12-06,142.40106201171875,145.66016529709515,141.27136605108353,144.5604751692698,188505600
2024-12-09,138.77203369140625,139.91172129670065,137.0925004855475,138.93199359328304,189308600
2024-12-10,135.03306579589844,141.7812196768295,133.7534018405272,138.97197539548316,210020900
2024-12-11,139.2718963623047,140.13166176303284,135.173026862483,137.32243273699547,184905200
2024-12-12,137.3024444580078,138.40214979482639,135.76287224107875,137.04252103958567,159211400
2024-12-13,134.21328735351562,139.56183041879834,132.50374826625531,138.9020072444441,231514900
2024-12-16,131.96389770507812,134.3632351978696,130.38432800805435,134.1432941479919,237951100
2024-12-17,130.35433959960938,131.5540083659402,126.82530622422306,129.0546920799943,259410300
2024-12-18,128.874755859375,136.6626191312432,128.2449232385065,133.82339933223892,277444500
2024-12-19,130.6442413330078,133.99333094415113,129.51456085077075,131.72394769790225,209719200
2024-12-20,134.6631622314453,135.24300545668208,128.1849385069714,129.7745000485284,306528600
2024-12-23,139.6317901611328,139.75175245255647,135.08303180440205,136.2427181368804,176053500
2024-12-24,140.18165588378906,141.86118913948326,138.61207790245493,139.9617148258363,105157000
2024-12-26,139.8917236328125,140.811485448775,137.69232835527816,139.66179080612986,116205600
2024-12-27,136.9725341796875,138.9819943823141,134.67317523350815,138.5121216661011,170582600
2024-12-30,137.452392578125,140.2316308377207,133.98334063995796,134.79311660884966,167734700
2024-12-31,134.25328063964844,138.0322612848829,133.79341493856927,137.99226367763055,155659200
2025-01-02,138.27218627929688,138.8420377745335,134.59319964236553,135.96282022937498,198247200
2025-01-03,144.4304962158203,144.86037131104774,139.69178686675932,139.9717090810043,229322500
2025-01-06,149.38912963867188,152.11839407781596,147.77958455274808,148.54936300568127,265377400
2025-01-07,140.10166931152344,153.08812187242287,139.97169998670535,152.98814312185272,351782200
2025-01-08,140.07168579101562,143.91063203422854,137.5223800692543,142.54101155921632,227349900
2025-01-10,135.8728485107422,139.88174676307978,134.18330808313058,137.41242079266553,207602500
2025-01-13,133.19357299804688,133.4535116815908,129.4745887600242,129.95446851982027,204808900
2025-01-14,131.7239532470703,136.3426998783518,130.01442953826418,136.01278831507346,195590500
2025-01-15,136.2027587890625,136.4126928345012,131.25409986764885,133.61345527658474,185217300
2025-01-16,133.53347778320312,138.7120538029648,133.4534978315376,138.60208327625168,209235600
2025-01-17,137.67234802246094,138.46212527408701,135.4229633158422,136.65262268416788,201188800
2025-01-21,140.79148864746094,141.7912151745994,137.05250594430132,139.12194717769367,197749000
2025-01-22,147.02980041503906,147.74958954273308,143.6307207753195,144.62045561465226,237651400
2025-01-23,147.17974853515625,147.1897403093082,143.6807055002306,145.01034368405638,155915500
2025-01-24,142.5810089111328,148.92927919460303,141.8412209584346,148.32943710709068,234657600
2025-01-27,118.38761901855469,128.3648859520762,116.668088091544,124.7658794397831,818830900
2025-01-28,128.95472717285156,128.96471894622445,116.21820602712087,121.77668294561497,579666400
2025-01-29,123.66616821289062,126.85529827150769,120.01717249490751,126.46540553655986,467120600
2025-01-30,124.61592102050781,124.96582380169083,118.06770880237578,123.06634175444341,392925500
2025-01-31,120.03717041015625,127.81504199868698,119.15741376372098,123.74615511454752,388161100
2025-02-03,116.62810516357422,118.53757894355685,112.97910166242248,114.71862375628316,371235700
2025-02-04,118.6175537109375,121.16685177317855,116.66808241089754,116.92801344303115,256550000
2025-02-05,124.79586029052734,124.96581196424484,120.72697375806385,121.7267002537778,262230800
2025-02-06,128.6448211669922,128.7348081612174,125.1757760130246,127.38517104864236,251483600
2025-02-07,129.8044891357422,130.3343429768511,124.96581638636985,129.184663567943,228186300
2025-02-10,133.53347778320312,134.96307937585763,129.92446445785666,130.05441853152416,216989100
2025-02-11,132.76368713378906,134.4432203933444,130.9841751187103,132.54374607533066,178902400
2025-02-12,131.10414123535156,132.203846559633,129.04470695043977,129.98445236307722,160278600
2025-02-13,135.25299072265625,136.46266649297655,131.13412244698262,131.52401516963508,197430000
2025-02-14,138.81202697753906,139.21191146517995,135.46293718873886,136.44266486168982,195479600
2025-02-18,139.36187744140625,143.40078131766987,137.89227816645598,141.23137649622348,219176600
2025-02-19,139.19192504882812,141.32134750878612,137.18248014952957,139.47184726600554,167536000
2025-02-20,140.07168579101562,140.62153843760984,136.7525863640224,139.991705837455,143903600
2025-02-21,134.3932342529297,141.42132600995674,133.99334973043614,140.0017008694862,228217600
2025-02-24,130.244384765625,138.55211066034528,130.04444248958205,136.52266681200447,251381100
2025-02-25,126.59537506103516,130.16439867421266,124.40597902043103,129.94445760453814,271428700
2025-02-26,131.24411010742188,133.69343728770713,128.4548795357506,129.95446947322534,322553800
2025-02-27,120.11714935302734,134.9730792207777,119.97718824289691,134.96308744670299,443175800
2025-02-28,124.88583374023438,125.05578541630098,116.36816723503377,117.98771929899918,389091100
2025-03-03,114.02880859375,123.66617198823369,112.2492965435478,123.47622912906817,411381400
2025-03-04,115.95828247070312,119.27737437091366,110.07989299750376,110.6197462594264,398163300
2025-03-05,117.26792907714844,118.24765683915241,114.47869104666965,117.54785129486386,284337900
2025-03-06,110.53976440429688,115.31845609620828,110.18986163701831,113.49895407905146,321181900
2025-03-07,112.65918731689453,113.44897220636766,107.5305852358904,111.21957864470976,341755500
2025-03-10,106.95074462890625,111.81940781621753,105.43115607331026,109.8699441866197,366487400
2025-03-11,108.73025512695312,112.20929903890595,104.74134094243277,106.960734969355,354865700
2025-03-12,115.718994140625,116.7388133095112,112.85951254411586,114.09929300935045,323857500
2025-03-13,115.55902862548828,117.73863334670654,113.76935252443205,117.00876245655117,299033100
2025-03-14,121.64791870117188,121.85787967708788,118.12856083227834,118.58847644066721,277593500
2025-03-17,119.50830841064453,122.86769930249316,118.00858060635532,122.71772499646224,255501500
2025-03-18,115.4090576171875,118.99840261510599,114.51921970184797,117.97859103200136,299686900
2025-03-19,117.49867248535156,120.42814113812437,115.65901001721268,117.24871784817985,273426200
2025-03-20,118.50848388671875,120.17817892707569,116.44886024718888,116.5288475567653,248829700
2025-03-21,117.67863464355469,117.96858292451893,115.39904967929496,116.91877807414131,266498500
2025-03-24,121.38796997070312,122.19782052957932,119.31833831489072,119.85824123014483,228452500
2025-03-25,120.66809844970703,121.26798803028822,118.89841541478116,120.52812446850508,167447200
2025-03-26,113.7393569946289,118.81842927999459,112.68954449720724,118.70845626054094,293463300
2025-03-27,111.40978240966797,114.42923110356094,110.63992547504299,111.32979509417153,236902100
2025-03-28,109.65010070800781,112.84952470784617,109.05021109179135,111.46977019973694,229872500
2025-03-31,108.3603286743164,110.93986229194257,103.63119133667838,105.11091847763528,299212700
2025-04-01,110.13001251220703,110.17999886185885,106.45068001979016,108.50030342775528,222614000
2025-04-02,110.39995574951172,111.95967777974947,106.77061737970816,107.2705266243207,220601200
2025-04-03,101.78153228759766,105.61083156865355,101.58156399912866,103.49122110695384,338769400
2025-04-04,94.29288482666016,100.11182847125419,92.09328707213024,98.89205625014841,532273800
2025-04-07,97.62227630615234,101.73153089146867,86.60427995314998,87.444123819458,611041300
2025-04-08,96.28252410888672,105.83078615825814,94.44285411172834,103.79115551332612,476243400
2025-04-09,114.30925750732422,115.07911444025873,97.51230269046886,98.87205653888144,612918300
2025-04-10,107.55047607421875,110.83987986480561,99.13200610877084,109.35015243101728,437812400
2025-04-11,110.90986633300781,111.52975654810143,107.46049556472005,108.4803070767672,313417300
2025-04-14,110.68990325927734,114.26925525660798,109.05020155855789,114.08928762467488,264705000
2025-04-15,112.17963409423828,113.59938217981927,110.4799456735416,110.94986159507806,228966900
2025-04-16,104.47103881835938,106.77062454919468,100.4317709352981,104.53103311878802,397016900
2025-04-17,101.47157287597656,104.45103522860795,100.0318394876262,104.43103458781992,292517500
2025-04-21,96.89241790771484,99.42195758129023,95.02275450080649,98.75207336541831,288501100
2025-04-22,98.8720474243164,99.7918785816798,97.26233908492571,98.76206678289148,241004800
2025-04-23,102.69136047363281,104.78098517141211,102.00148324580945,104.5010295750129,247526000
2025-04-24,106.41067504882812,106.52065568558213,103.09127819009328,103.46121375263034,220815000
2025-04-25,110.98986053466797,111.89969145813895,105.71081975581805,106.83061166162848,251064700
2025-04-28,108.71026611328125,110.3499678015911,106.00075133412535,109.67009093365705,207708500
2025-04-29,109.00020599365234,110.17999209067304,107.42049861195443,107.65045258784288,170444300
2025-04-30,108.90023040771484,108.90023040771484,104.06111247501677,104.45104108413872,235044600
2025-05-01,111.5897445678711,114.9191420385801,111.27980327057723,113.05947899879722,236121500
2025-05-02,114.4792251586914,115.37906338859757,113.34943293159324,114.15928352450368,190194800
2025-05-05,113.7993392944336,114.64918347836972,112.63955382209963,112.889508442552,133163200
2025-05-06,113.51940155029297,114.71918078517231,110.79989381468877,111.45977773347964,158525600
2025-05-07,117.03875732421875,117.65864757290291,112.25962586336117,113.02949042053457,206758800
2025-05-08,117.34870910644531,118.658469001105,115.82898059800607,118.22854670795566,198428100
2025-05-09,116.62882995605469,118.20854502226882,115.18908887008638,117.32869985728382,132972200
2025-05-12,122.97767639160156,122.97767639160156,120.25816883140327,121.94786454961688,225023300
2025-05-13,129.9064178466797,131.19619232916256,124.44741706637032,124.95732666651305,330430100
2025-05-14,135.3154296875,135.4154176381041,131.65609038206884,133.17581874633882,281180800
2025-05-15,134.80552673339844,136.2752611112406,132.6359224746836,134.2656162138544,226632600
2025-05-16,135.37542724609375,136.32526708518697,133.43579205010155,136.19528579014883,226542500
2025-05-19,135.54539489746094,135.84532822832756,132.36596428610483,132.36596428610483,193154600
2025-05-20,134.35562133789062,134.55558199625042,132.59593092987555,134.26562607401144,161514200
2025-05-21,131.7760772705078,137.3750515435132,130.56629021032253,133.0358430493297,270608700
2025-05-22,132.80589294433594,134.22563338103308,131.52612648714359,132.20599574301846,187344000
2025-05-23,131.26617431640625,132.65592152877483,129.13657112060253,129.97641506418768,198821300
2025-05-27,135.47540283203125,135.63537744884945,133.2857979393918,134.1256417936587,192953600
2025-05-28,134.78553771972656,137.22509744866613,134.76553707682788,136.00531758419635,304021100
2025-05-29,139.1647491455078,143.46397204605128,137.88498259688382,142.22419152756274,369241900
2025-05-30,135.10548400878906,139.59465948344436,132.8958783257386,138.6948289010735,333170900
2025-06-02,137.35507202148438,138.09492795630163,135.37542038395227,135.46541564458173,197663100
2025-06-03,141.19436645507812,141.97422364617418,137.9249557656252,138.75480693174418,225578800
2025-06-04,141.8942413330078,142.36415725393297,139.5146683935161,142.1641966028205,167120800
2025-06-05,139.964599609375,143.97386636815438,138.80480646885346,142.14419665233672,231397900
2025-06-06,141.69427490234375,143.24399658328852,141.4843063108272,142.4841247816278,153986200
2025-06-09,142.6041259765625,144.97369107987248,141.91424872977086,143.16402192873528,185114500
2025-06-10,143.9338836669922,144.26381035974757,141.50431668274294,142.66410985007164,155881900
2025-06-11,142.81399536132812,144.97375695921582,141.85409623212945,144.59379466225064,167694000
2025-06-12,144.98374938964844,144.98374938964844,141.83410852298076,141.9540901919345,162365000
2025-06-13,141.95408630371094,143.5639064320885,140.83421673860605,142.4640236398758,180820600
2025-06-16,144.6737823486328,146.16360555156524,143.18394388862185,143.33393622751285,183133700
2025-06-17,144.1038360595703,145.20371882793046,143.7638778428329,144.4738049491523,139108000
2025-06-18,145.46368408203125,145.63366319028128,143.10394808189747,143.9938476821936,161494100
2025-06-20,143.83387756347656,146.1836049259659,142.63399990245927,145.43368901636921,242956200
2025-06-23,144.15383911132812,144.76377135076248,142.01407957999888,142.48402812138661,154308900
2025-06-24,147.88340759277344,147.94341367999496,145.4836828445603,145.54367367470394,187566100
2025-06-25,154.29270935058594,154.43269305532343,149.24327207878133,149.25328072295656,269146500
2025-06-26,155.00262451171875,156.70243086817015,153.98273459501658,155.9625083392563,198145700
2025-06-27,157.73231506347656,158.69221415352254,155.24258871826237,156.02250005395288,263234500
2025-06-30,157.97230529785156,158.6422284044636,155.94253394670602,158.38224776867892,194580300
2025-07-01,153.2828369140625,157.18239409932116,151.47304203431221,156.27249233706732,213143600
2025-07-02,157.2323760986328,157.58234297497486,152.95285700312823,152.962850389823,171224100
2025-07-03,159.3221435546875,160.96195919540767,157.7523273944205,158.35225101493015,143716100
2025-07-07,158.22227478027344,159.29214695363126,157.3223664705724,158.18227071828886,140139000
2025-07-08,159.98207092285156,160.20204749093682,158.3722507239072,159.31214783171163,138133000
2025-07-09,162.86175537109375,164.40157611225678,161.14194686393122,161.20193770023792,183656400
2025-07-10,164.0816192626953,164.48156834124046,161.5918927660757,164.30159583301895,167704100
2025-07-11,164.90151977539062,167.87118822352508,163.4516852914618,163.70165728031435,193633300
2025-07-14,164.05162048339844,165.4714595173457,162.00184716942397,165.35146259057728,136975800
2025-07-15,170.6808624267578,172.38066881478494,169.18103056842588,171.17081299302788,230627400
2025-07-16,171.35079956054688,171.73076187811773,168.88107501049606,171.04083672550954,158831500
2025-07-17,172.98062133789062,174.1404950617398,170.81086624213197,172.00073538495315,160841100
2025-07-18,172.39068603515625,174.23047621121117,171.24080573231237,173.62054394819432,146456400
2025-07-21,171.36080932617188,173.36058531454748,170.9808470061149,172.73065099594356,123126100
2025-07-22,167.01129150390625,171.37080379639445,164.5615689540832,171.32080634495316,193114300
2025-07-23,170.7608642578125,171.24080620570157,167.95118153678195,169.511004310231,154082200
2025-07-24,173.7205352783203,173.81052153075,171.28080627636527,172.42067791171223,128984600
2025-07-25,173.48056030273438,174.70042482917586,172.9406275198062,173.59054858813744,122316800
2025-07-28,176.73019409179688,176.98016607778243,173.9505068282037,174.00050427681666,140023500
2025-07-29,175.49032592773438,179.35990260986108,175.00039060425894,177.94006357342778,154077500
2025-07-30,179.2499237060547,179.869849375745,176.0202745228646,176.49022309733303,174312200
2025-07-31,177.85006713867188,183.2794667127293,175.9102820488597,182.87950237318685,221685400
2025-08-01,173.70053100585938,176.52020701181988,170.8708463561498,174.07048465468185,204529000
2025-08-04,179.97982788085938,180.17980241597786,174.500446281802,175.14037394842856,148174600
2025-08-05,178.24002075195312,180.23979665506658,175.8802845759961,179.59986897635343,156407600
2025-08-06,179.39988708496094,179.87982901005608,176.23024423927978,176.31023710297544,137192300
2025-08-07,180.74974060058594,183.85939259097617,178.77996020998395,181.54965397485878,151878400
2025-08-08,182.6795196533203,183.27945850723472,180.3797743894202,181.52965464990967,123396700
2025-08-11,182.0395965576172,183.8193958765311,180.22980182096376,182.02960317073044,138323200
2025-08-12,183.1394805908203,184.4593247511904,179.43989822709233,182.9395060522284,145485700
2025-08-13,181.56964111328125,183.9493792108361,179.32990196930365,182.59952443546638,179871700
2025-08-14,181.99960327148438,182.99949119039164,179.43989264021437,179.7298534235828,129554000
2025-08-15,180.42977905273438,181.87961354108583,178.02004541114613,181.85962676701382,156602200
2025-08-18,181.98959350585938,182.91949719839158,180.56975450061333,180.57976314427117,132008000
2025-08-19,175.6203155517578,182.47954736718557,175.47033846497254,182.4095478886331,185229200
2025-08-20,175.38034057617188,175.9802794498554,168.7810892510499,175.1503706193276,215142700
2025-08-21,174.96038818359375,176.88017120538285,173.79052111986658,174.83041312567687,140040900
2025-08-22,177.97006225585938,178.56998587344157,171.18081451068767,172.59066018618677,172789400
2025-08-25,179.78985595703125,181.88962682620624,176.5502286534902,178.33002804439553,163012800
2025-08-26,181.7496337890625,182.36955942503778,178.78995879531527,180.0398187111229,168688200
2025-08-27,181.57965087890625,182.46955051009175,179.07993109949993,181.95959791056248,235518900
2025-08-28,180.14981079101562,184.44933204343067,176.39023757757423,180.79974711518173,281787800
2025-08-29,174.1604766845703,178.130033086625,173.13059331145078,178.09004428153852,243257900
2025-09-02,170.7608642578125,172.36069109354864,167.20126556823303,169.980952871088,231164900
2025-09-03,170.60089111328125,172.3906992342715,168.86109570238054,171.0408442884315,164424900
2025-09-04,171.64077758789062,171.8407521362954,169.39102958990665,170.55090333056648,141670100
2025-09-05,167.0012969970703,169.0110663720669,164.05163046676552,168.01117837826322,224441400
2025-09-08,168.2911376953125,170.940849905597,167.33125381142952,167.53122834914853,163769100
2025-09-09,170.74085998535156,170.96083655380463,166.7213214317911,169.0710489481518,157548400
2025-09-10,177.3101348876953,179.26990675759993,175.45034266016896,176.62020974984335,226852000
2025-09-11,177.16014099121094,180.26996857097555,176.4701769393558,179.66999584989978,151159300
2025-09-12,177.8101043701172,178.59005971058946,176.44017029123495,177.76010410307373,124911000
2025-09-15,177.74009704589844,178.84004186496986,174.50027206258352,175.66021109761542,147061600
2025-09-16,174.87026977539062,177.49011904437822,174.37029760906842,176.99014687805604,140737800
2025-09-17,170.280517578125,173.1903593144249,168.40063256525568,172.63039291663662,211843800
2025-09-18,176.23019409179688,177.09014682532762,172.95037791227023,173.9703101424577,191763300
2025-09-19,176.66015625,178.07008136373162,175.17023376194967,175.7602124903078,237182100
2025-09-22,183.5997772216797,184.53972732383275,174.70027887607205,175.29024236301854,269637000
2025-09-23,178.42005920410156,182.409842567533,176.20019683221489,181.9598706713119,192559600
2025-09-24,176.96014404296875,179.76998508551358,175.39022416770254,179.75999113536878,143564100
2025-09-25,177.68011474609375,180.24996380236055,173.12037093203185,174.47028665549124,191586700
2025-09-26,178.18008422851562,179.75999811527313,174.920255917913,178.16008106951017,148573700
2025-09-29,181.8398895263672,183.98976381560166,180.30997586310093,180.4199550960203,193063500
2025-09-30,186.56961059570312,187.3395719841704,181.4698885277926,182.06986121505474,236981000
2025-10-01,187.22958374023438,188.12952754318238,183.88975804814035,185.22969505995906,173844900
2025-10-02,188.87948608398438,191.0393695238543,188.04953044946197,189.5894532800495,136805800
2025-10-03,187.6095428466797,190.34939569471342,185.36967740169,189.1794627061203,137596900
2025-10-06,185.5296630859375,187.21957143407985,183.31979467524326,185.48967202648717,157678100
2025-10-07,185.02969360351562,189.0494741147918,183.9897582054133,186.21962980709273,140088000
2025-10-08,189.09947204589844,189.58945025835604,186.52960780500513,186.55962017208088,130168900
2025-10-09,192.5592803955078,195.28912405123697,191.04935474353755,192.21928773885006,182997200
2025-10-10,183.14981079101562,195.6091088464203,182.0398719523004,193.49922565779727,268774400
2025-10-13,188.3095245361328,190.09941818271824,185.94965529464977,187.9595379156231,153482800
2025-10-14,180.0199737548828,184.78971240822688,179.68999030007896,184.75971529942103,205641400
2025-10-15,179.8199920654297,184.85970481354866,177.2801249034248,184.7897166440438,214450500
2025-10-16,181.7998809814453,183.26980040587233,179.76000120804414,182.21985578014733,179723300
2025-10-17,183.20980834960938,184.08976427610557,179.74000017155936,180.16996892604442,173135200
2025-10-20,182.6298370361328,185.18969215276272,181.71988400794234,183.1198152646831,128544700
2025-10-21,181.14991760253906,182.77981647710283,179.78999271004406,182.77981647710283,124240200
2025-10-22,180.26995849609375,183.42978616900905,176.7501502622395,181.1299112106735,162249600
2025-10-23,182.1498565673828,183.01980322210497,179.7799782111653,180.40994799999942,111363700
2025-10-24,186.24961853027344,187.45955783835475,183.48977777431884,183.8297551720498,131296700
2025-10-27,191.47933959960938,191.98930570001696,188.41949722334647,189.979423148828,153452700
2025-10-28,201.01881408691406,203.1386912540773,191.89932637827522,193.03926234185508,297986200
2025-10-29,207.02847290039062,212.1781954922272,204.76860414707738,207.96842303697136,308829600
2025-10-30,202.8787078857422,206.1485301715792,201.39879452489242,205.1385766163601,178864400
2025-10-31,202.47872924804688,207.95841980607935,202.05875446792163,206.43850017947892,179802200
2025-11-03,206.8684844970703,211.32822759164594,205.5485506791992,208.06841462190084,180267300
2025-11-04,198.67893981933594,203.9586446199207,197.9189723693821,202.98869740675082,188919300
2025-11-05,195.1991424560547,202.90870481768462,194.63916080574026,198.75894188581304,171350300
2025-11-06,188.0695343017578,197.60899664277025,186.3696319662745,196.40906647995496,223029800
2025-11-07,188.1395263671875,188.3095303364016,178.90005019006267,184.8897071775586,264942300
2025-11-10,199.03892517089844,199.9288750287355,193.7792081445882,195.09914200543773,198897100
2025-11-11,193.1492462158203,195.40911485928362,191.28934919242405,195.14913483203398,176483300
2025-11-12,193.78921508789062,195.87909508520013,191.1193655455878,195.70910637927892,154935300
2025-11-13,186.84959411621094,191.42934088057365,183.8397672401686,191.03936321053533,207423100
2025-11-14,190.15940856933594,190.99935813210442,180.56994624954729,182.8498180673128,186591900
2025-11-17,186.58961486816406,188.98947511566342,184.30974305565786,185.95964506857126,173628900
2025-11-18,181.3498992919922,184.7897101334883,179.63998782140993,183.36979105504545,213598900
2025-11-19,186.50961303710938,187.8495347223247,182.8198161698128,184.7796984316032,247246400
2025-11-20,180.62994384765625,195.9890894251709,179.83999453744622,195.9390891568929,343504800
2025-11-21,178.8700408935547,184.54971718190046,172.92036011460985,181.22991004695137,346926200
2025-11-24,182.5398406982422,183.4897847612219,176.47017128450955,179.48001348627363,256618300
2025-11-25,177.8101043701172,178.15008177330986,169.54056066153746,174.90026276869568,320600300
2025-11-26,180.2499542236328,182.8998157763143,178.2300777211247,181.61988829154,183852000
2025-11-28,176.99014282226562,179.28000857805475,176.49017066740046,179.0000253919654,121332800
2025-12-01,179.9099884033203,180.28997214473748,173.67033006996684,174.75027181562072,188131000
2025-12-02,181.4499053955078,185.6496685428864,179.98997995570696,181.74987648908228,182632200
2025-12-03,179.5800018310547,182.43984327721986,179.1000328161426,181.06992440272873,165138000
2025-12-04,183.3800048828125,184.52000427246094,179.9600067138672,181.6199951171875,167364900
2025-12-05,182.41000366210938,184.66000366210938,180.91000366210938,183.86000061035156,137401156
